-- phpMyAdmin SQL Dump
-- version 5.2.1
-- https://www.phpmyadmin.net/
--
-- Хост: localhost
-- Час створення: Вер 09 2024 р., 01:15
-- Версія сервера: 8.0.31-0ubuntu0.20.04.2
-- Версія PHP: 8.2.13

SET SQL_MODE = "NO_AUTO_VALUE_ON_ZERO";
START TRANSACTION;
SET time_zone = "+00:00";


/*!40101 SET @OLD_CHARACTER_SET_CLIENT=@@CHARACTER_SET_CLIENT */;
/*!40101 SET @OLD_CHARACTER_SET_RESULTS=@@CHARACTER_SET_RESULTS */;
/*!40101 SET @OLD_COLLATION_CONNECTION=@@COLLATION_CONNECTION */;
/*!40101 SET NAMES utf8mb4 */;

--
-- База даних: `kinoimages`
--

-- --------------------------------------------------------

--
-- Структура таблиці `actors`
--

CREATE TABLE `actors` (
  `id` int UNSIGNED NOT NULL,
  `name` varchar(255) COLLATE utf8mb4_unicode_ci NOT NULL,
  `slug` varchar(255) COLLATE utf8mb4_unicode_ci NOT NULL,
  `created_at` timestamp NULL DEFAULT NULL,
  `updated_at` timestamp NULL DEFAULT NULL
) ENGINE=InnoDB DEFAULT CHARSET=utf8mb4 COLLATE=utf8mb4_unicode_ci;

--
-- Дамп даних таблиці `actors`
--

INSERT INTO `actors` (`id`, `name`, `slug`, `created_at`, `updated_at`) VALUES
(1, 'Джефф Бриджес', 'dzeff-bridzes', '2024-09-08 23:10:21', '2024-09-08 23:10:21'),
(2, 'Тим Роббинс', 'tim-robbins', '2024-09-08 23:10:21', '2024-09-08 23:10:21'),
(3, 'Брюс Дэвисон', 'brius-devison', '2024-09-08 23:10:21', '2024-09-08 23:10:21'),
(4, 'Гэбриел Луна', 'gebriel-luna', '2024-09-08 23:10:21', '2024-09-08 23:10:21'),
(5, 'Джонатан Такер', 'dzonatan-taker', '2024-09-08 23:10:21', '2024-09-08 23:10:21'),
(6, 'Мэтт МакКой', 'mett-makkoi', '2024-09-08 23:10:21', '2024-09-08 23:10:21'),
(7, 'Эдвард Платт', 'edvard-platt', '2024-09-08 23:10:21', '2024-09-08 23:10:21'),
(8, 'Адам Сэндлер', 'adam-sendler', '2024-09-08 23:10:21', '2024-09-08 23:10:21'),
(9, 'Айс Кьюб', 'ais-kiub', '2024-09-08 23:10:21', '2024-09-08 23:10:21'),
(10, 'Алан Тьюдик', 'alan-tiudik', '2024-09-08 23:10:21', '2024-09-08 23:10:21'),
(11, 'Алекс Ашбаух', 'aleks-asbaux', '2024-09-08 23:10:21', '2024-09-08 23:10:21'),
(12, 'Аль Пачино', 'al-pacino', '2024-09-08 23:10:21', '2024-09-08 23:10:21'),
(13, 'Альфонсо Рибейро', 'alfonso-ribeiro', '2024-09-08 23:10:21', '2024-09-08 23:10:21'),
(14, 'Аманда Пит', 'amanda-pit', '2024-09-08 23:10:21', '2024-09-08 23:10:21'),
(15, 'Анджелина Джоли', 'andzelina-dzoli', '2024-09-08 23:10:21', '2024-09-08 23:10:21'),
(16, 'Антонио Бандерас', 'antonio-banderas', '2024-09-08 23:10:21', '2024-09-08 23:10:21'),
(17, 'Арнольд Шварценеггер', 'arnold-svarcenegger', '2024-09-08 23:10:21', '2024-09-08 23:10:21'),
(18, 'Барбра Стрейзанд', 'barbra-streizand', '2024-09-08 23:10:21', '2024-09-08 23:10:21'),
(19, 'Бен Аффлек', 'ben-afflek', '2024-09-08 23:10:21', '2024-09-08 23:10:21'),
(20, 'Бен Стиллер', 'ben-stiller', '2024-09-08 23:10:21', '2024-09-08 23:10:21'),
(21, 'Бен Фостер', 'ben-foster', '2024-09-08 23:10:21', '2024-09-08 23:10:21'),
(22, 'Бенедикт Камбербэтч', 'benedikt-kamberbetc', '2024-09-08 23:10:21', '2024-09-08 23:10:21'),
(23, 'Бенисио Дель Торо', 'benisio-del-toro', '2024-09-08 23:10:21', '2024-09-08 23:10:21'),
(24, 'Билл Мюррей', 'bill-miurrei', '2024-09-08 23:10:21', '2024-09-08 23:10:21'),
(25, 'Билли Кристал', 'billi-kristal', '2024-09-08 23:10:21', '2024-09-08 23:10:21'),
(26, 'Боб Хоскинс', 'bob-xoskins', '2024-09-08 23:10:21', '2024-09-08 23:10:21'),
(27, 'Брендан Фрейзер', 'brendan-freizer', '2024-09-08 23:10:21', '2024-09-08 23:10:21'),
(28, 'Брэд Питт', 'bred-pitt', '2024-09-08 23:10:21', '2024-09-08 23:10:21'),
(29, 'Брэдли Купер', 'bredli-kuper', '2024-09-08 23:10:21', '2024-09-08 23:10:21'),
(30, 'Брюс Бокслейтнер', 'brius-boksleitner', '2024-09-08 23:10:22', '2024-09-08 23:10:22'),
(31, 'Брюс Уиллис', 'brius-uillis', '2024-09-08 23:10:22', '2024-09-08 23:10:22'),
(32, 'Бэрри Пеппер', 'berri-pepper', '2024-09-08 23:10:22', '2024-09-08 23:10:22'),
(33, 'Винни Джонс', 'vinni-dzons', '2024-09-08 23:10:22', '2024-09-08 23:10:22'),
(34, 'Винс Вон', 'vins-von', '2024-09-08 23:10:22', '2024-09-08 23:10:22'),
(35, 'Винсент Д`Онофрио', 'vinsent-donofrio', '2024-09-08 23:10:22', '2024-09-08 23:10:22'),
(36, 'Він Дізель', 'vin-dizel', '2024-09-08 23:10:22', '2024-09-08 23:10:22'),
(37, 'Вуди Харрельсон', 'vudi-xarrelson', '2024-09-08 23:10:22', '2024-09-08 23:10:22'),
(38, 'Вупи Голдберг', 'vupi-goldberg', '2024-09-08 23:10:22', '2024-09-08 23:10:22'),
(39, 'Гай Пирс', 'gai-pirs', '2024-09-08 23:10:22', '2024-09-08 23:10:22'),
(40, 'Гаррет Хедлунд', 'garret-xedlund', '2024-09-08 23:10:22', '2024-09-08 23:10:22'),
(41, 'Гленн Хоуертон', 'glenn-xouerton', '2024-09-08 23:10:22', '2024-09-08 23:10:22'),
(42, 'Гэвин Россдэйл', 'gevin-rossdeil', '2024-09-08 23:10:22', '2024-09-08 23:10:22'),
(43, 'Давид Белль', 'david-bell', '2024-09-08 23:10:22', '2024-09-08 23:10:22'),
(44, 'Дастин Хоффман', 'dastin-xoffman', '2024-09-08 23:10:22', '2024-09-08 23:10:22'),
(45, 'Дензел Вашингтон', 'denzel-vasington', '2024-09-08 23:10:22', '2024-09-08 23:10:22'),
(46, 'Денніс Квейд', 'dennis-kveid', '2024-09-08 23:10:22', '2024-09-08 23:10:22'),
(47, 'Дж.К. Симмонс', 'dzk-simmons', '2024-09-08 23:10:22', '2024-09-08 23:10:22'),
(48, 'Джаред Лето', 'dzared-leto', '2024-09-08 23:10:22', '2024-09-08 23:10:22'),
(49, 'Джастін Лонг', 'dzastin-long', '2024-09-08 23:10:22', '2024-09-08 23:10:22'),
(50, 'Джейми Фокс', 'dzeimi-foks', '2024-09-08 23:10:22', '2024-09-08 23:10:22'),
(51, 'Джеймі Преслі', 'dzeimi-presli', '2024-09-08 23:10:22', '2024-09-08 23:10:22'),
(52, 'Джеймс Белуши', 'dzeims-belusi', '2024-09-08 23:10:22', '2024-09-08 23:10:22'),
(53, 'Джеймс Марсден', 'dzeims-marsden', '2024-09-08 23:10:22', '2024-09-08 23:10:22'),
(54, 'Джеймс Эйври', 'dzeims-eivri', '2024-09-08 23:10:22', '2024-09-08 23:10:22'),
(55, 'Джейсон Бейтмен', 'dzeison-beitmen', '2024-09-08 23:10:22', '2024-09-08 23:10:22'),
(56, 'Джейсон Биггз', 'dzeison-biggz', '2024-09-08 23:10:22', '2024-09-08 23:10:22'),
(57, 'Джейсон Ли', 'dzeison-li', '2024-09-08 23:10:22', '2024-09-08 23:10:22'),
(58, 'Джейсон Сигел', 'dzeison-sigel', '2024-09-08 23:10:22', '2024-09-08 23:10:22'),
(59, 'Джейсон Стэйтем', 'dzeison-steitem', '2024-09-08 23:10:22', '2024-09-08 23:10:22'),
(60, 'Джейсон Судейкіс', 'dzeison-sudeikis', '2024-09-08 23:10:22', '2024-09-08 23:10:22'),
(61, 'Джейсон Флеминг', 'dzeison-fleming', '2024-09-08 23:10:22', '2024-09-08 23:10:22'),
(62, 'Джек Блэк', 'dzek-blek', '2024-09-08 23:10:22', '2024-09-08 23:10:22'),
(63, 'Джеки Чан', 'dzeki-can', '2024-09-08 23:10:22', '2024-09-08 23:10:22'),
(64, 'Дженнифер Энистон', 'dzennifer-eniston', '2024-09-08 23:10:22', '2024-09-08 23:10:22'),
(65, 'Джерард Батлер', 'dzerard-batler', '2024-09-08 23:10:22', '2024-09-08 23:10:22'),
(66, 'Джереми Айронс', 'dzeremi-airons', '2024-09-08 23:10:22', '2024-09-08 23:10:22'),
(67, 'Джереми Реннер', 'dzeremi-renner', '2024-09-08 23:10:22', '2024-09-08 23:10:22'),
(68, 'Джеремі Аллен Вайт', 'dzeremi-allen-vait', '2024-09-08 23:10:22', '2024-09-08 23:10:22'),
(69, 'Джерри О`Коннелл', 'dzerri-okonnell', '2024-09-08 23:10:22', '2024-09-08 23:10:22'),
(70, 'Джесси Айзенберг', 'dzessi-aizenberg', '2024-09-08 23:10:22', '2024-09-08 23:10:22'),
(71, 'Джет Ли', 'dzet-li', '2024-09-08 23:10:22', '2024-09-08 23:10:22'),
(72, 'Джим Керри', 'dzim-kerri', '2024-09-08 23:10:22', '2024-09-08 23:10:22'),
(73, 'Джо Пеши', 'dzo-pesi', '2024-09-08 23:10:22', '2024-09-08 23:10:22'),
(74, 'Джон К. МакГинли', 'dzon-k-makginli', '2024-09-08 23:10:22', '2024-09-08 23:10:22'),
(75, 'Джон Кэнди', 'dzon-kendi', '2024-09-08 23:10:22', '2024-09-08 23:10:22'),
(76, 'Джон Легуизамо', 'dzon-leguizamo', '2024-09-08 23:10:22', '2024-09-08 23:10:22'),
(77, 'Джон Литгоу', 'dzon-litgou', '2024-09-08 23:10:22', '2024-09-08 23:10:22'),
(78, 'Джон Мэллори Ашер', 'dzon-mellori-aser', '2024-09-08 23:10:22', '2024-09-08 23:10:22'),
(79, 'Джон Рис-Дэвис', 'dzon-ris-devis', '2024-09-08 23:10:22', '2024-09-08 23:10:22'),
(80, 'Джон Траволта', 'dzon-travolta', '2024-09-08 23:10:22', '2024-09-08 23:10:22'),
(81, 'Джон Уэсли Шипп', 'dzon-uesli-sipp', '2024-09-08 23:10:22', '2024-09-08 23:10:22'),
(82, 'Джон Фавро', 'dzon-favro', '2024-09-08 23:10:22', '2024-09-08 23:10:22'),
(83, 'Джона Хилл', 'dzona-xill', '2024-09-08 23:10:22', '2024-09-08 23:10:22'),
(84, 'Джонни Депп', 'dzonni-depp', '2024-09-08 23:10:22', '2024-09-08 23:10:22'),
(85, 'Джордж Клуни', 'dzordz-kluni', '2024-09-08 23:10:22', '2024-09-08 23:10:22'),
(86, 'Джош Лукас', 'dzos-lukas', '2024-09-08 23:10:22', '2024-09-08 23:10:22'),
(87, 'Джош Рэднор', 'dzos-rednor', '2024-09-08 23:10:22', '2024-09-08 23:10:22'),
(88, 'Джош Хартнетт', 'dzos-xartnett', '2024-09-08 23:10:22', '2024-09-08 23:10:22'),
(89, 'Джоэл Эдгертон', 'dzoel-edgerton', '2024-09-08 23:10:22', '2024-09-08 23:10:22'),
(90, 'Джуд Лоу', 'dzud-lou', '2024-09-08 23:10:22', '2024-09-08 23:10:22'),
(91, 'Дин o`Горман', 'din-ogorman', '2024-09-08 23:10:22', '2024-09-08 23:10:22'),
(92, 'Дольф Лундгрен', 'dolf-lundgren', '2024-09-08 23:10:22', '2024-09-08 23:10:22'),
(93, 'Доминик Пёрселл', 'dominik-persell', '2024-09-08 23:10:22', '2024-09-08 23:10:22'),
(94, 'Дон Адамс', 'don-adams', '2024-09-08 23:10:22', '2024-09-08 23:10:22'),
(95, 'Дональд Сазерленд', 'donald-sazerlend', '2024-09-08 23:10:22', '2024-09-08 23:10:22'),
(96, 'Дуэйн Джонсон', 'duein-dzonson', '2024-09-08 23:10:22', '2024-09-08 23:10:22'),
(97, 'Дэвид Кросс', 'devid-kross', '2024-09-08 23:10:22', '2024-09-08 23:10:22'),
(98, 'Дэвид Спейд', 'devid-speid', '2024-09-08 23:10:22', '2024-09-08 23:10:22'),
(99, 'Дэвид Хорнсби', 'devid-xornsbi', '2024-09-08 23:10:22', '2024-09-08 23:10:22'),
(100, 'Дэвид Хэсселхофф', 'devid-xesselxoff', '2024-09-08 23:10:22', '2024-09-08 23:10:22'),
(101, 'Дэвид Швиммер', 'devid-svimmer', '2024-09-08 23:10:22', '2024-09-08 23:10:22'),
(102, 'Дэйл Мидкифф', 'deil-midkiff', '2024-09-08 23:10:22', '2024-09-08 23:10:22'),
(103, 'Дэйл Павински', 'deil-pavinski', '2024-09-08 23:10:22', '2024-09-08 23:10:22'),
(104, 'Дэймон Уайанс мл.', 'deimon-uaians-ml', '2024-09-08 23:10:22', '2024-09-08 23:10:22'),
(105, 'Дэкс Шепард', 'deks-separd', '2024-09-08 23:10:22', '2024-09-08 23:10:22'),
(106, 'Дэн Эйкройд', 'den-eikroid', '2024-09-08 23:10:22', '2024-09-08 23:10:22'),
(107, 'Дэниэл Калуя', 'deniel-kaluia', '2024-09-08 23:10:22', '2024-09-08 23:10:22'),
(108, 'Дэниэл Стерн', 'deniel-stern', '2024-09-08 23:10:22', '2024-09-08 23:10:22'),
(109, 'Дэнни Гловер', 'denni-glover', '2024-09-08 23:10:22', '2024-09-08 23:10:22'),
(110, 'Дэнни ДеВито', 'denni-devito', '2024-09-08 23:10:22', '2024-09-08 23:10:22'),
(111, 'Ентоні Андерсон', 'entoni-anderson', '2024-09-08 23:10:22', '2024-09-08 23:10:22'),
(112, 'Євгеній Кошовий', 'jevgenii-kosovii', '2024-09-08 23:10:22', '2024-09-08 23:10:22'),
(113, 'Жан Марэ', 'zan-mare', '2024-09-08 23:10:22', '2024-09-08 23:10:22'),
(114, 'Жан-Клод Ван Дамм', 'zan-klod-van-damm', '2024-09-08 23:10:22', '2024-09-08 23:10:22'),
(115, 'Зак Брафф', 'zak-braff', '2024-09-08 23:10:22', '2024-09-08 23:10:22'),
(116, 'Зак Галифианакис', 'zak-galifianakis', '2024-09-08 23:10:22', '2024-09-08 23:10:22'),
(117, 'Зак Эфрон', 'zak-efron', '2024-09-08 23:10:22', '2024-09-08 23:10:22'),
(118, 'Идрис Эльба', 'idris-elba', '2024-09-08 23:10:22', '2024-09-08 23:10:22'),
(119, 'Иксзибит', 'ikszibit', '2024-09-08 23:10:22', '2024-09-08 23:10:22'),
(120, 'Итэн Хоук', 'iten-xouk', '2024-09-08 23:10:22', '2024-09-08 23:10:22'),
(121, 'Карл Урбан', 'karl-urban', '2024-09-08 23:10:22', '2024-09-08 23:10:22'),
(122, 'Кевин Джеймс', 'kevin-dzeims', '2024-09-08 23:10:22', '2024-09-08 23:10:22'),
(123, 'Кевин Сорбо', 'kevin-sorbo', '2024-09-08 23:10:22', '2024-09-08 23:10:22'),
(124, 'Кевін Гарт', 'kevin-gart', '2024-09-08 23:10:22', '2024-09-08 23:10:22'),
(125, 'Кен Дженкинс', 'ken-dzenkins', '2024-09-08 23:10:22', '2024-09-08 23:10:22'),
(126, 'Кёртис Армстронг', 'kertis-armstrong', '2024-09-08 23:10:22', '2024-09-08 23:10:22'),
(127, 'Киану Ривз', 'kianu-rivz', '2024-09-08 23:10:22', '2024-09-08 23:10:22'),
(128, 'Кинен Айвори Уайанс', 'kinen-aivori-uaians', '2024-09-08 23:10:22', '2024-09-08 23:10:22'),
(129, 'Кирен Хатчинсон', 'kiren-xatcinson', '2024-09-08 23:10:22', '2024-09-08 23:10:22'),
(130, 'Кіран Калкін', 'kiran-kalkin', '2024-09-08 23:10:22', '2024-09-08 23:10:22'),
(131, 'Клайв Оуэн', 'klaiv-ouen', '2024-09-08 23:10:22', '2024-09-08 23:10:22'),
(132, 'Колин Фаррелл', 'kolin-farrell', '2024-09-08 23:10:22', '2024-09-08 23:10:22'),
(133, 'Крис Конрад', 'kris-konrad', '2024-09-08 23:10:22', '2024-09-08 23:10:22'),
(134, 'Крис Кэттэн', 'kris-ketten', '2024-09-08 23:10:22', '2024-09-08 23:10:22'),
(135, 'Крис Пайн', 'kris-pain', '2024-09-08 23:10:22', '2024-09-08 23:10:22'),
(136, 'Крис Рок', 'kris-rok', '2024-09-08 23:10:22', '2024-09-08 23:10:22'),
(137, 'Крис Такер', 'kris-taker', '2024-09-08 23:10:22', '2024-09-08 23:10:22'),
(138, 'Крис Хемсворт', 'kris-xemsvort', '2024-09-08 23:10:22', '2024-09-08 23:10:22'),
(139, 'Крис Эванс', 'kris-evans', '2024-09-08 23:10:22', '2024-09-08 23:10:22'),
(140, 'Криспин Гловер', 'krispin-glover', '2024-09-08 23:10:22', '2024-09-08 23:10:22'),
(141, 'Кристиан Бэйл', 'kristian-beil', '2024-09-08 23:10:22', '2024-09-08 23:10:22'),
(142, 'Кристоф Вальц', 'kristof-valc', '2024-09-08 23:10:22', '2024-09-08 23:10:22'),
(143, 'Кристофер Ламберт', 'kristofer-lambert', '2024-09-08 23:10:22', '2024-09-08 23:10:22'),
(144, 'Кристофер Ллойд', 'kristofer-lloid', '2024-09-08 23:10:22', '2024-09-08 23:10:22'),
(145, 'Кристофер Минц-Плассе', 'kristofer-minc-plasse', '2024-09-08 23:10:22', '2024-09-08 23:10:22'),
(146, 'Кэри Элвес', 'keri-elves', '2024-09-08 23:10:22', '2024-09-08 23:10:22'),
(147, 'Кэри-Хироюки Тагава', 'keri-xiroiuki-tagava', '2024-09-08 23:10:22', '2024-09-08 23:10:22'),
(148, 'Леслі Нільсен', 'lesli-nilsen', '2024-09-08 23:10:22', '2024-09-08 23:10:22'),
(149, 'Ли Тергесен', 'li-tergesen', '2024-09-08 23:10:22', '2024-09-08 23:10:22'),
(150, 'Лиам Нисон', 'liam-nison', '2024-09-08 23:10:22', '2024-09-08 23:10:22'),
(151, 'Лиам Хемсворт', 'liam-xemsvort', '2024-09-08 23:10:22', '2024-09-08 23:10:22'),
(152, 'Линда Хэмилтон', 'linda-xemilton', '2024-09-08 23:10:22', '2024-09-08 23:10:22'),
(153, 'Линден Эшби', 'linden-esbi', '2024-09-08 23:10:22', '2024-09-08 23:10:22'),
(154, 'Лієв Шрайбер', 'lijev-sraiber', '2024-09-08 23:10:22', '2024-09-08 23:10:22'),
(155, 'Лоренцо Ламас', 'lorenco-lamas', '2024-09-08 23:10:22', '2024-09-08 23:10:22'),
(156, 'Лоуренс Фишборн', 'lourens-fisborn', '2024-09-08 23:10:22', '2024-09-08 23:10:22'),
(157, 'Луи де Фюнес', 'lui-de-fiunes', '2024-09-08 23:10:22', '2024-09-08 23:10:22'),
(158, 'Люк Брейси', 'liuk-breisi', '2024-09-08 23:10:22', '2024-09-08 23:10:22'),
(159, 'Люк Уилсон', 'liuk-uilson', '2024-09-08 23:10:22', '2024-09-08 23:10:22'),
(160, 'Мадс Миккельсен', 'mads-mikkelsen', '2024-09-08 23:10:22', '2024-09-08 23:10:22'),
(161, 'Майк Маєрс', 'maik-majers', '2024-09-08 23:10:22', '2024-09-08 23:10:22'),
(162, 'Майкл Б. Джордан', 'maikl-b-dzordan', '2024-09-08 23:10:22', '2024-09-08 23:10:22'),
(163, 'Майкл Бин', 'maikl-bin', '2024-09-08 23:10:22', '2024-09-08 23:10:22'),
(164, 'Майкл Дж. Уайт', 'maikl-dz-uait', '2024-09-08 23:10:22', '2024-09-08 23:10:22'),
(165, 'Майкл Дж. Фокс', 'maikl-dz-foks', '2024-09-08 23:10:22', '2024-09-08 23:10:22'),
(166, 'Майкл Дуглас', 'maikl-duglas', '2024-09-08 23:10:22', '2024-09-08 23:10:22'),
(167, 'Майкл Китон', 'maikl-kiton', '2024-09-08 23:10:22', '2024-09-08 23:10:22'),
(168, 'Майкл МакМанус', 'maikl-makmanus', '2024-09-08 23:10:22', '2024-09-08 23:10:22'),
(169, 'Майкл Манассери', 'maikl-manasseri', '2024-09-08 23:10:22', '2024-09-08 23:10:22'),
(170, 'Майкл Сера', 'maikl-sera', '2024-09-08 23:10:22', '2024-09-08 23:10:22'),
(171, 'Майкл Фассбендер', 'maikl-fassbender', '2024-09-08 23:10:22', '2024-09-08 23:10:22'),
(172, 'Маколей Калкин', 'makolei-kalkin', '2024-09-08 23:10:22', '2024-09-08 23:10:22'),
(173, 'Макс Райт', 'maks-rait', '2024-09-08 23:10:22', '2024-09-08 23:10:22'),
(174, 'Малкольм МакДауэлл', 'malkolm-makdauell', '2024-09-08 23:10:22', '2024-09-08 23:10:22'),
(175, 'Марк Дакаскос', 'mark-dakaskos', '2024-09-08 23:10:22', '2024-09-08 23:10:22'),
(176, 'Марк Уолберг', 'mark-uolberg', '2024-09-08 23:10:22', '2024-09-08 23:10:22'),
(177, 'Марк Хэмилл', 'mark-xemill', '2024-09-08 23:10:22', '2024-09-08 23:10:22'),
(178, 'Марлон Веянс', 'marlon-veians', '2024-09-08 23:10:22', '2024-09-08 23:10:22'),
(179, 'Мартин Лоуренс', 'martin-lourens', '2024-09-08 23:10:22', '2024-09-08 23:10:22'),
(180, 'Мартин Фриман', 'martin-friman', '2024-09-08 23:10:22', '2024-09-08 23:10:22'),
(181, 'Мартін Шин', 'martin-sin', '2024-09-08 23:10:22', '2024-09-08 23:10:22'),
(182, 'Мелисса МакКарти', 'melissa-makkarti', '2024-09-08 23:10:22', '2024-09-08 23:10:22'),
(183, 'Микки Рурк', 'mikki-rurk', '2024-09-08 23:10:22', '2024-09-08 23:10:22'),
(184, 'Милла Йовович', 'milla-iovovic', '2024-09-08 23:10:22', '2024-09-08 23:10:22'),
(185, 'Морган Фримен', 'morgan-frimen', '2024-09-08 23:10:22', '2024-09-08 23:10:22'),
(186, 'Мэл Гибсон', 'mel-gibson', '2024-09-08 23:10:22', '2024-09-08 23:10:22'),
(187, 'Мэтт Дэймон', 'mett-deimon', '2024-09-08 23:10:22', '2024-09-08 23:10:22'),
(188, 'Мэтт ЛеБлан', 'mett-leblan', '2024-09-08 23:10:22', '2024-09-08 23:10:22'),
(189, 'Мэтт Шульц', 'mett-sulc', '2024-09-08 23:10:22', '2024-09-08 23:10:22'),
(190, 'Мэттью Лиллард', 'mettiu-lillard', '2024-09-08 23:10:22', '2024-09-08 23:10:22'),
(191, 'Мэттью МакКонахи', 'mettiu-makkonaxi', '2024-09-08 23:10:22', '2024-09-08 23:10:22'),
(192, 'Мэттью Перри', 'mettiu-perri', '2024-09-08 23:10:22', '2024-09-08 23:10:22'),
(193, 'Ник Нолти', 'nik-nolti', '2024-09-08 23:10:22', '2024-09-08 23:10:22'),
(194, 'Ник Стал', 'nik-stal', '2024-09-08 23:10:22', '2024-09-08 23:10:22'),
(195, 'Ник Фрост', 'nik-frost', '2024-09-08 23:10:22', '2024-09-08 23:10:22'),
(196, 'Николас Кейдж', 'nikolas-keidz', '2024-09-08 23:10:22', '2024-09-08 23:10:22'),
(197, 'Нил Патрик Харрис', 'nil-patrik-xarris', '2024-09-08 23:10:22', '2024-09-08 23:10:22'),
(198, 'Овайн Йомэн', 'ovain-iomen', '2024-09-08 23:10:22', '2024-09-08 23:10:22'),
(199, 'Олена Кравець', 'olena-kravec', '2024-09-08 23:10:22', '2024-09-08 23:10:22'),
(200, 'Орландо Блум', 'orlando-blum', '2024-09-08 23:10:22', '2024-09-08 23:10:22'),
(201, 'Оуэн Уилсон', 'ouen-uilson', '2024-09-08 23:10:22', '2024-09-08 23:10:22'),
(202, 'Патрик Уилсон', 'patrik-uilson', '2024-09-08 23:10:22', '2024-09-08 23:10:22'),
(203, 'Питер Уэллер', 'piter-ueller', '2024-09-08 23:10:22', '2024-09-08 23:10:22'),
(204, 'Пол Вокер', 'pol-voker', '2024-09-08 23:10:22', '2024-09-08 23:10:22'),
(205, 'Пол Радд', 'pol-radd', '2024-09-08 23:10:22', '2024-09-08 23:10:22'),
(206, 'Райан Гослинг', 'raian-gosling', '2024-09-08 23:10:22', '2024-09-08 23:10:22'),
(207, 'Расселл Брэнд', 'rassell-brend', '2024-09-08 23:10:22', '2024-09-08 23:10:22'),
(208, 'Расселл Кроу', 'rassell-krou', '2024-09-08 23:10:22', '2024-09-08 23:10:22'),
(209, 'Роб МакЭлхенни', 'rob-makelxenni', '2024-09-08 23:10:22', '2024-09-08 23:10:22'),
(210, 'Роб Шнайдер', 'rob-snaider', '2024-09-08 23:10:22', '2024-09-08 23:10:22'),
(211, 'Роберт Дауни мл.', 'robert-dauni-ml', '2024-09-08 23:10:22', '2024-09-08 23:10:22'),
(212, 'Роберт Де Ниро', 'robert-de-niro', '2024-09-08 23:10:22', '2024-09-08 23:10:22'),
(213, 'Робин Уильямс', 'robin-uiliams', '2024-09-08 23:10:22', '2024-09-08 23:10:22'),
(214, 'Робин Шоу', 'robin-sou', '2024-09-08 23:10:22', '2024-09-08 23:10:22'),
(215, 'Рон Перлман', 'ron-perlman', '2024-09-08 23:10:22', '2024-09-08 23:10:22'),
(216, 'Роуэн Аткинсон', 'rouen-atkinson', '2024-09-08 23:10:22', '2024-09-08 23:10:22'),
(217, 'Рутгер Хауэр', 'rutger-xauer', '2024-09-08 23:10:22', '2024-09-08 23:10:22'),
(218, 'Саймон Бэйкер', 'saimon-beiker', '2024-09-08 23:10:22', '2024-09-08 23:10:22'),
(219, 'Саймон Пегг', 'saimon-pegg', '2024-09-08 23:10:22', '2024-09-08 23:10:22'),
(220, 'Саймон Рекс', 'saimon-reks', '2024-09-08 23:10:22', '2024-09-08 23:10:22'),
(221, 'Сами Насери', 'sami-naseri', '2024-09-08 23:10:22', '2024-09-08 23:10:22'),
(222, 'Сильвестр Сталлоне', 'silvestr-stallone', '2024-09-08 23:10:22', '2024-09-08 23:10:22'),
(223, 'Синбад', 'sinbad', '2024-09-08 23:10:22', '2024-09-08 23:10:22'),
(224, 'Сирил Раффаэлли', 'siril-raffaelli', '2024-09-08 23:10:22', '2024-09-08 23:10:22'),
(225, 'Скотт Спидман', 'skott-spidman', '2024-09-08 23:10:22', '2024-09-08 23:10:22'),
(226, 'Снуп Догг', 'snup-dogg', '2024-09-08 23:10:22', '2024-09-08 23:10:22'),
(227, 'Степан Казанін', 'stepan-kazanin', '2024-09-08 23:10:22', '2024-09-08 23:10:22'),
(228, 'Стив Бушеми', 'stiv-busemi', '2024-09-08 23:10:22', '2024-09-08 23:10:22'),
(229, 'Стив Гуттенберг', 'stiv-guttenberg', '2024-09-08 23:10:23', '2024-09-08 23:10:23'),
(230, 'Стив Карелл', 'stiv-karell', '2024-09-08 23:10:23', '2024-09-08 23:10:23'),
(231, 'Стэн Кирш', 'sten-kirs', '2024-09-08 23:10:23', '2024-09-08 23:10:23'),
(232, 'Стэнли Туччи', 'stenli-tucci', '2024-09-08 23:10:23', '2024-09-08 23:10:23'),
(233, 'Сэм Уортингтон', 'sem-uortington', '2024-09-08 23:10:23', '2024-09-08 23:10:23'),
(234, 'Сэм Эллиотт', 'sem-elliott', '2024-09-08 23:10:23', '2024-09-08 23:10:23'),
(235, 'Сэмюэл Л. Джексон', 'semiuel-l-dzekson', '2024-09-08 23:10:23', '2024-09-08 23:10:23'),
(236, 'Тайриз Гибсон', 'tairiz-gibson', '2024-09-08 23:10:23', '2024-09-08 23:10:23'),
(237, 'Теренс Хілл', 'terens-xill', '2024-09-08 23:10:23', '2024-09-08 23:10:23'),
(238, 'Терри Крюс', 'terri-krius', '2024-09-08 23:10:23', '2024-09-08 23:10:23'),
(239, 'Тим Рот', 'tim-rot', '2024-09-08 23:10:23', '2024-09-08 23:10:23'),
(240, 'Тимоти Далтон', 'timoti-dalton', '2024-09-08 23:10:23', '2024-09-08 23:10:23'),
(241, 'Том Беренджер', 'tom-berendzer', '2024-09-08 23:10:23', '2024-09-08 23:10:23'),
(242, 'Том Круз', 'tom-kruz', '2024-09-08 23:10:23', '2024-09-08 23:10:23'),
(243, 'Том Селлек', 'tom-sellek', '2024-09-08 23:10:23', '2024-09-08 23:10:23'),
(244, 'Том Харди', 'tom-xardi', '2024-09-08 23:10:23', '2024-09-08 23:10:23'),
(245, 'Том Хэнкс', 'tom-xenks', '2024-09-08 23:10:23', '2024-09-08 23:10:23'),
(246, 'Томас Иэн Гриффит', 'tomas-ien-griffit', '2024-09-08 23:10:23', '2024-09-08 23:10:23'),
(247, 'Томми Ли Джонс', 'tommi-li-dzons', '2024-09-08 23:10:23', '2024-09-08 23:10:23'),
(248, 'Трэйси Морган', 'treisi-morgan', '2024-09-08 23:10:23', '2024-09-08 23:10:23'),
(249, 'Уилл Арнетт', 'uill-arnett', '2024-09-08 23:10:23', '2024-09-08 23:10:23'),
(250, 'Уилл Смит', 'uill-smit', '2024-09-08 23:10:23', '2024-09-08 23:10:23'),
(251, 'Уилл Феррелл', 'uill-ferrell', '2024-09-08 23:10:23', '2024-09-08 23:10:23'),
(252, 'Уэсли Снайпс', 'uesli-snaips', '2024-09-08 23:10:23', '2024-09-08 23:10:23'),
(253, 'Форест Уитакер', 'forest-uitaker', '2024-09-08 23:10:23', '2024-09-08 23:10:23'),
(254, 'Франк Гастамбид', 'frank-gastambid', '2024-09-08 23:10:23', '2024-09-08 23:10:23'),
(255, 'Фредерик Дифенталь', 'frederik-difental', '2024-09-08 23:10:23', '2024-09-08 23:10:23'),
(256, 'Харрисон Форд', 'xarrison-ford', '2024-09-08 23:10:23', '2024-09-08 23:10:23'),
(257, 'Хью Джекман', 'xiu-dzekman', '2024-09-08 23:10:23', '2024-09-08 23:10:23'),
(258, 'Хьюго Уивинг', 'xiugo-uiving', '2024-09-08 23:10:23', '2024-09-08 23:10:23'),
(259, 'Чак Норрис', 'cak-norris', '2024-09-08 23:10:23', '2024-09-08 23:10:23'),
(260, 'Чарли Дэй', 'carli-dei', '2024-09-08 23:10:23', '2024-09-08 23:10:23'),
(261, 'Чарли Шин', 'carli-sin', '2024-09-08 23:10:23', '2024-09-08 23:10:23'),
(262, 'Ченнинг Татум', 'cenning-tatum', '2024-09-08 23:10:23', '2024-09-08 23:10:23'),
(263, 'Честер Беннінгтон', 'cester-bennington', '2024-09-08 23:10:23', '2024-09-08 23:10:23'),
(264, 'Шайа ЛаБаф', 'saia-labaf', '2024-09-08 23:10:23', '2024-09-08 23:10:23'),
(265, 'Шемар Мур', 'semar-mur', '2024-09-08 23:10:23', '2024-09-08 23:10:23'),
(266, 'Шон «Пи Дидди» Комбс', 'son-pi-diddi-kombs', '2024-09-08 23:10:23', '2024-09-08 23:10:23'),
(267, 'Шон Бин', 'son-bin', '2024-09-08 23:10:23', '2024-09-08 23:10:23'),
(268, 'Шон Веянс', 'son-veians', '2024-09-08 23:10:23', '2024-09-08 23:10:23'),
(269, 'Шонн Уильям Скотт', 'sonn-uiliam-skott', '2024-09-08 23:10:23', '2024-09-08 23:10:23'),
(270, 'Эван МакГрегор', 'evan-makgregor', '2024-09-08 23:10:23', '2024-09-08 23:10:23'),
(271, 'Эдвард Нортон', 'edvard-norton', '2024-09-08 23:10:23', '2024-09-08 23:10:23'),
(272, 'Эдди Мёрфи', 'eddi-merfi', '2024-09-08 23:10:23', '2024-09-08 23:10:23'),
(273, 'Эдриан Пол', 'edrian-pol', '2024-09-08 23:10:23', '2024-09-08 23:10:23'),
(274, 'Элиас Котеас', 'elias-koteas', '2024-09-08 23:10:23', '2024-09-08 23:10:23'),
(275, 'Энди Гарсиа', 'endi-garsia', '2024-09-08 23:10:23', '2024-09-08 23:10:23'),
(276, 'Энтони Андерсон', 'entoni-anderson-1', '2024-09-08 23:10:23', '2024-09-08 23:10:23'),
(277, 'Энтони Хопкинс', 'entoni-xopkins', '2024-09-08 23:10:23', '2024-09-08 23:10:23'),
(278, 'Эрик Бана', 'erik-bana', '2024-09-08 23:10:23', '2024-09-08 23:10:23'),
(279, 'Эштон Кутчер', 'eston-kutcer', '2024-09-08 23:10:23', '2024-09-08 23:10:23'),
(280, 'Юджин Леви', 'iudzin-levi', '2024-09-08 23:10:23', '2024-09-08 23:10:23'),
(281, 'Юрій Крапов', 'iurii-krapov', '2024-09-08 23:10:23', '2024-09-08 23:10:23'),
(282, 'Ян-Майкл Винсент', 'ian-maikl-vinsent', '2024-09-08 23:10:23', '2024-09-08 23:10:23'),
(283, 'Невідомо', 'nevidomo', '2024-09-08 23:10:23', '2024-09-08 23:10:23'),
(284, 'Ніл Данкен', 'nil-danken', '2024-09-08 23:10:23', '2024-09-08 23:10:23'),
(285, 'Девід Ворнер', 'devid-vorner', '2024-09-08 23:10:23', '2024-09-08 23:10:23'),
(286, 'Ґвавафыва', 'gvavafyva', '2024-09-08 23:18:45', '2024-09-08 23:18:45');

-- --------------------------------------------------------

--
-- Структура таблиці `actor_film`
--

CREATE TABLE `actor_film` (
  `id` int UNSIGNED NOT NULL,
  `actor_id` int UNSIGNED NOT NULL,
  `film_id` int UNSIGNED NOT NULL
) ENGINE=InnoDB DEFAULT CHARSET=utf8mb4 COLLATE=utf8mb4_unicode_ci;

--
-- Дамп даних таблиці `actor_film`
--

INSERT INTO `actor_film` (`id`, `actor_id`, `film_id`) VALUES
(1, 250, 14),
(2, 54, 14),
(3, 13, 14),
(4, 87, 15),
(5, 58, 15),
(6, 197, 15),
(7, 62, 16),
(8, 2, 16),
(9, 260, 17),
(10, 41, 17),
(11, 209, 17),
(12, 110, 17),
(13, 99, 17),
(14, 10, 18),
(15, 100, 19),
(16, 243, 20),
(17, 57, 21),
(18, 51, 21),
(19, 173, 22),
(20, 206, 23),
(21, 133, 23),
(22, 91, 23),
(23, 155, 24),
(24, 249, 25),
(25, 69, 26),
(26, 79, 26),
(27, 218, 27),
(28, 198, 27),
(29, 168, 28),
(30, 217, 28),
(31, 123, 29),
(32, 31, 30),
(33, 126, 30),
(34, 282, 31),
(35, 30, 32),
(36, 161, 33),
(37, 66, 33),
(38, 22, 34),
(39, 180, 34),
(40, 3, 35),
(41, 17, 36),
(42, 4, 36),
(43, 273, 37),
(44, 231, 37),
(45, 143, 37),
(46, 81, 38),
(47, 169, 39),
(48, 78, 39),
(49, 149, 39),
(50, 112, 40),
(51, 281, 40),
(52, 227, 40),
(53, 199, 40),
(54, 64, 41),
(55, 192, 41),
(56, 101, 41),
(57, 188, 41),
(58, 205, 41),
(59, 129, 42),
(60, 102, 43),
(61, 94, 44),
(62, 7, 44),
(63, 115, 45),
(64, 74, 45),
(65, 125, 45),
(66, 237, 46),
(67, 204, 47),
(68, 36, 47),
(69, 189, 47),
(70, 11, 48),
(71, 103, 48),
(72, 246, 49),
(73, 95, 49),
(74, 77, 49),
(75, 59, 50),
(76, 189, 50),
(77, 167, 51),
(78, 271, 51),
(79, 116, 51),
(80, 1, 52),
(81, 40, 52),
(82, 30, 52),
(83, 96, 53),
(84, 121, 53),
(85, 72, 54),
(86, 185, 54),
(87, 64, 54),
(88, 230, 54),
(89, 219, 55),
(90, 195, 55),
(91, 240, 55),
(92, 180, 55),
(93, 250, 56),
(94, 122, 56),
(95, 271, 57),
(96, 28, 57),
(97, 48, 57),
(98, 26, 58),
(99, 76, 58),
(100, 38, 59),
(101, 24, 60),
(102, 139, 61),
(103, 51, 61),
(104, 87, 61),
(105, 164, 62),
(106, 76, 62),
(107, 181, 62),
(108, 127, 63),
(109, 156, 63),
(110, 258, 63),
(111, 127, 64),
(112, 162, 64),
(113, 250, 65),
(114, 247, 65),
(115, 35, 65),
(116, 251, 66),
(117, 176, 66),
(118, 167, 66),
(119, 104, 66),
(120, 235, 66),
(121, 96, 66),
(122, 20, 67),
(123, 211, 67),
(124, 62, 67),
(125, 242, 67),
(126, 191, 67),
(127, 193, 67),
(128, 59, 68),
(129, 131, 68),
(130, 212, 68),
(131, 93, 68),
(132, 251, 69),
(133, 205, 69),
(134, 230, 69),
(135, 34, 69),
(136, 172, 70),
(137, 73, 70),
(138, 75, 70),
(139, 108, 70),
(140, 130, 70),
(141, 172, 71),
(142, 73, 71),
(143, 108, 71),
(144, 130, 71),
(145, 242, 72),
(146, 132, 72),
(147, 17, 73),
(148, 17, 74),
(149, 52, 74),
(150, 223, 74),
(151, 17, 75),
(152, 17, 76),
(153, 17, 77),
(154, 17, 78),
(155, 152, 78),
(156, 17, 79),
(157, 109, 80),
(158, 17, 81),
(159, 261, 82),
(160, 146, 82),
(161, 261, 83),
(162, 216, 83),
(163, 181, 83),
(164, 72, 84),
(165, 72, 85),
(166, 178, 86),
(167, 98, 86),
(168, 190, 86),
(169, 268, 87),
(170, 178, 87),
(171, 128, 87),
(172, 268, 88),
(173, 178, 88),
(174, 178, 89),
(175, 268, 89),
(176, 97, 89),
(177, 261, 90),
(178, 220, 90),
(179, 148, 90),
(180, 111, 90),
(181, 124, 90),
(182, 148, 91),
(183, 148, 92),
(184, 148, 93),
(185, 208, 94),
(186, 65, 95),
(187, 171, 95),
(188, 141, 96),
(189, 233, 96),
(190, 233, 97),
(191, 201, 98),
(192, 214, 99),
(193, 153, 99),
(194, 143, 99),
(195, 147, 99),
(196, 214, 100),
(197, 31, 101),
(198, 248, 101),
(199, 269, 101),
(200, 56, 102),
(201, 269, 102),
(202, 280, 102),
(203, 56, 103),
(204, 269, 103),
(205, 280, 103),
(206, 56, 104),
(207, 269, 104),
(208, 280, 104),
(209, 56, 105),
(210, 269, 105),
(211, 280, 105),
(212, 20, 106),
(213, 201, 106),
(214, 226, 106),
(215, 34, 106),
(216, 55, 106),
(217, 17, 107),
(218, 194, 107),
(219, 17, 108),
(220, 163, 108),
(221, 152, 108),
(222, 279, 109),
(223, 167, 110),
(224, 110, 110),
(225, 84, 111),
(226, 127, 112),
(227, 76, 112),
(228, 159, 113),
(229, 105, 113),
(230, 238, 113),
(231, 49, 113),
(232, 148, 114),
(233, 31, 115),
(234, 184, 115),
(235, 137, 115),
(236, 239, 116),
(237, 16, 116),
(238, 31, 116),
(239, 31, 117),
(240, 31, 118),
(241, 192, 118),
(242, 14, 118),
(243, 31, 119),
(244, 192, 119),
(245, 14, 119),
(246, 31, 120),
(247, 31, 121),
(248, 235, 121),
(249, 66, 121),
(250, 86, 122),
(251, 50, 122),
(252, 55, 123),
(253, 260, 123),
(254, 60, 123),
(255, 64, 123),
(256, 132, 123),
(257, 50, 123),
(258, 95, 123),
(259, 55, 124),
(260, 60, 124),
(261, 260, 124),
(262, 135, 124),
(263, 64, 124),
(264, 142, 124),
(265, 50, 124),
(266, 63, 125),
(267, 12, 126),
(268, 132, 126),
(269, 25, 127),
(270, 212, 127),
(271, 212, 128),
(272, 25, 128),
(273, 52, 129),
(274, 161, 130),
(275, 161, 131),
(276, 212, 132),
(277, 20, 132),
(278, 201, 132),
(279, 212, 133),
(280, 20, 133),
(281, 44, 133),
(282, 18, 133),
(283, 201, 133),
(284, 245, 134),
(285, 47, 134),
(286, 178, 134),
(287, 19, 135),
(288, 272, 136),
(289, 53, 137),
(290, 165, 137),
(291, 144, 137),
(292, 186, 138),
(293, 109, 138),
(294, 186, 139),
(295, 109, 139),
(296, 73, 139),
(297, 186, 140),
(298, 109, 140),
(299, 73, 140),
(300, 186, 141),
(301, 109, 141),
(302, 73, 141),
(303, 136, 141),
(304, 71, 141),
(305, 62, 142),
(306, 170, 142),
(307, 97, 142),
(308, 145, 142),
(309, 33, 142),
(310, 205, 142),
(311, 27, 143),
(312, 8, 144),
(313, 122, 144),
(314, 136, 144),
(315, 98, 144),
(316, 210, 144),
(317, 228, 144),
(318, 8, 145),
(319, 100, 145),
(320, 83, 145),
(321, 176, 146),
(322, 141, 146),
(323, 8, 147),
(324, 210, 147),
(325, 59, 148),
(326, 61, 148),
(327, 33, 148),
(328, 222, 149),
(329, 59, 149),
(330, 71, 149),
(331, 16, 149),
(332, 252, 149),
(333, 92, 149),
(334, 186, 149),
(335, 256, 149),
(336, 17, 149),
(337, 251, 150),
(338, 134, 150),
(339, 72, 151),
(340, 90, 151),
(341, 36, 152),
(342, 204, 152),
(343, 114, 153),
(344, 96, 154),
(345, 117, 154),
(346, 55, 155),
(347, 166, 156),
(348, 261, 156),
(349, 181, 156),
(350, 24, 157),
(351, 106, 157),
(352, 224, 158),
(353, 43, 158),
(354, 45, 159),
(355, 120, 159),
(356, 241, 159),
(357, 226, 159),
(358, 217, 160),
(359, 284, 160),
(360, 45, 161),
(361, 174, 161),
(362, 222, 162),
(363, 17, 162),
(364, 33, 162),
(365, 35, 162),
(366, 39, 163),
(367, 90, 164),
(368, 271, 164),
(369, 17, 165),
(370, 196, 166),
(371, 234, 166),
(372, 143, 167),
(373, 202, 168),
(374, 277, 169),
(375, 114, 170),
(376, 210, 170),
(377, 114, 171),
(378, 83, 172),
(379, 262, 172),
(380, 9, 172),
(381, 141, 173),
(382, 191, 173),
(383, 65, 173),
(384, 83, 174),
(385, 207, 174),
(386, 266, 174),
(387, 31, 175),
(388, 131, 175),
(389, 183, 175),
(390, 23, 175),
(391, 217, 175),
(392, 88, 175),
(393, 59, 176),
(394, 21, 176),
(395, 95, 176),
(396, 250, 177),
(397, 80, 178),
(398, 179, 178),
(399, 204, 179),
(400, 56, 179),
(401, 237, 180),
(402, 141, 181),
(403, 150, 181),
(404, 217, 181),
(405, 185, 181),
(406, 158, 182),
(407, 140, 182),
(408, 175, 182),
(409, 213, 183),
(410, 44, 183),
(411, 69, 184),
(412, 276, 184),
(413, 80, 185),
(414, 32, 185),
(415, 253, 185),
(416, 59, 186),
(417, 236, 186),
(418, 214, 186),
(419, 59, 187),
(420, 28, 187),
(421, 23, 187),
(422, 33, 187),
(423, 61, 187),
(424, 90, 188),
(425, 15, 188),
(426, 182, 189),
(427, 59, 189),
(428, 90, 189),
(429, 85, 190),
(430, 176, 190),
(431, 72, 191),
(432, 146, 191),
(433, 244, 192),
(434, 37, 192),
(435, 37, 193),
(436, 70, 193),
(437, 24, 193),
(438, 107, 194),
(439, 72, 195),
(440, 166, 196),
(441, 110, 196),
(442, 222, 197),
(443, 252, 197),
(444, 82, 198),
(445, 76, 198),
(446, 44, 198),
(447, 211, 198),
(448, 85, 199),
(449, 28, 199),
(450, 187, 199),
(451, 275, 199),
(452, 208, 200),
(453, 229, 201),
(454, 59, 202),
(455, 41, 202),
(456, 263, 202),
(457, 59, 203),
(458, 41, 203),
(459, 263, 203),
(460, 222, 204),
(461, 59, 204),
(462, 71, 204),
(463, 92, 204),
(464, 238, 204),
(465, 183, 204),
(466, 222, 205),
(467, 59, 205),
(468, 114, 205),
(469, 92, 205),
(470, 238, 205),
(471, 31, 205),
(472, 71, 205),
(473, 17, 205),
(474, 259, 205),
(475, 135, 206),
(476, 278, 206),
(477, 121, 206),
(478, 219, 206),
(479, 135, 207),
(480, 121, 207),
(481, 22, 207),
(482, 219, 207),
(483, 203, 207),
(484, 135, 208),
(485, 219, 208),
(486, 121, 208),
(487, 118, 208),
(488, 113, 209),
(489, 157, 209),
(490, 113, 210),
(491, 157, 210),
(492, 113, 211),
(493, 157, 211),
(494, 139, 212),
(495, 258, 212),
(496, 247, 212),
(497, 232, 212),
(498, 211, 213),
(499, 1, 213),
(500, 278, 214),
(501, 234, 214),
(502, 86, 214),
(503, 193, 214),
(504, 138, 215),
(505, 277, 215),
(506, 118, 215),
(507, 127, 216),
(508, 92, 216),
(509, 29, 217),
(510, 212, 217),
(511, 150, 218),
(512, 29, 218),
(513, 202, 218),
(514, 177, 219),
(515, 256, 219),
(516, 177, 220),
(517, 256, 220),
(518, 177, 221),
(519, 256, 221),
(520, 150, 222),
(521, 270, 222),
(522, 270, 223),
(523, 235, 223),
(524, 270, 224),
(525, 235, 224),
(526, 10, 225),
(527, 160, 225),
(528, 253, 225),
(529, 127, 226),
(530, 264, 226),
(531, 42, 226),
(532, 221, 227),
(533, 255, 227),
(534, 221, 228),
(535, 255, 228),
(536, 221, 229),
(537, 255, 229),
(538, 222, 229),
(539, 221, 230),
(540, 255, 230),
(541, 254, 231),
(542, 120, 232),
(543, 156, 232),
(544, 76, 232),
(545, 229, 233),
(546, 229, 234),
(547, 229, 235),
(548, 229, 236),
(549, 6, 237),
(550, 6, 238),
(551, 215, 239),
(552, 222, 240),
(553, 165, 241),
(554, 144, 241),
(555, 140, 241),
(556, 165, 242),
(557, 144, 242),
(558, 165, 243),
(559, 144, 243),
(560, 28, 244),
(561, 278, 244),
(562, 200, 244),
(563, 267, 244),
(564, 40, 244),
(565, 198, 244),
(566, 279, 245),
(567, 47, 245),
(568, 235, 246),
(569, 132, 246),
(570, 67, 246),
(571, 36, 247),
(572, 235, 247),
(573, 9, 248),
(574, 235, 248),
(575, 225, 248),
(576, 119, 248),
(577, 36, 249),
(578, 235, 249),
(579, 5, 250),
(580, 51, 250),
(581, 89, 251),
(582, 244, 251),
(583, 193, 251),
(584, 265, 252),
(585, 274, 253),
(586, 285, 254),
(587, 274, 255),
(588, 272, 256),
(589, 65, 257),
(590, 257, 257),
(591, 145, 257),
(592, 269, 257),
(593, 49, 257),
(594, 60, 257),
(595, 130, 257),
(596, 154, 257),
(597, 68, 257),
(598, 46, 257);

-- --------------------------------------------------------

--
-- Структура таблиці `ages`
--

CREATE TABLE `ages` (
  `id` int UNSIGNED NOT NULL,
  `title` varchar(255) COLLATE utf8mb4_unicode_ci NOT NULL,
  `slug` varchar(255) COLLATE utf8mb4_unicode_ci NOT NULL,
  `created_at` timestamp NULL DEFAULT NULL,
  `updated_at` timestamp NULL DEFAULT NULL
) ENGINE=InnoDB DEFAULT CHARSET=utf8mb4 COLLATE=utf8mb4_unicode_ci;

--
-- Дамп даних таблиці `ages`
--

INSERT INTO `ages` (`id`, `title`, `slug`, `created_at`, `updated_at`) VALUES
(1, '18+', '18', '2024-09-08 23:10:23', '2024-09-08 23:10:23'),
(2, '16+', '16', '2024-09-08 23:10:23', '2024-09-08 23:10:23'),
(3, '14+', '14', '2024-09-08 23:10:23', '2024-09-08 23:10:23'),
(4, '12+', '12', '2024-09-08 23:10:23', '2024-09-08 23:10:23'),
(5, '6+', '6', '2024-09-08 23:10:23', '2024-09-08 23:10:23'),
(6, '3+', '3', '2024-09-08 23:10:23', '2024-09-08 23:10:23'),
(7, '0+', '0', '2024-09-08 23:10:23', '2024-09-08 23:10:23'),
(8, 'R', 'r', '2024-09-08 23:10:23', '2024-09-08 23:10:23'),
(9, 'TV-14', 'tv-14', '2024-09-08 23:10:23', '2024-09-08 23:10:23'),
(10, 'TV-MA', 'tv-ma', '2024-09-08 23:10:23', '2024-09-08 23:10:23'),
(11, 'TV-PG', 'tv-pg', '2024-09-08 23:10:23', '2024-09-08 23:10:23'),
(12, 'TV-G', 'tv-g', '2024-09-08 23:10:23', '2024-09-08 23:10:23'),
(13, 'PG', 'pg', '2024-09-08 23:10:23', '2024-09-08 23:10:23'),
(14, 'Невідомо', 'nevidomo', '2024-09-08 23:10:23', '2024-09-08 23:10:23');

-- --------------------------------------------------------

--
-- Структура таблиці `captions`
--

CREATE TABLE `captions` (
  `id` int UNSIGNED NOT NULL,
  `title` varchar(255) COLLATE utf8mb4_unicode_ci NOT NULL,
  `slug` varchar(255) COLLATE utf8mb4_unicode_ci NOT NULL,
  `created_at` timestamp NULL DEFAULT NULL,
  `updated_at` timestamp NULL DEFAULT NULL
) ENGINE=InnoDB DEFAULT CHARSET=utf8mb4 COLLATE=utf8mb4_unicode_ci;

--
-- Дамп даних таблиці `captions`
--

INSERT INTO `captions` (`id`, `title`, `slug`, `created_at`, `updated_at`) VALUES
(1, 'Англійські', 'angliiski', '2024-09-08 23:10:23', '2024-09-08 23:10:23'),
(2, 'Українські', 'ukrayinski', '2024-09-08 23:10:23', '2024-09-08 23:10:23'),
(3, 'Російські', 'rosiiski', '2024-09-08 23:10:23', '2024-09-08 23:10:23'),
(4, 'Ютуб', 'iutub', '2024-09-08 23:10:23', '2024-09-08 23:10:23'),
(5, 'Немає', 'nemaje', '2024-09-08 23:10:23', '2024-09-08 23:10:23');

-- --------------------------------------------------------

--
-- Структура таблиці `caption_film`
--

CREATE TABLE `caption_film` (
  `id` int UNSIGNED NOT NULL,
  `caption_id` int UNSIGNED NOT NULL,
  `film_id` int UNSIGNED NOT NULL
) ENGINE=InnoDB DEFAULT CHARSET=utf8mb4 COLLATE=utf8mb4_unicode_ci;

--
-- Дамп даних таблиці `caption_film`
--

INSERT INTO `caption_film` (`id`, `caption_id`, `film_id`) VALUES
(1, 4, 1),
(2, 4, 2),
(3, 1, 3),
(4, 3, 3),
(5, 4, 4),
(6, 1, 5),
(7, 3, 5),
(8, 1, 6),
(9, 4, 7),
(10, 4, 8),
(11, 4, 9),
(12, 4, 10),
(13, 4, 11),
(14, 4, 12),
(15, 4, 13),
(16, 1, 14),
(17, 2, 14),
(18, 3, 14),
(19, 1, 15),
(20, 3, 15),
(21, 1, 16),
(22, 3, 16),
(23, 1, 17),
(24, 3, 17),
(25, 1, 18),
(26, 3, 18),
(27, 5, 19),
(28, 3, 20),
(29, 1, 21),
(30, 1, 22),
(31, 3, 22),
(32, 5, 23),
(33, 5, 24),
(34, 1, 25),
(35, 2, 25),
(36, 3, 25),
(37, 5, 26),
(38, 1, 27),
(39, 3, 27),
(40, 5, 28),
(41, 5, 29),
(42, 1, 30),
(43, 3, 30),
(44, 3, 31),
(45, 1, 32),
(46, 3, 32),
(47, 1, 33),
(48, 2, 33),
(49, 3, 33),
(50, 1, 34),
(51, 3, 34),
(52, 1, 35),
(53, 1, 36),
(54, 3, 36),
(55, 5, 37),
(56, 1, 38),
(57, 3, 38),
(58, 5, 39),
(59, 4, 40),
(60, 1, 41),
(61, 2, 41),
(62, 3, 41),
(63, 1, 42),
(64, 5, 43),
(65, 1, 44),
(66, 1, 45),
(67, 3, 45),
(68, 4, 46),
(69, 1, 47),
(70, 3, 47),
(71, 1, 48),
(72, 5, 49),
(73, 1, 50),
(74, 3, 50),
(75, 1, 51),
(76, 2, 51),
(77, 3, 51),
(78, 1, 52),
(79, 3, 52),
(80, 1, 53),
(81, 3, 53),
(82, 1, 54),
(83, 3, 54),
(84, 1, 55),
(85, 3, 55),
(86, 1, 56),
(87, 3, 56),
(88, 1, 57),
(89, 2, 57),
(90, 3, 57),
(91, 1, 58),
(92, 3, 58),
(93, 5, 59),
(94, 1, 60),
(95, 2, 60),
(96, 3, 60),
(97, 1, 61),
(98, 3, 61),
(99, 1, 62),
(100, 3, 62),
(101, 1, 63),
(102, 2, 63),
(103, 3, 63),
(104, 1, 64),
(105, 3, 64),
(106, 1, 65),
(107, 2, 65),
(108, 3, 65),
(109, 1, 66),
(110, 2, 66),
(111, 3, 66),
(112, 1, 67),
(113, 2, 67),
(114, 3, 67),
(115, 1, 68),
(116, 3, 68),
(117, 1, 69),
(118, 3, 69),
(119, 1, 70),
(120, 2, 70),
(121, 3, 70),
(122, 1, 71),
(123, 3, 71),
(124, 1, 72),
(125, 2, 72),
(126, 3, 72),
(127, 1, 73),
(128, 3, 73),
(129, 1, 74),
(130, 3, 74),
(131, 1, 75),
(132, 3, 75),
(133, 1, 76),
(134, 3, 76),
(135, 1, 77),
(136, 2, 77),
(137, 3, 77),
(138, 1, 78),
(139, 2, 78),
(140, 3, 78),
(141, 1, 79),
(142, 2, 79),
(143, 3, 79),
(144, 1, 80),
(145, 3, 80),
(146, 1, 81),
(147, 2, 81),
(148, 3, 81),
(149, 1, 82),
(150, 2, 82),
(151, 3, 82),
(152, 1, 83),
(153, 2, 83),
(154, 3, 83),
(155, 1, 84),
(156, 3, 84),
(157, 1, 85),
(158, 3, 85),
(159, 1, 86),
(160, 2, 86),
(161, 3, 86),
(162, 1, 87),
(163, 3, 87),
(164, 1, 88),
(165, 3, 88),
(166, 1, 89),
(167, 3, 89),
(168, 1, 90),
(169, 3, 90),
(170, 1, 91),
(171, 3, 91),
(172, 1, 92),
(173, 3, 92),
(174, 1, 93),
(175, 3, 93),
(176, 1, 94),
(177, 2, 94),
(178, 3, 94),
(179, 1, 95),
(180, 2, 95),
(181, 3, 95),
(182, 1, 96),
(183, 2, 96),
(184, 3, 96),
(185, 1, 97),
(186, 2, 97),
(187, 3, 97),
(188, 1, 98),
(189, 3, 98),
(190, 1, 99),
(191, 3, 99),
(192, 1, 100),
(193, 3, 100),
(194, 1, 101),
(195, 3, 101),
(196, 1, 102),
(197, 3, 102),
(198, 1, 103),
(199, 3, 103),
(200, 5, 104),
(201, 1, 105),
(202, 3, 105),
(203, 1, 106),
(204, 3, 106),
(205, 1, 107),
(206, 3, 107),
(207, 1, 108),
(208, 2, 108),
(209, 3, 108),
(210, 1, 109),
(211, 2, 109),
(212, 3, 109),
(213, 1, 110),
(214, 2, 110),
(215, 3, 110),
(216, 1, 111),
(217, 3, 111),
(218, 1, 112),
(219, 2, 112),
(220, 3, 112),
(221, 1, 113),
(222, 3, 113),
(223, 1, 114),
(224, 3, 114),
(225, 1, 115),
(226, 2, 115),
(227, 3, 115),
(228, 1, 116),
(229, 3, 116),
(230, 1, 117),
(231, 2, 117),
(232, 3, 117),
(233, 1, 118),
(234, 3, 118),
(235, 1, 119),
(236, 3, 119),
(237, 1, 120),
(238, 2, 120),
(239, 3, 120),
(240, 1, 121),
(241, 2, 121),
(242, 3, 121),
(243, 1, 122),
(244, 3, 122),
(245, 1, 123),
(246, 2, 123),
(247, 3, 123),
(248, 1, 124),
(249, 3, 124),
(250, 1, 125),
(251, 2, 125),
(252, 3, 125),
(253, 1, 126),
(254, 3, 126),
(255, 1, 127),
(256, 3, 127),
(257, 1, 128),
(258, 3, 128),
(259, 1, 129),
(260, 3, 129),
(261, 1, 130),
(262, 3, 130),
(263, 1, 131),
(264, 3, 131),
(265, 1, 132),
(266, 2, 132),
(267, 3, 132),
(268, 1, 133),
(269, 2, 133),
(270, 3, 133),
(271, 1, 134),
(272, 3, 134),
(273, 1, 135),
(274, 2, 135),
(275, 3, 135),
(276, 1, 136),
(277, 3, 136),
(278, 1, 137),
(279, 3, 137),
(280, 1, 138),
(281, 3, 138),
(282, 1, 139),
(283, 3, 139),
(284, 1, 140),
(285, 3, 140),
(286, 1, 141),
(287, 3, 141),
(288, 1, 142),
(289, 2, 142),
(290, 1, 143),
(291, 3, 143),
(292, 1, 144),
(293, 3, 144),
(294, 1, 145),
(295, 2, 145),
(296, 3, 145),
(297, 1, 146),
(298, 2, 146),
(299, 3, 146),
(300, 1, 147),
(301, 2, 147),
(302, 3, 147),
(303, 1, 148),
(304, 3, 148),
(305, 1, 149),
(306, 3, 149),
(307, 1, 150),
(308, 3, 150),
(309, 1, 151),
(310, 3, 151),
(311, 1, 152),
(312, 3, 152),
(313, 1, 153),
(314, 3, 153),
(315, 1, 154),
(316, 2, 154),
(317, 3, 154),
(318, 1, 155),
(319, 2, 155),
(320, 3, 155),
(321, 1, 156),
(322, 3, 156),
(323, 1, 157),
(324, 2, 157),
(325, 3, 157),
(326, 1, 158),
(327, 3, 158),
(328, 1, 159),
(329, 2, 159),
(330, 3, 159),
(331, 1, 160),
(332, 3, 160),
(333, 1, 161),
(334, 3, 161),
(335, 1, 162),
(336, 3, 162),
(337, 1, 163),
(338, 2, 163),
(339, 3, 163),
(340, 1, 164),
(341, 2, 164),
(342, 3, 164),
(343, 1, 165),
(344, 2, 165),
(345, 3, 165),
(346, 1, 166),
(347, 2, 166),
(348, 3, 166),
(349, 1, 167),
(350, 3, 167),
(351, 1, 168),
(352, 2, 168),
(353, 3, 168),
(354, 1, 169),
(355, 3, 169),
(356, 1, 170),
(357, 3, 170),
(358, 1, 171),
(359, 2, 171),
(360, 3, 171),
(361, 1, 172),
(362, 2, 172),
(363, 3, 172),
(364, 1, 173),
(365, 3, 173),
(366, 1, 174),
(367, 3, 174),
(368, 1, 175),
(369, 2, 175),
(370, 3, 175),
(371, 1, 176),
(372, 3, 176),
(373, 1, 177),
(374, 2, 177),
(375, 3, 177),
(376, 1, 178),
(377, 3, 178),
(378, 1, 179),
(379, 3, 179),
(380, 5, 180),
(381, 1, 181),
(382, 3, 181),
(383, 1, 182),
(384, 2, 182),
(385, 1, 183),
(386, 3, 183),
(387, 1, 184),
(388, 2, 184),
(389, 3, 184),
(390, 1, 185),
(391, 3, 185),
(392, 1, 186),
(393, 2, 186),
(394, 3, 186),
(395, 1, 187),
(396, 2, 187),
(397, 3, 187),
(398, 1, 188),
(399, 3, 188),
(400, 1, 189),
(401, 2, 189),
(402, 3, 189),
(403, 1, 190),
(404, 3, 190),
(405, 1, 191),
(406, 2, 191),
(407, 3, 191),
(408, 1, 192),
(409, 2, 192),
(410, 3, 192),
(411, 1, 193),
(412, 2, 193),
(413, 3, 193),
(414, 1, 194),
(415, 3, 194),
(416, 1, 195),
(417, 2, 195),
(418, 3, 195),
(419, 1, 196),
(420, 2, 196),
(421, 3, 196),
(422, 1, 197),
(423, 3, 197),
(424, 1, 198),
(425, 3, 198),
(426, 1, 199),
(427, 2, 199),
(428, 3, 199),
(429, 1, 200),
(430, 2, 200),
(431, 3, 200),
(432, 1, 201),
(433, 3, 201),
(434, 1, 202),
(435, 3, 202),
(436, 1, 203),
(437, 2, 203),
(438, 3, 203),
(439, 1, 204),
(440, 2, 204),
(441, 3, 204),
(442, 1, 205),
(443, 3, 205),
(444, 1, 206),
(445, 2, 206),
(446, 3, 206),
(447, 1, 207),
(448, 2, 207),
(449, 3, 207),
(450, 1, 208),
(451, 2, 208),
(452, 3, 208),
(453, 1, 209),
(454, 3, 209),
(455, 1, 210),
(456, 3, 210),
(457, 1, 211),
(458, 3, 211),
(459, 1, 212),
(460, 2, 212),
(461, 3, 212),
(462, 1, 213),
(463, 2, 213),
(464, 3, 213),
(465, 1, 214),
(466, 2, 214),
(467, 3, 214),
(468, 1, 215),
(469, 2, 215),
(470, 3, 215),
(471, 1, 216),
(472, 3, 216),
(473, 1, 217),
(474, 2, 217),
(475, 3, 217),
(476, 1, 218),
(477, 3, 218),
(478, 1, 219),
(479, 2, 219),
(480, 3, 219),
(481, 1, 220),
(482, 2, 220),
(483, 3, 220),
(484, 1, 221),
(485, 2, 221),
(486, 3, 221),
(487, 1, 222),
(488, 2, 222),
(489, 3, 222),
(490, 1, 223),
(491, 2, 223),
(492, 3, 223),
(493, 1, 224),
(494, 2, 224),
(495, 3, 224),
(496, 1, 225),
(497, 2, 225),
(498, 3, 225),
(499, 1, 226),
(500, 3, 226),
(501, 1, 227),
(502, 3, 227),
(503, 1, 228),
(504, 3, 228),
(505, 1, 229),
(506, 3, 229),
(507, 1, 230),
(508, 3, 230),
(509, 1, 231),
(510, 1, 232),
(511, 3, 232),
(512, 1, 233),
(513, 3, 233),
(514, 1, 234),
(515, 3, 234),
(516, 1, 235),
(517, 1, 236),
(518, 1, 237),
(519, 1, 238),
(520, 1, 239),
(521, 3, 239),
(522, 1, 240),
(523, 3, 240),
(524, 1, 241),
(525, 2, 241),
(526, 3, 241),
(527, 1, 242),
(528, 2, 242),
(529, 3, 242),
(530, 1, 243),
(531, 2, 243),
(532, 3, 243),
(533, 1, 244),
(534, 2, 244),
(535, 3, 244),
(536, 1, 245),
(537, 1, 246),
(538, 3, 246),
(539, 1, 247),
(540, 3, 247),
(541, 1, 248),
(542, 3, 248),
(543, 1, 249),
(544, 2, 249),
(545, 3, 249),
(546, 1, 250),
(547, 3, 250),
(548, 1, 251),
(549, 3, 251),
(550, 1, 252),
(551, 1, 253),
(552, 3, 253),
(553, 1, 254),
(554, 3, 254),
(555, 1, 255),
(556, 3, 255),
(557, 1, 256),
(558, 3, 256),
(559, 1, 257),
(560, 3, 257),
(561, 5, 258),
(562, 4, 259),
(563, 5, 260),
(564, 4, 261),
(565, 1, 262),
(566, 3, 262),
(567, 1, 263),
(568, 3, 263),
(569, 1, 264),
(570, 3, 264),
(571, 1, 265),
(572, 3, 265);

-- --------------------------------------------------------

--
-- Структура таблиці `categories`
--

CREATE TABLE `categories` (
  `id` int UNSIGNED NOT NULL,
  `title` varchar(255) COLLATE utf8mb4_unicode_ci NOT NULL,
  `slug` varchar(255) COLLATE utf8mb4_unicode_ci NOT NULL,
  `created_at` timestamp NULL DEFAULT NULL,
  `updated_at` timestamp NULL DEFAULT NULL
) ENGINE=InnoDB DEFAULT CHARSET=utf8mb4 COLLATE=utf8mb4_unicode_ci;

--
-- Дамп даних таблиці `categories`
--

INSERT INTO `categories` (`id`, `title`, `slug`, `created_at`, `updated_at`) VALUES
(1, 'Фільми', 'filmi', '2024-09-08 23:10:21', '2024-09-08 23:10:21'),
(2, 'Серіали', 'seriali', '2024-09-08 23:10:21', '2024-09-08 23:10:21'),
(3, 'Мультики', 'multiki', '2024-09-08 23:10:21', '2024-09-08 23:10:21'),
(4, 'Мультсеріали', 'multseriali', '2024-09-08 23:10:21', '2024-09-08 23:10:21');

-- --------------------------------------------------------

--
-- Структура таблиці `comments`
--

CREATE TABLE `comments` (
  `id` int UNSIGNED NOT NULL,
  `subject` varchar(255) COLLATE utf8mb4_unicode_ci NOT NULL,
  `body` text COLLATE utf8mb4_unicode_ci NOT NULL,
  `film_id` int NOT NULL,
  `created_at` timestamp NULL DEFAULT NULL,
  `updated_at` timestamp NULL DEFAULT NULL
) ENGINE=InnoDB DEFAULT CHARSET=utf8mb4 COLLATE=utf8mb4_unicode_ci;

--
-- Дамп даних таблиці `comments`
--

INSERT INTO `comments` (`id`, `subject`, `body`, `film_id`, `created_at`, `updated_at`) VALUES
(1, 'Minima quia sint.', 'Explicabo culpa dignissimos vel. Ducimus repudiandae dolorem debitis adipisci ipsa. Hic dolor est recusandae quasi provident.', 1, '2024-09-08 23:10:45', '2024-09-08 23:10:45'),
(2, 'Nobis tempore fugit vitae.', 'Dolorem dolores harum est aut non. Architecto natus nostrum dignissimos quas itaque sed vel. Aut ipsum dignissimos aliquam explicabo cupiditate laudantium ea.', 1, '2024-09-08 23:10:45', '2024-09-08 23:10:45'),
(3, 'Consequatur qui earum ullam.', 'Id voluptas quia consequatur ea quo nihil. Non iure vel qui quisquam ut aut ut. Alias sapiente ut necessitatibus voluptas recusandae cum ut.', 1, '2024-09-08 23:10:45', '2024-09-08 23:10:45'),
(4, 'Molestiae aliquid quae.', 'Sint voluptatem unde numquam quaerat ut magni voluptas. Veniam non sed voluptatibus et. Dolorem ratione omnis aut qui recusandae perferendis est provident.', 2, '2024-09-08 23:10:45', '2024-09-08 23:10:45'),
(5, 'Est quo.', 'Mollitia error est quia quia explicabo ipsum et. Et qui adipisci voluptatem sit necessitatibus eaque neque. Sit sint ratione voluptatem et nemo sint ipsa.', 2, '2024-09-08 23:10:45', '2024-09-08 23:10:45'),
(6, 'Cumque omnis labore nam.', 'Ut error tempora aspernatur sed dolores. Voluptatum voluptas quos corporis et. Qui labore minus facere.', 2, '2024-09-08 23:10:45', '2024-09-08 23:10:45'),
(7, 'Nulla quia necessitatibus.', 'Eaque fuga commodi minima dolores quam sed. Eos exercitationem aspernatur dolorem similique esse eos et. Suscipit labore laborum dolor animi.', 3, '2024-09-08 23:10:45', '2024-09-08 23:10:45'),
(8, 'Beatae harum et.', 'Quas dolor quos odio nobis dolorem unde qui. Voluptatem quia pariatur adipisci quo. Dolorem fugit neque iusto qui.', 3, '2024-09-08 23:10:45', '2024-09-08 23:10:45'),
(9, 'Deserunt nihil repellendus qui.', 'Sunt sed ut dolorum quos maiores perferendis. In eius tempora aperiam reiciendis quo non illum. Quae assumenda ea iure eos necessitatibus sunt.', 3, '2024-09-08 23:10:45', '2024-09-08 23:10:45'),
(10, 'Dicta nisi excepturi.', 'Eum in aut qui odit fugiat. Molestiae nisi aut aliquid. Qui quisquam veritatis maiores vel.', 4, '2024-09-08 23:10:45', '2024-09-08 23:10:45'),
(11, 'Sit ut qui similique.', 'Consequatur consequuntur voluptas voluptatem aspernatur. Rerum consectetur at nihil quia nisi alias a. Quia quia itaque et omnis et praesentium beatae.', 4, '2024-09-08 23:10:45', '2024-09-08 23:10:45'),
(12, 'Tempore nemo tempore.', 'Nulla aperiam quod quo cum omnis. Qui ut ut facilis esse soluta. Esse voluptas non consectetur sapiente et.', 4, '2024-09-08 23:10:45', '2024-09-08 23:10:45'),
(13, 'Consequuntur fuga esse tempora.', 'Ab molestiae quas aut quod ut. Voluptatem fugit molestiae assumenda officia et consequatur veritatis. In quisquam consequatur blanditiis temporibus ab tempora.', 5, '2024-09-08 23:10:45', '2024-09-08 23:10:45'),
(14, 'Ea sed.', 'Consequatur cum ut sed blanditiis dolore adipisci non. Aperiam maxime incidunt magni saepe optio. Quae amet et quis ipsa cum.', 5, '2024-09-08 23:10:45', '2024-09-08 23:10:45'),
(15, 'Consequatur aut dignissimos quis.', 'Aspernatur qui commodi voluptas assumenda. Quo delectus porro doloremque modi rem harum. Quam rerum aut quidem molestiae assumenda similique repudiandae.', 5, '2024-09-08 23:10:45', '2024-09-08 23:10:45'),
(16, 'Expedita dolorem saepe.', 'Aut aut eum rerum non. Quo officia qui molestiae et itaque ut. Exercitationem non omnis sunt quam voluptatem aspernatur consequuntur.', 6, '2024-09-08 23:10:45', '2024-09-08 23:10:45'),
(17, 'Laborum qui exercitationem sapiente.', 'Qui et laborum ut distinctio porro sunt quae. Quasi est provident aspernatur corrupti. Saepe voluptate et omnis nostrum vel.', 6, '2024-09-08 23:10:45', '2024-09-08 23:10:45'),
(18, 'Magni delectus minima et sint.', 'Sit debitis et et illum. Impedit quas debitis vero sunt qui. Maiores consectetur illo omnis aut fugiat voluptas fugiat.', 6, '2024-09-08 23:10:45', '2024-09-08 23:10:45'),
(19, 'Dicta fuga ducimus cum.', 'Voluptate sit totam exercitationem. Possimus non omnis vel occaecati quia quisquam porro. Labore consequatur porro cum non ut.', 7, '2024-09-08 23:10:45', '2024-09-08 23:10:45'),
(20, 'Illum eius eius aspernatur quisquam.', 'Et ut quis illum voluptas amet. Voluptate quaerat et sed et est quas. Commodi possimus expedita qui quis.', 7, '2024-09-08 23:10:45', '2024-09-08 23:10:45'),
(21, 'Dolor sit vel dolor.', 'Et quia velit incidunt assumenda magnam sequi doloribus. Quae nam omnis ut. Totam non ut ut dolor consequuntur ut.', 7, '2024-09-08 23:10:45', '2024-09-08 23:10:45'),
(22, 'Est quas quis distinctio est.', 'Ullam magnam dicta ad provident dignissimos. Molestias veritatis voluptatibus nesciunt error reiciendis deleniti ipsum. Fugit autem esse sed enim in aut.', 8, '2024-09-08 23:10:45', '2024-09-08 23:10:45'),
(23, 'Minus alias placeat molestias.', 'Mollitia in ducimus voluptas et aut est mollitia. Quia eveniet quia aliquam. Soluta possimus adipisci illum unde est in.', 8, '2024-09-08 23:10:45', '2024-09-08 23:10:45'),
(24, 'Quos ad ut numquam.', 'Perspiciatis eligendi itaque nihil quia delectus fugiat dolores laudantium. Magnam non ut ea. Accusantium velit animi voluptatem quo veritatis nihil.', 8, '2024-09-08 23:10:45', '2024-09-08 23:10:45'),
(25, 'Quia ut maxime consectetur.', 'Ut quam perspiciatis at molestias. Consequatur maxime ut aut. Voluptatem nobis quia eum perspiciatis.', 9, '2024-09-08 23:10:45', '2024-09-08 23:10:45'),
(26, 'Tenetur ut consectetur consectetur.', 'Explicabo ea maxime minus qui sed. Amet rerum eos quia magni sint aperiam sed. Quia voluptatem unde ut temporibus nemo rerum.', 9, '2024-09-08 23:10:45', '2024-09-08 23:10:45'),
(27, 'Voluptatem adipisci voluptates eos.', 'Id at dolor quia et. Sed quia aut doloremque molestiae. Qui harum illum non rem iusto.', 9, '2024-09-08 23:10:45', '2024-09-08 23:10:45'),
(28, 'Nobis est suscipit perferendis.', 'Est nemo consequatur excepturi aut reprehenderit cum temporibus dolore. Nihil et reprehenderit consectetur maiores minima. Aut ut doloremque ea neque dolore incidunt sed.', 10, '2024-09-08 23:10:45', '2024-09-08 23:10:45'),
(29, 'Id necessitatibus ex soluta.', 'Nihil et perspiciatis architecto. Doloribus dolore odio provident et. Eius voluptates dignissimos molestiae enim nam rerum excepturi.', 10, '2024-09-08 23:10:45', '2024-09-08 23:10:45'),
(30, 'Inventore sint corporis.', 'Magnam enim cum a inventore vel. Vitae vero cum distinctio sed quo veritatis et doloribus. Officia sit iure et doloribus aspernatur aspernatur nulla.', 10, '2024-09-08 23:10:45', '2024-09-08 23:10:45'),
(31, 'Et voluptatem sunt accusamus.', 'Occaecati eligendi commodi voluptatem adipisci fugiat non tempora. Aut quis aspernatur voluptas suscipit nesciunt natus provident. Animi qui et voluptatem et quia.', 11, '2024-09-08 23:10:45', '2024-09-08 23:10:45'),
(32, 'Iusto occaecati doloremque beatae.', 'Eligendi assumenda consequatur eaque placeat. Aut culpa et voluptatibus repellendus laborum. Voluptas recusandae alias magnam assumenda.', 11, '2024-09-08 23:10:45', '2024-09-08 23:10:45'),
(33, 'Quo ut.', 'At repellat rerum asperiores sit dolorum. In sint sunt facere pariatur quae voluptatem doloremque magni. Illum nam autem quis.', 11, '2024-09-08 23:10:45', '2024-09-08 23:10:45'),
(34, 'Ipsum necessitatibus officia perspiciatis.', 'Quo omnis dignissimos vero praesentium iure aut. Quia sed sunt error repellat sapiente quasi delectus. Tenetur repellendus facere cumque dolorum.', 12, '2024-09-08 23:10:45', '2024-09-08 23:10:45'),
(35, 'Optio ducimus esse voluptatibus.', 'Facilis iste eligendi error sint aut. Sunt omnis amet illum. Quis et quia distinctio ab iste accusamus nemo.', 12, '2024-09-08 23:10:45', '2024-09-08 23:10:45'),
(36, 'Quaerat et quia.', 'Distinctio qui quod est impedit molestiae rem quas aliquam. Est hic necessitatibus est ducimus nemo quia. Hic rerum ipsa repellendus et.', 12, '2024-09-08 23:10:45', '2024-09-08 23:10:45'),
(37, 'Non perspiciatis.', 'Distinctio tempora recusandae dicta. Veniam nam neque consequatur totam qui cupiditate odit. Fugiat ut et excepturi sunt rerum quasi facilis facere.', 13, '2024-09-08 23:10:45', '2024-09-08 23:10:45'),
(38, 'Qui laboriosam dolorum.', 'Hic cumque unde rem et voluptatum dolor eius. Dolores molestiae deleniti sit vel qui. Quia molestiae corrupti dolores commodi animi fugit sit.', 13, '2024-09-08 23:10:45', '2024-09-08 23:10:45'),
(39, 'Magnam et laudantium sequi.', 'Impedit sit odit odit itaque soluta sapiente rerum. Quidem neque ipsum aspernatur sed et ut porro. Ratione nesciunt dolorum et commodi sunt.', 13, '2024-09-08 23:10:45', '2024-09-08 23:10:45'),
(40, 'Ab non deserunt.', 'Aut praesentium qui fugit autem qui sint. Consequuntur dicta impedit atque qui omnis voluptatem tempora. Aut omnis quis tempora doloremque cum.', 14, '2024-09-08 23:10:45', '2024-09-08 23:10:45'),
(41, 'Sed dolorem aperiam ut.', 'Ut et numquam quidem eligendi et. Rerum ad ut amet enim. Qui non explicabo dignissimos eos consectetur exercitationem.', 14, '2024-09-08 23:10:45', '2024-09-08 23:10:45'),
(42, 'Nulla culpa nesciunt et.', 'Asperiores rerum tempora perferendis quia. Fugiat et neque in laborum odit cupiditate voluptates. Culpa sed fugiat consectetur et.', 14, '2024-09-08 23:10:45', '2024-09-08 23:10:45'),
(43, 'Non repudiandae culpa.', 'Ratione recusandae accusamus delectus et. Reprehenderit doloribus eos est saepe. Quas occaecati rerum dignissimos maxime eos.', 15, '2024-09-08 23:10:45', '2024-09-08 23:10:45'),
(44, 'Reprehenderit totam aliquid et unde.', 'Impedit adipisci modi beatae vero ab. Sint rerum totam qui neque quae ipsum odio. Voluptate quia repellendus voluptatem et et quam eos excepturi.', 15, '2024-09-08 23:10:45', '2024-09-08 23:10:45'),
(45, 'Architecto eaque occaecati dolor.', 'Aut facilis laborum quae sapiente et et. Nihil sed nobis optio. Quasi alias nisi consequatur asperiores aut.', 15, '2024-09-08 23:10:45', '2024-09-08 23:10:45'),
(46, 'Assumenda et eius consequuntur.', 'Maxime molestias eos dolores necessitatibus consequatur. Necessitatibus et harum ullam similique tempora est. Suscipit fugit in tempora nam laboriosam quia harum.', 16, '2024-09-08 23:10:45', '2024-09-08 23:10:45'),
(47, 'Excepturi minima magni nisi.', 'Dolores architecto qui est qui officia assumenda iste. Aut impedit corporis illum eius. Exercitationem nostrum aperiam vel ut.', 16, '2024-09-08 23:10:45', '2024-09-08 23:10:45'),
(48, 'Quo quam quos.', 'Repellat aut ut fugit harum incidunt beatae ullam. Assumenda aspernatur sit molestias et asperiores et ut. Tempore et dolores debitis.', 16, '2024-09-08 23:10:45', '2024-09-08 23:10:45'),
(49, 'Libero ut nam quidem.', 'Vel veniam nulla a. Quo voluptatem unde culpa facilis voluptas. Quas eveniet nihil id.', 17, '2024-09-08 23:10:45', '2024-09-08 23:10:45'),
(50, 'Quam quia.', 'Error et aspernatur eaque tenetur omnis consequuntur sed. In ut voluptatibus soluta consequatur inventore non quidem praesentium. Quod voluptatibus assumenda qui doloremque.', 17, '2024-09-08 23:10:45', '2024-09-08 23:10:45'),
(51, 'Dignissimos id est.', 'Dicta repellat repellat est rerum consequatur laudantium. Sit eaque qui quis. Nostrum quae facilis pariatur dolorem qui et quia.', 17, '2024-09-08 23:10:45', '2024-09-08 23:10:45'),
(52, 'Sint quis possimus.', 'Ut id quaerat odio est. Ut laudantium in voluptatem eum. Ipsum necessitatibus eos vel velit fuga ea exercitationem.', 18, '2024-09-08 23:10:45', '2024-09-08 23:10:45'),
(53, 'Et corporis soluta dolore hic.', 'Rerum tempore provident et modi quia. Eum voluptates aut autem quibusdam eum aut fuga. Itaque nostrum voluptatem aut molestiae.', 18, '2024-09-08 23:10:45', '2024-09-08 23:10:45'),
(54, 'Eum ab rerum.', 'Voluptate et ipsam atque vero nisi aut recusandae. Est dolores nemo et quibusdam doloribus. Provident fuga in occaecati temporibus.', 18, '2024-09-08 23:10:45', '2024-09-08 23:10:45'),
(55, 'Aut dolorum dicta non.', 'Quisquam consequatur cum qui fuga omnis voluptatum explicabo. Id nihil ea molestiae autem consectetur. Impedit non atque veniam.', 19, '2024-09-08 23:10:45', '2024-09-08 23:10:45'),
(56, 'Hic magni doloribus velit.', 'Accusamus ex dicta aliquam sapiente hic. Sit pariatur quisquam harum. Ab aut distinctio tenetur odio.', 19, '2024-09-08 23:10:45', '2024-09-08 23:10:45'),
(57, 'Molestiae quisquam.', 'Reiciendis optio doloribus architecto ut omnis sed aliquid dignissimos. Illum ducimus necessitatibus et soluta quis vitae possimus. Iusto vero tempora est laborum facilis molestiae nihil et.', 19, '2024-09-08 23:10:45', '2024-09-08 23:10:45'),
(58, 'Ut blanditiis quia.', 'Suscipit quia sint mollitia qui. Dolore nulla distinctio ea dolorem. Voluptas ratione odio non corrupti dolor et.', 20, '2024-09-08 23:10:45', '2024-09-08 23:10:45'),
(59, 'Molestias enim et.', 'Ut cumque officiis magni deserunt. Eos omnis in facere ex. Labore sit amet corrupti accusantium ipsa.', 20, '2024-09-08 23:10:45', '2024-09-08 23:10:45'),
(60, 'Voluptatem beatae unde accusantium.', 'Nulla officiis ad voluptates est est magni. Aliquam nihil minus ab at sequi voluptas repudiandae aut. Explicabo ratione voluptate recusandae impedit.', 20, '2024-09-08 23:10:45', '2024-09-08 23:10:45'),
(61, 'Consectetur sed tempora.', 'Ut architecto nam sit labore qui ipsam omnis et. Quia nisi sunt aut nam. At vel quia qui qui.', 21, '2024-09-08 23:10:45', '2024-09-08 23:10:45'),
(62, 'Est fugiat ducimus.', 'Nostrum repellendus non minima enim eos et. Nam magni earum qui vel. Ut deserunt omnis error nemo ipsam ex et aut.', 21, '2024-09-08 23:10:45', '2024-09-08 23:10:45'),
(63, 'Repellendus aut tempora officiis earum.', 'Consequatur et facere distinctio repudiandae nostrum nemo perferendis. Cumque expedita dolore temporibus. Ut quam quia culpa vitae.', 21, '2024-09-08 23:10:45', '2024-09-08 23:10:45'),
(64, 'Voluptate laborum enim.', 'Facilis pariatur nulla alias eos nemo. Distinctio consectetur dolor quia excepturi error aut. Est quia explicabo ex et laudantium consequatur.', 22, '2024-09-08 23:10:45', '2024-09-08 23:10:45'),
(65, 'Esse fuga magni id.', 'Autem non eius porro magni saepe. Et necessitatibus ipsum est voluptates. Ducimus dignissimos quis et quo et.', 22, '2024-09-08 23:10:45', '2024-09-08 23:10:45'),
(66, 'Nobis eos pariatur.', 'Dolor ducimus nemo voluptatum quaerat ullam maiores. Sit expedita sint quidem perspiciatis saepe perferendis commodi. Unde tempora repellendus debitis ipsum.', 22, '2024-09-08 23:10:45', '2024-09-08 23:10:45'),
(67, 'Ut velit voluptas.', 'Nihil voluptatum ut accusantium totam quia dicta delectus aut. Voluptatem repudiandae quis quo accusamus porro. Non eum non voluptas.', 23, '2024-09-08 23:10:45', '2024-09-08 23:10:45'),
(68, 'Adipisci dignissimos saepe ad excepturi.', 'Nisi molestias quidem explicabo nesciunt. In quibusdam rerum non repudiandae sed consectetur ipsa. Assumenda fugit corporis et dignissimos.', 23, '2024-09-08 23:10:45', '2024-09-08 23:10:45'),
(69, 'Asperiores dolores aliquam.', 'Aliquam quidem saepe dicta voluptatem culpa sed. Eum id magnam nam a eum. Saepe ex qui tempora vitae.', 23, '2024-09-08 23:10:45', '2024-09-08 23:10:45'),
(70, 'Ut officiis voluptatem corporis.', 'Sed totam aut et aut. Officia pariatur exercitationem ut minus sint. Id blanditiis natus perspiciatis debitis voluptatem et accusantium sunt.', 24, '2024-09-08 23:10:45', '2024-09-08 23:10:45'),
(71, 'Fuga eum non sit.', 'Reprehenderit et et dolorum animi dicta inventore praesentium. Amet quam enim consectetur deserunt. Minus repellat voluptatibus hic rem quidem laboriosam.', 24, '2024-09-08 23:10:45', '2024-09-08 23:10:45'),
(72, 'Blanditiis qui.', 'Eum voluptas et recusandae. Qui qui cupiditate in recusandae delectus ullam debitis. Provident corrupti vel corporis nulla voluptates minima.', 24, '2024-09-08 23:10:45', '2024-09-08 23:10:45'),
(73, 'Aut eaque est.', 'Qui earum nulla expedita quae. Non tempore in nisi asperiores. Qui dolores voluptatem voluptatem qui.', 25, '2024-09-08 23:10:45', '2024-09-08 23:10:45'),
(74, 'Assumenda sed officia porro.', 'Dolor omnis qui dolores cupiditate. Excepturi magni tempore rerum earum quia voluptatem neque quae. Aut quam placeat exercitationem sit omnis ipsam.', 25, '2024-09-08 23:10:45', '2024-09-08 23:10:45'),
(75, 'Cupiditate ut odio incidunt.', 'Itaque rerum in et et maiores. Aut iste nihil quo. Vitae culpa excepturi soluta quos dolorem molestiae aspernatur.', 25, '2024-09-08 23:10:45', '2024-09-08 23:10:45'),
(76, 'Ad ducimus assumenda.', 'Sunt consectetur quo autem aut ab quaerat ut. Laboriosam aliquid deserunt sunt voluptas voluptas modi. Inventore dolores omnis voluptate eos nesciunt in molestias.', 26, '2024-09-08 23:10:45', '2024-09-08 23:10:45'),
(77, 'Minima voluptatem consequatur delectus.', 'Sit sed dolorem autem provident rerum iure. Quod rem distinctio quas animi ut. Officiis modi porro autem cumque ea quis.', 26, '2024-09-08 23:10:45', '2024-09-08 23:10:45'),
(78, 'Temporibus architecto tenetur.', 'Voluptas eos beatae consequatur vero non. Corporis voluptate nihil eius id. Voluptatem velit repellat et optio odio unde.', 26, '2024-09-08 23:10:45', '2024-09-08 23:10:45'),
(79, 'Eaque sequi ut ipsa.', 'Sunt ullam non ea. Odit aspernatur mollitia maxime itaque libero nemo tempore dicta. Sint alias esse beatae recusandae placeat.', 27, '2024-09-08 23:10:45', '2024-09-08 23:10:45'),
(80, 'Non quae omnis voluptatem.', 'Mollitia esse enim ut sed quia enim. Ipsum labore iure perspiciatis dolor dolor est vel iusto. Est repellat pariatur perspiciatis consectetur sunt.', 27, '2024-09-08 23:10:45', '2024-09-08 23:10:45'),
(81, 'Repudiandae aut et et.', 'Eos earum doloremque ut molestias. Illo in quia corporis ea omnis. Quia fuga facilis voluptate est cum quibusdam.', 27, '2024-09-08 23:10:45', '2024-09-08 23:10:45'),
(82, 'Ut fugit.', 'Dicta consectetur quas et et voluptatem veritatis. Deleniti eius sunt molestias itaque. Voluptas a temporibus molestiae eum rerum quis sed officia.', 28, '2024-09-08 23:10:45', '2024-09-08 23:10:45'),
(83, 'Non aut explicabo.', 'Dolores repellendus voluptate nemo nemo at. Sed provident est velit eius. Odio repellat consequatur quia autem doloribus dignissimos quis.', 28, '2024-09-08 23:10:45', '2024-09-08 23:10:45'),
(84, 'Ipsum dolor nostrum officia.', 'Et ut pariatur accusamus neque mollitia illo. Eos et nihil minima quis velit quos ipsa. Et reprehenderit similique non facere.', 28, '2024-09-08 23:10:45', '2024-09-08 23:10:45'),
(85, 'Ex adipisci tenetur hic.', 'Vero aut quos perspiciatis earum. Ea ut est ipsa aut sint. Ipsa aperiam et quo ut veniam nihil nihil.', 29, '2024-09-08 23:10:45', '2024-09-08 23:10:45'),
(86, 'Debitis dolor.', 'At perspiciatis repellat maiores sit itaque dicta error. Est qui itaque necessitatibus ullam rerum laboriosam. Dolorum aperiam voluptatem culpa libero et.', 29, '2024-09-08 23:10:45', '2024-09-08 23:10:45'),
(87, 'Velit et placeat.', 'Blanditiis omnis ea rem odio. Dolorem esse tempore ut eum. Eos fugit iure ab aut dolorem.', 29, '2024-09-08 23:10:45', '2024-09-08 23:10:45'),
(88, 'Eveniet ab hic quo.', 'Et ut enim est ut quis est qui. Officiis magni possimus aperiam ullam quia pariatur voluptatem. Nam voluptates est voluptatem.', 30, '2024-09-08 23:10:45', '2024-09-08 23:10:45'),
(89, 'Sint et sunt qui perferendis.', 'Est fuga dolor quisquam. Dolores modi est soluta quae. Libero cupiditate consequatur quia.', 30, '2024-09-08 23:10:45', '2024-09-08 23:10:45'),
(90, 'Beatae consequatur consequatur.', 'Nesciunt aliquam incidunt totam hic facilis natus dolores. Iste dolorem numquam consequatur cum sint. Error eligendi nihil error.', 30, '2024-09-08 23:10:45', '2024-09-08 23:10:45'),
(91, 'Quia hic id debitis.', 'Voluptas provident repudiandae nostrum possimus ipsum. Delectus impedit saepe dolorem eos vero assumenda. Maiores blanditiis officia et sed accusamus dolores.', 31, '2024-09-08 23:10:45', '2024-09-08 23:10:45'),
(92, 'Natus temporibus tenetur nesciunt.', 'Et eius similique id error. Est laboriosam quia vitae omnis quod eveniet. Dolorum labore ipsa fugit incidunt nemo fugiat dolor.', 31, '2024-09-08 23:10:45', '2024-09-08 23:10:45'),
(93, 'Omnis exercitationem veniam.', 'Qui sapiente eligendi accusantium vitae vel non iste doloribus. Ut et et non possimus beatae deleniti labore. Optio excepturi eligendi reiciendis atque.', 31, '2024-09-08 23:10:45', '2024-09-08 23:10:45'),
(94, 'Ea ea voluptatum.', 'Modi dolorem iure nisi et. Reiciendis voluptatum tempora quo ipsa hic hic. Id et rerum a ut fuga consequatur ullam.', 32, '2024-09-08 23:10:45', '2024-09-08 23:10:45'),
(95, 'Autem sit nostrum necessitatibus.', 'Aut architecto quidem vero cum fugit. Provident harum eaque molestias est. Nostrum nihil repellat expedita ut ullam quam ut.', 32, '2024-09-08 23:10:45', '2024-09-08 23:10:45'),
(96, 'Ipsam hic quae.', 'Voluptas inventore amet atque accusantium cumque. Rerum autem aspernatur quam est aut et rerum. Qui et est aut dignissimos occaecati.', 32, '2024-09-08 23:10:45', '2024-09-08 23:10:45'),
(97, 'Rerum consequatur in.', 'Aperiam nulla suscipit qui dolorum asperiores deleniti est sunt. Modi tempore ullam quasi. Optio facilis rerum saepe voluptatem.', 33, '2024-09-08 23:10:45', '2024-09-08 23:10:45'),
(98, 'Quia neque at ad.', 'Veniam velit ullam ab dolor qui omnis qui. Dolores temporibus eum porro cumque qui provident. Dolorem repellendus numquam facilis reiciendis itaque.', 33, '2024-09-08 23:10:45', '2024-09-08 23:10:45'),
(99, 'Unde occaecati culpa deserunt.', 'Esse neque aut asperiores est. Laborum laudantium eum tenetur in in pariatur. Eligendi officiis excepturi deserunt.', 33, '2024-09-08 23:10:45', '2024-09-08 23:10:45'),
(100, 'Dolorem voluptas illo sunt.', 'Aut eaque error enim distinctio eos reprehenderit nam. Non iure voluptatum voluptate at iusto quae dolorem. Et eius suscipit quia tempore dolor sapiente sed qui.', 34, '2024-09-08 23:10:45', '2024-09-08 23:10:45'),
(101, 'Vero voluptatem laborum.', 'Animi error nesciunt aut officiis consectetur quis est. Suscipit magni cumque excepturi. Illo ex nulla qui odio sapiente cupiditate libero dolore.', 34, '2024-09-08 23:10:45', '2024-09-08 23:10:45'),
(102, 'Ducimus assumenda eos et.', 'Culpa quia asperiores omnis nesciunt repellendus provident incidunt quas. Facilis et corrupti et odio autem ad. Occaecati et dolorem quis voluptas.', 34, '2024-09-08 23:10:45', '2024-09-08 23:10:45'),
(103, 'Sit et nulla.', 'Est ut laudantium quasi voluptatibus laboriosam minus omnis. Fugit optio illo ea magnam pariatur excepturi. Magni molestiae maxime inventore eaque dolores.', 35, '2024-09-08 23:10:45', '2024-09-08 23:10:45'),
(104, 'Dolor est provident.', 'Distinctio ea fugiat voluptates qui voluptatibus excepturi nulla perspiciatis. Qui amet facere qui in. Saepe laboriosam sunt ea enim nostrum.', 35, '2024-09-08 23:10:45', '2024-09-08 23:10:45'),
(105, 'A consequatur magni quisquam.', 'Illo aut hic voluptatem voluptatem commodi. Delectus sed iste qui et a. Odio vero quia quidem repudiandae illum ea quam.', 35, '2024-09-08 23:10:45', '2024-09-08 23:10:45'),
(106, 'Ipsam hic ut non.', 'Maxime vel molestiae ipsum cupiditate et eum. Quidem porro architecto dicta molestiae tempora. Enim deserunt est est itaque velit quaerat fugiat.', 36, '2024-09-08 23:10:45', '2024-09-08 23:10:45'),
(107, 'Quia rerum reprehenderit mollitia.', 'Non aspernatur quidem in tempore cupiditate. Porro in excepturi soluta minima. Nostrum quod ut odio dolore numquam.', 36, '2024-09-08 23:10:45', '2024-09-08 23:10:45'),
(108, 'Qui odit vero adipisci.', 'Sint in sed aut architecto et repellat quo eligendi. Perspiciatis doloremque et aperiam neque. Sint tenetur et explicabo velit voluptas qui.', 36, '2024-09-08 23:10:45', '2024-09-08 23:10:45'),
(109, 'Est doloribus ullam sit.', 'Repellat repellendus laborum autem asperiores ut. Consequuntur quo ullam impedit nihil laudantium nulla quis. Dolores veniam quam qui odit fugit enim.', 37, '2024-09-08 23:10:45', '2024-09-08 23:10:45'),
(110, 'Beatae nihil repellat mollitia.', 'Distinctio corrupti asperiores quisquam ea vero consectetur. Et minima quibusdam magnam error mollitia optio. Hic iusto maxime pariatur id et sunt.', 37, '2024-09-08 23:10:45', '2024-09-08 23:10:45'),
(111, 'Ex nisi asperiores.', 'Iste vero dicta et corrupti. Doloremque nesciunt enim ut maiores earum quas dolorum cum. Nobis aut et quod fuga.', 37, '2024-09-08 23:10:45', '2024-09-08 23:10:45'),
(112, 'Excepturi laborum architecto quae.', 'Vero quas placeat voluptatem occaecati voluptatem. Ea tenetur sed amet cum et sed commodi cumque. Mollitia similique et dolor vel.', 38, '2024-09-08 23:10:45', '2024-09-08 23:10:45'),
(113, 'Vel dolores quia.', 'Et repellendus dolor laboriosam excepturi nam aut. Temporibus quis molestiae quo sit quis commodi sed ut. Ut distinctio eius facere.', 38, '2024-09-08 23:10:45', '2024-09-08 23:10:45'),
(114, 'Quos sed ducimus.', 'Et maiores incidunt quasi modi. Cum corporis qui omnis aut vel unde aliquam. Aut aut tempore omnis recusandae.', 38, '2024-09-08 23:10:45', '2024-09-08 23:10:45'),
(115, 'Omnis voluptatem consequatur praesentium.', 'Molestias consectetur illo est ea. Fugit odio quas quis vitae natus incidunt voluptates. Quasi nulla et veniam.', 39, '2024-09-08 23:10:45', '2024-09-08 23:10:45'),
(116, 'Dolor sed rerum.', 'Rerum inventore sit quos saepe. Et quae consequatur vero non ratione assumenda beatae. Et nemo autem magnam voluptatem mollitia.', 39, '2024-09-08 23:10:45', '2024-09-08 23:10:45'),
(117, 'Pariatur dignissimos sit.', 'Incidunt placeat ullam in similique. Autem dignissimos qui id. Placeat id a dolorum aut fugiat excepturi.', 39, '2024-09-08 23:10:45', '2024-09-08 23:10:45'),
(118, 'Cupiditate et et quos.', 'Sed nesciunt est temporibus. Voluptas blanditiis laborum pariatur dolore consequatur. Omnis debitis voluptatem repellat.', 40, '2024-09-08 23:10:45', '2024-09-08 23:10:45'),
(119, 'Possimus quia qui.', 'Molestias rem placeat possimus quidem. Vitae aut voluptas optio iste quidem dicta. Dolorum voluptates aut molestiae sed voluptas.', 40, '2024-09-08 23:10:46', '2024-09-08 23:10:46'),
(120, 'Enim nam itaque molestias.', 'Aliquid ratione molestiae voluptatibus amet sunt. Magni perferendis pariatur eos sapiente ex dolore iste. Eius ut et sint reiciendis aspernatur labore.', 40, '2024-09-08 23:10:46', '2024-09-08 23:10:46'),
(121, 'Incidunt et.', 'Neque sequi numquam nisi eos nobis quia eos. Qui magnam quo beatae voluptatem quia. Quos quia consectetur vel.', 41, '2024-09-08 23:10:46', '2024-09-08 23:10:46'),
(122, 'Consequatur voluptas atque esse.', 'Et id corporis est eaque velit. Quia nemo cum est nam odit pariatur pariatur. Enim sunt vel nihil.', 41, '2024-09-08 23:10:46', '2024-09-08 23:10:46'),
(123, 'Vitae ut dolorem dolorum.', 'Enim nobis ipsum quidem fugit sed accusantium officiis. Dolores dolorem ea consequatur voluptates rerum ducimus suscipit. Qui minus facilis laboriosam sit temporibus saepe.', 41, '2024-09-08 23:10:46', '2024-09-08 23:10:46'),
(124, 'Placeat necessitatibus rerum nisi.', 'Minus ab delectus velit temporibus sapiente. Laboriosam qui reprehenderit quia. Veniam esse deserunt deleniti ab harum.', 42, '2024-09-08 23:10:46', '2024-09-08 23:10:46'),
(125, 'Voluptatem cumque temporibus.', 'Aperiam fugiat quia ut quos. Ducimus non voluptate ex ea quisquam asperiores iusto. Cum nihil odio rem sapiente illo.', 42, '2024-09-08 23:10:46', '2024-09-08 23:10:46'),
(126, 'Repellat et id.', 'Nemo totam sit impedit eum neque saepe exercitationem. Dolores aut magni aperiam corporis. Dolores doloribus quaerat aut non qui eum odio.', 42, '2024-09-08 23:10:46', '2024-09-08 23:10:46'),
(127, 'Blanditiis rerum magni similique.', 'Dolorum rerum et quos dolorem maxime et. Eius non fugit excepturi cum eveniet. Natus a officia cum dolor dolor autem et.', 43, '2024-09-08 23:10:46', '2024-09-08 23:10:46'),
(128, 'Dolor aliquam nihil.', 'Dolor odio perspiciatis consequatur in reprehenderit aut velit. Ut quas possimus odio modi. Amet aut tempore deleniti rerum.', 43, '2024-09-08 23:10:46', '2024-09-08 23:10:46'),
(129, 'Qui delectus est id.', 'Explicabo temporibus laboriosam eveniet ea tempora consectetur. Aperiam iste in laborum molestiae natus corporis dolorem. Voluptates labore dolor quis tenetur soluta recusandae ratione.', 43, '2024-09-08 23:10:46', '2024-09-08 23:10:46'),
(130, 'Commodi fuga perspiciatis corporis et.', 'Voluptate non vitae non voluptates est nostrum consequatur. Earum dolor maxime quibusdam qui corrupti. Consequatur aliquid in deserunt cum nam eos et molestias.', 44, '2024-09-08 23:10:46', '2024-09-08 23:10:46'),
(131, 'Omnis iste voluptas.', 'Aut esse omnis commodi praesentium voluptatem ex sunt. Et et illo eius qui. Quia vel nam magnam commodi officiis rerum alias.', 44, '2024-09-08 23:10:46', '2024-09-08 23:10:46'),
(132, 'Velit maiores et ut.', 'Qui enim architecto expedita optio. Maiores enim itaque velit. Sunt maxime sit nobis debitis non nemo consequatur assumenda.', 44, '2024-09-08 23:10:46', '2024-09-08 23:10:46'),
(133, 'Alias distinctio sit.', 'Inventore esse quia et dolorum. Et excepturi voluptatem porro. Rerum corrupti sed eos autem est.', 45, '2024-09-08 23:10:46', '2024-09-08 23:10:46'),
(134, 'Et ex maxime quam.', 'Aut itaque repellendus voluptatem. Cupiditate amet nihil asperiores omnis qui maiores ipsam. Repellendus nemo mollitia modi aut.', 45, '2024-09-08 23:10:46', '2024-09-08 23:10:46'),
(135, 'Aperiam molestiae dicta.', 'Sequi dolor in aut et ratione. Repellat nihil officiis quisquam numquam neque voluptatem vitae ut. Harum aut ipsa et rerum atque et.', 45, '2024-09-08 23:10:46', '2024-09-08 23:10:46'),
(136, 'Sapiente quibusdam aut.', 'Sint porro aliquid autem. Magni ut omnis voluptatibus qui nemo laudantium sint numquam. Eaque ea occaecati itaque voluptatem fugit nisi quo.', 46, '2024-09-08 23:10:46', '2024-09-08 23:10:46'),
(137, 'In rerum nesciunt nesciunt.', 'Nemo et earum dolores perspiciatis est rerum. Et eos ex accusamus minima. Praesentium ea voluptatem id et.', 46, '2024-09-08 23:10:46', '2024-09-08 23:10:46'),
(138, 'Iusto dolorem eum natus.', 'Ut enim dolor vero iusto fugiat. Debitis consectetur non in consequuntur. Id quam sint deleniti sint assumenda nobis repellendus.', 46, '2024-09-08 23:10:46', '2024-09-08 23:10:46'),
(139, 'Dolorem similique quo.', 'Omnis minima nulla sequi fuga dolorum esse. Nulla non quod dolor et. Possimus repellat consequatur eveniet omnis sapiente est.', 47, '2024-09-08 23:10:46', '2024-09-08 23:10:46'),
(140, 'Illum voluptatem illum.', 'Et amet ipsum sed nisi minima. Voluptatibus aliquam et consectetur fuga quis velit sit. Aliquam sit voluptatem magnam.', 47, '2024-09-08 23:10:46', '2024-09-08 23:10:46'),
(141, 'Quam distinctio.', 'Quia sapiente quia nisi quibusdam quis quo culpa. Sed voluptatem recusandae et nisi. Molestiae ut sint sunt et omnis quia vel.', 47, '2024-09-08 23:10:46', '2024-09-08 23:10:46'),
(142, 'Labore voluptas in.', 'Et porro sit velit debitis. In voluptas eos perferendis hic architecto. Autem omnis aut delectus in dolores adipisci.', 48, '2024-09-08 23:10:46', '2024-09-08 23:10:46'),
(143, 'Exercitationem vitae.', 'Ex consequatur pariatur saepe id est. Velit quod totam officiis. Quis corrupti ut totam quis maxime cumque eum.', 48, '2024-09-08 23:10:46', '2024-09-08 23:10:46'),
(144, 'Ut sunt.', 'Aut esse laboriosam magnam illo ullam blanditiis ea. Vitae quia molestias voluptatem porro. Numquam facilis et atque incidunt nesciunt.', 48, '2024-09-08 23:10:46', '2024-09-08 23:10:46'),
(145, 'Atque vel labore.', 'Sint quia neque voluptatem voluptatem blanditiis. A perferendis autem hic illo consectetur doloribus suscipit. Impedit quasi ipsum consectetur adipisci ratione fugiat voluptate.', 49, '2024-09-08 23:10:46', '2024-09-08 23:10:46'),
(146, 'Et tempore nihil repellendus dignissimos.', 'Accusantium eligendi ut fugit est. Hic vitae eum odit rem modi. Suscipit modi consectetur quasi quos omnis et.', 49, '2024-09-08 23:10:46', '2024-09-08 23:10:46'),
(147, 'Sed sint vitae.', 'Eaque sapiente laudantium accusantium aut sed doloribus aut. Et quo magnam quasi et architecto voluptate. Rerum facilis nostrum labore ut debitis ullam.', 49, '2024-09-08 23:10:46', '2024-09-08 23:10:46'),
(148, 'Tenetur illo dolores.', 'Ut eaque commodi odit natus enim. Est quis et tenetur voluptatibus totam dolore culpa. Id illo aliquid ratione nemo ut.', 50, '2024-09-08 23:10:46', '2024-09-08 23:10:46'),
(149, 'Nihil corrupti eos beatae.', 'Assumenda at hic iste ut voluptatem consectetur et illo. Quis necessitatibus incidunt sit amet. Laboriosam ullam similique blanditiis quibusdam occaecati magni harum praesentium.', 50, '2024-09-08 23:10:46', '2024-09-08 23:10:46'),
(150, 'Error non.', 'Omnis possimus rerum rerum sed consequatur sed nisi. Magnam quo ut esse fuga eveniet ut perspiciatis. Consequuntur aperiam eaque explicabo assumenda dolorum ipsam ut voluptatem.', 50, '2024-09-08 23:10:46', '2024-09-08 23:10:46'),
(151, 'Laboriosam accusantium.', 'Laboriosam deleniti odio aspernatur rem facilis. Numquam velit pariatur et fugiat autem quasi. Nihil magnam sed voluptatem incidunt ducimus esse eius.', 51, '2024-09-08 23:10:46', '2024-09-08 23:10:46'),
(152, 'Exercitationem tenetur provident et voluptatem.', 'Quidem dolorum odit maxime consequuntur totam. Minima ullam atque quaerat voluptas. Aperiam tempora voluptas esse delectus ad.', 51, '2024-09-08 23:10:46', '2024-09-08 23:10:46'),
(153, 'Aut voluptatem aliquid.', 'Totam voluptatibus doloribus qui nam repellendus. Officiis et et quia suscipit. Culpa atque voluptatem exercitationem ut aut eligendi.', 51, '2024-09-08 23:10:46', '2024-09-08 23:10:46'),
(154, 'Architecto et est.', 'Fugit omnis pariatur dolorem natus laboriosam. Quam vel dolor nemo facilis iure quia. Neque autem non praesentium qui.', 52, '2024-09-08 23:10:46', '2024-09-08 23:10:46'),
(155, 'Sed itaque ea.', 'Dolores possimus cum beatae porro sed doloribus autem quia. Pariatur architecto fugit et deleniti sapiente. Soluta voluptas suscipit libero impedit soluta.', 52, '2024-09-08 23:10:46', '2024-09-08 23:10:46'),
(156, 'Aut id quo ut ducimus.', 'Minus aliquid voluptatem laborum ab nesciunt officiis. Est reprehenderit doloremque distinctio voluptatum voluptas. Praesentium nulla esse voluptatibus est.', 52, '2024-09-08 23:10:46', '2024-09-08 23:10:46'),
(157, 'Sint non fuga.', 'Id totam debitis sint illum praesentium. Velit modi dolor aut facilis qui doloremque. Iste et dolor iste dolor.', 53, '2024-09-08 23:10:46', '2024-09-08 23:10:46'),
(158, 'Ut possimus quis.', 'Quasi placeat deserunt provident ea nisi debitis. Velit labore cumque laboriosam consequatur recusandae. Molestias exercitationem beatae magni.', 53, '2024-09-08 23:10:46', '2024-09-08 23:10:46'),
(159, 'Sit alias et et.', 'Nihil dolore cupiditate et est. Ullam inventore vel cum autem occaecati provident est. Odio blanditiis dolor dolorem non sit consequuntur quidem.', 53, '2024-09-08 23:10:46', '2024-09-08 23:10:46'),
(160, 'Asperiores est et.', 'Et laborum qui soluta. Autem blanditiis aut unde quibusdam impedit itaque incidunt. Omnis est aut odit in.', 54, '2024-09-08 23:10:46', '2024-09-08 23:10:46'),
(161, 'In ut suscipit.', 'Ut est architecto fuga dolores velit laborum explicabo commodi. Illum est aspernatur beatae nostrum. Deleniti molestiae autem sunt et doloribus est reiciendis consequuntur.', 54, '2024-09-08 23:10:46', '2024-09-08 23:10:46'),
(162, 'Exercitationem quia.', 'Non id animi consequatur id temporibus architecto. Vero ducimus qui et quod. Nulla accusantium ad qui aut illo corrupti.', 54, '2024-09-08 23:10:46', '2024-09-08 23:10:46'),
(163, 'Eos delectus autem.', 'Repellendus suscipit saepe maiores voluptatem. Et repudiandae culpa aliquid quidem et delectus vero. Nesciunt assumenda laboriosam molestias iusto a excepturi et.', 55, '2024-09-08 23:10:46', '2024-09-08 23:10:46'),
(164, 'Consequuntur quibusdam molestias nobis eius.', 'Quidem quia eaque est voluptas et animi. Maxime qui incidunt excepturi quia voluptas. Voluptatem voluptates fugiat eos iste necessitatibus consequuntur rerum.', 55, '2024-09-08 23:10:46', '2024-09-08 23:10:46'),
(165, 'Saepe modi debitis.', 'Error dolorem qui placeat aliquam consequatur. In optio ducimus et voluptatum ex. Nam nisi nostrum sed labore ab.', 55, '2024-09-08 23:10:46', '2024-09-08 23:10:46'),
(166, 'Libero voluptatem sunt temporibus molestias.', 'Repellat hic rerum quas molestias quis. Aut temporibus et amet. Ut dolorem ut soluta nihil suscipit quod perspiciatis officiis.', 56, '2024-09-08 23:10:46', '2024-09-08 23:10:46'),
(167, 'Libero nobis alias et.', 'Magni eius quis nemo tempore. Aspernatur laudantium in iusto autem et. Tempore corrupti quia quae at.', 56, '2024-09-08 23:10:46', '2024-09-08 23:10:46'),
(168, 'Dolores aliquid et maiores.', 'Magnam eligendi magni excepturi eum provident modi. Perferendis accusamus quam excepturi quam. Enim impedit amet iste.', 56, '2024-09-08 23:10:46', '2024-09-08 23:10:46'),
(169, 'Molestiae id voluptas commodi.', 'Unde expedita labore mollitia aut asperiores inventore distinctio. Fugit illum qui consequuntur et. Et voluptas hic voluptatem sed amet soluta et.', 57, '2024-09-08 23:10:46', '2024-09-08 23:10:46'),
(170, 'Dolor eius provident.', 'Soluta architecto qui at necessitatibus consequatur modi nisi earum. Accusantium facere sit distinctio asperiores sed ut. Sed temporibus repellendus nesciunt harum.', 57, '2024-09-08 23:10:46', '2024-09-08 23:10:46'),
(171, 'Aut quia amet eius.', 'Enim optio voluptas facilis illum cupiditate modi possimus. Eum possimus consequatur officiis exercitationem modi reiciendis. Repellat voluptatibus quia quis ipsum nobis aut.', 57, '2024-09-08 23:10:46', '2024-09-08 23:10:46'),
(172, 'Aut dolor est.', 'Dolores et est tempore tempore est id minima. Dolorem eligendi rerum sed. Et sed magnam ullam temporibus.', 58, '2024-09-08 23:10:46', '2024-09-08 23:10:46'),
(173, 'Vel quis.', 'Quam eum odio dolorum a aliquam perspiciatis. Qui ut maxime non laudantium velit in cupiditate magni. Fugiat facere dolorem expedita vero eum dolore.', 58, '2024-09-08 23:10:46', '2024-09-08 23:10:46'),
(174, 'Est eaque perferendis.', 'Voluptas et laboriosam et doloremque doloremque voluptatem voluptatem molestiae. Ea qui qui enim. Expedita possimus blanditiis ut sit.', 58, '2024-09-08 23:10:46', '2024-09-08 23:10:46'),
(175, 'Numquam odit debitis.', 'Aspernatur quam dicta tempore minus occaecati nesciunt repellat. Libero eius laboriosam saepe non mollitia aut. Qui velit beatae dolore iste quos neque occaecati.', 59, '2024-09-08 23:10:46', '2024-09-08 23:10:46'),
(176, 'Voluptatum eveniet pariatur sed.', 'Non sit cum rerum voluptatem nihil id quia. Ut eius ut libero quo ad. Repudiandae libero explicabo magnam error consequatur nisi.', 59, '2024-09-08 23:10:46', '2024-09-08 23:10:46'),
(177, 'Nobis quia dolorem.', 'In alias corrupti aut aut soluta est. Voluptatum ut ipsam ipsum vero. Voluptas tenetur alias ad sapiente.', 59, '2024-09-08 23:10:46', '2024-09-08 23:10:46'),
(178, 'Sit vel explicabo et.', 'Ex molestias autem cupiditate eveniet veniam. Atque voluptas quis culpa molestiae accusamus. Unde laborum ea ea ut repellendus quo laboriosam.', 60, '2024-09-08 23:10:46', '2024-09-08 23:10:46'),
(179, 'Ut a ut voluptates.', 'Unde rerum quaerat ab tenetur sapiente. Nihil adipisci nulla molestiae beatae natus inventore et laudantium. Laborum consequuntur architecto rerum neque velit dolore.', 60, '2024-09-08 23:10:46', '2024-09-08 23:10:46'),
(180, 'Consequatur ipsam.', 'Aut in iusto vitae quae. Tenetur et sed autem. Enim autem in est earum similique.', 60, '2024-09-08 23:10:46', '2024-09-08 23:10:46'),
(181, 'Delectus magnam voluptas autem.', 'Incidunt tempora minima maxime distinctio ad fugiat. Vel quis quibusdam ut beatae repellat qui alias. Excepturi sit vitae atque esse quia placeat quisquam.', 61, '2024-09-08 23:10:46', '2024-09-08 23:10:46'),
(182, 'Dolor voluptas accusamus maiores.', 'Ratione eum quam fugiat quisquam. Sit in qui expedita corporis hic. Aut nihil molestias neque animi maxime maiores.', 61, '2024-09-08 23:10:46', '2024-09-08 23:10:46'),
(183, 'Quae qui neque deserunt.', 'Blanditiis asperiores nesciunt repellat fugiat velit quisquam. Eum recusandae quibusdam explicabo tenetur. Minima aliquam est deserunt facere eos libero.', 61, '2024-09-08 23:10:46', '2024-09-08 23:10:46'),
(184, 'Voluptatum id in aut.', 'Quas est quae aperiam dolor repellat. Ipsam consequatur corporis rerum magnam. Numquam illo dolores qui atque perferendis.', 62, '2024-09-08 23:10:46', '2024-09-08 23:10:46'),
(185, 'Et ea iure.', 'Sequi ut fugit doloribus est voluptates ipsa facere. Iste impedit officia rem autem. Distinctio deleniti animi voluptatum sunt ad.', 62, '2024-09-08 23:10:46', '2024-09-08 23:10:46'),
(186, 'Sit sit.', 'Asperiores facere accusamus necessitatibus qui placeat et. Aspernatur autem reprehenderit ut repellendus atque cupiditate. Qui quia et saepe assumenda.', 62, '2024-09-08 23:10:46', '2024-09-08 23:10:46'),
(187, 'Excepturi enim voluptate.', 'Quia nisi nam et. Repellat voluptate possimus beatae est accusamus. Ipsum dolor asperiores delectus.', 63, '2024-09-08 23:10:46', '2024-09-08 23:10:46'),
(188, 'Enim veniam nemo.', 'Voluptatum velit voluptatem tenetur saepe qui. Architecto quaerat asperiores doloremque dolores. Autem fugiat amet veniam provident unde aspernatur.', 63, '2024-09-08 23:10:46', '2024-09-08 23:10:46'),
(189, 'Quis nesciunt ipsum illum.', 'Fugiat sint consequatur ut autem. Voluptatem eveniet at dolore laborum. Ducimus et nostrum tempore.', 63, '2024-09-08 23:10:46', '2024-09-08 23:10:46'),
(190, 'Nisi similique quo dolor dolorem.', 'Sequi ducimus beatae doloremque ipsa. Ut at aliquid provident et repudiandae sequi voluptatum. Sequi amet qui quia facilis temporibus nemo.', 64, '2024-09-08 23:10:46', '2024-09-08 23:10:46'),
(191, 'Est quibusdam nobis.', 'Est consequatur culpa fugit eos quaerat. Non molestiae eius similique pariatur perferendis repellendus. Similique est maxime ad non veniam.', 64, '2024-09-08 23:10:46', '2024-09-08 23:10:46'),
(192, 'Cupiditate qui.', 'Nostrum in delectus illum nisi ut animi dolor. Libero labore et eaque aut sed. Reprehenderit incidunt laboriosam quia id rerum qui.', 64, '2024-09-08 23:10:46', '2024-09-08 23:10:46'),
(193, 'Et et eos.', 'Doloribus id quam cupiditate vel dignissimos. A sint qui quasi voluptatem dolor. Quaerat qui ea nulla labore officiis eos et.', 65, '2024-09-08 23:10:46', '2024-09-08 23:10:46'),
(194, 'Sint quaerat dolorem omnis.', 'Illum quis at alias omnis quia sit minima. Sunt suscipit eligendi ab omnis fuga consequatur. Eveniet rerum est aut delectus ut numquam.', 65, '2024-09-08 23:10:46', '2024-09-08 23:10:46'),
(195, 'Minima necessitatibus reprehenderit.', 'Praesentium nisi cupiditate id amet earum. Impedit odio ad beatae cum tenetur velit cumque magnam. Officia consequatur inventore adipisci in ab pariatur id.', 65, '2024-09-08 23:10:46', '2024-09-08 23:10:46'),
(196, 'Error voluptatum et.', 'Assumenda tenetur ut delectus rerum. Accusamus officia perspiciatis ea sunt vitae maxime. Necessitatibus recusandae architecto quaerat nobis fuga numquam.', 66, '2024-09-08 23:10:46', '2024-09-08 23:10:46'),
(197, 'Et vel voluptatem.', 'Adipisci maxime est dolores. Beatae iusto iusto voluptatum amet. Hic dolor est sint non quia rem.', 66, '2024-09-08 23:10:46', '2024-09-08 23:10:46'),
(198, 'Error nihil dolorem.', 'Incidunt nulla non placeat nostrum eligendi iure. Commodi repellendus nostrum nihil vero nihil consectetur neque. Est ea aliquid quisquam ipsam rerum.', 66, '2024-09-08 23:10:46', '2024-09-08 23:10:46'),
(199, 'Temporibus ducimus officiis vitae.', 'Possimus eum consequatur eveniet eaque corrupti veritatis qui. Aliquid quos distinctio corporis minus molestiae dignissimos atque rerum. Quia sequi quod nobis deleniti aut iure.', 67, '2024-09-08 23:10:46', '2024-09-08 23:10:46'),
(200, 'Ducimus deserunt.', 'Molestiae consequatur vero quo et aspernatur. Non culpa cumque velit sed assumenda ullam qui. Reprehenderit qui soluta cumque cupiditate.', 67, '2024-09-08 23:10:46', '2024-09-08 23:10:46'),
(201, 'Saepe sed quasi illum.', 'Minus et quis amet. Recusandae minima commodi et earum molestiae eum voluptas. Ratione id quasi corporis occaecati distinctio quisquam assumenda.', 67, '2024-09-08 23:10:46', '2024-09-08 23:10:46'),
(202, 'Possimus ipsam quod optio.', 'Voluptas ducimus sit sed esse. Cumque id aut assumenda quos et. Facere commodi quia hic repudiandae quis nesciunt dignissimos aut.', 68, '2024-09-08 23:10:46', '2024-09-08 23:10:46'),
(203, 'Ut velit ut enim.', 'Inventore sapiente nulla accusantium possimus voluptas fugiat. Recusandae laboriosam animi dolor amet velit porro eum. Qui qui quis hic sint rerum.', 68, '2024-09-08 23:10:46', '2024-09-08 23:10:46'),
(204, 'Quae enim porro ut.', 'Dolorum voluptatem esse voluptatem. Suscipit totam vel qui qui minima vero. Et aut expedita cum optio quas tempore.', 68, '2024-09-08 23:10:46', '2024-09-08 23:10:46'),
(205, 'Enim velit.', 'Nulla eum aliquam assumenda ea consectetur. Vel quia et libero possimus. Enim et sint eum esse.', 69, '2024-09-08 23:10:46', '2024-09-08 23:10:46'),
(206, 'Eos non nihil qui.', 'Neque consequuntur a rerum cum voluptas praesentium. Nemo autem non in unde. Et blanditiis temporibus aut dolores iure quidem.', 69, '2024-09-08 23:10:46', '2024-09-08 23:10:46'),
(207, 'Qui asperiores quisquam laudantium.', 'Qui consectetur corrupti ut sit dolores sed. Eos vel dolorum doloribus totam ut ut ut. Veritatis optio dolore cupiditate ex.', 69, '2024-09-08 23:10:46', '2024-09-08 23:10:46'),
(208, 'Perferendis odio sed cumque.', 'Repellat mollitia dicta ratione fugiat non. Dolorem quia quasi repellat libero. Eaque non autem iusto.', 70, '2024-09-08 23:10:46', '2024-09-08 23:10:46'),
(209, 'Ut expedita corrupti.', 'Autem recusandae vel dolorem sit. Provident sit beatae est unde est. Error ea nemo doloribus rerum.', 70, '2024-09-08 23:10:46', '2024-09-08 23:10:46'),
(210, 'Voluptatem officia magni est.', 'Temporibus veritatis nihil in eos. Iste dicta est nostrum minima sit esse cumque. Libero est repellat voluptas est sit.', 70, '2024-09-08 23:10:46', '2024-09-08 23:10:46'),
(211, 'Eveniet voluptas minus omnis.', 'Ratione quidem reprehenderit vitae iure voluptatum minus. Hic ipsa veritatis minus velit veritatis magni consequuntur. Quos quibusdam molestias dolores nihil odit dolor non minima.', 71, '2024-09-08 23:10:46', '2024-09-08 23:10:46'),
(212, 'Autem et minima.', 'Autem amet reprehenderit molestiae corrupti. Non rerum maiores consequatur qui. Praesentium praesentium cupiditate autem labore voluptatem et saepe.', 71, '2024-09-08 23:10:46', '2024-09-08 23:10:46'),
(213, 'Enim itaque.', 'Non laborum rem laborum quisquam. At praesentium harum unde debitis. Et quia temporibus impedit atque ut iusto.', 71, '2024-09-08 23:10:46', '2024-09-08 23:10:46'),
(214, 'Et quia recusandae et.', 'Maxime eligendi est voluptatem et et tenetur. Delectus cumque quis fugiat sit beatae. Ut sint enim tempore aliquam.', 72, '2024-09-08 23:10:46', '2024-09-08 23:10:46'),
(215, 'Vitae perferendis porro voluptas.', 'Libero autem magnam et. Non nostrum perspiciatis quod sint corporis vel praesentium. Dicta assumenda voluptatem adipisci dolorem est.', 72, '2024-09-08 23:10:46', '2024-09-08 23:10:46'),
(216, 'Et et non.', 'Repudiandae ea iusto quidem necessitatibus pariatur. Possimus vero dolore quae itaque rerum. Quia recusandae temporibus aut.', 72, '2024-09-08 23:10:46', '2024-09-08 23:10:46'),
(217, 'Amet qui.', 'Velit voluptatem ea minus est qui tempora. Ut sunt et occaecati et ab. Magni nihil nihil rerum.', 73, '2024-09-08 23:10:46', '2024-09-08 23:10:46'),
(218, 'Repellat vel ut veniam.', 'Doloremque quia sint similique architecto fuga ad. Inventore dolorem commodi voluptatem a accusantium. Et sit temporibus cumque quibusdam nisi.', 73, '2024-09-08 23:10:46', '2024-09-08 23:10:46'),
(219, 'Alias voluptatem natus.', 'Et aut porro iusto alias enim consequatur est. Iusto atque et occaecati et. Ea et officia blanditiis perferendis est.', 73, '2024-09-08 23:10:46', '2024-09-08 23:10:46'),
(220, 'Distinctio eum eum fuga.', 'Rem quae et eum consequatur qui sed. Laudantium veritatis totam aut repellendus voluptas magni. Beatae totam consequatur ab.', 74, '2024-09-08 23:10:46', '2024-09-08 23:10:46'),
(221, 'Quia ut.', 'Assumenda nemo dicta velit. Nihil mollitia ut impedit voluptatem et dolore voluptatum. Placeat quas facere sunt voluptatum in optio dolorum.', 74, '2024-09-08 23:10:46', '2024-09-08 23:10:46'),
(222, 'Optio qui omnis.', 'Labore repellat voluptas cumque dolores velit impedit est. Quisquam nemo laudantium reprehenderit in perferendis fuga qui. Et ut laudantium illum consequatur dolorem odit.', 74, '2024-09-08 23:10:46', '2024-09-08 23:10:46'),
(223, 'Quibusdam quia illum.', 'Est quo ipsam nam non adipisci. Autem ratione qui illum libero aut non earum natus. Corrupti sunt temporibus ratione ipsa.', 75, '2024-09-08 23:10:46', '2024-09-08 23:10:46'),
(224, 'Natus fugiat aut dolorem.', 'Aut dicta voluptatem saepe et quo. Suscipit quos minus dolores dolorum ullam rerum. Quam voluptatem qui hic et.', 75, '2024-09-08 23:10:46', '2024-09-08 23:10:46'),
(225, 'Ut qui illo.', 'Consectetur eius dolor minus recusandae. Repellendus laborum tempore qui qui incidunt vero inventore. Vel atque consectetur incidunt veritatis non corporis eum provident.', 75, '2024-09-08 23:10:46', '2024-09-08 23:10:46'),
(226, 'Officia quae ex aut.', 'Eveniet et officia et aut. Eum est quos eius nihil deserunt. Commodi minima et nisi voluptatem repellendus.', 76, '2024-09-08 23:10:46', '2024-09-08 23:10:46'),
(227, 'Qui voluptatem illo.', 'Dolor temporibus inventore omnis quas magni. Numquam saepe optio sit eos possimus enim. Dolor sed omnis consequuntur hic voluptas.', 76, '2024-09-08 23:10:46', '2024-09-08 23:10:46'),
(228, 'Eius omnis hic incidunt.', 'Voluptatibus iusto autem et nobis fuga. Veritatis asperiores assumenda aut quibusdam. Maiores libero corrupti ut sint.', 76, '2024-09-08 23:10:46', '2024-09-08 23:10:46'),
(229, 'Consequatur velit ut aut.', 'Dolore voluptates et quia quas. Illo nulla quae saepe autem sed. Et ut sunt unde iste officia quo.', 77, '2024-09-08 23:10:46', '2024-09-08 23:10:46'),
(230, 'Iste earum itaque.', 'Nisi vel in maxime numquam vel nesciunt. Placeat sit sit quis eaque neque. Sit non quasi fuga reiciendis.', 77, '2024-09-08 23:10:46', '2024-09-08 23:10:46');
INSERT INTO `comments` (`id`, `subject`, `body`, `film_id`, `created_at`, `updated_at`) VALUES
(231, 'Assumenda qui qui et eum.', 'Occaecati enim laudantium animi dignissimos. Quas voluptatem occaecati provident est sunt. Id laudantium quae ullam eveniet amet optio est.', 77, '2024-09-08 23:10:46', '2024-09-08 23:10:46'),
(232, 'Voluptatum molestiae repellat.', 'Necessitatibus quidem aut doloribus dolorem enim non harum ipsam. Esse magni eos laudantium ea voluptatem maxime. Eum omnis neque totam consequatur.', 78, '2024-09-08 23:10:46', '2024-09-08 23:10:46'),
(233, 'Voluptates incidunt odit sunt commodi.', 'Labore quaerat est quasi et repellat rem. Quo accusantium odit minus quidem voluptatem. Deleniti optio earum voluptas facere itaque.', 78, '2024-09-08 23:10:46', '2024-09-08 23:10:46'),
(234, 'Saepe et quaerat.', 'Deleniti sit quibusdam aliquid aut excepturi sequi et. Nulla reprehenderit qui similique illo dolorem. Natus minus itaque cumque consequatur ducimus natus.', 78, '2024-09-08 23:10:46', '2024-09-08 23:10:46'),
(235, 'Qui et magnam.', 'Voluptas voluptas eius vero explicabo est rerum. Velit assumenda velit repellendus odio. Consectetur distinctio nemo id officiis et tempora fugiat ut.', 79, '2024-09-08 23:10:46', '2024-09-08 23:10:46'),
(236, 'Veniam dolor unde temporibus.', 'Odit eaque architecto sapiente adipisci rem sit est. Quisquam omnis cupiditate odio dolorum quia nobis perspiciatis mollitia. Tenetur cupiditate aperiam tenetur architecto illum.', 79, '2024-09-08 23:10:46', '2024-09-08 23:10:46'),
(237, 'Quis qui et dolores.', 'Deserunt eum maiores quam ut blanditiis dolore. Possimus tenetur saepe illo repudiandae adipisci ut. Sit et ab in quo voluptas.', 79, '2024-09-08 23:10:46', '2024-09-08 23:10:46'),
(238, 'Velit esse minus.', 'Ut fugit sint tempora inventore. Reiciendis et odio non dolores aut. Sunt est et dolorum corporis accusamus quia.', 80, '2024-09-08 23:10:46', '2024-09-08 23:10:46'),
(239, 'Animi quis distinctio impedit.', 'Corrupti eius sint dolor iusto. Reiciendis molestiae et similique assumenda similique voluptatem. Veniam facilis asperiores at quia quas iste reprehenderit.', 80, '2024-09-08 23:10:46', '2024-09-08 23:10:46'),
(240, 'Doloribus aut harum eos.', 'Qui eos blanditiis iste ratione velit. Neque aliquam aut rem magnam. Ut ducimus veritatis quibusdam dolore fugit exercitationem dolorem.', 80, '2024-09-08 23:10:46', '2024-09-08 23:10:46'),
(241, 'Ratione suscipit necessitatibus deleniti.', 'Aut qui quaerat ad deserunt omnis unde quia. Voluptas delectus itaque accusamus nisi velit. Dolores et omnis tempora perferendis ut.', 81, '2024-09-08 23:10:46', '2024-09-08 23:10:46'),
(242, 'Id autem fugit.', 'Aspernatur dolores ex et ad vero. Ea id est nostrum commodi corrupti similique molestiae. Saepe ut et laudantium exercitationem fuga dolor numquam est.', 81, '2024-09-08 23:10:46', '2024-09-08 23:10:46'),
(243, 'Totam sed beatae cupiditate.', 'Doloribus minus sed voluptas illo. Perferendis velit fugiat eligendi quasi atque. Officiis voluptas laborum facilis accusantium.', 81, '2024-09-08 23:10:46', '2024-09-08 23:10:46'),
(244, 'Et laborum ea.', 'Nemo atque recusandae minima maiores sunt. Totam consequatur assumenda aliquam consequatur omnis sunt soluta. Illo blanditiis impedit aspernatur veniam enim consequuntur possimus.', 82, '2024-09-08 23:10:46', '2024-09-08 23:10:46'),
(245, 'Adipisci sed modi.', 'Exercitationem quia voluptates qui et perferendis. Dicta cumque culpa provident magnam necessitatibus. Ullam ex libero dolorem vel.', 82, '2024-09-08 23:10:46', '2024-09-08 23:10:46'),
(246, 'Quaerat rem consequatur dolorem.', 'Quia modi maxime vel hic minima nostrum est. Tempora mollitia explicabo nihil qui voluptatem. At incidunt voluptatem modi dolorem sunt possimus.', 82, '2024-09-08 23:10:46', '2024-09-08 23:10:46'),
(247, 'Aperiam praesentium rem mollitia.', 'Quam eum recusandae incidunt omnis doloribus est quibusdam. Sunt omnis eveniet reprehenderit alias aut. Sit at aut omnis hic quia.', 83, '2024-09-08 23:10:46', '2024-09-08 23:10:46'),
(248, 'Quas sit autem quae sed.', 'Quo iusto placeat itaque cumque amet magnam. Cum ipsam et ut mollitia. Est veniam et perspiciatis vitae quas voluptate consequatur.', 83, '2024-09-08 23:10:46', '2024-09-08 23:10:46'),
(249, 'Recusandae autem nihil nesciunt.', 'Modi qui voluptas esse perspiciatis. Qui aliquam magnam doloribus quis ratione et. Reprehenderit nostrum magnam aperiam qui.', 83, '2024-09-08 23:10:46', '2024-09-08 23:10:46'),
(250, 'Totam modi in.', 'Beatae magnam commodi amet saepe doloribus quis. Similique aut autem consectetur suscipit libero. Voluptatum pariatur quis et deleniti maiores.', 84, '2024-09-08 23:10:46', '2024-09-08 23:10:46'),
(251, 'Qui aut tempore ex saepe.', 'Earum illum sunt est et facere. Rerum optio sunt itaque dolorem. Odio veritatis culpa autem esse rerum ut occaecati.', 84, '2024-09-08 23:10:46', '2024-09-08 23:10:46'),
(252, 'Est et voluptas molestias velit.', 'Quo ut odio nihil magnam cum architecto id. In in est culpa libero. Voluptatem et earum et sed architecto mollitia modi et.', 84, '2024-09-08 23:10:46', '2024-09-08 23:10:46'),
(253, 'Quo laboriosam ducimus quos.', 'Ratione quis consequuntur quaerat dignissimos. Omnis mollitia quisquam reprehenderit saepe quos velit. Officia qui rerum rem dicta rerum aliquid officia.', 85, '2024-09-08 23:10:46', '2024-09-08 23:10:46'),
(254, 'Consectetur omnis aut.', 'Nisi repellendus quia placeat quo eum qui. Architecto in placeat ut. Aut id totam illo iste voluptates.', 85, '2024-09-08 23:10:46', '2024-09-08 23:10:46'),
(255, 'Et temporibus blanditiis quia.', 'Nam est ducimus a et labore consequuntur est. Tempora beatae rerum exercitationem ex. Deserunt dolor culpa et numquam expedita est vero.', 85, '2024-09-08 23:10:46', '2024-09-08 23:10:46'),
(256, 'Rerum quos tenetur quam.', 'Quod et vero aut est asperiores neque praesentium. Qui praesentium mollitia voluptas in voluptas nostrum. Omnis ipsum vel fugit sequi dolor.', 86, '2024-09-08 23:10:46', '2024-09-08 23:10:46'),
(257, 'Blanditiis odio enim.', 'Autem ex et cumque tempora nostrum. Quaerat mollitia repellat quaerat veniam. At mollitia eum eveniet officia.', 86, '2024-09-08 23:10:46', '2024-09-08 23:10:46'),
(258, 'Dicta autem fugit fugit.', 'Quia corporis similique ipsum et illo sint hic et. Totam est illum ipsam aperiam nihil. Id nesciunt quia eos repudiandae quia laudantium.', 86, '2024-09-08 23:10:46', '2024-09-08 23:10:46'),
(259, 'Sunt et nesciunt.', 'Esse dolor ut sit deleniti. Rerum rerum deserunt eum et modi. Tenetur impedit et blanditiis et nam eum.', 87, '2024-09-08 23:10:46', '2024-09-08 23:10:46'),
(260, 'Qui ea nemo molestias.', 'Soluta officia eum consequatur praesentium et facere. Dignissimos debitis doloribus cum voluptates veritatis. Optio officia ipsum odit itaque earum repudiandae.', 87, '2024-09-08 23:10:46', '2024-09-08 23:10:46'),
(261, 'Rem aut et voluptatum.', 'Totam et cumque suscipit alias molestiae. Quia maxime dignissimos et ut eveniet inventore. Ut earum ea omnis impedit sed.', 87, '2024-09-08 23:10:46', '2024-09-08 23:10:46'),
(262, 'Ab praesentium.', 'Quia voluptas ipsam velit sit ut. Unde autem esse adipisci qui. Molestiae explicabo eaque quisquam voluptatem aut a dolor enim.', 88, '2024-09-08 23:10:46', '2024-09-08 23:10:46'),
(263, 'Ratione praesentium et.', 'Officia accusantium tempora cupiditate id sit quam. Voluptas accusantium facilis nihil placeat. Quaerat fugiat sapiente dicta sapiente est.', 88, '2024-09-08 23:10:46', '2024-09-08 23:10:46'),
(264, 'Accusantium est id.', 'Sapiente debitis delectus tempora est quod repellendus aspernatur et. Delectus reprehenderit debitis atque. Molestias voluptatem earum laborum dolore eaque ullam reprehenderit dolorem.', 88, '2024-09-08 23:10:46', '2024-09-08 23:10:46'),
(265, 'Non officiis ut quaerat omnis.', 'Quidem autem nisi nihil ut quas. Qui at corrupti aut ea est ab. Ut facilis nam sit veniam.', 89, '2024-09-08 23:10:46', '2024-09-08 23:10:46'),
(266, 'Aut aut nobis dolores.', 'Architecto et tenetur non exercitationem. Rerum facere suscipit qui qui. Distinctio laboriosam aut sunt sunt ab.', 89, '2024-09-08 23:10:46', '2024-09-08 23:10:46'),
(267, 'Dolore quibusdam soluta minima.', 'Voluptatem itaque et dolores nostrum. Consequatur quo sit reprehenderit consectetur libero aliquam. Officiis aut est quo expedita autem.', 89, '2024-09-08 23:10:46', '2024-09-08 23:10:46'),
(268, 'Ut harum.', 'At vel natus eius ducimus. Aut omnis ut non in magnam. Itaque fugit voluptas iste eos.', 90, '2024-09-08 23:10:46', '2024-09-08 23:10:46'),
(269, 'Rerum vel inventore.', 'Qui perferendis maiores et nostrum. Dolorem consequatur possimus iste. Neque atque accusantium ut.', 90, '2024-09-08 23:10:46', '2024-09-08 23:10:46'),
(270, 'Ullam quas blanditiis.', 'Dicta atque autem aut laudantium. Sed aut consequatur vero repudiandae enim libero eos. Sint itaque consequuntur qui soluta veritatis consequatur.', 90, '2024-09-08 23:10:46', '2024-09-08 23:10:46'),
(271, 'Ut id aut.', 'Quidem rerum soluta exercitationem ut sit. Eligendi quasi non error ea. Suscipit quam quidem est rerum est.', 91, '2024-09-08 23:10:46', '2024-09-08 23:10:46'),
(272, 'Assumenda consequatur excepturi maiores.', 'Veniam provident in aliquid amet iste harum. Voluptatem eum ea perferendis. Assumenda sit et neque aut at.', 91, '2024-09-08 23:10:46', '2024-09-08 23:10:46'),
(273, 'Accusantium ipsum sint.', 'Consequatur quo libero accusamus velit laudantium. Nihil incidunt aliquam est voluptates quibusdam officia. Praesentium nulla eveniet unde est inventore sed.', 91, '2024-09-08 23:10:46', '2024-09-08 23:10:46'),
(274, 'Qui et temporibus omnis.', 'Occaecati doloribus maxime tempore at. Aliquid inventore quasi magnam et officiis dicta. Dignissimos ut et in.', 92, '2024-09-08 23:10:46', '2024-09-08 23:10:46'),
(275, 'Iusto quae et.', 'Dolor quis error aut libero. Et odio magni rem consectetur officia et repellendus. Sed alias temporibus non assumenda nostrum et.', 92, '2024-09-08 23:10:46', '2024-09-08 23:10:46'),
(276, 'Qui fugiat.', 'Maxime vel perferendis qui minima libero molestiae. Voluptatibus sunt est quis ullam ipsam. Rerum alias eos unde.', 92, '2024-09-08 23:10:46', '2024-09-08 23:10:46'),
(277, 'In voluptas sint ut.', 'Modi velit incidunt modi quisquam sed mollitia hic. Enim porro consequatur rem perspiciatis dolor eos debitis. Nobis quis illum inventore est inventore molestiae incidunt voluptatem.', 93, '2024-09-08 23:10:46', '2024-09-08 23:10:46'),
(278, 'Debitis officiis ea.', 'Officia ad et voluptate sit perferendis ut expedita. Occaecati amet quidem repudiandae magni doloribus. Fugiat similique cupiditate assumenda consequatur excepturi.', 93, '2024-09-08 23:10:46', '2024-09-08 23:10:46'),
(279, 'Animi reprehenderit quo non.', 'Voluptates similique eum tenetur dolor et qui sit. Temporibus magni hic quos totam quod qui quibusdam maiores. Rerum laboriosam ut vel aut rerum.', 93, '2024-09-08 23:10:46', '2024-09-08 23:10:46'),
(280, 'Totam dolore voluptate atque.', 'Eos porro et autem voluptas. Voluptatibus autem eum quo et est quaerat. Nihil fugit maiores hic inventore.', 94, '2024-09-08 23:10:46', '2024-09-08 23:10:46'),
(281, 'Est blanditiis dolorem.', 'Eius nostrum quae maiores. Est iure quia corporis nesciunt quia. Officia consequatur dolorem dolor beatae.', 94, '2024-09-08 23:10:46', '2024-09-08 23:10:46'),
(282, 'Est blanditiis consequuntur quis.', 'Quod possimus repudiandae qui facere molestias modi beatae. Enim doloremque assumenda ratione omnis. Natus autem delectus cumque maiores maiores quia fuga.', 94, '2024-09-08 23:10:46', '2024-09-08 23:10:46'),
(283, 'Vero in autem.', 'Debitis et animi magnam. Rerum placeat consectetur vel porro saepe tempore beatae. Itaque facere numquam quas et.', 95, '2024-09-08 23:10:46', '2024-09-08 23:10:46'),
(284, 'Voluptatum cupiditate distinctio.', 'Aut fugit maxime mollitia labore eos. Amet doloribus enim dicta possimus dolor. Esse consequatur et dolore repellat.', 95, '2024-09-08 23:10:46', '2024-09-08 23:10:46'),
(285, 'Fugit velit dolor.', 'Alias et repellat et mollitia repellendus voluptatem. Dolor explicabo voluptatibus eaque beatae odio. Sunt incidunt veniam ratione non nam dolorem.', 95, '2024-09-08 23:10:46', '2024-09-08 23:10:46'),
(286, 'Inventore amet excepturi voluptatibus.', 'Quo velit deserunt saepe qui eos. Voluptatem aliquam et possimus magnam. Molestiae et placeat sunt excepturi minus vel voluptatem.', 96, '2024-09-08 23:10:46', '2024-09-08 23:10:46'),
(287, 'Eos tenetur architecto quos.', 'Nesciunt iusto corporis assumenda aut dicta ab sequi sed. Voluptatem impedit architecto voluptatibus ea. Earum est laboriosam maiores.', 96, '2024-09-08 23:10:46', '2024-09-08 23:10:46'),
(288, 'Odit molestiae vero cum.', 'Suscipit quas nesciunt omnis officia nihil dolorem quo. Ullam blanditiis illum magni. Occaecati ducimus harum omnis aut est sit iusto.', 96, '2024-09-08 23:10:46', '2024-09-08 23:10:46'),
(289, 'Voluptatibus est cumque quam.', 'Possimus et alias quia exercitationem fuga. Aliquam est maxime voluptas delectus doloribus qui. Doloribus sed repudiandae maiores perspiciatis ut.', 97, '2024-09-08 23:10:46', '2024-09-08 23:10:46'),
(290, 'Amet non dignissimos laborum.', 'Sit sint quibusdam delectus corrupti aliquid maxime et non. Velit molestiae quos et enim commodi eveniet. Ut illum culpa ea nisi cupiditate sit non.', 97, '2024-09-08 23:10:46', '2024-09-08 23:10:46'),
(291, 'Commodi consequatur.', 'Aperiam et quia ipsa vel a est quaerat. Sit et voluptatibus voluptas quae similique et quasi. Impedit veritatis at eius quia vel itaque.', 97, '2024-09-08 23:10:46', '2024-09-08 23:10:46'),
(292, 'Velit vel perferendis.', 'Velit non harum quos at. Magni eos id vero vitae earum est. Voluptas alias sit est qui dolor fugit.', 98, '2024-09-08 23:10:46', '2024-09-08 23:10:46'),
(293, 'Atque error nobis dolorem.', 'Rerum vel dolores delectus enim ad aut. Aut eum natus ex ipsam dolorem. Tempora fugiat in reprehenderit blanditiis sit quos.', 98, '2024-09-08 23:10:46', '2024-09-08 23:10:46'),
(294, 'Occaecati voluptate.', 'Nam et maiores dolorem sit in placeat quas. Modi rerum sunt explicabo ratione nemo et voluptatem. Facere molestiae eum vel perspiciatis ipsam veritatis.', 98, '2024-09-08 23:10:46', '2024-09-08 23:10:46'),
(295, 'Aspernatur quod accusamus.', 'Ut qui omnis ut sit. Assumenda adipisci quo odio eos odit id voluptatem sed. Porro mollitia et doloribus omnis.', 99, '2024-09-08 23:10:46', '2024-09-08 23:10:46'),
(296, 'Impedit omnis dolores.', 'Earum ullam laudantium et sequi. Nam expedita nobis aspernatur corrupti. Consectetur qui fuga nisi cupiditate expedita est.', 99, '2024-09-08 23:10:46', '2024-09-08 23:10:46'),
(297, 'Repudiandae est ratione omnis quo.', 'Minima minima sit suscipit deserunt provident ut. Minus numquam perferendis odit sint. Accusamus enim eum natus voluptatem aut sapiente perferendis.', 99, '2024-09-08 23:10:47', '2024-09-08 23:10:47'),
(298, 'Inventore et et doloremque placeat.', 'Asperiores cumque error quos culpa officiis non. Quo qui consectetur at quasi nihil esse quas. Consectetur cum dignissimos praesentium molestiae nulla praesentium.', 100, '2024-09-08 23:10:47', '2024-09-08 23:10:47'),
(299, 'Debitis nisi illum vel.', 'Vitae eaque aut ea fugiat eum beatae facilis. Eveniet quia consectetur et aut eos. Porro numquam placeat repellendus consequatur.', 100, '2024-09-08 23:10:47', '2024-09-08 23:10:47'),
(300, 'Fuga id quidem dolores.', 'Sed distinctio est quos sit beatae. Facilis consectetur maxime rerum recusandae et. Consectetur dolore enim fuga laudantium magni voluptatem.', 100, '2024-09-08 23:10:47', '2024-09-08 23:10:47'),
(301, 'Autem odio voluptatibus minus.', 'Quos dolor voluptate eum quas quas et quae non. Nulla ut ipsam magnam molestias. Repellat cum facilis cum dolorem ad dolorum.', 101, '2024-09-08 23:10:47', '2024-09-08 23:10:47'),
(302, 'Veritatis qui nisi.', 'Et eaque molestiae dolor nihil in corporis quisquam. Ipsam atque facere dolorem dolorum porro. Dolore alias placeat maiores deserunt pariatur sint.', 101, '2024-09-08 23:10:47', '2024-09-08 23:10:47'),
(303, 'Tenetur numquam et.', 'Quo voluptas qui sint dolorum maiores laborum sit. Repudiandae eum voluptas veritatis soluta. Tempore ipsam est eum fuga dignissimos dolorem.', 101, '2024-09-08 23:10:47', '2024-09-08 23:10:47'),
(304, 'Optio et voluptas.', 'Sit nemo veniam distinctio ut. Optio et tempore commodi repellendus dolorem. In architecto rerum nisi provident.', 102, '2024-09-08 23:10:47', '2024-09-08 23:10:47'),
(305, 'Neque recusandae provident.', 'Voluptas voluptas dolor ducimus nihil ipsam voluptatibus. Qui porro doloremque voluptatem ut. Corporis qui voluptates perspiciatis sit molestiae.', 102, '2024-09-08 23:10:47', '2024-09-08 23:10:47'),
(306, 'Doloremque et temporibus animi.', 'Earum rem et doloremque doloribus et officiis eveniet. Ipsa necessitatibus quibusdam ab eaque consequatur debitis a maiores. Blanditiis debitis doloribus natus perferendis qui minus eius nemo.', 102, '2024-09-08 23:10:47', '2024-09-08 23:10:47'),
(307, 'Sit et libero.', 'Voluptatem sequi sint fugiat ipsum laboriosam suscipit perferendis. Nobis doloribus fugiat quis. Ea pariatur fugit est rerum aut rerum nulla.', 103, '2024-09-08 23:10:47', '2024-09-08 23:10:47'),
(308, 'Et consequatur hic fugit.', 'Dolore voluptatum est distinctio hic. Ducimus harum enim quia quia similique. Tempore suscipit voluptatem molestias repellat.', 103, '2024-09-08 23:10:47', '2024-09-08 23:10:47'),
(309, 'Facilis molestias facilis ut.', 'Sed consequatur consequuntur sapiente cupiditate ad consequatur. Amet ut sequi unde sunt atque iusto. Fugiat ad ea labore atque dignissimos quaerat perferendis deserunt.', 103, '2024-09-08 23:10:47', '2024-09-08 23:10:47'),
(310, 'Qui debitis sint molestias quaerat.', 'Quis et aut voluptas officiis. Sunt commodi sit voluptatem esse et quis. Ad non dolor est magnam.', 104, '2024-09-08 23:10:47', '2024-09-08 23:10:47'),
(311, 'Vel ut.', 'Provident ratione fugit sit. Eum repellat et accusamus rem et libero pariatur. Corporis aspernatur non enim nostrum sit quae.', 104, '2024-09-08 23:10:47', '2024-09-08 23:10:47'),
(312, 'Nihil magnam exercitationem.', 'Repudiandae necessitatibus velit ea autem odio. Mollitia praesentium nam sit ad est. Quia tempore harum in.', 104, '2024-09-08 23:10:47', '2024-09-08 23:10:47'),
(313, 'Vel atque enim consequatur.', 'Consequatur sed sit impedit asperiores rem. Dolores vitae assumenda perferendis autem. Sequi voluptatem id dignissimos quibusdam.', 105, '2024-09-08 23:10:47', '2024-09-08 23:10:47'),
(314, 'Eos vero ut.', 'Nulla dolor repellendus adipisci exercitationem. Sint sed recusandae quaerat omnis nam maxime quia in. Odit nesciunt et aut et voluptatem cum voluptatem.', 105, '2024-09-08 23:10:47', '2024-09-08 23:10:47'),
(315, 'Ipsa illum doloribus dolor.', 'Facilis repudiandae ullam ea in quos. Non itaque incidunt fugit rerum fugit asperiores quod consequatur. Non nobis ea expedita deleniti.', 105, '2024-09-08 23:10:47', '2024-09-08 23:10:47'),
(316, 'Libero optio et asperiores.', 'Facilis fugiat architecto voluptatem quia. Quasi at voluptatum consectetur aut voluptate inventore. Tenetur nostrum repellat ullam esse.', 106, '2024-09-08 23:10:47', '2024-09-08 23:10:47'),
(317, 'Ea enim repellendus sapiente.', 'Qui alias quis veritatis rerum odit inventore. Autem saepe quia molestiae ut. Repudiandae qui sunt unde sunt.', 106, '2024-09-08 23:10:47', '2024-09-08 23:10:47'),
(318, 'Quae natus et totam.', 'Aliquam officiis voluptatum possimus quaerat nesciunt recusandae. Unde et quod officia. Id corporis aspernatur autem esse.', 106, '2024-09-08 23:10:47', '2024-09-08 23:10:47'),
(319, 'Eos minima unde.', 'Pariatur ipsa quis earum id quasi sed et. Consequuntur necessitatibus rerum dolores laborum sunt ut. Non doloribus aut est.', 107, '2024-09-08 23:10:47', '2024-09-08 23:10:47'),
(320, 'Ullam omnis veniam unde.', 'Fugit dolores dolor quia odit perspiciatis. Sed magnam ut minima et nihil quasi. Error odit maxime reprehenderit dolores quisquam earum in.', 107, '2024-09-08 23:10:47', '2024-09-08 23:10:47'),
(321, 'Aliquam esse.', 'Omnis culpa exercitationem ipsam quaerat molestiae. Laboriosam et molestias illum amet vitae aut. Libero sequi ex impedit molestiae quod ut distinctio.', 107, '2024-09-08 23:10:47', '2024-09-08 23:10:47'),
(322, 'Fugit autem modi ut.', 'Ullam sit nulla animi eveniet nostrum quam possimus. Est id possimus aut dolorem ut in. In aut eos officiis ut numquam.', 108, '2024-09-08 23:10:47', '2024-09-08 23:10:47'),
(323, 'Facilis repellat qui.', 'Ut debitis est itaque quas reiciendis qui atque laudantium. Possimus distinctio quia eum unde sed consectetur et et. Excepturi ex minus qui quam.', 108, '2024-09-08 23:10:47', '2024-09-08 23:10:47'),
(324, 'Quidem ratione asperiores beatae.', 'Quaerat et perferendis et hic. Id non quia accusantium quasi recusandae libero in. Aut molestiae est quis fuga officiis odit.', 108, '2024-09-08 23:10:47', '2024-09-08 23:10:47'),
(325, 'Et saepe sed.', 'Nulla optio vero dolor tempore. Illum laudantium expedita illo non doloremque et. Ullam quibusdam labore accusantium sequi.', 109, '2024-09-08 23:10:47', '2024-09-08 23:10:47'),
(326, 'Quia doloremque tempore.', 'Nisi ducimus occaecati accusantium ipsum. Quia quos aut omnis autem nisi natus mollitia. Aut atque dolores nam consectetur voluptatem dolorum.', 109, '2024-09-08 23:10:47', '2024-09-08 23:10:47'),
(327, 'Aut qui corporis et.', 'Occaecati et totam repellendus cupiditate doloremque. Voluptas aut odit aut quibusdam quo exercitationem aut. Ut provident aut sint esse.', 109, '2024-09-08 23:10:47', '2024-09-08 23:10:47'),
(328, 'Enim a nemo odio.', 'Temporibus similique inventore suscipit quae repellendus rerum non. Libero error enim omnis est perferendis voluptas. Et voluptatem iste velit quaerat eligendi et et optio.', 110, '2024-09-08 23:10:47', '2024-09-08 23:10:47'),
(329, 'Quibusdam ea sapiente.', 'Voluptas aliquam ab doloremque aliquam quae earum voluptates. Sequi quisquam quisquam odio in. Doloribus deserunt aliquid excepturi quia tempora.', 110, '2024-09-08 23:10:47', '2024-09-08 23:10:47'),
(330, 'Velit et aliquid autem.', 'Placeat odio ut hic voluptate quis ipsum ut facere. Error provident hic dolorum. Fugit reprehenderit consequatur nobis autem labore sed voluptas.', 110, '2024-09-08 23:10:47', '2024-09-08 23:10:47'),
(331, 'Sit neque et occaecati.', 'Sint sequi provident quasi porro amet accusantium atque. Voluptatem voluptatem et consequatur praesentium eaque dicta. Consequatur beatae asperiores ut nihil.', 111, '2024-09-08 23:10:47', '2024-09-08 23:10:47'),
(332, 'Harum omnis molestiae ut.', 'Quia recusandae alias voluptatem sit impedit qui. Impedit saepe amet dicta facere quod. Corrupti est ut non deserunt id laudantium voluptatibus.', 111, '2024-09-08 23:10:47', '2024-09-08 23:10:47'),
(333, 'Molestiae aut quasi quis.', 'Rem possimus dolorem et corrupti molestias. Rerum sed tempore repellendus placeat ut. Omnis recusandae ut enim et aut doloremque voluptates qui.', 111, '2024-09-08 23:10:47', '2024-09-08 23:10:47'),
(334, 'Repellat itaque repudiandae.', 'Dolores deserunt est et laborum. Eum iusto molestiae voluptate repellat. Fugit numquam omnis dicta voluptatem delectus.', 112, '2024-09-08 23:10:47', '2024-09-08 23:10:47'),
(335, 'Modi possimus quia accusamus.', 'Fuga cum corrupti autem eum quaerat nisi totam. Totam quas perspiciatis optio sint sunt recusandae perspiciatis provident. Minus impedit ad a corrupti ipsum aut cumque.', 112, '2024-09-08 23:10:47', '2024-09-08 23:10:47'),
(336, 'Autem aliquid est.', 'Ullam voluptatem qui quae porro corrupti. Quis voluptate explicabo et omnis pariatur nihil exercitationem. Sed delectus harum rerum itaque.', 112, '2024-09-08 23:10:47', '2024-09-08 23:10:47'),
(337, 'Vero eos quasi itaque voluptate.', 'Rerum aut odio adipisci dolores unde. Sit sapiente cumque dolorem sed est. Ut reiciendis et cum non accusamus consequatur voluptas.', 113, '2024-09-08 23:10:47', '2024-09-08 23:10:47'),
(338, 'Fugiat omnis atque.', 'Explicabo error accusamus ipsum ut molestiae libero. Vel consequatur qui ut nobis fugit quas ea. Enim aspernatur eaque ab amet.', 113, '2024-09-08 23:10:47', '2024-09-08 23:10:47'),
(339, 'Voluptates et nisi.', 'Dolorem temporibus quam consequatur vitae ipsum sit occaecati. Exercitationem et voluptatibus consectetur qui eos. Dolor voluptatem nemo aspernatur delectus ad sunt.', 113, '2024-09-08 23:10:47', '2024-09-08 23:10:47'),
(340, 'Molestiae enim sint architecto adipisci.', 'Eum delectus autem rerum omnis quia repellendus dolores. Esse error sunt sint quam et et dignissimos voluptate. Expedita qui quas est vero.', 114, '2024-09-08 23:10:47', '2024-09-08 23:10:47'),
(341, 'Aut possimus et ut.', 'Omnis natus et ut dolorem. Sit sint officia eos. Ut et architecto dolor aut.', 114, '2024-09-08 23:10:47', '2024-09-08 23:10:47'),
(342, 'Quia eum esse.', 'Sunt enim et possimus ipsa quaerat voluptatem. Non consequatur accusantium odio. Odio non delectus sint consequatur.', 114, '2024-09-08 23:10:47', '2024-09-08 23:10:47'),
(343, 'Aperiam aspernatur.', 'Quia rerum eveniet quo perspiciatis mollitia aut qui. In ex aliquam libero amet. Et iste illum sint odio repellendus officiis et quibusdam.', 115, '2024-09-08 23:10:47', '2024-09-08 23:10:47'),
(344, 'Ullam id quia vero.', 'Possimus earum qui quisquam veniam. Quis aut voluptas cum quia enim laborum dolor id. Pariatur laborum blanditiis facere non dolore consectetur quisquam.', 115, '2024-09-08 23:10:47', '2024-09-08 23:10:47'),
(345, 'Magnam repellendus pariatur possimus.', 'Et nihil non quas iusto minus quibusdam dolorum nesciunt. Recusandae et sit aut nam facere porro sit. Laudantium molestiae repellendus quia alias.', 115, '2024-09-08 23:10:47', '2024-09-08 23:10:47'),
(346, 'Et praesentium cupiditate quo.', 'Voluptatum incidunt praesentium occaecati quia perferendis molestiae. Autem suscipit dolores sed enim aut. Quos accusamus autem natus eos.', 116, '2024-09-08 23:10:47', '2024-09-08 23:10:47'),
(347, 'Soluta qui adipisci est.', 'Eaque omnis dolorem rerum aliquam id veritatis eveniet voluptatem. Mollitia dignissimos nostrum facere sit repellendus molestias. Eos laudantium corrupti quod molestias quod.', 116, '2024-09-08 23:10:47', '2024-09-08 23:10:47'),
(348, 'Corrupti possimus provident autem dicta.', 'Officia quisquam quaerat reprehenderit voluptas fugiat et. Aut nisi non placeat aut tempora magni. Quos cumque aut est aliquam.', 116, '2024-09-08 23:10:47', '2024-09-08 23:10:47'),
(349, 'Quia et numquam quis.', 'Perspiciatis occaecati maiores consequatur et. Corporis ducimus nemo et sequi ut. Sint magnam velit itaque itaque nisi perspiciatis.', 117, '2024-09-08 23:10:47', '2024-09-08 23:10:47'),
(350, 'Voluptatem laborum nesciunt molestiae.', 'Nisi officiis alias nesciunt enim. Ut porro perferendis natus. Ad ullam quia vero et officiis.', 117, '2024-09-08 23:10:47', '2024-09-08 23:10:47'),
(351, 'Architecto ut nesciunt est harum.', 'Doloribus dolor non dolore. Facilis optio ducimus dolorem non quaerat cumque provident. Ea accusamus natus ut quia exercitationem natus.', 117, '2024-09-08 23:10:47', '2024-09-08 23:10:47'),
(352, 'Non necessitatibus consequatur.', 'Illum quia quas aut maiores amet. Et vel velit est sit modi recusandae. Rerum rerum enim quis dicta inventore et eaque.', 118, '2024-09-08 23:10:47', '2024-09-08 23:10:47'),
(353, 'Temporibus omnis cupiditate.', 'Totam rerum delectus nihil commodi iste qui. Qui saepe itaque id. Qui ut nesciunt temporibus quam sit ipsam.', 118, '2024-09-08 23:10:47', '2024-09-08 23:10:47'),
(354, 'Molestiae et fugiat quo.', 'Dolores adipisci hic nihil fugiat saepe dolorem repellat. Aliquam eum harum provident quod. Quam provident aut illo et quia consequatur.', 118, '2024-09-08 23:10:47', '2024-09-08 23:10:47'),
(355, 'Repudiandae alias quisquam.', 'Sed nobis qui laboriosam illum commodi quia. Quod vitae nesciunt ipsa sed natus. Vel aut ea porro quo saepe consectetur perspiciatis.', 119, '2024-09-08 23:10:47', '2024-09-08 23:10:47'),
(356, 'Soluta commodi expedita provident.', 'Ea ipsum quibusdam et harum tempore nam. Et quia tempore eos rerum explicabo et commodi. Consequatur omnis in nobis ea possimus.', 119, '2024-09-08 23:10:47', '2024-09-08 23:10:47'),
(357, 'Voluptatem ipsa accusantium.', 'Dolore suscipit aut in expedita suscipit aut et. Ipsum saepe ex nihil magnam eum ea. Cumque eum at et sequi ad veritatis dolore.', 119, '2024-09-08 23:10:47', '2024-09-08 23:10:47'),
(358, 'Ratione est vel.', 'Quia ut eaque blanditiis voluptas ad. Iusto et laboriosam ipsam consequuntur cum repellendus. Temporibus eligendi temporibus enim in nisi quis.', 120, '2024-09-08 23:10:47', '2024-09-08 23:10:47'),
(359, 'Laboriosam dolorum.', 'Similique molestias quidem rerum quo. Expedita ut amet eaque odit. Quibusdam ipsam exercitationem ut eos ad.', 120, '2024-09-08 23:10:47', '2024-09-08 23:10:47'),
(360, 'Quam a est.', 'Sunt molestiae suscipit molestiae aut labore cumque qui. Ducimus enim asperiores voluptas quia accusamus consequatur inventore. Sint aut unde qui.', 120, '2024-09-08 23:10:47', '2024-09-08 23:10:47'),
(361, 'Sit ad consequatur et.', 'Voluptatibus iste aliquid consequatur at harum. Tenetur ipsum fugit quis autem odit et. Nostrum quod porro tempore dolores pariatur voluptas dignissimos.', 121, '2024-09-08 23:10:47', '2024-09-08 23:10:47'),
(362, 'Molestiae ut sed.', 'Suscipit quo autem necessitatibus. Et qui nobis qui hic culpa tempore sed eveniet. Accusamus sit est aut mollitia unde amet.', 121, '2024-09-08 23:10:47', '2024-09-08 23:10:47'),
(363, 'Nam cum dolore autem.', 'Fuga sint non quo voluptatem. Quas est quibusdam voluptas sit earum culpa. Fugiat ut at fugiat.', 121, '2024-09-08 23:10:47', '2024-09-08 23:10:47'),
(364, 'Sed itaque iure nesciunt.', 'Sed id in similique repellendus et voluptas vero est. Quos incidunt facilis dolores dolorum. Similique quos ut illo et quae odio.', 122, '2024-09-08 23:10:47', '2024-09-08 23:10:47'),
(365, 'Fugiat nam cumque quas.', 'Voluptate minima dolores ducimus architecto et. Fuga eum exercitationem quia ab. Eius sed fugit et exercitationem.', 122, '2024-09-08 23:10:47', '2024-09-08 23:10:47'),
(366, 'Reprehenderit et sed est.', 'Natus ducimus maiores eius. Expedita asperiores velit architecto et. Similique eum minus totam dolore.', 122, '2024-09-08 23:10:47', '2024-09-08 23:10:47'),
(367, 'Veniam nihil facilis.', 'Non omnis aliquid harum assumenda omnis in. Nisi est autem rem consequatur consequatur. Distinctio harum rerum eius quo aut voluptatem quo et.', 123, '2024-09-08 23:10:47', '2024-09-08 23:10:47'),
(368, 'Soluta consequatur deserunt et explicabo.', 'Magni eveniet dolorem maiores sunt est fuga. Porro non officiis tenetur placeat culpa provident. Accusantium quas qui vero labore dolorem rerum et qui.', 123, '2024-09-08 23:10:47', '2024-09-08 23:10:47'),
(369, 'Perferendis iste quam.', 'Totam minus recusandae blanditiis et quia id autem officia. Sit odio velit id eum. Non vitae voluptates in sed qui dolorem dolor ea.', 123, '2024-09-08 23:10:47', '2024-09-08 23:10:47'),
(370, 'Atque et qui.', 'Et ex est voluptates deserunt maxime recusandae. Velit ipsum natus nostrum cupiditate excepturi ducimus. Doloribus culpa aliquid repudiandae molestias illum.', 124, '2024-09-08 23:10:47', '2024-09-08 23:10:47'),
(371, 'Dolorem ut ad sed.', 'Dolore impedit ex animi ea unde voluptas dicta. Veritatis modi consequatur ea autem et quia. Voluptatem id aut enim placeat consequatur.', 124, '2024-09-08 23:10:47', '2024-09-08 23:10:47'),
(372, 'Odit impedit qui ut assumenda.', 'Nostrum vitae cum voluptatibus. Numquam quis omnis sit quaerat. Corrupti molestiae harum enim earum.', 124, '2024-09-08 23:10:47', '2024-09-08 23:10:47'),
(373, 'Optio nostrum quibusdam.', 'Alias cumque repellat vitae. Possimus est reprehenderit veritatis sit enim sed. Fugit deserunt inventore est at incidunt a quas.', 125, '2024-09-08 23:10:47', '2024-09-08 23:10:47'),
(374, 'At tempora ut.', 'Distinctio odio fuga nulla enim. Nobis enim explicabo ipsam quas accusantium explicabo. Natus qui rem voluptatem voluptate.', 125, '2024-09-08 23:10:47', '2024-09-08 23:10:47'),
(375, 'Facilis earum alias itaque.', 'Et et voluptatem voluptatem voluptatem laborum quam laudantium debitis. Aut facere explicabo quasi hic. Amet temporibus dolorum recusandae officiis corrupti nesciunt et.', 125, '2024-09-08 23:10:47', '2024-09-08 23:10:47'),
(376, 'Et totam vel.', 'Hic non ut nulla perferendis repellat animi eaque. Accusamus dolores voluptas consequuntur et voluptas. Dignissimos vel eveniet eveniet soluta consequatur excepturi.', 126, '2024-09-08 23:10:47', '2024-09-08 23:10:47'),
(377, 'Non blanditiis assumenda.', 'Saepe cumque neque necessitatibus praesentium sed exercitationem. Neque molestiae asperiores illo enim quaerat. Repudiandae illo veniam aperiam incidunt vel qui eligendi.', 126, '2024-09-08 23:10:47', '2024-09-08 23:10:47'),
(378, 'Facere neque officiis sed.', 'Et commodi quia repellat dolor eum ut atque. Consequuntur velit consequatur quos ratione quia provident. Optio neque accusamus modi ducimus omnis minus corporis omnis.', 126, '2024-09-08 23:10:47', '2024-09-08 23:10:47'),
(379, 'Eaque et illum eaque.', 'Consequatur doloremque voluptatem rerum necessitatibus voluptatem. Esse reiciendis itaque esse nulla est et. Et qui quo excepturi dolorem repellendus eos.', 127, '2024-09-08 23:10:47', '2024-09-08 23:10:47'),
(380, 'Sint dignissimos.', 'Error dolorem qui rerum neque perferendis ut. Ullam culpa sint dolores cumque qui et deleniti. Sit et repellendus vel accusantium nemo assumenda.', 127, '2024-09-08 23:10:47', '2024-09-08 23:10:47'),
(381, 'Magni nesciunt possimus quaerat.', 'Excepturi neque rerum tempora soluta occaecati est. A sed odit voluptates aut porro. Occaecati sed similique odit accusamus ipsum in.', 127, '2024-09-08 23:10:47', '2024-09-08 23:10:47'),
(382, 'Est est et rerum.', 'Consequatur in eos blanditiis assumenda et laboriosam. Voluptatum et est et expedita ullam. Esse vitae incidunt quia expedita eum.', 128, '2024-09-08 23:10:47', '2024-09-08 23:10:47'),
(383, 'Praesentium sapiente eligendi iusto.', 'Et voluptatum et dolorem ut blanditiis nobis et. Deserunt rerum aut sed. Sequi autem quo exercitationem animi et minus illum hic.', 128, '2024-09-08 23:10:47', '2024-09-08 23:10:47'),
(384, 'Autem sequi minima aut.', 'Similique animi provident itaque et. Rem ut omnis libero voluptatem laboriosam. Consequatur magni perspiciatis quaerat qui molestiae iste amet quia.', 128, '2024-09-08 23:10:47', '2024-09-08 23:10:47'),
(385, 'Numquam et assumenda beatae.', 'Odio nulla autem a sit voluptatem sint. Expedita modi ratione exercitationem nesciunt modi. Maiores non consequatur occaecati.', 129, '2024-09-08 23:10:47', '2024-09-08 23:10:47'),
(386, 'Eum animi.', 'Adipisci nihil veniam alias nisi. Nobis libero enim dolor qui cum quia minus. Officia voluptate odit aut labore ut.', 129, '2024-09-08 23:10:47', '2024-09-08 23:10:47'),
(387, 'Molestias possimus in aspernatur.', 'Veritatis ut totam quae aperiam voluptas. Commodi blanditiis possimus eligendi amet quisquam sed. Deleniti explicabo aliquid dolorem et.', 129, '2024-09-08 23:10:47', '2024-09-08 23:10:47'),
(388, 'Recusandae rem expedita odit.', 'Et voluptatem rerum quae. Ea ab quod non omnis rerum minus tempore. Enim reiciendis repudiandae quasi architecto iste.', 130, '2024-09-08 23:10:47', '2024-09-08 23:10:47'),
(389, 'Suscipit reiciendis praesentium ea ex.', 'Vero ipsum enim rerum atque. Itaque perferendis praesentium commodi et dicta veniam. Minus dolor cum suscipit qui.', 130, '2024-09-08 23:10:47', '2024-09-08 23:10:47'),
(390, 'Ducimus aut libero.', 'Officia autem hic temporibus eligendi nihil est. Consequatur rerum soluta molestiae rerum natus natus sit pariatur. Minus molestiae dolor eaque optio natus ratione est.', 130, '2024-09-08 23:10:47', '2024-09-08 23:10:47'),
(391, 'A eos vitae quo.', 'Ducimus nam ab est hic eos. Error velit voluptas placeat ipsum ad. Qui expedita quaerat iusto nobis.', 131, '2024-09-08 23:10:47', '2024-09-08 23:10:47'),
(392, 'Tenetur quam praesentium ea pariatur.', 'Distinctio ea odit omnis explicabo tempora optio. Illo voluptatem vitae doloremque minus. Veniam ut earum libero consectetur nam.', 131, '2024-09-08 23:10:47', '2024-09-08 23:10:47'),
(393, 'Adipisci et deserunt facere.', 'At rerum amet aspernatur odio fugiat consequatur consequatur facilis. Omnis ipsa quis reprehenderit velit sed quidem. Nemo eos ab qui natus.', 131, '2024-09-08 23:10:47', '2024-09-08 23:10:47'),
(394, 'Ipsam non nam delectus.', 'Ut maxime perspiciatis beatae totam ad minus et id. Inventore iusto voluptates voluptatem quasi porro et eum sint. Officiis eos animi quaerat quo beatae excepturi.', 132, '2024-09-08 23:10:47', '2024-09-08 23:10:47'),
(395, 'Eum rerum ad.', 'Et provident enim maxime aliquid. Id quo non sit autem laudantium pariatur fugit. Voluptatum ut in et dolorum dolores.', 132, '2024-09-08 23:10:47', '2024-09-08 23:10:47'),
(396, 'Alias ut labore officiis.', 'Corrupti quos amet dolor. Vero cumque inventore et quidem qui. Quos voluptatem tenetur vel autem possimus explicabo amet.', 132, '2024-09-08 23:10:47', '2024-09-08 23:10:47'),
(397, 'Adipisci consequatur dolor.', 'Perspiciatis quis exercitationem harum. Cupiditate animi sit enim aut. Quas deserunt qui eos labore.', 133, '2024-09-08 23:10:47', '2024-09-08 23:10:47'),
(398, 'Est expedita id.', 'Quaerat similique autem accusamus quisquam est et. Eius consequatur debitis sit numquam molestiae voluptas. Qui sit provident eum ut.', 133, '2024-09-08 23:10:47', '2024-09-08 23:10:47'),
(399, 'Enim vero.', 'Aperiam voluptas consequatur dolore quibusdam corporis voluptatum vel. Voluptatem ut non error quibusdam ex. Iste eligendi quisquam ab tempora neque quas.', 133, '2024-09-08 23:10:47', '2024-09-08 23:10:47'),
(400, 'Eum hic et corrupti.', 'Ex ut sit autem excepturi. Fuga aliquid sit molestiae repellendus autem natus nam. Quia ut maiores qui consequatur numquam praesentium.', 134, '2024-09-08 23:10:47', '2024-09-08 23:10:47'),
(401, 'Unde alias dolor sit.', 'Non laboriosam qui nemo suscipit sit enim. A atque et et voluptas velit. Facere qui dolorum voluptatem.', 134, '2024-09-08 23:10:47', '2024-09-08 23:10:47'),
(402, 'Repudiandae dolorum et nobis.', 'Quia perspiciatis praesentium nam est. Magni repudiandae quas ut sed consectetur non illum. Dolore mollitia ab non neque delectus rem libero omnis.', 134, '2024-09-08 23:10:47', '2024-09-08 23:10:47'),
(403, 'Exercitationem vero cumque quasi.', 'Iure cumque aut consequatur voluptatem corporis sunt non. Qui ut dolor accusantium dolor autem minima. Voluptatem autem et laboriosam sit quis.', 135, '2024-09-08 23:10:47', '2024-09-08 23:10:47'),
(404, 'Sed distinctio.', 'Reiciendis in non sequi ab dolore est. Recusandae commodi autem et voluptate beatae dolor. Veniam et molestias officiis minus laboriosam.', 135, '2024-09-08 23:10:47', '2024-09-08 23:10:47'),
(405, 'Omnis in voluptatibus hic.', 'Magni occaecati ducimus aut qui quia nobis eius. Voluptas ut fuga nobis. Consequatur fuga quo dolorem sed.', 135, '2024-09-08 23:10:47', '2024-09-08 23:10:47'),
(406, 'Rerum porro qui consequatur architecto.', 'Sunt eaque recusandae aut ea exercitationem. Rem cupiditate sapiente iure quia laudantium consequuntur. Veritatis assumenda reiciendis deserunt.', 136, '2024-09-08 23:10:47', '2024-09-08 23:10:47'),
(407, 'Et sit omnis nobis.', 'Quod et laboriosam numquam ut. Incidunt architecto voluptatem ut sunt consequatur et consequatur. Exercitationem et doloribus deserunt mollitia autem et voluptatem.', 136, '2024-09-08 23:10:47', '2024-09-08 23:10:47'),
(408, 'Provident aut nihil.', 'Itaque est earum omnis repellat. Ipsa ut temporibus reprehenderit optio et. Libero omnis inventore et a est.', 136, '2024-09-08 23:10:47', '2024-09-08 23:10:47'),
(409, 'Voluptatem optio consequuntur veniam.', 'Sequi amet ipsa voluptatem eius. Minus pariatur omnis quia quo nihil vitae. Quas debitis amet velit dolor eligendi magnam odit.', 137, '2024-09-08 23:10:47', '2024-09-08 23:10:47'),
(410, 'Cum maxime architecto maiores.', 'Vel aliquid sit architecto sed incidunt nihil. At dolor occaecati alias dolorum. Saepe aut asperiores veritatis exercitationem voluptas rerum.', 137, '2024-09-08 23:10:47', '2024-09-08 23:10:47'),
(411, 'Est omnis odit delectus.', 'Cumque asperiores cupiditate neque qui assumenda quis sed. Illo ipsam est voluptas ut minima expedita consectetur. Id consequuntur beatae eum sed ducimus veniam.', 137, '2024-09-08 23:10:47', '2024-09-08 23:10:47'),
(412, 'Consequatur consequatur maxime.', 'Voluptatem voluptatem consequuntur quisquam cum et. Illo dolor quia sed ut veritatis ipsum vero. Exercitationem voluptate aliquam enim consequatur fugit quis.', 138, '2024-09-08 23:10:47', '2024-09-08 23:10:47'),
(413, 'Quaerat nesciunt cupiditate ipsa.', 'Itaque alias itaque eveniet veritatis numquam enim. Id sint ut qui excepturi ut ducimus rem. Dicta consequuntur quia ad et pariatur error similique veniam.', 138, '2024-09-08 23:10:47', '2024-09-08 23:10:47'),
(414, 'Natus quia sequi explicabo.', 'Incidunt officiis ab exercitationem itaque doloribus officiis. Aspernatur accusantium aliquid ut omnis deserunt culpa illum. Aut eum qui quas deleniti nostrum officia et.', 138, '2024-09-08 23:10:47', '2024-09-08 23:10:47'),
(415, 'Corrupti quia itaque eum.', 'Non iste nihil natus iure architecto et voluptatum. Sequi nulla accusamus sed et. Eum doloribus adipisci ab quidem vero sed velit.', 139, '2024-09-08 23:10:47', '2024-09-08 23:10:47'),
(416, 'Quis dolorum pariatur quas dolorum.', 'Officia excepturi et est explicabo. Voluptatem quia tenetur odio numquam provident veritatis. Dicta voluptatum voluptates id maxime aut.', 139, '2024-09-08 23:10:47', '2024-09-08 23:10:47'),
(417, 'Nihil et et.', 'Et libero natus cupiditate voluptas. Enim fuga quisquam assumenda dolore. Officiis voluptas earum animi sed voluptates.', 139, '2024-09-08 23:10:47', '2024-09-08 23:10:47'),
(418, 'Sit aliquid amet.', 'Laudantium qui dolorum dolorem error. Quaerat ut et commodi voluptas est sit saepe. Rerum qui qui et quasi rem earum.', 140, '2024-09-08 23:10:47', '2024-09-08 23:10:47'),
(419, 'Illo adipisci officia.', 'Eos nostrum laborum est dolore unde veritatis illo. Perspiciatis libero aliquid magni provident hic. Beatae placeat quae a est iure debitis.', 140, '2024-09-08 23:10:47', '2024-09-08 23:10:47'),
(420, 'Qui ducimus sit.', 'Qui molestias dolores repellendus et sint et ad. Qui et asperiores odit necessitatibus soluta possimus ex. Omnis cupiditate odit quisquam magnam id cupiditate tempora.', 140, '2024-09-08 23:10:47', '2024-09-08 23:10:47'),
(421, 'Alias quisquam.', 'Expedita ut quasi sint. Unde eius dolorem culpa id tenetur recusandae. Facilis tenetur accusantium nesciunt.', 141, '2024-09-08 23:10:47', '2024-09-08 23:10:47'),
(422, 'Perspiciatis corrupti provident.', 'Ut deleniti aliquam iure sunt libero rem. Laborum vero cupiditate libero molestias nemo eos. Dolores et officia in quam voluptates vitae.', 141, '2024-09-08 23:10:47', '2024-09-08 23:10:47'),
(423, 'In in a autem.', 'Aut eos explicabo doloremque provident. Veniam impedit et vero in ex. Autem id et animi et blanditiis et.', 141, '2024-09-08 23:10:47', '2024-09-08 23:10:47'),
(424, 'Voluptas velit voluptatem harum.', 'Eos ut optio sapiente beatae libero. Vel qui delectus error quaerat ipsum. Ut nulla in sed omnis nihil at.', 142, '2024-09-08 23:10:47', '2024-09-08 23:10:47'),
(425, 'Fugit laudantium dolores est.', 'Vel sed asperiores voluptatem quae aliquam deserunt non. Impedit vitae eum ipsum molestiae corrupti reprehenderit aliquid. Eius nobis provident modi totam nihil.', 142, '2024-09-08 23:10:47', '2024-09-08 23:10:47'),
(426, 'Aut minus quas.', 'Commodi nulla laudantium repellendus. Mollitia nihil eveniet tempora. Quaerat omnis est aut autem.', 142, '2024-09-08 23:10:47', '2024-09-08 23:10:47'),
(427, 'Corporis voluptatem quibusdam dolorum.', 'Et vel est vel porro. Impedit rerum cumque impedit aliquam ex quo et odio. Dicta quaerat et dolor autem cumque quod.', 143, '2024-09-08 23:10:47', '2024-09-08 23:10:47'),
(428, 'Eligendi ipsa aperiam doloribus.', 'Ipsum harum earum animi tempora explicabo error. Aliquid iure exercitationem reprehenderit nam. Facilis voluptate eius ipsum eum fugiat incidunt.', 143, '2024-09-08 23:10:47', '2024-09-08 23:10:47'),
(429, 'Velit ratione mollitia voluptatem.', 'Cumque alias est expedita nam possimus quod perferendis dolor. Quae iste ut enim voluptas. Officiis officia sit labore explicabo.', 143, '2024-09-08 23:10:47', '2024-09-08 23:10:47'),
(430, 'Modi illum consequatur.', 'Aut quibusdam officia laboriosam deleniti est. Quasi culpa molestiae dolor consequatur. Dolorem cum consequatur nemo tempore possimus.', 144, '2024-09-08 23:10:47', '2024-09-08 23:10:47'),
(431, 'Sunt ad inventore distinctio.', 'Sint voluptatem aut nesciunt nobis sint distinctio est. Qui aut neque et nihil qui laboriosam. Non minus totam adipisci eos officiis.', 144, '2024-09-08 23:10:47', '2024-09-08 23:10:47'),
(432, 'Cum aut officia explicabo.', 'Beatae atque placeat pariatur voluptatibus doloribus omnis ullam quos. Sit neque voluptatem quo in eos. Voluptas nesciunt adipisci quae porro quia.', 144, '2024-09-08 23:10:47', '2024-09-08 23:10:47'),
(433, 'Sint ex ullam.', 'Quam assumenda non id. Excepturi a voluptatem ut incidunt. Quisquam aperiam natus eos odit sapiente temporibus.', 145, '2024-09-08 23:10:47', '2024-09-08 23:10:47'),
(434, 'Totam quis iusto eaque vero.', 'Neque ipsa nulla alias reiciendis. Ipsam in libero dolorem eveniet sunt. Architecto dolores minus quaerat enim.', 145, '2024-09-08 23:10:47', '2024-09-08 23:10:47'),
(435, 'Facilis porro autem.', 'Unde dolorem omnis consequuntur dolor dolore minima quo. Magni sunt aut quam beatae. Dolorem beatae ipsa quasi ea et.', 145, '2024-09-08 23:10:47', '2024-09-08 23:10:47'),
(436, 'Possimus dolor magnam harum.', 'Facilis est quidem quia consequatur occaecati omnis aut quia. Similique tempora possimus dicta quibusdam excepturi voluptas. Minus placeat soluta ullam aut.', 146, '2024-09-08 23:10:47', '2024-09-08 23:10:47'),
(437, 'Commodi sed nostrum praesentium.', 'Saepe nostrum eveniet fugiat quo. Voluptate quam quia quas quasi molestiae. Et iste adipisci voluptas aspernatur id.', 146, '2024-09-08 23:10:47', '2024-09-08 23:10:47'),
(438, 'Placeat fuga officia.', 'Impedit ea aut quis distinctio quod incidunt. Corporis quam ut incidunt id. Quam nihil et exercitationem et aliquam.', 146, '2024-09-08 23:10:47', '2024-09-08 23:10:47'),
(439, 'Nisi debitis amet eos.', 'Possimus voluptatem aut nam quisquam. Id aut maiores vel illo asperiores exercitationem. Qui dolore est libero rerum.', 147, '2024-09-08 23:10:47', '2024-09-08 23:10:47'),
(440, 'Animi a sequi praesentium.', 'Ut quo quisquam libero quis sunt quas. Deleniti itaque consequatur dolorem dicta. Quas optio in voluptatem dignissimos labore voluptatem facilis est.', 147, '2024-09-08 23:10:47', '2024-09-08 23:10:47'),
(441, 'Est velit qui iusto.', 'Consequuntur assumenda quis deleniti dolores fugiat. Officia eligendi eligendi ut ullam incidunt. Ut corrupti explicabo quaerat asperiores rem vero debitis.', 147, '2024-09-08 23:10:47', '2024-09-08 23:10:47'),
(442, 'Laboriosam cum aut nobis.', 'Perferendis est libero maiores eos ut officia et. Consequuntur eveniet quo id. Dolorem maxime sit doloremque deleniti.', 148, '2024-09-08 23:10:47', '2024-09-08 23:10:47'),
(443, 'Deleniti modi reprehenderit.', 'At ab aspernatur iure rem perspiciatis sed. Accusamus neque officiis sunt cupiditate sit et. Rem rerum minus tempore beatae.', 148, '2024-09-08 23:10:47', '2024-09-08 23:10:47'),
(444, 'Cupiditate repudiandae quia molestiae.', 'A et sequi doloribus omnis saepe alias. Ab molestias commodi dolor quibusdam ad. Exercitationem sint voluptate aut consequatur alias assumenda est eaque.', 148, '2024-09-08 23:10:47', '2024-09-08 23:10:47'),
(445, 'Ut molestiae neque.', 'Quis qui qui iure quia occaecati atque. Delectus deserunt iste veritatis iure laboriosam autem. Ea sequi debitis voluptas ut porro consequatur.', 149, '2024-09-08 23:10:47', '2024-09-08 23:10:47'),
(446, 'Similique molestiae qui vero.', 'Eos unde iure inventore omnis quia. Nobis quia autem fuga autem sint perferendis dolor. Qui consequuntur dolorem et et repudiandae magnam.', 149, '2024-09-08 23:10:47', '2024-09-08 23:10:47'),
(447, 'Quis aliquam.', 'Omnis a omnis voluptas ipsum soluta sunt. Nemo id voluptatum aut neque unde non in. Animi illum praesentium explicabo ut voluptatum et qui quis.', 149, '2024-09-08 23:10:47', '2024-09-08 23:10:47'),
(448, 'Voluptatem non impedit eius.', 'Adipisci numquam omnis rerum reiciendis nobis mollitia aut. Facere facere aliquam repellendus est voluptatem ea. Dolor enim minus praesentium.', 150, '2024-09-08 23:10:47', '2024-09-08 23:10:47'),
(449, 'Id et.', 'Nihil blanditiis accusantium et illo nobis architecto voluptatem. Eos est quia eius rerum possimus. Autem et vel odio architecto rerum ut quae natus.', 150, '2024-09-08 23:10:47', '2024-09-08 23:10:47'),
(450, 'Omnis minima voluptatem.', 'Facere omnis minima fuga amet sapiente at quod expedita. Sit sit dolore amet eveniet vel. Quo labore molestias voluptatem id nisi eos.', 150, '2024-09-08 23:10:47', '2024-09-08 23:10:47'),
(451, 'Commodi deserunt praesentium provident.', 'Et sint eaque nesciunt possimus non voluptas ut. Aut qui quia beatae a et et. Ad voluptatibus quam harum quod dolor ex.', 151, '2024-09-08 23:10:47', '2024-09-08 23:10:47'),
(452, 'Eaque incidunt officiis vel sit.', 'Velit quaerat corporis perspiciatis error quo est. Aut explicabo quis facere. Qui delectus sint commodi quasi aperiam.', 151, '2024-09-08 23:10:47', '2024-09-08 23:10:47'),
(453, 'Aut rerum voluptatem.', 'Eveniet quidem recusandae magni sed doloribus explicabo ea aut. Sequi nam temporibus perferendis ut dolor voluptatem. Aspernatur ut ut mollitia nihil.', 151, '2024-09-08 23:10:47', '2024-09-08 23:10:47'),
(454, 'Aut dolorem ex.', 'Quasi recusandae voluptatem id aut. Mollitia unde ex unde. Alias et ab quia dolores quo.', 152, '2024-09-08 23:10:47', '2024-09-08 23:10:47'),
(455, 'A veritatis nisi.', 'Maxime alias eos minus hic repellat aspernatur et. Reprehenderit itaque quis dicta. Iusto voluptas consectetur quidem impedit in.', 152, '2024-09-08 23:10:47', '2024-09-08 23:10:47');
INSERT INTO `comments` (`id`, `subject`, `body`, `film_id`, `created_at`, `updated_at`) VALUES
(456, 'Occaecati earum voluptas expedita.', 'Eum et cumque quia ipsum. Dolorum fugiat id autem sit voluptatem vero. Veritatis iste tenetur voluptate nihil ut reprehenderit expedita.', 152, '2024-09-08 23:10:47', '2024-09-08 23:10:47'),
(457, 'Animi repellendus iste odit.', 'Sed aut et iusto sit qui adipisci. Temporibus voluptatum consequuntur dolor nesciunt. Ex eligendi ullam nemo.', 153, '2024-09-08 23:10:47', '2024-09-08 23:10:47'),
(458, 'Dolorum impedit minus.', 'Fugiat ea dolores esse odio minima et perferendis. Error laborum rem libero quaerat saepe voluptas velit. Officia dolores at nobis.', 153, '2024-09-08 23:10:47', '2024-09-08 23:10:47'),
(459, 'Doloremque quasi sint officia.', 'Quam qui quia dicta minima. Id qui nulla occaecati corporis temporibus qui quae. Eius rerum magnam illo accusamus recusandae est eius aut.', 153, '2024-09-08 23:10:47', '2024-09-08 23:10:47'),
(460, 'Odit sapiente.', 'Saepe dolor modi odit veniam commodi perspiciatis. Necessitatibus molestiae dolor aspernatur dicta earum dolorem. Nisi dignissimos assumenda omnis qui velit.', 154, '2024-09-08 23:10:47', '2024-09-08 23:10:47'),
(461, 'Culpa consequatur et.', 'Quam quia sapiente vel rerum tenetur qui tempora hic. Tenetur maxime corrupti eum reiciendis beatae. Consequatur porro velit illo dignissimos optio.', 154, '2024-09-08 23:10:47', '2024-09-08 23:10:47'),
(462, 'Dolorum et qui.', 'Voluptatem minima ex voluptatem qui enim perspiciatis quidem similique. Voluptates nihil beatae ut cupiditate repudiandae. In neque enim eaque.', 154, '2024-09-08 23:10:47', '2024-09-08 23:10:47'),
(463, 'Eaque et architecto aliquam.', 'Voluptates quia itaque odit autem quia quam laboriosam. Unde sunt quisquam perspiciatis omnis. Debitis et omnis nulla nihil ipsum sunt.', 155, '2024-09-08 23:10:47', '2024-09-08 23:10:47'),
(464, 'Neque soluta dolorum et.', 'Harum laudantium consequatur nemo et reiciendis. Aut fuga quia sint debitis laudantium distinctio saepe. Nulla quod voluptatem reprehenderit quia est omnis ullam iusto.', 155, '2024-09-08 23:10:47', '2024-09-08 23:10:47'),
(465, 'Amet enim officia exercitationem.', 'Voluptas non vitae soluta repudiandae fuga odio aliquam. Non rerum aliquid est placeat facere. Omnis necessitatibus dolorem cum sit rerum incidunt odit.', 155, '2024-09-08 23:10:47', '2024-09-08 23:10:47'),
(466, 'Qui et dolores eos.', 'Laudantium aperiam tenetur aut ea facere. Voluptas dolorem et laborum commodi et magnam dolorum corporis. Porro atque eius aperiam itaque non voluptatem qui.', 156, '2024-09-08 23:10:47', '2024-09-08 23:10:47'),
(467, 'Totam molestiae sint eligendi.', 'Libero ex sint optio nam maiores placeat rerum. Magnam quis id laboriosam rerum eveniet qui est labore. Nostrum nobis quos ut qui quisquam saepe id.', 156, '2024-09-08 23:10:47', '2024-09-08 23:10:47'),
(468, 'Ipsa ipsa velit.', 'Dicta unde quis eius tempora. Sunt nemo sit non rerum illo eos dolores et. Possimus omnis porro ipsa rerum accusantium.', 156, '2024-09-08 23:10:47', '2024-09-08 23:10:47'),
(469, 'Accusantium eos dolorum temporibus.', 'Velit fugiat et ut magni incidunt optio ullam. Iure est velit modi sint quis officiis. Enim velit et adipisci vero.', 157, '2024-09-08 23:10:47', '2024-09-08 23:10:47'),
(470, 'Nihil omnis est.', 'Iusto aut dolor tempora in accusamus eligendi et dolor. Nihil error sit rerum voluptas doloremque occaecati. Mollitia sapiente voluptatem suscipit cumque qui incidunt occaecati.', 157, '2024-09-08 23:10:47', '2024-09-08 23:10:47'),
(471, 'Velit nihil temporibus.', 'Odit quo omnis ut quia esse. Eum sint et iste ea id. Neque laboriosam consequuntur dolore explicabo asperiores labore.', 157, '2024-09-08 23:10:47', '2024-09-08 23:10:47'),
(472, 'Necessitatibus qui dolorem.', 'Sit minus libero non nostrum excepturi et. Earum neque optio non veniam consequatur ea aut. Sed et quae labore rerum.', 158, '2024-09-08 23:10:47', '2024-09-08 23:10:47'),
(473, 'Rerum accusantium qui.', 'Maiores esse incidunt aperiam consequatur enim. In assumenda deserunt sit quas occaecati ab. Molestias magni possimus sunt dolorem consequatur.', 158, '2024-09-08 23:10:47', '2024-09-08 23:10:47'),
(474, 'Natus ut perferendis nihil.', 'Iste et dolor voluptas sint atque. Ut incidunt sed dicta quia sequi repudiandae ut corporis. Rerum neque aut voluptatibus consequuntur id corporis.', 158, '2024-09-08 23:10:47', '2024-09-08 23:10:47'),
(475, 'Nihil aspernatur quia.', 'Sit ut omnis sequi quia corrupti iure quo. Excepturi consequatur est laudantium dicta nihil. Architecto sequi consequatur corporis qui.', 159, '2024-09-08 23:10:48', '2024-09-08 23:10:48'),
(476, 'Rerum officiis temporibus quod.', 'Quis earum tempore sit et et. Ipsam ea laudantium dolore accusamus est iste sint quae. Omnis similique repudiandae a explicabo.', 159, '2024-09-08 23:10:48', '2024-09-08 23:10:48'),
(477, 'Quam fugit ipsa.', 'Expedita velit reiciendis aut aspernatur tempore. Consequatur placeat facere est enim et. Voluptatem provident aut a nihil non harum.', 159, '2024-09-08 23:10:48', '2024-09-08 23:10:48'),
(478, 'Ipsa rerum at quod.', 'Alias laudantium perferendis accusantium velit maxime sint. Vel ut dicta delectus et corrupti dolor culpa. Laudantium ea voluptas est doloribus ea ut.', 160, '2024-09-08 23:10:48', '2024-09-08 23:10:48'),
(479, 'Qui amet est.', 'Rerum tempore quo voluptatibus qui dolor qui quisquam. Omnis sint optio nulla voluptatem architecto harum. Et possimus mollitia sint cupiditate dignissimos cupiditate quia.', 160, '2024-09-08 23:10:48', '2024-09-08 23:10:48'),
(480, 'Iusto ut quis vel.', 'Asperiores debitis ipsam doloremque cumque error. Debitis sed et sequi voluptatem. Dolorem iure et voluptate laudantium eum fugit iste.', 160, '2024-09-08 23:10:48', '2024-09-08 23:10:48'),
(481, 'Et officia alias.', 'Ipsum debitis libero nihil mollitia ut distinctio ea. Reiciendis facilis adipisci doloremque quo nulla. Sit est quia iure.', 161, '2024-09-08 23:10:48', '2024-09-08 23:10:48'),
(482, 'Ut quisquam quis.', 'Autem facere reprehenderit earum aut voluptatem debitis beatae. Hic voluptatum et aut aliquid quam. Iure iusto quae possimus eveniet consequuntur necessitatibus reprehenderit.', 161, '2024-09-08 23:10:48', '2024-09-08 23:10:48'),
(483, 'Maiores omnis veritatis velit.', 'Consectetur incidunt earum hic aut qui qui. Voluptatibus mollitia voluptas repellat. Aut quibusdam placeat est.', 161, '2024-09-08 23:10:48', '2024-09-08 23:10:48'),
(484, 'Est provident qui quis quo.', 'Laboriosam voluptatum porro ut quidem rerum deleniti praesentium laboriosam. Dolorem voluptatem facilis laboriosam laborum illum. Consequatur molestias ut autem aspernatur.', 162, '2024-09-08 23:10:48', '2024-09-08 23:10:48'),
(485, 'Mollitia at et.', 'Et deserunt vel non omnis distinctio. Dolorem rerum veritatis quisquam velit et. Possimus nam et voluptatem.', 162, '2024-09-08 23:10:48', '2024-09-08 23:10:48'),
(486, 'Quo delectus nulla.', 'Ut enim et aut. Aliquid doloribus voluptatem qui dignissimos eligendi ipsam. Explicabo a et qui sint neque eos iure veniam.', 162, '2024-09-08 23:10:48', '2024-09-08 23:10:48'),
(487, 'Sed voluptatem modi rerum.', 'Quas quos dolorem vel voluptas hic. Beatae commodi sed nihil dolor. Est placeat eius dolorem sint.', 163, '2024-09-08 23:10:48', '2024-09-08 23:10:48'),
(488, 'Non fugiat cupiditate libero.', 'Ipsa delectus sed sint dignissimos reprehenderit minus libero. Inventore repudiandae sed dolores quos. Quae numquam et rerum nobis sunt voluptate rerum vel.', 163, '2024-09-08 23:10:48', '2024-09-08 23:10:48'),
(489, 'Autem labore laborum.', 'Rem possimus numquam asperiores distinctio repudiandae. Corporis debitis fuga ut cum et. Earum id doloribus modi eaque at eum explicabo est.', 163, '2024-09-08 23:10:48', '2024-09-08 23:10:48'),
(490, 'Excepturi ut et repudiandae.', 'Explicabo vero sapiente dicta dicta. Labore quidem dignissimos iste eaque sed. Nihil eius vel ipsum ipsam nihil.', 164, '2024-09-08 23:10:48', '2024-09-08 23:10:48'),
(491, 'Omnis quos animi odio.', 'Magni illum aliquid voluptatem amet consequatur minima quasi. Optio libero quo pariatur vitae dolores. Quasi eaque cupiditate excepturi rerum autem.', 164, '2024-09-08 23:10:48', '2024-09-08 23:10:48'),
(492, 'Soluta nostrum aut.', 'Ut ab veritatis dignissimos atque adipisci facere. Consequatur est beatae numquam vel minima ipsum. Eos esse expedita aliquid ex nisi autem laudantium.', 164, '2024-09-08 23:10:48', '2024-09-08 23:10:48'),
(493, 'Mollitia voluptates assumenda veritatis.', 'Sit omnis molestias qui sit et et omnis. Architecto corrupti recusandae iste harum. Cupiditate inventore sit deserunt pariatur pariatur veritatis commodi.', 165, '2024-09-08 23:10:48', '2024-09-08 23:10:48'),
(494, 'Quia rerum totam possimus.', 'Nostrum corrupti aut vel assumenda nobis laborum totam. Odio laboriosam modi laboriosam deleniti voluptas et voluptatem. Iusto est in aut quae nisi.', 165, '2024-09-08 23:10:48', '2024-09-08 23:10:48'),
(495, 'Aperiam id aperiam molestias.', 'Non quis error sunt ab quas beatae necessitatibus dolores. Hic odit distinctio harum quia. Sint sed dolores ut corporis nobis.', 165, '2024-09-08 23:10:48', '2024-09-08 23:10:48'),
(496, 'Sit et totam.', 'In culpa sint quia ut. Veniam ab aut eveniet officiis quo sunt. Voluptatem velit est odio in nesciunt.', 166, '2024-09-08 23:10:48', '2024-09-08 23:10:48'),
(497, 'Quas et laudantium.', 'Reiciendis sit molestiae dolore dolorum. Nobis est placeat non occaecati dicta quo et. Quis quia sit quia odit doloribus a.', 166, '2024-09-08 23:10:48', '2024-09-08 23:10:48'),
(498, 'Consequatur vitae quas quibusdam.', 'Voluptatem est sequi adipisci enim enim. Sint sunt est asperiores est iure quod. Ab perferendis nulla quo autem fugit consequatur.', 166, '2024-09-08 23:10:48', '2024-09-08 23:10:48'),
(499, 'Aut eos eos saepe.', 'Nemo quis provident velit sit et. Repudiandae nulla tempora velit cupiditate. Recusandae enim quia autem distinctio aspernatur assumenda.', 167, '2024-09-08 23:10:48', '2024-09-08 23:10:48'),
(500, 'Quis non et.', 'Sed quia necessitatibus incidunt expedita sed earum et ut. Est magnam ut nam et fugit inventore. Odit porro et asperiores quae atque.', 167, '2024-09-08 23:10:48', '2024-09-08 23:10:48'),
(501, 'Unde qui voluptate.', 'Nostrum tempore voluptatem laborum fugit iste. Rerum sint enim molestias. Et earum nobis aut dolore quisquam nemo eos.', 167, '2024-09-08 23:10:48', '2024-09-08 23:10:48'),
(502, 'Ab quo amet.', 'Et dolore voluptatibus nostrum eligendi. Laboriosam hic blanditiis libero omnis. Modi ipsum voluptatem doloribus enim culpa blanditiis et.', 168, '2024-09-08 23:10:48', '2024-09-08 23:10:48'),
(503, 'Voluptatem necessitatibus in enim.', 'Non dolorem ut nobis culpa quam possimus et. Non expedita dolore ut est et. Labore quas consequatur qui debitis qui ea sit.', 168, '2024-09-08 23:10:48', '2024-09-08 23:10:48'),
(504, 'Voluptatibus sed.', 'Corrupti eaque cumque dignissimos minima. Et expedita natus natus quo ut voluptatem. Ad illum perspiciatis sed eveniet voluptatem voluptatibus at.', 168, '2024-09-08 23:10:48', '2024-09-08 23:10:48'),
(505, 'Ipsum iusto nobis.', 'Voluptatem rerum incidunt sint aliquid veritatis. Impedit dolores repellat veritatis quo deleniti explicabo. Culpa expedita aut delectus laudantium eos ex dolorem.', 169, '2024-09-08 23:10:48', '2024-09-08 23:10:48'),
(506, 'Illo corporis.', 'Ducimus et magnam deleniti eligendi eligendi. Veritatis mollitia repellat aut id dignissimos eligendi qui dicta. Distinctio porro culpa similique quidem ut est porro.', 169, '2024-09-08 23:10:48', '2024-09-08 23:10:48'),
(507, 'In ut voluptatum.', 'Nihil aut voluptatibus eveniet cumque doloremque sed provident. Et nisi natus non. Quibusdam sit commodi debitis impedit cum molestiae vitae.', 169, '2024-09-08 23:10:48', '2024-09-08 23:10:48'),
(508, 'Ipsa molestias consequatur.', 'Possimus dolor sint dolores praesentium sint deleniti. Quasi est omnis porro sunt recusandae. Nisi error harum commodi architecto voluptas facilis.', 170, '2024-09-08 23:10:48', '2024-09-08 23:10:48'),
(509, 'Dolores tempora atque.', 'Alias modi ab vel debitis. Consequuntur ipsam voluptatem dignissimos delectus. Aut velit voluptatem perspiciatis et nesciunt molestiae.', 170, '2024-09-08 23:10:48', '2024-09-08 23:10:48'),
(510, 'Ipsam aut perspiciatis.', 'Delectus sunt doloribus quia eum voluptatem alias. Veritatis voluptas laudantium molestiae. Qui pariatur et ratione.', 170, '2024-09-08 23:10:48', '2024-09-08 23:10:48'),
(511, 'Sed et assumenda repellendus.', 'Voluptatem voluptate quia laborum delectus odit. Non sed aut alias incidunt repudiandae dolor eos. Sit odio nulla sit explicabo illum itaque ullam et.', 171, '2024-09-08 23:10:48', '2024-09-08 23:10:48'),
(512, 'Enim aut placeat aut.', 'Facere a sit esse praesentium est. Voluptatum fugit suscipit dolorem eligendi tempora aut culpa quo. Ea ut repudiandae nihil non aut corporis in cumque.', 171, '2024-09-08 23:10:48', '2024-09-08 23:10:48'),
(513, 'Illo debitis voluptate maxime.', 'Corrupti voluptas voluptas quis error blanditiis. Aspernatur rerum et nihil quis est aut blanditiis. Optio fuga et ratione quia autem ratione neque.', 171, '2024-09-08 23:10:48', '2024-09-08 23:10:48'),
(514, 'Perferendis maxime facere.', 'Doloribus voluptatem fugit itaque officia minima. Quo voluptatum architecto unde aliquam magnam consequatur eligendi. In doloribus voluptate id necessitatibus.', 172, '2024-09-08 23:10:48', '2024-09-08 23:10:48'),
(515, 'Laudantium porro velit.', 'Error rem similique esse repellat. Ad eius labore voluptates nulla sunt perferendis. Ea enim sint quia aliquam libero voluptatum aut.', 172, '2024-09-08 23:10:48', '2024-09-08 23:10:48'),
(516, 'Ratione magnam aut aut.', 'Qui recusandae ea molestiae et aut pariatur officiis quaerat. Ex qui fugiat ex voluptatem nam. Cupiditate dicta autem modi corrupti qui ut cum.', 172, '2024-09-08 23:10:48', '2024-09-08 23:10:48'),
(517, 'Deserunt nemo placeat.', 'Beatae voluptate optio non et aut non odit saepe. Aliquam ipsam molestias possimus quia nam. Maiores molestias sint qui.', 173, '2024-09-08 23:10:48', '2024-09-08 23:10:48'),
(518, 'Suscipit reprehenderit.', 'Non nemo nesciunt sit deleniti dolores accusamus temporibus. Possimus dignissimos eos sed ipsam. Fugiat enim ut animi optio sit aut et.', 173, '2024-09-08 23:10:48', '2024-09-08 23:10:48'),
(519, 'Nulla officiis.', 'Sit quos voluptatem veniam qui ipsa. Consequatur consequuntur perferendis at doloremque aut. Aut non autem quidem laborum.', 173, '2024-09-08 23:10:48', '2024-09-08 23:10:48'),
(520, 'Accusantium aut odit.', 'Voluptate aut tempora qui vitae quam. Vitae vel blanditiis voluptas eos maxime reprehenderit sed. In quis omnis ad exercitationem.', 174, '2024-09-08 23:10:48', '2024-09-08 23:10:48'),
(521, 'Eius quos culpa.', 'Incidunt ut earum et tenetur id. Voluptas fuga est aperiam assumenda sed mollitia pariatur. Quidem eligendi porro occaecati quae fugiat tempora est.', 174, '2024-09-08 23:10:48', '2024-09-08 23:10:48'),
(522, 'Atque libero magnam.', 'Delectus nihil officia culpa iste cum labore. Et qui distinctio libero qui. Vel possimus doloribus sint.', 174, '2024-09-08 23:10:48', '2024-09-08 23:10:48'),
(523, 'Voluptatem et at.', 'Ducimus sint quis quas ab esse possimus incidunt expedita. Consequatur fuga sit nihil voluptatem officiis cupiditate porro. Possimus quia reiciendis quod voluptas quam excepturi.', 175, '2024-09-08 23:10:48', '2024-09-08 23:10:48'),
(524, 'Sint sequi aliquid.', 'Ea a laborum odit cumque sed ut et. Non voluptate voluptatum consequuntur suscipit et quidem eum. Et optio fugit quibusdam aut minus ipsa ut autem.', 175, '2024-09-08 23:10:48', '2024-09-08 23:10:48'),
(525, 'Cupiditate officiis quos.', 'Nobis enim vero officiis accusamus. Illo unde quis excepturi ipsa. Consequuntur qui consequatur natus sequi ut.', 175, '2024-09-08 23:10:48', '2024-09-08 23:10:48'),
(526, 'Aliquid illo quae nemo.', 'Repudiandae voluptatem debitis iste amet. Repellendus in qui suscipit est. Libero ipsum ratione saepe nesciunt.', 176, '2024-09-08 23:10:48', '2024-09-08 23:10:48'),
(527, 'Quis inventore officiis magnam.', 'Inventore autem quia tempore iusto id voluptas. Est et repellendus quia accusantium. Dignissimos ipsum aliquid quo et aut.', 176, '2024-09-08 23:10:48', '2024-09-08 23:10:48'),
(528, 'Possimus deserunt.', 'Quia ipsum tempora nihil. Repellat provident facere quaerat dolorum repudiandae. Enim itaque repellat et.', 176, '2024-09-08 23:10:48', '2024-09-08 23:10:48'),
(529, 'Ex error sapiente laboriosam et.', 'Voluptatem numquam atque animi asperiores incidunt. Soluta nesciunt quia fugiat dolor. Quaerat aliquid esse sed veniam neque voluptatem aut commodi.', 177, '2024-09-08 23:10:48', '2024-09-08 23:10:48'),
(530, 'Explicabo facilis placeat earum.', 'Delectus omnis earum explicabo reprehenderit omnis. Vitae eos aperiam id laudantium dolorum ratione qui. Ullam et libero vel ipsam.', 177, '2024-09-08 23:10:48', '2024-09-08 23:10:48'),
(531, 'Facilis qui vero.', 'Aut voluptatem ipsa eos asperiores est vitae. Quia ullam sed consequatur dolores et maxime qui. Placeat magnam iure rerum.', 177, '2024-09-08 23:10:48', '2024-09-08 23:10:48'),
(532, 'Vero vero maxime.', 'Aut exercitationem inventore architecto tempore. Est assumenda dolorem consectetur accusamus aut. Voluptatem expedita ullam suscipit fugiat pariatur.', 178, '2024-09-08 23:10:48', '2024-09-08 23:10:48'),
(533, 'Deserunt quia blanditiis.', 'Possimus dolorem fugiat voluptates dignissimos velit beatae minima. Modi rem unde aut libero doloremque deleniti. Sit eum et vero consequatur debitis corrupti.', 178, '2024-09-08 23:10:48', '2024-09-08 23:10:48'),
(534, 'Nemo eius et.', 'Explicabo velit molestiae velit fuga est et tempora. Officia sit eveniet qui. Aliquam sapiente aut porro.', 178, '2024-09-08 23:10:48', '2024-09-08 23:10:48'),
(535, 'Atque minus aliquid.', 'Quas et suscipit non. Temporibus sunt deleniti impedit aut iure sed et. Omnis dicta esse autem et beatae odio consequatur.', 179, '2024-09-08 23:10:48', '2024-09-08 23:10:48'),
(536, 'Accusantium omnis est fugiat.', 'Repellat rem nesciunt mollitia reprehenderit. Aut rerum animi maiores ipsam. Eos itaque sit iusto numquam.', 179, '2024-09-08 23:10:48', '2024-09-08 23:10:48'),
(537, 'Minima dolore iusto beatae.', 'Rerum a quidem sed eligendi architecto blanditiis. Incidunt et ipsum pariatur repellat repellat ut. Dolores harum assumenda totam voluptatem quo consequatur.', 179, '2024-09-08 23:10:48', '2024-09-08 23:10:48'),
(538, 'Magnam illo molestiae illo.', 'Sint aliquam necessitatibus soluta nostrum aut. Reprehenderit repudiandae et quo. Quia minima totam repudiandae est architecto.', 180, '2024-09-08 23:10:48', '2024-09-08 23:10:48'),
(539, 'Architecto nobis quibusdam.', 'Eos ipsam excepturi velit laboriosam culpa. Nihil maxime eum consectetur sit repellendus odit corrupti. Doloribus qui autem ullam ut sit.', 180, '2024-09-08 23:10:48', '2024-09-08 23:10:48'),
(540, 'Est sunt dolorem adipisci.', 'Est et molestiae distinctio quis rerum fugiat. Et et optio deserunt quas. Commodi nulla rerum facere ea rem aut.', 180, '2024-09-08 23:10:48', '2024-09-08 23:10:48'),
(541, 'Tempora et aperiam.', 'Earum labore aspernatur doloribus dolor ullam natus quisquam. Voluptas facere et mollitia possimus cupiditate. Est sunt animi laboriosam itaque esse.', 181, '2024-09-08 23:10:48', '2024-09-08 23:10:48'),
(542, 'Sed aut distinctio at.', 'Ipsa temporibus consequatur maxime vero sapiente facilis placeat. Blanditiis sed illo illo quisquam et iste consequatur. Laudantium aliquam voluptatibus dolor quisquam iure.', 181, '2024-09-08 23:10:48', '2024-09-08 23:10:48'),
(543, 'Quod et consequatur.', 'Quae omnis nemo laudantium est. Soluta ea commodi explicabo minus esse doloremque. Id blanditiis ut et ut.', 181, '2024-09-08 23:10:48', '2024-09-08 23:10:48'),
(544, 'Qui officia dolor consequatur fuga.', 'Qui incidunt cum ratione modi. Cumque qui sed corporis. Reprehenderit molestiae voluptate quasi ab fuga possimus.', 182, '2024-09-08 23:10:48', '2024-09-08 23:10:48'),
(545, 'Totam et repellat qui.', 'Modi quasi in quidem tempore. Voluptatem sit autem repellat omnis tempore. Eveniet repellat quia laborum neque ratione consequatur.', 182, '2024-09-08 23:10:48', '2024-09-08 23:10:48'),
(546, 'Aut cum qui et.', 'Quidem aspernatur itaque asperiores est fugiat cum dolor error. Laborum labore molestias placeat qui officia a quas. Repellat quas saepe dolorem voluptatem et aperiam exercitationem.', 182, '2024-09-08 23:10:48', '2024-09-08 23:10:48'),
(547, 'Illo voluptates quis et.', 'Cum iste sunt blanditiis odit. Animi quibusdam et vel necessitatibus odit voluptatem. Est non velit odio praesentium sint eligendi quod quaerat.', 183, '2024-09-08 23:10:48', '2024-09-08 23:10:48'),
(548, 'Ut ullam voluptatum numquam facilis.', 'Nam eos ipsam consequatur ea sed similique ab. Facere quo facere repudiandae laboriosam placeat. Odio est neque velit dolorem iste.', 183, '2024-09-08 23:10:48', '2024-09-08 23:10:48'),
(549, 'Dolorem quia.', 'Sunt quia fugit quibusdam. Necessitatibus aut porro maxime quia ut. Vel veritatis impedit officiis vero.', 183, '2024-09-08 23:10:48', '2024-09-08 23:10:48'),
(550, 'Fugiat molestiae eum natus.', 'Esse explicabo qui repudiandae pariatur voluptates. Nam fuga quia fugiat illum quod omnis eos. Earum et aut non est ducimus ipsa.', 184, '2024-09-08 23:10:48', '2024-09-08 23:10:48'),
(551, 'Quaerat incidunt.', 'A enim debitis ut quasi accusamus eos consequatur. Vero dicta corporis possimus sit sunt est. Possimus cum voluptas cumque.', 184, '2024-09-08 23:10:48', '2024-09-08 23:10:48'),
(552, 'Et expedita.', 'Illo reiciendis et qui pariatur voluptatibus reprehenderit neque. Nisi consequuntur animi sint veritatis iusto sapiente et. Esse voluptatem voluptatem cupiditate eius.', 184, '2024-09-08 23:10:48', '2024-09-08 23:10:48'),
(553, 'Id repudiandae sed.', 'Quia veritatis cupiditate magni qui rem. Est quo blanditiis enim ipsam maxime. Ipsum placeat tempora quia dolores.', 185, '2024-09-08 23:10:48', '2024-09-08 23:10:48'),
(554, 'Eum omnis totam.', 'Sit in nobis sed et voluptatem neque. Quia dolor nostrum numquam et id aperiam. Dicta esse beatae expedita.', 185, '2024-09-08 23:10:48', '2024-09-08 23:10:48'),
(555, 'Sequi et velit harum.', 'Delectus nisi voluptatem officia suscipit ullam nam hic. Voluptates sit dignissimos praesentium consequatur aliquam dolor. Quo architecto harum iusto non molestiae.', 185, '2024-09-08 23:10:48', '2024-09-08 23:10:48'),
(556, 'Et velit placeat.', 'Quia possimus praesentium veritatis facilis. Aut unde iusto possimus necessitatibus quia perferendis. Beatae rerum mollitia distinctio officia maxime labore necessitatibus eos.', 186, '2024-09-08 23:10:48', '2024-09-08 23:10:48'),
(557, 'Veritatis vero autem.', 'Consequatur nihil nesciunt voluptatem ducimus. Distinctio alias dolorem et totam. Magni magni blanditiis dolorem sed fugit.', 186, '2024-09-08 23:10:48', '2024-09-08 23:10:48'),
(558, 'Ex et rerum.', 'Sed aperiam consequuntur beatae. Odio maxime sint id nobis omnis. Sequi itaque ea veniam veniam blanditiis.', 186, '2024-09-08 23:10:48', '2024-09-08 23:10:48'),
(559, 'Illum possimus quasi qui.', 'Et nam dolorem illo repellendus et libero aut. Autem ut laborum molestiae quo eum. Aspernatur quo sit nihil ut voluptatem.', 187, '2024-09-08 23:10:48', '2024-09-08 23:10:48'),
(560, 'Esse voluptas maxime.', 'Eos odio in non odit quod. Placeat nostrum debitis natus nostrum voluptas fugit eligendi. Quisquam quod at corporis et vel.', 187, '2024-09-08 23:10:48', '2024-09-08 23:10:48'),
(561, 'Maxime sed numquam enim.', 'Vel maiores unde ipsa laudantium odit. Iste nostrum modi consequuntur rerum asperiores dolores consequatur. Quia aut deserunt asperiores minus non consequatur voluptates est.', 187, '2024-09-08 23:10:48', '2024-09-08 23:10:48'),
(562, 'Perferendis voluptatem quis.', 'Quia porro non dolor necessitatibus et quo non. Aut odio ut temporibus eum maxime aut aut. Et omnis ea quasi ex distinctio amet nam.', 188, '2024-09-08 23:10:48', '2024-09-08 23:10:48'),
(563, 'Alias voluptas non repellendus.', 'Labore sunt aspernatur quis consequatur quia voluptatem tempora vel. Nobis inventore et magnam dolor et blanditiis quos autem. Mollitia ut blanditiis repellendus nobis quia quia tempore.', 188, '2024-09-08 23:10:48', '2024-09-08 23:10:48'),
(564, 'Iure esse consequatur magni.', 'Tempora adipisci saepe assumenda nemo ipsam ut corporis. Minus voluptatem ab eius officiis doloribus et illum. Iste facere dicta ea non aut tempora nobis.', 188, '2024-09-08 23:10:48', '2024-09-08 23:10:48'),
(565, 'Molestiae quos reiciendis.', 'Minus non voluptates et et corporis omnis a amet. Explicabo ut voluptatum perspiciatis sapiente omnis. Est a modi odio non praesentium quae.', 189, '2024-09-08 23:10:48', '2024-09-08 23:10:48'),
(566, 'Soluta autem nostrum.', 'Velit voluptatibus officiis beatae eos laboriosam. Sint quis et maiores consequuntur expedita. Et nisi molestiae error tenetur.', 189, '2024-09-08 23:10:48', '2024-09-08 23:10:48'),
(567, 'Ea consequatur autem id.', 'Quasi et molestias ut sed ut corporis. Rem dolore expedita non dolor. Modi omnis totam provident sed animi.', 189, '2024-09-08 23:10:48', '2024-09-08 23:10:48'),
(568, 'Minima quidem dolore.', 'Facilis dolor voluptatem sed veniam accusamus est tenetur. Voluptate repudiandae sit dolorem accusamus aut. Vitae est nobis et veniam soluta.', 190, '2024-09-08 23:10:48', '2024-09-08 23:10:48'),
(569, 'Est amet molestiae.', 'Enim consequatur ut laboriosam quis officia mollitia libero. Enim rerum ipsam non doloribus et reiciendis repellendus. Accusamus consequatur quis assumenda in omnis magnam qui libero.', 190, '2024-09-08 23:10:48', '2024-09-08 23:10:48'),
(570, 'Ipsum numquam mollitia fuga.', 'A quae inventore nam. Voluptatem iste ex vero adipisci. Omnis itaque qui velit ab molestiae.', 190, '2024-09-08 23:10:48', '2024-09-08 23:10:48'),
(571, 'Quis dolor qui.', 'Vel incidunt mollitia consequatur assumenda quia quia voluptas. Commodi est molestiae eum tenetur illo. Corporis eos voluptatem nisi ipsam distinctio.', 191, '2024-09-08 23:10:48', '2024-09-08 23:10:48'),
(572, 'Adipisci quo molestiae deserunt.', 'Neque voluptatem exercitationem fugiat architecto repellendus ut. Distinctio id tenetur quisquam sit. Id soluta voluptas laboriosam ab sunt quis unde.', 191, '2024-09-08 23:10:48', '2024-09-08 23:10:48'),
(573, 'Sapiente ad rerum.', 'Consequatur deleniti velit repellendus a. Maxime quisquam est dolores sed modi. Maxime eaque autem eius at dolores.', 191, '2024-09-08 23:10:48', '2024-09-08 23:10:48'),
(574, 'Consequatur eveniet error quo.', 'Corrupti ut rerum at minus aliquam repellendus eos. Eum distinctio suscipit quia enim quo quo dicta. Reprehenderit enim velit aut voluptatem a ducimus dolores tenetur.', 192, '2024-09-08 23:10:48', '2024-09-08 23:10:48'),
(575, 'Eius tenetur ullam.', 'Mollitia ipsam repudiandae excepturi aut nam dolorum quos. Itaque et nihil et voluptatem architecto. Qui rerum ut dolorem sunt unde qui ducimus.', 192, '2024-09-08 23:10:48', '2024-09-08 23:10:48'),
(576, 'Rerum totam est.', 'Et suscipit quod ea cupiditate qui sit est eum. Placeat quo voluptatibus fuga laudantium id aut. Totam et laborum voluptatem sunt.', 192, '2024-09-08 23:10:48', '2024-09-08 23:10:48'),
(577, 'Earum a facilis voluptatem.', 'Repudiandae sed sint saepe consequatur. Nostrum aperiam voluptatem et. Animi consequatur aperiam labore.', 193, '2024-09-08 23:10:48', '2024-09-08 23:10:48'),
(578, 'Veritatis odio illum.', 'Dolorum asperiores ea quibusdam ab ducimus. Soluta quidem odio ea sit ducimus facere. Error culpa minus vel cupiditate qui.', 193, '2024-09-08 23:10:48', '2024-09-08 23:10:48'),
(579, 'Rerum ut et.', 'Consequuntur commodi sit quis est iusto est autem. Nostrum id non voluptas recusandae sit repellendus. Neque voluptatem numquam et est qui.', 193, '2024-09-08 23:10:48', '2024-09-08 23:10:48'),
(580, 'Quisquam unde molestias esse.', 'Et et ducimus omnis at rerum voluptatem aut. Sit molestiae in eaque sunt omnis. Deserunt sed molestias voluptatem qui.', 194, '2024-09-08 23:10:48', '2024-09-08 23:10:48'),
(581, 'Et tempore omnis.', 'Tempore adipisci nobis fugiat facilis. Aut necessitatibus sed esse possimus cupiditate. Eligendi voluptatem sit maiores voluptates aut nemo.', 194, '2024-09-08 23:10:48', '2024-09-08 23:10:48'),
(582, 'Iusto assumenda enim repudiandae.', 'Id quas quos adipisci commodi illo aut. Possimus perspiciatis reiciendis optio fugiat placeat. Quas praesentium odit neque qui reprehenderit eos doloremque.', 194, '2024-09-08 23:10:48', '2024-09-08 23:10:48'),
(583, 'Ut possimus quasi.', 'Reiciendis ab voluptatum quidem in qui voluptatem. Iure tempore autem in mollitia doloremque. Qui inventore voluptatem iure illum enim libero et.', 195, '2024-09-08 23:10:48', '2024-09-08 23:10:48'),
(584, 'Sint est omnis.', 'Eveniet ea rerum cumque et rem. Quia in et voluptatem sunt tempora libero praesentium. Dolorem ex labore qui eum corrupti.', 195, '2024-09-08 23:10:48', '2024-09-08 23:10:48'),
(585, 'Suscipit libero et ut.', 'Voluptas tenetur non iusto. Blanditiis perspiciatis sequi nulla maiores quo. Aut corporis minima voluptates ex et.', 195, '2024-09-08 23:10:48', '2024-09-08 23:10:48'),
(586, 'Corrupti qui fuga.', 'Quia ut voluptatibus iste et voluptas qui. Ex autem dolores consequatur sed molestiae ab. Nihil dolor quo ex sint voluptatem ea velit.', 196, '2024-09-08 23:10:48', '2024-09-08 23:10:48'),
(587, 'Et et.', 'Consequatur quo minus ut adipisci. Sequi quo soluta debitis velit. Perspiciatis recusandae et et accusamus dolores sint dignissimos.', 196, '2024-09-08 23:10:48', '2024-09-08 23:10:48'),
(588, 'In suscipit ut praesentium.', 'Iusto et velit et fugit asperiores odio. Ipsam commodi molestias animi et ut ratione illo. Et aut natus magnam vitae id error.', 196, '2024-09-08 23:10:48', '2024-09-08 23:10:48'),
(589, 'Tenetur ipsam ut explicabo.', 'Voluptate qui aut officia earum harum. Totam occaecati accusamus labore sit aut. In consequatur id tempora sint non similique.', 197, '2024-09-08 23:10:48', '2024-09-08 23:10:48'),
(590, 'Architecto laborum inventore.', 'Consequatur repellat voluptate laudantium praesentium maiores est et possimus. Mollitia dolor nihil sed non. Est ab eos incidunt dolorum praesentium eum velit laudantium.', 197, '2024-09-08 23:10:48', '2024-09-08 23:10:48'),
(591, 'Consequatur molestiae aut.', 'Unde ut et suscipit assumenda. Quis enim dolor non eaque. Et explicabo ipsum qui iusto sed aut consectetur.', 197, '2024-09-08 23:10:48', '2024-09-08 23:10:48'),
(592, 'Rerum est distinctio voluptas.', 'Sit quo quo odit. Quos alias optio occaecati doloremque est explicabo cumque. Et ex quae tempora cumque hic.', 198, '2024-09-08 23:10:48', '2024-09-08 23:10:48'),
(593, 'Soluta odit laboriosam et.', 'Qui cum culpa omnis. Et distinctio omnis recusandae. Perspiciatis deleniti quia ea quis aut labore.', 198, '2024-09-08 23:10:48', '2024-09-08 23:10:48'),
(594, 'Est minima ut.', 'Cumque esse modi dolores. Aut eos eum maiores et illo reprehenderit. Cum porro consequatur accusamus corrupti magni.', 198, '2024-09-08 23:10:48', '2024-09-08 23:10:48'),
(595, 'Quisquam voluptas.', 'Maxime magnam dolor voluptatem quis non ut. Et laboriosam ut possimus. Adipisci quis corporis nulla aut.', 199, '2024-09-08 23:10:48', '2024-09-08 23:10:48'),
(596, 'Ipsam quo autem maxime.', 'In dolores ut iste aut ut vitae. Quia et officia quam unde minus. Veniam perferendis suscipit labore sit ex.', 199, '2024-09-08 23:10:48', '2024-09-08 23:10:48'),
(597, 'Ipsa nesciunt sapiente repudiandae.', 'Et eius sit error adipisci. Magni commodi aut nulla dolores omnis. Omnis voluptatibus omnis ratione natus magni cum fugiat.', 199, '2024-09-08 23:10:48', '2024-09-08 23:10:48'),
(598, 'Suscipit voluptatem iure.', 'Dignissimos doloribus expedita id vel voluptatem aut ipsam. Et minima recusandae fugiat atque. Delectus laborum sint reprehenderit eum assumenda repellat aspernatur.', 200, '2024-09-08 23:10:48', '2024-09-08 23:10:48'),
(599, 'Amet quasi sed.', 'Ex assumenda quia est et aspernatur eum libero eaque. Nemo tenetur provident aperiam sit. Expedita molestiae iure est aspernatur eos natus facilis.', 200, '2024-09-08 23:10:48', '2024-09-08 23:10:48'),
(600, 'Doloremque nesciunt ut.', 'Aut eius ipsam officiis voluptas aut voluptates est delectus. Ut minima quas id corporis ipsum reprehenderit officiis. Enim eveniet sint maxime molestiae iure officiis eius.', 200, '2024-09-08 23:10:48', '2024-09-08 23:10:48'),
(601, 'Natus aperiam qui sed.', 'Totam consectetur sit tempora aut ut ipsum at. Laboriosam quo nostrum reiciendis fugiat quis sapiente modi facilis. Saepe eligendi necessitatibus enim id.', 201, '2024-09-08 23:10:48', '2024-09-08 23:10:48'),
(602, 'Minus voluptatem et.', 'Id atque officia aut et pariatur officia ut. Assumenda et totam aut facilis sint sunt. Nesciunt error iste molestiae ipsa autem quo minima.', 201, '2024-09-08 23:10:48', '2024-09-08 23:10:48'),
(603, 'Quasi iste iusto.', 'Maxime deserunt debitis labore non neque omnis. Dicta aperiam dignissimos aperiam sunt fuga molestias. Et quia dolore ex impedit eum fugiat et.', 201, '2024-09-08 23:10:48', '2024-09-08 23:10:48'),
(604, 'Ut autem consequuntur facere.', 'Possimus doloremque hic qui. Aut molestiae velit aut aliquam molestiae voluptas alias. Consequuntur distinctio autem impedit ex enim reiciendis.', 202, '2024-09-08 23:10:48', '2024-09-08 23:10:48'),
(605, 'Dolorem minus vero veniam culpa.', 'Odio ratione dolore eum maiores in eos. Quos sint impedit doloremque odit esse exercitationem explicabo. Delectus perferendis laudantium omnis totam.', 202, '2024-09-08 23:10:48', '2024-09-08 23:10:48'),
(606, 'Eos laborum reiciendis qui.', 'At est unde aut doloribus praesentium veritatis. Recusandae veritatis modi quam culpa nulla quia voluptate. Earum molestiae numquam deserunt non.', 202, '2024-09-08 23:10:48', '2024-09-08 23:10:48'),
(607, 'Sed et sapiente eius.', 'Et quo placeat sit laboriosam iusto possimus. Rem ipsam minima nemo quibusdam rem magni. Et earum illo molestiae excepturi aut cupiditate at.', 203, '2024-09-08 23:10:48', '2024-09-08 23:10:48'),
(608, 'At nemo non suscipit.', 'Consectetur sed repudiandae unde a quia minus quia. Aut vitae quae mollitia maxime. Earum necessitatibus quis quas voluptas dicta et et.', 203, '2024-09-08 23:10:49', '2024-09-08 23:10:49'),
(609, 'Non iste non.', 'Dicta consequatur consectetur debitis saepe in asperiores. Accusamus voluptatibus rerum occaecati nihil aliquam sapiente reiciendis. Temporibus quaerat voluptatem sit occaecati et et non itaque.', 203, '2024-09-08 23:10:49', '2024-09-08 23:10:49'),
(610, 'Commodi ut id doloremque.', 'Et excepturi ut quo non qui eligendi. Facere earum dolorem perferendis dolore aut quia tenetur. Aliquid amet alias autem.', 204, '2024-09-08 23:10:49', '2024-09-08 23:10:49'),
(611, 'Praesentium qui magni perferendis.', 'Libero nostrum ad debitis odit. Vitae iusto nemo accusantium. Voluptatem deleniti necessitatibus maiores repellendus sed repudiandae.', 204, '2024-09-08 23:10:49', '2024-09-08 23:10:49'),
(612, 'Quas pariatur enim.', 'Sit optio autem neque beatae magnam. Qui consequatur quia eius hic sed in non. Qui laboriosam ab officia quia dolorum.', 204, '2024-09-08 23:10:49', '2024-09-08 23:10:49'),
(613, 'Aut ut nostrum.', 'Minima neque vel eum deserunt ea velit qui. Quod nobis laudantium fuga est voluptates quia eum rerum. Rerum velit amet enim voluptates.', 205, '2024-09-08 23:10:49', '2024-09-08 23:10:49'),
(614, 'Omnis molestiae dolor.', 'Et mollitia autem rem necessitatibus omnis. Iure provident minus eaque amet quis animi maxime et. Eius et ab nemo sunt rerum praesentium non harum.', 205, '2024-09-08 23:10:49', '2024-09-08 23:10:49'),
(615, 'Distinctio animi aut.', 'Alias sequi est adipisci voluptatem. Autem et et natus incidunt minus. Commodi odio qui dicta id voluptate quaerat.', 205, '2024-09-08 23:10:49', '2024-09-08 23:10:49'),
(616, 'Nobis neque.', 'Quod qui consequuntur vitae quaerat sit aut recusandae. Commodi unde labore ut fuga sit accusamus. Aut asperiores saepe veritatis.', 206, '2024-09-08 23:10:49', '2024-09-08 23:10:49'),
(617, 'Aliquam quidem quia quos.', 'Hic cumque voluptatem sit eligendi excepturi sunt. Dicta alias ducimus et neque facere eos. Qui quod delectus nam quam ducimus ex voluptas.', 206, '2024-09-08 23:10:49', '2024-09-08 23:10:49'),
(618, 'Possimus earum.', 'Animi natus sed ea. Quia qui laboriosam voluptas nihil quam amet. Et harum eligendi at nesciunt exercitationem voluptates.', 206, '2024-09-08 23:10:49', '2024-09-08 23:10:49'),
(619, 'Sunt eum culpa dolores.', 'Qui aliquid velit dolore sequi porro cumque quia non. Nulla earum enim veritatis architecto ut magnam. Dolores est repudiandae incidunt odio error asperiores dicta.', 207, '2024-09-08 23:10:49', '2024-09-08 23:10:49'),
(620, 'Aut qui repellendus perferendis.', 'Fugiat officia beatae expedita laudantium maxime exercitationem quod. Tempora suscipit voluptas quos blanditiis optio. Natus libero quasi quis repudiandae accusamus culpa provident ea.', 207, '2024-09-08 23:10:49', '2024-09-08 23:10:49'),
(621, 'Quo voluptatibus error.', 'Voluptatem consectetur mollitia corporis accusamus molestiae distinctio consequatur. Ducimus dignissimos et qui et voluptas sapiente autem. Ipsam voluptate itaque delectus unde repellendus quis reiciendis amet.', 207, '2024-09-08 23:10:49', '2024-09-08 23:10:49'),
(622, 'In vel ex et.', 'Vel ea distinctio tempora et adipisci sint pariatur. Quis nihil voluptas quasi laudantium ullam. Sint illum similique eveniet.', 208, '2024-09-08 23:10:49', '2024-09-08 23:10:49'),
(623, 'Omnis voluptatem amet voluptatem.', 'Et voluptas sed autem exercitationem cupiditate. Optio maxime harum hic omnis necessitatibus adipisci occaecati. Rem vel repellendus beatae aut tenetur ut.', 208, '2024-09-08 23:10:49', '2024-09-08 23:10:49'),
(624, 'Est minima nobis.', 'Numquam quisquam sed omnis dignissimos. Totam consequuntur est voluptates adipisci. Quia qui repudiandae repudiandae eum provident est neque a.', 208, '2024-09-08 23:10:49', '2024-09-08 23:10:49'),
(625, 'Ut natus reiciendis.', 'Molestiae libero occaecati voluptas et. Accusamus cum iste voluptate molestiae enim tempore. Omnis sit facere est alias vel quidem.', 209, '2024-09-08 23:10:49', '2024-09-08 23:10:49'),
(626, 'Tempore non dolores quos.', 'Est commodi voluptas et veniam excepturi corrupti. Quibusdam et voluptatem incidunt reprehenderit. Provident vel veritatis laudantium suscipit numquam.', 209, '2024-09-08 23:10:49', '2024-09-08 23:10:49'),
(627, 'Nobis deserunt recusandae.', 'Soluta magni ipsa ut ducimus eligendi sit. Repellat velit debitis harum rerum. Dolor temporibus recusandae laboriosam totam sint tempore ducimus.', 209, '2024-09-08 23:10:49', '2024-09-08 23:10:49'),
(628, 'Voluptas sunt nihil nam.', 'Ipsam dolores ab ratione eum ea debitis. Occaecati ut aut repudiandae dolor culpa quos ab architecto. Illum repellendus est ut neque explicabo.', 210, '2024-09-08 23:10:49', '2024-09-08 23:10:49'),
(629, 'Temporibus laborum ex.', 'Occaecati possimus porro ut sed sequi qui. Aspernatur autem laboriosam voluptatem ea. Error tenetur iure eaque necessitatibus recusandae voluptatem.', 210, '2024-09-08 23:10:49', '2024-09-08 23:10:49'),
(630, 'Ut neque fugit odit.', 'Debitis dolorem non saepe quidem quibusdam odit explicabo. Omnis odio saepe placeat perspiciatis repellendus sequi officia. Cumque sint sunt et mollitia ipsa.', 210, '2024-09-08 23:10:49', '2024-09-08 23:10:49'),
(631, 'Alias in culpa consectetur officiis.', 'Sunt molestiae error amet. Qui hic possimus commodi. Quia illum in quis nemo.', 211, '2024-09-08 23:10:49', '2024-09-08 23:10:49'),
(632, 'Quam fuga dolorum et.', 'Placeat quia dolor sit reiciendis. Ipsum dolorem ut voluptatum aut. Dolore deleniti et dicta.', 211, '2024-09-08 23:10:49', '2024-09-08 23:10:49'),
(633, 'Minus ipsam et.', 'Corporis fugit amet et qui. Tenetur qui recusandae et eum aut voluptate. Est earum excepturi eos.', 211, '2024-09-08 23:10:49', '2024-09-08 23:10:49'),
(634, 'Animi aut consequatur.', 'Nihil vitae mollitia ipsam nulla et. Sed error quidem ab eum saepe ex. Ab itaque dolores tempore quas temporibus.', 212, '2024-09-08 23:10:49', '2024-09-08 23:10:49'),
(635, 'Aut rerum.', 'Est facere vitae voluptatem dolorum cumque id. Eos vel sapiente consequuntur et. In aut dolor dolorum necessitatibus.', 212, '2024-09-08 23:10:49', '2024-09-08 23:10:49'),
(636, 'Distinctio ea quos corporis.', 'Est deleniti maiores at distinctio tempore. At quidem et nobis reprehenderit occaecati placeat provident itaque. Incidunt voluptatem sequi nulla et sit velit distinctio.', 212, '2024-09-08 23:10:49', '2024-09-08 23:10:49'),
(637, 'Qui at provident.', 'Nisi voluptatem totam quidem ea odio ipsum facilis qui. Sed magni sit eius blanditiis voluptates animi. Dolorem sit ullam et enim.', 213, '2024-09-08 23:10:49', '2024-09-08 23:10:49'),
(638, 'Eos autem similique.', 'Hic est voluptas ab deleniti. Ex architecto qui ab a numquam. Est distinctio vero nemo consequatur expedita eius sint non.', 213, '2024-09-08 23:10:49', '2024-09-08 23:10:49'),
(639, 'Repellat temporibus ut.', 'Eligendi inventore neque et natus magnam aperiam labore. Aspernatur vero dolor adipisci nisi. Magnam soluta ut natus quasi dolores ullam.', 213, '2024-09-08 23:10:49', '2024-09-08 23:10:49'),
(640, 'Ut eos et enim exercitationem.', 'Accusamus quis explicabo magnam autem veniam incidunt. Voluptate vel sed et harum laboriosam dignissimos eveniet. Cum laborum est voluptatem veniam.', 214, '2024-09-08 23:10:49', '2024-09-08 23:10:49'),
(641, 'Odio et tempore alias.', 'Quo eius repellat ut accusantium architecto occaecati neque dolores. Rerum et aut aut quod nobis perspiciatis quia. Omnis et at sed doloribus quis sit.', 214, '2024-09-08 23:10:49', '2024-09-08 23:10:49'),
(642, 'Hic similique aut.', 'Rem quis sapiente nostrum voluptatibus. Tempora odit ut et dolor. At et et unde hic dicta repellendus.', 214, '2024-09-08 23:10:49', '2024-09-08 23:10:49'),
(643, 'Ad quas amet aspernatur.', 'Sed blanditiis et quisquam aperiam. Non sit illo itaque ea blanditiis et assumenda. Eaque eligendi velit ut cumque cupiditate veniam et.', 215, '2024-09-08 23:10:49', '2024-09-08 23:10:49'),
(644, 'Praesentium dignissimos maiores.', 'Et asperiores voluptas dolor dignissimos. Voluptates dolorem animi et et dolore perspiciatis. Itaque facere deleniti excepturi facere et.', 215, '2024-09-08 23:10:49', '2024-09-08 23:10:49'),
(645, 'Dolor magni molestias dignissimos amet.', 'Commodi vero soluta aut explicabo dolorem. Eos eos modi aut quaerat. Soluta occaecati mollitia exercitationem sapiente hic et.', 215, '2024-09-08 23:10:49', '2024-09-08 23:10:49'),
(646, 'Aut suscipit et illo.', 'Error sint quod tenetur laboriosam vel unde ut esse. Expedita et deserunt ullam et quis blanditiis. Consequatur repudiandae quibusdam voluptatem explicabo.', 216, '2024-09-08 23:10:49', '2024-09-08 23:10:49'),
(647, 'Dolorum repudiandae nesciunt.', 'Exercitationem voluptatibus nostrum non laborum. Saepe voluptas expedita qui omnis hic eligendi et praesentium. Sapiente nesciunt quidem dolorem nobis.', 216, '2024-09-08 23:10:49', '2024-09-08 23:10:49'),
(648, 'Praesentium quam dolorem.', 'Laboriosam totam molestias sequi quae ut. Sed sed architecto et enim recusandae repellat ut. In quia est dolores illum hic sunt.', 216, '2024-09-08 23:10:49', '2024-09-08 23:10:49'),
(649, 'Unde quibusdam porro ut.', 'Dicta quis voluptatem occaecati facilis aut. Eum dignissimos a culpa reiciendis. Quo accusantium enim dolorem blanditiis minima aut illum quasi.', 217, '2024-09-08 23:10:49', '2024-09-08 23:10:49'),
(650, 'Consequuntur sit quis quo voluptas.', 'Doloremque corrupti et repellat qui fuga numquam. Dolore et tenetur eum voluptate. Voluptatem ut aut qui voluptates itaque aut.', 217, '2024-09-08 23:10:49', '2024-09-08 23:10:49'),
(651, 'Ipsum veritatis sunt dolorem.', 'Sint molestias quas quis officiis est iusto fuga. Expedita excepturi facilis qui commodi debitis ut ut. Quia et quas deleniti ut repellat reiciendis.', 217, '2024-09-08 23:10:49', '2024-09-08 23:10:49'),
(652, 'Fugit doloribus placeat.', 'Quas debitis consectetur odio velit quaerat ipsum totam mollitia. Aut repudiandae molestiae est magnam et dolores. Magni tempore velit non voluptas voluptates distinctio quasi blanditiis.', 218, '2024-09-08 23:10:49', '2024-09-08 23:10:49'),
(653, 'Possimus nesciunt laudantium.', 'Et adipisci iste quo occaecati mollitia. Rerum vel odit tenetur sit non. Rem magni est aspernatur magnam itaque non aperiam id.', 218, '2024-09-08 23:10:49', '2024-09-08 23:10:49'),
(654, 'Omnis sint natus.', 'Dolorem et autem veritatis minus molestiae cupiditate. Ad quidem sapiente officiis qui maiores doloribus. Fugiat nulla modi enim dignissimos.', 218, '2024-09-08 23:10:49', '2024-09-08 23:10:49'),
(655, 'Dolorum quisquam et.', 'Natus at recusandae maxime reiciendis. Fugit consequatur nihil fugiat assumenda numquam alias perferendis. Nisi velit corporis fugiat sequi distinctio amet.', 219, '2024-09-08 23:10:49', '2024-09-08 23:10:49'),
(656, 'Qui autem nam provident.', 'Voluptas sint optio voluptatem voluptatem. Aut rerum sed iusto quibusdam esse enim. In illum alias quis.', 219, '2024-09-08 23:10:49', '2024-09-08 23:10:49'),
(657, 'Sit incidunt vero.', 'Voluptas vitae odit voluptas ad ut asperiores sed. Deleniti omnis consequatur non adipisci nobis doloribus. Vel hic saepe perspiciatis inventore.', 219, '2024-09-08 23:10:49', '2024-09-08 23:10:49'),
(658, 'Reiciendis perspiciatis.', 'Consequatur enim incidunt enim eum. Tempora nihil et est ut dolor qui. Atque aliquam doloribus nobis molestiae.', 220, '2024-09-08 23:10:49', '2024-09-08 23:10:49'),
(659, 'Fugiat consectetur enim.', 'Tempore et eligendi ducimus. Deleniti voluptas dolorem voluptatem quos mollitia veritatis. Enim tenetur eius minima magnam qui dolores nostrum velit.', 220, '2024-09-08 23:10:49', '2024-09-08 23:10:49'),
(660, 'Aspernatur quo laborum.', 'Voluptatum ratione doloribus minima aliquam eos et velit qui. Laboriosam adipisci sunt saepe voluptates ut velit aut. Voluptatem facilis atque et voluptatibus.', 220, '2024-09-08 23:10:49', '2024-09-08 23:10:49'),
(661, 'Aliquam voluptas inventore vitae.', 'Praesentium sed sit quis quia earum quod quia. Totam alias unde quia fuga molestiae laboriosam fuga. Qui dolor eos quidem molestiae a voluptatibus deserunt officia.', 221, '2024-09-08 23:10:49', '2024-09-08 23:10:49'),
(662, 'Reprehenderit alias magni et.', 'Ratione expedita sed eum in qui dolores ex. Ratione illum possimus tempore eos quasi. Debitis quasi aut est aut voluptate expedita quo.', 221, '2024-09-08 23:10:49', '2024-09-08 23:10:49'),
(663, 'Aperiam voluptatem dolor.', 'Aut expedita nemo sit assumenda quibusdam explicabo asperiores aspernatur. Voluptas incidunt eveniet rerum molestias. Eius corporis officia in corporis et officia.', 221, '2024-09-08 23:10:49', '2024-09-08 23:10:49'),
(664, 'Consectetur totam consequatur.', 'Voluptates minus maxime odit impedit dolor illo. Qui error eum consectetur nobis. Quae et voluptatum et ratione.', 222, '2024-09-08 23:10:49', '2024-09-08 23:10:49'),
(665, 'Illo et.', 'Ab dicta ipsam harum eveniet. Omnis odit occaecati ipsum ut debitis. Fugiat voluptatum qui sit.', 222, '2024-09-08 23:10:49', '2024-09-08 23:10:49'),
(666, 'Voluptatem sit et.', 'Repellendus voluptatem natus sequi quibusdam est sapiente. Corrupti enim ut quos omnis unde libero. Sit rem sapiente facilis nihil cupiditate aut delectus.', 222, '2024-09-08 23:10:49', '2024-09-08 23:10:49'),
(667, 'Voluptas dolorem qui.', 'Voluptates voluptatem sed sit molestiae cum delectus accusantium. Aperiam autem et officia et recusandae. Ipsum sed quas modi id.', 223, '2024-09-08 23:10:49', '2024-09-08 23:10:49'),
(668, 'Minima reiciendis cupiditate.', 'Eaque molestias cupiditate at ipsa accusantium possimus debitis voluptatem. Asperiores quo ut nesciunt qui omnis. Eos dolor voluptatibus quidem commodi.', 223, '2024-09-08 23:10:49', '2024-09-08 23:10:49'),
(669, 'Tempora minima ipsum.', 'Quis eveniet non ratione et rem sit. Est labore illum ut quis. Dolorem voluptas et enim.', 223, '2024-09-08 23:10:49', '2024-09-08 23:10:49'),
(670, 'Quae inventore vero.', 'Dolore enim omnis nemo neque doloribus id illo. Et ut sint quasi. Saepe delectus asperiores ullam saepe libero.', 224, '2024-09-08 23:10:49', '2024-09-08 23:10:49'),
(671, 'Ad veritatis reiciendis.', 'Ullam expedita aut occaecati ut et adipisci esse. Quis earum tenetur reiciendis possimus. Excepturi asperiores et sunt beatae.', 224, '2024-09-08 23:10:49', '2024-09-08 23:10:49'),
(672, 'Eos totam qui aliquid laboriosam.', 'Eum hic perferendis harum voluptate fugit aliquam veritatis repudiandae. Et ullam deserunt ut accusantium autem in. Quaerat incidunt voluptatem neque officiis.', 224, '2024-09-08 23:10:49', '2024-09-08 23:10:49'),
(673, 'Eaque voluptate qui.', 'Ea inventore est occaecati nemo sint maxime. Aliquam commodi saepe et cupiditate. Tempora saepe nisi sequi nulla debitis expedita omnis.', 225, '2024-09-08 23:10:49', '2024-09-08 23:10:49'),
(674, 'Illo aliquid ipsa ipsum.', 'Eum tempora nisi nemo quo dolor tempore aperiam. Voluptatem enim velit hic. Esse quibusdam eaque aut deserunt sed veniam.', 225, '2024-09-08 23:10:49', '2024-09-08 23:10:49'),
(675, 'Molestias sint enim consequuntur.', 'Repudiandae cum sapiente sit molestiae maiores inventore. Ea a eius rem numquam aut tempora. Sed sunt nemo sint culpa laborum sed.', 225, '2024-09-08 23:10:49', '2024-09-08 23:10:49'),
(676, 'Eaque id quis.', 'Atque sint expedita saepe vitae amet. Sed sit consequatur laudantium et aspernatur vitae. Et non quia eum beatae molestiae harum.', 226, '2024-09-08 23:10:49', '2024-09-08 23:10:49'),
(677, 'Tempora consequatur fuga.', 'Est dignissimos voluptate dolor quod aut tenetur nobis. Et praesentium qui ipsa beatae. Eos aut veritatis facere quaerat ut.', 226, '2024-09-08 23:10:49', '2024-09-08 23:10:49'),
(678, 'Molestias voluptatem.', 'Quia nihil quas officiis cum. Dolore ut fuga non. Atque amet omnis qui velit dicta veritatis.', 226, '2024-09-08 23:10:49', '2024-09-08 23:10:49'),
(679, 'Repellendus numquam enim.', 'Rem voluptate et qui labore numquam dolores. Eveniet non praesentium voluptatem qui. Reiciendis qui recusandae quam amet consequuntur.', 227, '2024-09-08 23:10:49', '2024-09-08 23:10:49');
INSERT INTO `comments` (`id`, `subject`, `body`, `film_id`, `created_at`, `updated_at`) VALUES
(680, 'Sed non officia autem.', 'Aperiam voluptatem omnis alias nihil est. Eius corporis officiis praesentium. Molestiae sit laudantium fuga aut ut pariatur.', 227, '2024-09-08 23:10:49', '2024-09-08 23:10:49'),
(681, 'Magnam similique quibusdam eos.', 'Adipisci minima maxime eligendi delectus voluptas nisi. Et consequatur qui aut et. Nemo aliquid et suscipit consequuntur praesentium consequatur.', 227, '2024-09-08 23:10:49', '2024-09-08 23:10:49'),
(682, 'Velit necessitatibus quia.', 'Debitis laborum ut voluptatem porro. Non praesentium occaecati voluptatem libero autem dolorem. Omnis error dolor laudantium ea praesentium rerum earum.', 228, '2024-09-08 23:10:49', '2024-09-08 23:10:49'),
(683, 'Ullam et totam.', 'Qui quas odit non velit labore suscipit. Quisquam aliquid eaque molestias quidem saepe culpa nisi odit. Voluptatem delectus fuga est eaque consequatur excepturi.', 228, '2024-09-08 23:10:49', '2024-09-08 23:10:49'),
(684, 'Voluptatibus quis.', 'Commodi doloribus dolores qui alias quos recusandae ex. Ad corrupti ut ab in facere neque. Blanditiis perspiciatis dolores nam ut quia dolor.', 228, '2024-09-08 23:10:49', '2024-09-08 23:10:49'),
(685, 'Reiciendis est qui quae.', 'Pariatur veritatis asperiores debitis. Alias placeat vel debitis consectetur nihil voluptas. Ab et aspernatur est tempore doloremque ex est.', 229, '2024-09-08 23:10:49', '2024-09-08 23:10:49'),
(686, 'Dicta corporis ut.', 'Dolorem saepe aut non accusantium inventore esse. Molestiae quaerat sapiente non autem. Nobis perferendis laborum saepe aliquam quis minima voluptate quaerat.', 229, '2024-09-08 23:10:49', '2024-09-08 23:10:49'),
(687, 'Illo neque assumenda veniam.', 'Quia soluta temporibus enim aut itaque. Cumque officia quia exercitationem. Molestiae maiores quis ducimus atque ut illo illo.', 229, '2024-09-08 23:10:49', '2024-09-08 23:10:49'),
(688, 'Est odit consequuntur.', 'Ipsa aut odio in sequi dolorem distinctio aliquam. Earum autem nemo dolores omnis deleniti quasi. Dolorum unde quam et.', 230, '2024-09-08 23:10:49', '2024-09-08 23:10:49'),
(689, 'Voluptatem qui ut corrupti.', 'Voluptate et qui ut tempora. Modi reiciendis tempora doloribus at ducimus quaerat. Ut quos qui dolor in at.', 230, '2024-09-08 23:10:49', '2024-09-08 23:10:49'),
(690, 'Omnis ea laboriosam.', 'Tenetur vero laudantium nam aliquam dolor est aut. Velit impedit quia deleniti. Quia qui voluptas et magni voluptas maxime omnis cumque.', 230, '2024-09-08 23:10:49', '2024-09-08 23:10:49'),
(691, 'Quo eos voluptate assumenda.', 'Occaecati expedita necessitatibus nihil. Autem aut nisi cupiditate rerum vitae doloremque. Doloremque qui dolore quis maiores non enim.', 231, '2024-09-08 23:10:49', '2024-09-08 23:10:49'),
(692, 'Placeat ab aut.', 'Pariatur voluptatem eum veniam nobis et officia quaerat autem. Rerum cumque similique quasi eius. Tenetur consequuntur suscipit quos ipsam.', 231, '2024-09-08 23:10:49', '2024-09-08 23:10:49'),
(693, 'Inventore aliquam incidunt.', 'Laudantium ut tempora necessitatibus eaque. Dolor eligendi autem numquam magnam nobis. Error sit qui ut eum sint quibusdam.', 231, '2024-09-08 23:10:49', '2024-09-08 23:10:49'),
(694, 'Vel error.', 'In hic in et. Molestias architecto in cupiditate tempore qui culpa porro. Nemo non non distinctio assumenda dolores.', 232, '2024-09-08 23:10:49', '2024-09-08 23:10:49'),
(695, 'Incidunt consequatur blanditiis.', 'Consequatur quos in voluptatem quas voluptatem commodi vel. Nemo alias quasi fugit accusamus ipsum qui deserunt. Fugit qui natus sint quis quos.', 232, '2024-09-08 23:10:49', '2024-09-08 23:10:49'),
(696, 'Magnam qui ab.', 'Nostrum ut voluptatem dicta et reprehenderit qui. Mollitia possimus delectus magni ut quia autem. Dolores doloremque cumque totam reiciendis sapiente.', 232, '2024-09-08 23:10:49', '2024-09-08 23:10:49'),
(697, 'Laborum aut ipsam quia.', 'Modi quis nobis impedit illo qui dolore error. At qui nulla corporis porro necessitatibus quia necessitatibus. In hic qui non.', 233, '2024-09-08 23:10:49', '2024-09-08 23:10:49'),
(698, 'Rerum magnam autem.', 'Aut qui officia iusto eum natus. Ut eos fugit officiis. Recusandae molestias maiores excepturi omnis dolorem enim voluptatum.', 233, '2024-09-08 23:10:49', '2024-09-08 23:10:49'),
(699, 'Alias vel distinctio modi.', 'Non in ea et mollitia modi debitis. Eum expedita suscipit quod id. Quo quibusdam repudiandae qui sed ut possimus soluta repellat.', 233, '2024-09-08 23:10:49', '2024-09-08 23:10:49'),
(700, 'Asperiores aut nobis ut.', 'Unde aspernatur earum natus. Sequi dolorem exercitationem aliquam quis eos. Magnam reiciendis et dicta alias eligendi.', 234, '2024-09-08 23:10:49', '2024-09-08 23:10:49'),
(701, 'Et velit beatae repellendus.', 'Ut perspiciatis esse sunt quo. Laudantium iusto porro voluptatibus vitae. Voluptas tempora voluptatibus autem quasi.', 234, '2024-09-08 23:10:49', '2024-09-08 23:10:49'),
(702, 'Consequatur voluptate.', 'Nesciunt dolorem omnis sed deserunt. Possimus ut non nulla. Ut esse et odit nostrum enim consequatur.', 234, '2024-09-08 23:10:49', '2024-09-08 23:10:49'),
(703, 'Ullam et maxime voluptatem.', 'Occaecati aut similique quo dolorem sit non ut. Aliquam numquam eligendi dolores non. Adipisci consequuntur veritatis ducimus ut commodi velit.', 235, '2024-09-08 23:10:49', '2024-09-08 23:10:49'),
(704, 'Adipisci perspiciatis iusto.', 'Corporis sed doloribus voluptatem sunt. Suscipit reprehenderit odit ducimus voluptate iusto numquam aspernatur. Enim nemo dolorum saepe cupiditate.', 235, '2024-09-08 23:10:49', '2024-09-08 23:10:49'),
(705, 'Ipsam tenetur delectus.', 'Facilis beatae magnam qui aut autem. Distinctio in odit est voluptatem. Minus magni soluta et possimus natus incidunt ut earum.', 235, '2024-09-08 23:10:49', '2024-09-08 23:10:49'),
(706, 'Velit debitis maxime.', 'Voluptatum aut explicabo quasi assumenda culpa quae harum voluptas. Ut aliquam explicabo voluptatem quia. Iste magni et in eum qui aperiam.', 236, '2024-09-08 23:10:49', '2024-09-08 23:10:49'),
(707, 'Esse totam qui.', 'Aut occaecati rerum praesentium occaecati. Quia facere ut facere est molestias et provident in. Deleniti enim fugit ut aut iusto et.', 236, '2024-09-08 23:10:49', '2024-09-08 23:10:49'),
(708, 'Quia officia ab.', 'Cupiditate labore recusandae est blanditiis voluptatem voluptatem et. Est libero autem eligendi occaecati. Sed deleniti perferendis maiores.', 236, '2024-09-08 23:10:49', '2024-09-08 23:10:49'),
(709, 'Fugit non dignissimos.', 'Repellendus commodi consequuntur voluptatem magnam culpa. Illum et in harum maiores dolorum. Nisi omnis excepturi in et dolorem ducimus.', 237, '2024-09-08 23:10:49', '2024-09-08 23:10:49'),
(710, 'Et voluptatum itaque.', 'Est ipsa sed possimus. Totam veniam at unde est consectetur cupiditate est id. Labore accusamus est ut non facere nemo.', 237, '2024-09-08 23:10:49', '2024-09-08 23:10:49'),
(711, 'Nihil reiciendis ut.', 'Temporibus rem et nemo deleniti. Fuga omnis non accusantium. Culpa impedit id delectus culpa nihil.', 237, '2024-09-08 23:10:49', '2024-09-08 23:10:49'),
(712, 'Excepturi eligendi facilis nemo.', 'Et autem praesentium recusandae rem. Quidem voluptates rerum exercitationem est omnis et. Laborum eum sunt saepe sequi repellendus.', 238, '2024-09-08 23:10:49', '2024-09-08 23:10:49'),
(713, 'Perspiciatis saepe.', 'Tenetur perferendis earum molestiae iste architecto. Molestiae non officiis quidem et eum. Voluptates quos esse et iste.', 238, '2024-09-08 23:10:49', '2024-09-08 23:10:49'),
(714, 'Ducimus dolore sunt.', 'Commodi dolores accusamus modi quos. Voluptas iure vero dolorum sit pariatur. Nulla voluptatum inventore quasi.', 238, '2024-09-08 23:10:49', '2024-09-08 23:10:49'),
(715, 'Atque harum hic nulla.', 'Eveniet iste architecto nihil velit quod asperiores. Cumque necessitatibus culpa sit possimus quis saepe aliquam. Sed amet quod est ratione.', 239, '2024-09-08 23:10:49', '2024-09-08 23:10:49'),
(716, 'Sunt voluptas laborum.', 'Ab dicta quia et quas saepe. Autem molestiae aut non et aperiam laboriosam. Ea voluptatibus quo fuga est.', 239, '2024-09-08 23:10:49', '2024-09-08 23:10:49'),
(717, 'Quia doloremque temporibus.', 'Laborum cumque architecto temporibus est enim laborum et non. Qui delectus veniam at aliquid. Blanditiis rerum laborum sequi.', 239, '2024-09-08 23:10:49', '2024-09-08 23:10:49'),
(718, 'Numquam molestiae debitis.', 'A dolor quia adipisci neque nisi sapiente iure. Repellat doloribus voluptas temporibus ut. Impedit eum excepturi quam ex molestias eveniet.', 240, '2024-09-08 23:10:49', '2024-09-08 23:10:49'),
(719, 'Labore deserunt eos assumenda.', 'Incidunt labore et ut rerum sequi dolores et. Amet dolorum molestiae aut ipsum corrupti dicta. Ut voluptatem omnis natus sed vitae.', 240, '2024-09-08 23:10:49', '2024-09-08 23:10:49'),
(720, 'Hic et ea.', 'Minus debitis sit ipsum cupiditate aut labore. Nesciunt vero est eligendi culpa. Vero est est omnis blanditiis natus et.', 240, '2024-09-08 23:10:49', '2024-09-08 23:10:49'),
(721, 'Delectus odio delectus.', 'Amet voluptatem in aut. Vel repellat nihil dolor dignissimos laborum alias. Esse aut aut eius corporis et.', 241, '2024-09-08 23:10:49', '2024-09-08 23:10:49'),
(722, 'Eos aut quod.', 'Deserunt quia dolores quia voluptate culpa. Eaque ut est distinctio quasi. Non voluptate rerum asperiores quas quo in.', 241, '2024-09-08 23:10:49', '2024-09-08 23:10:49'),
(723, 'Culpa aut non.', 'Est dolorem inventore nesciunt. Architecto dolores nihil eveniet repellendus quis nulla corporis. Provident sint est molestiae sint esse sapiente et.', 241, '2024-09-08 23:10:49', '2024-09-08 23:10:49'),
(724, 'Illum ut cum hic.', 'Quis sit veritatis facere ut illo. Aut sequi aut hic et. Quia quas harum ad eligendi voluptatum animi qui.', 242, '2024-09-08 23:10:49', '2024-09-08 23:10:49'),
(725, 'Impedit soluta magni aut.', 'Et pariatur qui quas aut repellat mollitia. Voluptas sed sit aut iure sequi cupiditate aliquid reprehenderit. Eaque quasi impedit quia nihil.', 242, '2024-09-08 23:10:49', '2024-09-08 23:10:49'),
(726, 'Nostrum sequi pariatur.', 'Voluptatum animi accusantium corporis distinctio molestiae suscipit. Quod praesentium architecto veniam dignissimos harum ad veritatis. Nisi et atque voluptatem harum pariatur consequatur id.', 242, '2024-09-08 23:10:49', '2024-09-08 23:10:49'),
(727, 'Assumenda repellendus officiis.', 'Voluptas id iure nostrum quis esse. Autem soluta itaque voluptatum qui cum cum vitae. Repellendus vero debitis ipsa consectetur.', 243, '2024-09-08 23:10:49', '2024-09-08 23:10:49'),
(728, 'Accusamus provident enim.', 'Blanditiis velit rerum quaerat sit et est ad. Explicabo enim quia repellat dolorem. Fugit et id molestiae aut.', 243, '2024-09-08 23:10:49', '2024-09-08 23:10:49'),
(729, 'Dignissimos cum ipsam.', 'Quia exercitationem sed et nostrum magni. Debitis sapiente sit ex consequatur nesciunt. Aperiam mollitia velit dolores ut quo tempora ut.', 243, '2024-09-08 23:10:49', '2024-09-08 23:10:49'),
(730, 'Rerum voluptatem corrupti nihil.', 'Possimus vero vel facere sunt fuga expedita qui. Aut est animi veniam. Ut sunt id ipsa non nihil et ut.', 244, '2024-09-08 23:10:49', '2024-09-08 23:10:49'),
(731, 'Optio sapiente.', 'Optio ad nihil quia cupiditate. Dolorum sint ipsam beatae dolores voluptatem accusantium quia. Deserunt illum aut in perferendis rerum.', 244, '2024-09-08 23:10:49', '2024-09-08 23:10:49'),
(732, 'Nemo id tempora.', 'Nemo voluptatibus nihil architecto odit alias quod et. Eligendi ad voluptatibus animi dolor labore sed quisquam est. Ipsum placeat et rem dolorem quasi et porro.', 244, '2024-09-08 23:10:49', '2024-09-08 23:10:49'),
(733, 'Et expedita error.', 'Esse molestiae commodi id velit doloribus. Consequatur in labore facere eos qui quis autem aut. Inventore rerum quod placeat repellendus quis.', 245, '2024-09-08 23:10:49', '2024-09-08 23:10:49'),
(734, 'Et qui et nesciunt.', 'Sed labore natus officiis ratione possimus. Excepturi ut ducimus voluptas reiciendis et qui. At omnis qui maiores officia iusto repellendus assumenda.', 245, '2024-09-08 23:10:49', '2024-09-08 23:10:49'),
(735, 'Quia eum delectus amet.', 'Facere soluta inventore reiciendis unde omnis. Ea et non sunt. Quae omnis magni placeat.', 245, '2024-09-08 23:10:49', '2024-09-08 23:10:49'),
(736, 'Natus necessitatibus.', 'Numquam dolores sunt unde molestiae et animi ipsa dolorem. Est et minima similique culpa voluptatibus ea. Voluptatem corrupti cum ut et quod consequatur.', 246, '2024-09-08 23:10:49', '2024-09-08 23:10:49'),
(737, 'Aut aut.', 'Fugiat tempora voluptatum doloribus rerum voluptates. Non esse consequuntur voluptate et fugiat quos. Assumenda sint sequi qui.', 246, '2024-09-08 23:10:49', '2024-09-08 23:10:49'),
(738, 'Qui et magni.', 'Qui occaecati aut et sed exercitationem sit. Consequatur minus corporis neque ut reprehenderit eius. Est est ullam temporibus quaerat.', 246, '2024-09-08 23:10:49', '2024-09-08 23:10:49'),
(739, 'Et numquam ea error.', 'Qui enim ut iste nisi. Et cumque repellendus est accusamus asperiores assumenda magnam. Et sapiente expedita maxime vel voluptates.', 247, '2024-09-08 23:10:49', '2024-09-08 23:10:49'),
(740, 'Quia voluptatem quia et.', 'Nulla id consequatur repellat provident sequi minus accusantium. Ad aut nostrum molestiae magnam. Quos minus in consequuntur aut velit iure tenetur.', 247, '2024-09-08 23:10:49', '2024-09-08 23:10:49'),
(741, 'Dolore et esse.', 'Et aliquid ut soluta distinctio ullam. Ut quis enim labore non nulla autem eaque. Quidem labore suscipit eius vero magnam incidunt autem.', 247, '2024-09-08 23:10:49', '2024-09-08 23:10:49'),
(742, 'Ab optio neque quibusdam.', 'Sed odio similique velit nisi quia dolorum debitis voluptatibus. Veniam adipisci optio qui. Eligendi eligendi enim nostrum est.', 248, '2024-09-08 23:10:49', '2024-09-08 23:10:49'),
(743, 'Vel rerum laborum nobis.', 'Ut enim impedit alias. Sapiente possimus ex iste officiis. Pariatur esse quas nesciunt cupiditate magni nisi ratione perferendis.', 248, '2024-09-08 23:10:49', '2024-09-08 23:10:49'),
(744, 'Maxime nulla repellat.', 'Aut quam totam voluptatem quia. Commodi id ipsa perferendis maiores. Necessitatibus quia consectetur vel sapiente eveniet.', 248, '2024-09-08 23:10:49', '2024-09-08 23:10:49'),
(745, 'Esse numquam incidunt.', 'Voluptatem iure est sit natus repudiandae. Aut assumenda optio aut itaque iure exercitationem. In vero culpa dolor porro minima debitis.', 249, '2024-09-08 23:10:49', '2024-09-08 23:10:49'),
(746, 'Odit repellat rerum reprehenderit.', 'Amet temporibus eos culpa provident et neque. Ut voluptates cupiditate corrupti vel placeat. Et nemo qui hic dolor.', 249, '2024-09-08 23:10:49', '2024-09-08 23:10:49'),
(747, 'Accusantium incidunt omnis harum.', 'Eos cupiditate omnis rerum sit. Consequatur quia sunt ad ducimus. Et quia nam molestias et molestiae.', 249, '2024-09-08 23:10:49', '2024-09-08 23:10:49'),
(748, 'Laboriosam dolor.', 'Sunt debitis molestiae harum est modi. Exercitationem velit quod optio fugiat fugit ipsum. Facilis vel fugit ullam numquam.', 250, '2024-09-08 23:10:49', '2024-09-08 23:10:49'),
(749, 'Nisi et nemo.', 'Et facere veritatis aperiam sunt quibusdam. Autem unde ut suscipit. Maiores iusto eveniet soluta inventore eos ea.', 250, '2024-09-08 23:10:49', '2024-09-08 23:10:49'),
(750, 'Fugit distinctio non.', 'Iste maiores vero magni eum aspernatur. Non at labore inventore sint. Vel veritatis laudantium et incidunt ratione amet.', 250, '2024-09-08 23:10:49', '2024-09-08 23:10:49'),
(751, 'Praesentium eligendi.', 'Optio sed vero tempore incidunt et accusantium dolorem. Natus debitis cum magni quia suscipit eaque. Cumque saepe asperiores nihil sed.', 251, '2024-09-08 23:10:50', '2024-09-08 23:10:50'),
(752, 'Ut saepe.', 'Voluptatum dolorum et iusto ut nesciunt. Eveniet in dolorem temporibus. Qui temporibus facilis ut placeat sunt enim.', 251, '2024-09-08 23:10:50', '2024-09-08 23:10:50'),
(753, 'Quod occaecati ullam.', 'In explicabo voluptatem mollitia deserunt dicta ea totam. Impedit dolor laudantium nam deleniti aliquam qui. A accusamus eveniet voluptates modi veritatis et.', 251, '2024-09-08 23:10:50', '2024-09-08 23:10:50'),
(754, 'Eos omnis recusandae.', 'Quisquam harum eum pariatur consequatur magnam odio. Et dolor dolorum labore odit atque nemo tempora. Corrupti voluptas deleniti aut praesentium dolor unde est.', 252, '2024-09-08 23:10:50', '2024-09-08 23:10:50'),
(755, 'Odit vero quisquam ut.', 'Nostrum voluptatem laboriosam suscipit dolorem. Magnam est velit ut ea qui ullam ex. Ea repellat architecto totam.', 252, '2024-09-08 23:10:50', '2024-09-08 23:10:50'),
(756, 'Impedit perspiciatis quaerat.', 'Voluptas voluptatem odio hic asperiores repudiandae veniam qui quas. Natus sed at ut sint eum cumque. Culpa numquam quae laboriosam et quisquam cum.', 252, '2024-09-08 23:10:50', '2024-09-08 23:10:50'),
(757, 'Dignissimos quia iste.', 'Temporibus deleniti debitis ullam sed cumque. Nihil quasi est vero. Ea molestias totam sunt minus.', 253, '2024-09-08 23:10:50', '2024-09-08 23:10:50'),
(758, 'Omnis dolorum.', 'Aut nobis eligendi alias temporibus sed et deserunt. Numquam non ipsam doloremque. Aut rerum omnis ut odio sint.', 253, '2024-09-08 23:10:50', '2024-09-08 23:10:50'),
(759, 'Atque autem voluptates.', 'Qui sint recusandae eum eius rerum aut. Delectus magni distinctio qui est aut. Rem nesciunt veniam qui consequatur.', 253, '2024-09-08 23:10:50', '2024-09-08 23:10:50'),
(760, 'In necessitatibus illo eum.', 'Quaerat sint vero sed debitis. Quisquam quo corporis odio culpa quisquam earum sequi. Dolore qui unde ut ab fugit reiciendis dolores.', 254, '2024-09-08 23:10:50', '2024-09-08 23:10:50'),
(761, 'Consequatur odit a.', 'Illo architecto blanditiis quam quo quo. Alias fuga rem vero. Et autem necessitatibus quis dolores quia aspernatur.', 254, '2024-09-08 23:10:50', '2024-09-08 23:10:50'),
(762, 'Animi qui voluptas.', 'Quis unde consectetur quae ipsa ratione perferendis. Cum quae ea omnis quas iure illo. Dolor vel voluptatum vel molestiae et qui velit id.', 254, '2024-09-08 23:10:50', '2024-09-08 23:10:50'),
(763, 'Nulla labore.', 'Optio sint architecto expedita harum. Rerum perspiciatis ducimus vel aut. Voluptates ea non culpa est perferendis itaque odit.', 255, '2024-09-08 23:10:50', '2024-09-08 23:10:50'),
(764, 'Quam quis expedita exercitationem.', 'Saepe dolor sit ea facilis eos qui non quo. Quibusdam ab quia corrupti assumenda unde facilis. Tempora dolorum et adipisci sint qui.', 255, '2024-09-08 23:10:50', '2024-09-08 23:10:50'),
(765, 'Error quo.', 'A recusandae eum voluptas id iure sint sequi. Illum vero eveniet quo eaque dolorem. Ea dolorem molestiae eaque qui natus et earum.', 255, '2024-09-08 23:10:50', '2024-09-08 23:10:50'),
(766, 'Est consequatur aspernatur assumenda.', 'Repellendus sequi velit quibusdam sunt sunt. Tempore corrupti et earum fuga. Ut cupiditate id omnis et odio quisquam excepturi.', 256, '2024-09-08 23:10:50', '2024-09-08 23:10:50'),
(767, 'Consequatur nisi temporibus ducimus.', 'Commodi odit numquam eos debitis. Nihil quo aut consectetur sed impedit debitis placeat explicabo. Nobis excepturi ullam sit et laudantium.', 256, '2024-09-08 23:10:50', '2024-09-08 23:10:50'),
(768, 'Pariatur iusto quae.', 'Adipisci ab a qui dolores ipsam at. Eveniet ut consectetur corrupti praesentium. Ipsum vero amet quam rerum minima.', 256, '2024-09-08 23:10:50', '2024-09-08 23:10:50'),
(769, 'Est ut quae modi.', 'Quae veniam aperiam eos debitis est voluptate. Dolore harum sunt unde dolore neque est. Hic voluptate odit pariatur est doloremque rerum sed.', 257, '2024-09-08 23:10:50', '2024-09-08 23:10:50'),
(770, 'Sunt quos velit neque.', 'Totam ducimus laboriosam dolorem odit et. Error quia ut et nisi est. Odit molestias mollitia sit enim et soluta delectus.', 257, '2024-09-08 23:10:50', '2024-09-08 23:10:50'),
(771, 'Aut dolorem suscipit dolores.', 'Est ducimus dolor rem voluptatem. Magni numquam recusandae quam harum qui facere nisi. Quae vel tempora eius dolores.', 257, '2024-09-08 23:10:50', '2024-09-08 23:10:50'),
(772, 'Quibusdam recusandae nostrum tenetur.', 'Perferendis sunt nisi ad voluptatibus. Libero qui sunt non velit praesentium ut facere. Minus sequi facere voluptas ut velit ea.', 258, '2024-09-08 23:10:50', '2024-09-08 23:10:50'),
(773, 'Deleniti ut tempore.', 'Sapiente rerum maxime quia praesentium. Aut magnam amet dolores sint. Porro tempore sint animi voluptas.', 258, '2024-09-08 23:10:50', '2024-09-08 23:10:50'),
(774, 'Beatae aut quos incidunt dignissimos.', 'Et vel quidem ut. Rerum ut eum delectus dolorum. Voluptate earum et odit alias eos.', 258, '2024-09-08 23:10:50', '2024-09-08 23:10:50'),
(775, 'Nesciunt et labore fugit.', 'Iusto totam voluptatem nobis perferendis ut. Qui perferendis dolor totam. Aspernatur quis vel voluptas laudantium repudiandae.', 259, '2024-09-08 23:10:50', '2024-09-08 23:10:50'),
(776, 'Quidem aliquam veritatis.', 'Et rerum impedit vel qui. Accusantium quo temporibus nesciunt ut. Et consequatur tempora vel eaque quisquam iure.', 259, '2024-09-08 23:10:50', '2024-09-08 23:10:50'),
(777, 'Perspiciatis aut error voluptas.', 'Voluptas recusandae adipisci vel. Optio recusandae nesciunt ut quo veniam tempore ipsa eaque. Numquam omnis cupiditate unde accusamus tempore tempore quam.', 259, '2024-09-08 23:10:50', '2024-09-08 23:10:50'),
(778, 'Corrupti nesciunt.', 'Iste eos ducimus et veritatis rerum dignissimos. Quasi voluptate consequatur illum assumenda similique. Velit sunt voluptatem est sint.', 260, '2024-09-08 23:10:50', '2024-09-08 23:10:50'),
(779, 'Sunt ut accusamus quae.', 'Dolorum impedit quo labore et. Quae non alias tenetur voluptatem facilis voluptates. Cum aut omnis aut expedita beatae ipsam ut.', 260, '2024-09-08 23:10:50', '2024-09-08 23:10:50'),
(780, 'Vel cum quia.', 'Molestias praesentium quae sint repellat at. Quibusdam earum at cupiditate dolorem culpa. Aut maiores neque quia expedita voluptas.', 260, '2024-09-08 23:10:50', '2024-09-08 23:10:50'),
(781, 'Qui voluptatem ipsam libero.', 'Cupiditate autem corrupti illum dicta quas minima. Totam perferendis id ad animi porro enim id quia. Odio iusto dolorem dolores hic rerum non adipisci.', 261, '2024-09-08 23:10:50', '2024-09-08 23:10:50'),
(782, 'Eos in eius vel.', 'Possimus et quia rerum dolores est veniam. Consequatur odit rerum id autem earum non sed. Magni dolorum eum et velit nobis ad.', 261, '2024-09-08 23:10:50', '2024-09-08 23:10:50'),
(783, 'Aut dignissimos molestiae natus.', 'Facilis eos autem quasi. Laborum consequatur consequuntur accusamus veritatis quasi. Aut cumque iure sequi molestiae et debitis.', 261, '2024-09-08 23:10:50', '2024-09-08 23:10:50'),
(784, 'Nam eos est.', 'Totam unde voluptate dicta. Consequatur quis quia vel ipsam officiis aut perspiciatis. Eveniet eveniet sed dolores aut.', 262, '2024-09-08 23:10:50', '2024-09-08 23:10:50'),
(785, 'Molestiae quia non vel.', 'Qui blanditiis quo iure asperiores quo. Molestias quas aut blanditiis ipsa veniam quidem quasi. Dolorem neque autem itaque quas voluptatem praesentium.', 262, '2024-09-08 23:10:50', '2024-09-08 23:10:50'),
(786, 'Id minima.', 'Aut exercitationem distinctio ut molestiae rerum at fugit dolorum. Saepe ut sit et in eos minima. Omnis et modi numquam id nisi fugiat.', 262, '2024-09-08 23:10:50', '2024-09-08 23:10:50'),
(787, 'Perferendis incidunt voluptatem.', 'Ut voluptate vitae atque porro exercitationem. Laudantium ab aperiam aut doloremque quo sed placeat. Voluptas amet consectetur praesentium nisi soluta.', 263, '2024-09-08 23:10:50', '2024-09-08 23:10:50'),
(788, 'Hic quia est magnam saepe.', 'Corrupti nobis itaque sunt doloribus repellendus eaque quas. Dicta pariatur qui provident eos perspiciatis accusantium. Id et et sit qui accusantium.', 263, '2024-09-08 23:10:50', '2024-09-08 23:10:50'),
(789, 'Dolore rerum enim.', 'Consectetur fuga qui quae. Fuga quaerat alias aspernatur rerum possimus nihil. Qui vitae molestiae sunt nam.', 263, '2024-09-08 23:10:50', '2024-09-08 23:10:50'),
(790, 'Odio nemo fugiat quis.', 'Eius ducimus eveniet ab officia eos maiores quis. Quis cumque quas nisi omnis. Fugit aut sunt enim aut qui.', 264, '2024-09-08 23:10:50', '2024-09-08 23:10:50'),
(791, 'Tempore temporibus enim ducimus.', 'Quasi exercitationem beatae sunt blanditiis ipsum. Voluptates inventore tempore nostrum a. Eum dolorem dolores autem qui at.', 264, '2024-09-08 23:10:50', '2024-09-08 23:10:50'),
(792, 'Et aut repudiandae fugit.', 'Placeat adipisci vitae reiciendis quibusdam. Placeat eius repudiandae voluptate sit rerum alias in. Sit alias enim qui repellendus sed.', 264, '2024-09-08 23:10:50', '2024-09-08 23:10:50'),
(793, 'Quibusdam dicta minima.', 'Commodi accusantium aut sed odio ex modi. Aut et pariatur culpa aperiam mollitia. Deserunt non nesciunt est natus rerum quibusdam omnis.', 265, '2024-09-08 23:10:50', '2024-09-08 23:10:50'),
(794, 'Consequatur ut quaerat aut.', 'Esse esse voluptates ipsam labore reprehenderit laborum ut. Pariatur libero beatae mollitia. Velit quisquam hic magnam veritatis quam voluptatem impedit magnam.', 265, '2024-09-08 23:10:50', '2024-09-08 23:10:50'),
(795, 'Enim iste distinctio.', 'Ut ut inventore magnam sed. Similique maiores alias iusto et. Quos minima enim sit enim.', 265, '2024-09-08 23:10:50', '2024-09-08 23:10:50');

-- --------------------------------------------------------

--
-- Структура таблиці `companies`
--

CREATE TABLE `companies` (
  `id` int UNSIGNED NOT NULL,
  `title` varchar(255) COLLATE utf8mb4_unicode_ci NOT NULL,
  `slug` varchar(255) COLLATE utf8mb4_unicode_ci NOT NULL,
  `created_at` timestamp NULL DEFAULT NULL,
  `updated_at` timestamp NULL DEFAULT NULL
) ENGINE=InnoDB DEFAULT CHARSET=utf8mb4 COLLATE=utf8mb4_unicode_ci;

--
-- Дамп даних таблиці `companies`
--

INSERT INTO `companies` (`id`, `title`, `slug`, `created_at`, `updated_at`) VALUES
(1, '1492 Pictures', '1492-pictures', '2024-09-08 23:10:23', '2024-09-08 23:10:23'),
(2, '20th Century Fox', '20th-century-fox', '2024-09-08 23:10:23', '2024-09-08 23:10:23'),
(3, '3 Arts Entertainment', '3-arts-entertainment', '2024-09-08 23:10:23', '2024-09-08 23:10:23'),
(4, '3 in the Box', '3-in-the-box', '2024-09-08 23:10:23', '2024-09-08 23:10:23'),
(5, '5150 Action', '5150-action', '2024-09-08 23:10:23', '2024-09-08 23:10:23'),
(6, '87Eleven', '87eleven', '2024-09-08 23:10:23', '2024-09-08 23:10:23'),
(7, 'A Band Apart', 'a-band-apart', '2024-09-08 23:10:23', '2024-09-08 23:10:23'),
(8, 'AAC Kids', 'aac-kids', '2024-09-08 23:10:23', '2024-09-08 23:10:23'),
(9, 'ABC', 'abc', '2024-09-08 23:10:23', '2024-09-08 23:10:23'),
(10, 'Abominable Pictures', 'abominable-pictures', '2024-09-08 23:10:23', '2024-09-08 23:10:23'),
(11, 'AFG Talons Productions', 'afg-talons-productions', '2024-09-08 23:10:23', '2024-09-08 23:10:23'),
(12, 'Aggregate Films', 'aggregate-films', '2024-09-08 23:10:23', '2024-09-08 23:10:23'),
(13, 'Alcon Entertainment', 'alcon-entertainment', '2024-09-08 23:10:23', '2024-09-08 23:10:23'),
(14, 'Aldamisa Entertainment', 'aldamisa-entertainment', '2024-09-08 23:10:23', '2024-09-08 23:10:23'),
(15, 'Alien Productions', 'alien-productions', '2024-09-08 23:10:23', '2024-09-08 23:10:23'),
(16, 'Alliance Communications Corporation', 'alliance-communications-corporation', '2024-09-08 23:10:23', '2024-09-08 23:10:23'),
(17, 'Allied Filmmakers', 'allied-filmmakers', '2024-09-08 23:10:23', '2024-09-08 23:10:23'),
(18, 'Allison Shearmur Productions', 'allison-shearmur-productions', '2024-09-08 23:10:23', '2024-09-08 23:10:23'),
(19, 'Ambience Entertainment', 'ambience-entertainment', '2024-09-08 23:10:23', '2024-09-08 23:10:23'),
(20, 'Amblin', 'amblin', '2024-09-08 23:10:23', '2024-09-08 23:10:23'),
(21, 'Amercent Films', 'amercent-films', '2024-09-08 23:10:23', '2024-09-08 23:10:23'),
(22, 'American Empirical Pictures', 'american-empirical-pictures', '2024-09-08 23:10:23', '2024-09-08 23:10:23'),
(23, 'American Entertainment Partners L.P.', 'american-entertainment-partners-lp', '2024-09-08 23:10:23', '2024-09-08 23:10:23'),
(24, 'Amigos de Garcia Productions', 'amigos-de-garcia-productions', '2024-09-08 23:10:23', '2024-09-08 23:10:23'),
(25, 'Anabasis N.V.', 'anabasis-nv', '2024-09-08 23:10:23', '2024-09-08 23:10:23'),
(26, 'Andrzej Bartkowiak Films', 'andrzej-bartkowiak-films', '2024-09-08 23:10:23', '2024-09-08 23:10:23'),
(27, 'Apatow Productions', 'apatow-productions', '2024-09-08 23:10:23', '2024-09-08 23:10:23'),
(28, 'Apipoulai', 'apipoulai', '2024-09-08 23:10:23', '2024-09-08 23:10:23'),
(29, 'ARP Selection', 'arp-selection', '2024-09-08 23:10:23', '2024-09-08 23:10:23'),
(30, 'Artistes Associés', 'artistes-associes', '2024-09-08 23:10:23', '2024-09-08 23:10:23'),
(31, 'Artists First', 'artists-first', '2024-09-08 23:10:23', '2024-09-08 23:10:23'),
(32, 'AR-TL', 'ar-tl', '2024-09-08 23:10:23', '2024-09-08 23:10:23'),
(33, 'Astral Programming Enterprises', 'astral-programming-enterprises', '2024-09-08 23:10:23', '2024-09-08 23:10:23'),
(34, 'Atman Entertainment', 'atman-entertainment', '2024-09-08 23:10:23', '2024-09-08 23:10:23'),
(35, 'Atmosphere Entertainment MM', 'atmosphere-entertainment-mm', '2024-09-08 23:10:23', '2024-09-08 23:10:23'),
(36, 'Avary', 'avary', '2024-09-08 23:10:23', '2024-09-08 23:10:23'),
(37, 'Avi Arad Productions', 'avi-arad-productions', '2024-09-08 23:10:23', '2024-09-08 23:10:23'),
(38, 'Babylonian Productions', 'babylonian-productions', '2024-09-08 23:10:23', '2024-09-08 23:10:23'),
(39, 'Bad Robot', 'bad-robot', '2024-09-08 23:10:23', '2024-09-08 23:10:23'),
(40, 'Balcor Film Investors', 'balcor-film-investors', '2024-09-08 23:10:23', '2024-09-08 23:10:23'),
(41, 'Baltimore Pictures', 'baltimore-pictures', '2024-09-08 23:10:23', '2024-09-08 23:10:23'),
(42, 'Baltimore Spring Creek Productions', 'baltimore-spring-creek-productions', '2024-09-08 23:10:23', '2024-09-08 23:10:23'),
(43, 'Battlefield Productions LLC', 'battlefield-productions-llc', '2024-09-08 23:10:23', '2024-09-08 23:10:23'),
(44, 'Bays Thomas Productions', 'bays-thomas-productions', '2024-09-08 23:10:23', '2024-09-08 23:10:23'),
(45, 'BBC Wales', 'bbc-wales', '2024-09-08 23:10:23', '2024-09-08 23:10:23'),
(46, 'Belisarius Productions', 'belisarius-productions', '2024-09-08 23:10:23', '2024-09-08 23:10:23'),
(47, 'Belvision', 'belvision', '2024-09-08 23:10:23', '2024-09-08 23:10:23'),
(48, 'BenderSpink', 'benderspink', '2024-09-08 23:10:23', '2024-09-08 23:10:23'),
(49, 'Black Hangar Studios', 'black-hangar-studios', '2024-09-08 23:10:23', '2024-09-08 23:10:23'),
(50, 'Black Rhino Productions', 'black-rhino-productions', '2024-09-08 23:10:23', '2024-09-08 23:10:23'),
(51, 'Blackjack Films', 'blackjack-films', '2024-09-08 23:10:23', '2024-09-08 23:10:23'),
(52, 'Blue Tulip Productions', 'blue-tulip-productions', '2024-09-08 23:10:23', '2024-09-08 23:10:23'),
(53, 'Bluebush Productions', 'bluebush-productions', '2024-09-08 23:10:23', '2024-09-08 23:10:23'),
(54, 'Blumhouse Productions', 'blumhouse-productions', '2024-09-08 23:10:23', '2024-09-08 23:10:23'),
(55, 'Boies/Schiller Film Group', 'boiesschiller-film-group', '2024-09-08 23:10:23', '2024-09-08 23:10:23'),
(56, 'Boy of the Year', 'boy-of-the-year', '2024-09-08 23:10:23', '2024-09-08 23:10:23'),
(57, 'BPS Babelsberg Production ', 'bps-babelsberg-production', '2024-09-08 23:10:23', '2024-09-08 23:10:23'),
(58, 'Brad Grey Pictures', 'brad-grey-pictures', '2024-09-08 23:10:23', '2024-09-08 23:10:23'),
(59, 'Braveworld Productions', 'braveworld-productions', '2024-09-08 23:10:23', '2024-09-08 23:10:23'),
(60, 'Bright/Kauffman/Crane Productions', 'brightkauffmancrane-productions', '2024-09-08 23:10:23', '2024-09-08 23:10:23'),
(61, 'Brillstein-Grey Entertainment', 'brillstein-grey-entertainment', '2024-09-08 23:10:23', '2024-09-08 23:10:23'),
(62, 'Broadway Pictures', 'broadway-pictures', '2024-09-08 23:10:23', '2024-09-08 23:10:23'),
(63, 'Brooklyn Films II', 'brooklyn-films-ii', '2024-09-08 23:10:23', '2024-09-08 23:10:23'),
(64, 'C-2 Pictures', 'c-2-pictures', '2024-09-08 23:10:23', '2024-09-08 23:10:23'),
(65, 'Camelot Pictures', 'camelot-pictures', '2024-09-08 23:10:23', '2024-09-08 23:10:23'),
(66, 'Canal+', 'canal', '2024-09-08 23:10:23', '2024-09-08 23:10:23'),
(67, 'Capella International', 'capella-international', '2024-09-08 23:10:23', '2024-09-08 23:10:23'),
(68, 'Carolco Pictures', 'carolco-pictures', '2024-09-08 23:10:23', '2024-09-08 23:10:23'),
(69, 'Cartoon Network Studios', 'cartoon-network-studios', '2024-09-08 23:10:23', '2024-09-08 23:10:23'),
(70, 'Castle Rock Entertainment', 'castle-rock-entertainment', '2024-09-08 23:10:23', '2024-09-08 23:10:23'),
(71, 'CBS', 'cbs', '2024-09-08 23:10:23', '2024-09-08 23:10:23'),
(72, 'Centre national du cinéma et de l’image animée (CNC)', 'centre-national-du-cinema-et-de-limage-animee-cnc', '2024-09-08 23:10:23', '2024-09-08 23:10:23'),
(73, 'Challenge Film Corporation Entertainment', 'challenge-film-corporation-entertainment', '2024-09-08 23:10:23', '2024-09-08 23:10:23'),
(74, 'Cheyenne Enterprises', 'cheyenne-enterprises', '2024-09-08 23:10:23', '2024-09-08 23:10:23'),
(75, 'Chris Lee Productions', 'chris-lee-productions', '2024-09-08 23:10:23', '2024-09-08 23:10:23'),
(76, 'Chum Television', 'chum-television', '2024-09-08 23:10:23', '2024-09-08 23:10:23'),
(77, 'CINAR', 'cinar', '2024-09-08 23:10:23', '2024-09-08 23:10:23'),
(78, 'Ciné+', 'cine', '2024-09-08 23:10:23', '2024-09-08 23:10:23'),
(79, 'Cinema 84', 'cinema-84', '2024-09-08 23:10:23', '2024-09-08 23:10:23'),
(80, 'Cinergi Pictures Entertainment Inc.', 'cinergi-pictures-entertainment-inc', '2024-09-08 23:10:23', '2024-09-08 23:10:23'),
(81, 'Cinevent', 'cinevent', '2024-09-08 23:10:23', '2024-09-08 23:10:23'),
(82, 'Cinevision', 'cinevision', '2024-09-08 23:10:23', '2024-09-08 23:10:23'),
(83, 'Circus Production', 'circus-production', '2024-09-08 23:10:23', '2024-09-08 23:10:23'),
(84, 'Clearwater Holdings', 'clearwater-holdings', '2024-09-08 23:10:23', '2024-09-08 23:10:23'),
(85, 'Cloud Nine Entertainment', 'cloud-nine-entertainment', '2024-09-08 23:10:23', '2024-09-08 23:10:23'),
(86, 'Cold Spring Pictures', 'cold-spring-pictures', '2024-09-08 23:10:23', '2024-09-08 23:10:23'),
(87, 'Columbia Pictures', 'columbia-pictures', '2024-09-08 23:10:23', '2024-09-08 23:10:23'),
(88, 'Contrafilm', 'contrafilm', '2024-09-08 23:10:23', '2024-09-08 23:10:23'),
(89, 'Cruel and Unusual Films', 'cruel-and-unusual-films', '2024-09-08 23:10:23', '2024-09-08 23:10:23'),
(90, 'Cruise/Wagner Productions', 'cruisewagner-productions', '2024-09-08 23:10:23', '2024-09-08 23:10:23'),
(91, 'Crystal Sky Pictures', 'crystal-sky-pictures', '2024-09-08 23:10:23', '2024-09-08 23:10:23'),
(92, 'Curiosity Company', 'curiosity-company', '2024-09-08 23:10:23', '2024-09-08 23:10:23'),
(93, 'Current Entertainment', 'current-entertainment', '2024-09-08 23:10:23', '2024-09-08 23:10:23'),
(94, 'Da Ma Produzione', 'da-ma-produzione', '2024-09-08 23:10:23', '2024-09-08 23:10:23'),
(95, 'Dakota Pictures', 'dakota-pictures', '2024-09-08 23:10:23', '2024-09-08 23:10:23'),
(96, 'Dan Curtis Productions', 'dan-curtis-productions', '2024-09-08 23:10:23', '2024-09-08 23:10:23'),
(97, 'Dargaud', 'dargaud', '2024-09-08 23:10:23', '2024-09-08 23:10:23'),
(98, 'Dark Horse Entertainment', 'dark-horse-entertainment', '2024-09-08 23:10:23', '2024-09-08 23:10:23'),
(99, 'Davis Entertainment', 'davis-entertainment', '2024-09-08 23:10:23', '2024-09-08 23:10:23'),
(100, 'Davis-Films', 'davis-films', '2024-09-08 23:10:23', '2024-09-08 23:10:23'),
(101, 'Davis-Panzer Productions', 'davis-panzer-productions', '2024-09-08 23:10:23', '2024-09-08 23:10:23'),
(102, 'DC Comics', 'dc-comics', '2024-09-08 23:10:23', '2024-09-08 23:10:23'),
(103, 'DefyNite Films', 'defynite-films', '2024-09-08 23:10:23', '2024-09-08 23:10:23'),
(104, 'Delphi', 'delphi', '2024-09-08 23:10:23', '2024-09-08 23:10:23'),
(105, 'Dentsu', 'dentsu', '2024-09-08 23:10:23', '2024-09-08 23:10:23'),
(106, 'Di Bonaventura Pictures', 'di-bonaventura-pictures', '2024-09-08 23:10:23', '2024-09-08 23:10:23'),
(107, 'DIC Entertainment', 'dic-entertainment', '2024-09-08 23:10:23', '2024-09-08 23:10:23'),
(108, 'Digital Factory', 'digital-factory', '2024-09-08 23:10:23', '2024-09-08 23:10:23'),
(109, 'Dimension Films', 'dimension-films', '2024-09-08 23:10:23', '2024-09-08 23:10:23'),
(110, 'Distant Planet Productions Ltd.', 'distant-planet-productions-ltd', '2024-09-08 23:10:23', '2024-09-08 23:10:23'),
(111, 'Don Carmody Productions', 'don-carmody-productions', '2024-09-08 23:10:23', '2024-09-08 23:10:23'),
(112, 'Donners Company', 'donners-company', '2024-09-08 23:10:23', '2024-09-08 23:10:23'),
(113, 'Doom Productions Ltd.', 'doom-productions-ltd', '2024-09-08 23:10:23', '2024-09-08 23:10:23'),
(114, 'Doozer Productions', 'doozer-productions', '2024-09-08 23:10:23', '2024-09-08 23:10:23'),
(115, 'Dream Entertainment', 'dream-entertainment', '2024-09-08 23:10:24', '2024-09-08 23:10:24'),
(116, 'DreamWorks', 'dreamworks', '2024-09-08 23:10:24', '2024-09-08 23:10:24'),
(117, 'Dune Entertainment', 'dune-entertainment', '2024-09-08 23:10:24', '2024-09-08 23:10:24'),
(118, 'Eclipse Catering', 'eclipse-catering', '2024-09-08 23:10:24', '2024-09-08 23:10:24'),
(119, 'Eddie Murphy Productions', 'eddie-murphy-productions', '2024-09-08 23:10:24', '2024-09-08 23:10:24'),
(120, 'El Corazon Producciones S.A.', 'el-corazon-producciones-sa', '2024-09-08 23:10:24', '2024-09-08 23:10:24'),
(121, 'Elcajo Productions', 'elcajo-productions', '2024-09-08 23:10:24', '2024-09-08 23:10:24'),
(122, 'Electric Avenue', 'electric-avenue', '2024-09-08 23:10:24', '2024-09-08 23:10:24'),
(123, 'EM.TV & Merchandising AG', 'emtv-merchandising-ag', '2024-09-08 23:10:24', '2024-09-08 23:10:24'),
(124, 'Emmett/Furla/Oasis Films (EFO Films)', 'emmettfurlaoasis-films-efo-films', '2024-09-08 23:10:24', '2024-09-08 23:10:24'),
(125, 'Envision Entertainment Corporation', 'envision-entertainment-corporation', '2024-09-08 23:10:24', '2024-09-08 23:10:24'),
(126, 'Epsilon Motion Pictures', 'epsilon-motion-pictures', '2024-09-08 23:10:24', '2024-09-08 23:10:24'),
(127, 'Erics Boy', 'erics-boy', '2024-09-08 23:10:24', '2024-09-08 23:10:24'),
(128, 'ESC Entertainment', 'esc-entertainment', '2024-09-08 23:10:24', '2024-09-08 23:10:24'),
(129, 'Euro Film Funding', 'euro-film-funding', '2024-09-08 23:10:24', '2024-09-08 23:10:24'),
(130, 'EuropaCorp', 'europacorp', '2024-09-08 23:10:24', '2024-09-08 23:10:24'),
(131, 'Everyman Pictures', 'everyman-pictures', '2024-09-08 23:10:24', '2024-09-08 23:10:24'),
(132, 'Extrafilm Produktion', 'extrafilm-produktion', '2024-09-08 23:10:24', '2024-09-08 23:10:24'),
(133, 'Fair Film', 'fair-film', '2024-09-08 23:10:24', '2024-09-08 23:10:24'),
(134, 'Fairview Entertainment', 'fairview-entertainment', '2024-09-08 23:10:24', '2024-09-08 23:10:24'),
(135, 'Famous Studios', 'famous-studios', '2024-09-08 23:10:24', '2024-09-08 23:10:24'),
(136, 'Feigco Entertainment', 'feigco-entertainment', '2024-09-08 23:10:24', '2024-09-08 23:10:24'),
(137, 'Film Workshop', 'film-workshop', '2024-09-08 23:10:24', '2024-09-08 23:10:24'),
(138, 'Filmauro', 'filmauro', '2024-09-08 23:10:24', '2024-09-08 23:10:24'),
(139, 'FilmDistrict', 'filmdistrict', '2024-09-08 23:10:24', '2024-09-08 23:10:24'),
(140, 'FilmEngine', 'filmengine', '2024-09-08 23:10:24', '2024-09-08 23:10:24'),
(141, 'Filmline International Inc.', 'filmline-international-inc', '2024-09-08 23:10:24', '2024-09-08 23:10:24'),
(142, 'Filmtribe', 'filmtribe', '2024-09-08 23:10:24', '2024-09-08 23:10:24'),
(143, 'Fireworks Entertainment', 'fireworks-entertainment', '2024-09-08 23:10:24', '2024-09-08 23:10:24'),
(144, 'Fireworks Pictures', 'fireworks-pictures', '2024-09-08 23:10:24', '2024-09-08 23:10:24'),
(145, 'Five Star Feature Films', 'five-star-feature-films', '2024-09-08 23:10:24', '2024-09-08 23:10:24'),
(146, 'Flynn Picture Company', 'flynn-picture-company', '2024-09-08 23:10:24', '2024-09-08 23:10:24'),
(147, 'Forecast Pictures', 'forecast-pictures', '2024-09-08 23:10:24', '2024-09-08 23:10:24'),
(148, 'FPT Group', 'fpt-group', '2024-09-08 23:10:24', '2024-09-08 23:10:24'),
(149, 'FR3', 'fr3', '2024-09-08 23:10:24', '2024-09-08 23:10:24'),
(150, 'France 2 (FR2)', 'france-2-fr2', '2024-09-08 23:10:24', '2024-09-08 23:10:24'),
(151, 'France 3', 'france-3', '2024-09-08 23:10:24', '2024-09-08 23:10:24'),
(152, 'Franchise Pictures', 'franchise-pictures', '2024-09-08 23:10:24', '2024-09-08 23:10:24'),
(153, 'Fred Wolf Films', 'fred-wolf-films', '2024-09-08 23:10:24', '2024-09-08 23:10:24'),
(154, 'Fremantle Productions', 'fremantle-productions', '2024-09-08 23:10:24', '2024-09-08 23:10:24'),
(155, 'Gary Nardino Productions', 'gary-nardino-productions', '2024-09-08 23:10:24', '2024-09-08 23:10:24'),
(156, 'Gary Sanchez Productions', 'gary-sanchez-productions', '2024-09-08 23:10:24', '2024-09-08 23:10:24'),
(157, 'Gaumont', 'gaumont', '2024-09-08 23:10:24', '2024-09-08 23:10:24'),
(158, 'Gene Deitch Associates', 'gene-deitch-associates', '2024-09-08 23:10:24', '2024-09-08 23:10:24'),
(159, 'Gerald Ray Studios', 'gerald-ray-studios', '2024-09-08 23:10:24', '2024-09-08 23:10:24'),
(160, 'GHS Productions KG', 'ghs-productions-kg', '2024-09-08 23:10:24', '2024-09-08 23:10:24'),
(161, 'GK Films', 'gk-films', '2024-09-08 23:10:24', '2024-09-08 23:10:24'),
(162, 'Glen A. Larson Productions', 'glen-a-larson-productions', '2024-09-08 23:10:24', '2024-09-08 23:10:24'),
(163, 'Gold/Miller Productions', 'goldmiller-productions', '2024-09-08 23:10:24', '2024-09-08 23:10:24'),
(164, 'Goldcrest Pictures', 'goldcrest-pictures', '2024-09-08 23:10:24', '2024-09-08 23:10:24'),
(165, 'Golden Harvest Company Ltd.', 'golden-harvest-company-ltd', '2024-09-08 23:10:24', '2024-09-08 23:10:24'),
(166, 'Good Machine', 'good-machine', '2024-09-08 23:10:24', '2024-09-08 23:10:24'),
(167, 'Gordon Company', 'gordon-company', '2024-09-08 23:10:24', '2024-09-08 23:10:24'),
(168, 'GreeneStreet Films Inc.', 'greenestreet-films-inc', '2024-09-08 23:10:24', '2024-09-08 23:10:24'),
(169, 'Grouper Production', 'grouper-production', '2024-09-08 23:10:24', '2024-09-08 23:10:24'),
(170, 'H2S2 Filmproduktionsgesellschaft', 'h2s2-filmproduktionsgesellschaft', '2024-09-08 23:10:24', '2024-09-08 23:10:24'),
(171, 'Handmade Films Ltd.', 'handmade-films-ltd', '2024-09-08 23:10:24', '2024-09-08 23:10:24'),
(172, 'Hanna–Barbera', 'hanna-barbera', '2024-09-08 23:10:24', '2024-09-08 23:10:24'),
(173, 'Happy Madison', 'happy-madison', '2024-09-08 23:10:24', '2024-09-08 23:10:24'),
(174, 'Hartswood Films', 'hartswood-films', '2024-09-08 23:10:24', '2024-09-08 23:10:24'),
(175, 'HBO', 'hbo', '2024-09-08 23:10:24', '2024-09-08 23:10:24'),
(176, 'Helena Productions', 'helena-productions', '2024-09-08 23:10:24', '2024-09-08 23:10:24'),
(177, 'Helkon Media AG', 'helkon-media-ag', '2024-09-08 23:10:24', '2024-09-08 23:10:24'),
(178, 'Hemdale', 'hemdale', '2024-09-08 23:10:24', '2024-09-08 23:10:24'),
(179, 'Herzog-Cowen Entertainment', 'herzog-cowen-entertainment', '2024-09-08 23:10:24', '2024-09-08 23:10:24'),
(180, 'Hollywood Gang Productions', 'hollywood-gang-productions', '2024-09-08 23:10:24', '2024-09-08 23:10:24'),
(181, 'Hollywood Pictures', 'hollywood-pictures', '2024-09-08 23:10:24', '2024-09-08 23:10:24'),
(182, 'Hong Ying Animation Inc.', 'hong-ying-animation-inc', '2024-09-08 23:10:24', '2024-09-08 23:10:24'),
(183, 'Huayi Brothers Media', 'huayi-brothers-media', '2024-09-08 23:10:24', '2024-09-08 23:10:24'),
(184, 'Hughes Entertainment', 'hughes-entertainment', '2024-09-08 23:10:24', '2024-09-08 23:10:24'),
(185, 'IDDH', 'iddh', '2024-09-08 23:10:24', '2024-09-08 23:10:24'),
(186, 'IF Entertainment', 'if-entertainment', '2024-09-08 23:10:24', '2024-09-08 23:10:24'),
(187, 'Imagine Entertainment', 'imagine-entertainment', '2024-09-08 23:10:24', '2024-09-08 23:10:24'),
(188, 'Indian Paintbrush', 'indian-paintbrush', '2024-09-08 23:10:24', '2024-09-08 23:10:24'),
(189, 'Infinitum Nihil', 'infinitum-nihil', '2024-09-08 23:10:24', '2024-09-08 23:10:24'),
(190, 'Ingenious', 'ingenious', '2024-09-08 23:10:24', '2024-09-08 23:10:24'),
(191, 'Intermedia', 'intermedia', '2024-09-08 23:10:24', '2024-09-08 23:10:24'),
(192, 'InterStar', 'interstar', '2024-09-08 23:10:24', '2024-09-08 23:10:24'),
(193, 'Island Pictures', 'island-pictures', '2024-09-08 23:10:24', '2024-09-08 23:10:24'),
(194, 'Ivory Way Productions', 'ivory-way-productions', '2024-09-08 23:10:24', '2024-09-08 23:10:24'),
(195, 'J&M Entertainment', 'jm-entertainment', '2024-09-08 23:10:24', '2024-09-08 23:10:24'),
(196, 'Jack Kinney Productions', 'jack-kinney-productions', '2024-09-08 23:10:24', '2024-09-08 23:10:24'),
(197, 'Jax Media', 'jax-media', '2024-09-08 23:10:24', '2024-09-08 23:10:24'),
(198, 'Jay Ward Productions', 'jay-ward-productions', '2024-09-08 23:10:24', '2024-09-08 23:10:24'),
(199, 'Jerry Bruckheimer Films', 'jerry-bruckheimer-films', '2024-09-08 23:10:24', '2024-09-08 23:10:24'),
(200, 'Jerry Weintraub Productions', 'jerry-weintraub-productions', '2024-09-08 23:10:24', '2024-09-08 23:10:24'),
(201, 'Jocko Productions', 'jocko-productions', '2024-09-08 23:10:24', '2024-09-08 23:10:24'),
(202, 'John Wells Productions,', 'john-wells-productions', '2024-09-08 23:10:24', '2024-09-08 23:10:24'),
(203, 'JTP Films', 'jtp-films', '2024-09-08 23:10:24', '2024-09-08 23:10:24'),
(204, 'Judgemental Films', 'judgemental-films', '2024-09-08 23:10:24', '2024-09-08 23:10:24'),
(205, 'Katalyst Films', 'katalyst-films', '2024-09-08 23:10:24', '2024-09-08 23:10:24'),
(206, 'Keith Barish Productions', 'keith-barish-productions', '2024-09-08 23:10:24', '2024-09-08 23:10:24'),
(207, 'Kennedy/Marshall', 'kennedymarshall', '2024-09-08 23:10:24', '2024-09-08 23:10:24'),
(208, 'King Features Syndicate', 'king-features-syndicate', '2024-09-08 23:10:24', '2024-09-08 23:10:24'),
(209, 'Knickerbocker Films', 'knickerbocker-films', '2024-09-08 23:10:24', '2024-09-08 23:10:24'),
(210, 'Knock Films A.V.V.', 'knock-films-avv', '2024-09-08 23:10:24', '2024-09-08 23:10:24'),
(211, 'Kurtzman/Orci', 'kurtzmanorci', '2024-09-08 23:10:24', '2024-09-08 23:10:24'),
(212, 'Lakeshore Entertainment', 'lakeshore-entertainment', '2024-09-08 23:10:24', '2024-09-08 23:10:24'),
(213, 'Larry Harmon Pictures', 'larry-harmon-pictures', '2024-09-08 23:10:24', '2024-09-08 23:10:24'),
(214, 'Latina Pictures', 'latina-pictures', '2024-09-08 23:10:24', '2024-09-08 23:10:24'),
(215, 'Laura Ziskin Productions', 'laura-ziskin-productions', '2024-09-08 23:10:24', '2024-09-08 23:10:24'),
(216, 'Lawrence Gordon Productions ', 'lawrence-gordon-productions', '2024-09-08 23:10:24', '2024-09-08 23:10:24'),
(217, 'Le Grisbi Productions', 'le-grisbi-productions', '2024-09-08 23:10:24', '2024-09-08 23:10:24'),
(218, 'Leeloo Productions', 'leeloo-productions', '2024-09-08 23:10:24', '2024-09-08 23:10:24'),
(219, 'Legendary Pictures', 'legendary-pictures', '2024-09-08 23:10:24', '2024-09-08 23:10:24'),
(220, 'Les Productions ', 'les-productions', '2024-09-08 23:10:24', '2024-09-08 23:10:24'),
(221, 'Les studios Idéfix', 'les-studios-idefix', '2024-09-08 23:10:24', '2024-09-08 23:10:24'),
(222, 'Lightstorm Entertainment', 'lightstorm-entertainment', '2024-09-08 23:10:24', '2024-09-08 23:10:24'),
(223, 'Linson Films', 'linson-films', '2024-09-08 23:10:24', '2024-09-08 23:10:24'),
(224, 'Lionsgate', 'lionsgate', '2024-09-08 23:10:24', '2024-09-08 23:10:24'),
(225, 'LivePlanet', 'liveplanet', '2024-09-08 23:10:24', '2024-09-08 23:10:24'),
(226, 'Lorimar Television', 'lorimar-television', '2024-09-08 23:10:24', '2024-09-08 23:10:24'),
(227, 'Loumolo GmbH & Co. KG', 'loumolo-gmbh-co-kg', '2024-09-08 23:10:24', '2024-09-08 23:10:24'),
(228, 'Lucasfilm', 'lucasfilm', '2024-09-08 23:10:24', '2024-09-08 23:10:24'),
(229, 'Lucky Comics', 'lucky-comics', '2024-09-08 23:10:24', '2024-09-08 23:10:24'),
(230, 'M Prods', 'm-prods', '2024-09-08 23:10:24', '2024-09-08 23:10:24'),
(231, 'Magnolia Pictures', 'magnolia-pictures', '2024-09-08 23:10:24', '2024-09-08 23:10:24'),
(232, 'Major Studio Partners', 'major-studio-partners', '2024-09-08 23:10:24', '2024-09-08 23:10:24'),
(233, 'Mandeville Films', 'mandeville-films', '2024-09-08 23:10:24', '2024-09-08 23:10:24'),
(234, 'Many Rivers Productions', 'many-rivers-productions', '2024-09-08 23:10:24', '2024-09-08 23:10:24'),
(235, 'Maple Cage Productions', 'maple-cage-productions', '2024-09-08 23:10:24', '2024-09-08 23:10:24'),
(236, 'Marc Platt Productions', 'marc-platt-productions', '2024-09-08 23:10:24', '2024-09-08 23:10:24'),
(237, 'Mark Canton Productions', 'mark-canton-productions', '2024-09-08 23:10:24', '2024-09-08 23:10:24'),
(238, 'Marvel', 'marvel', '2024-09-08 23:10:24', '2024-09-08 23:10:24'),
(239, 'Masterpiece Theatre', 'masterpiece-theatre', '2024-09-08 23:10:24', '2024-09-08 23:10:24'),
(240, 'MCA Television', 'mca-television', '2024-09-08 23:10:24', '2024-09-08 23:10:24'),
(241, 'MDP Worldwide', 'mdp-worldwide', '2024-09-08 23:10:24', '2024-09-08 23:10:24'),
(242, 'Mediastream Film GmbH & Co. Productions KG', 'mediastream-film-gmbh-co-productions-kg', '2024-09-08 23:10:24', '2024-09-08 23:10:24'),
(243, 'Metro-Goldwyn-Mayer', 'metro-goldwyn-mayer', '2024-09-08 23:10:24', '2024-09-08 23:10:24'),
(244, 'MHF Zweite Academy Film', 'mhf-zweite-academy-film', '2024-09-08 23:10:24', '2024-09-08 23:10:24'),
(245, 'Michael/Finney Productions', 'michaelfinney-productions', '2024-09-08 23:10:24', '2024-09-08 23:10:24'),
(246, 'Midway Games', 'midway-games', '2024-09-08 23:10:24', '2024-09-08 23:10:24'),
(247, 'Mike Zoss Productions', 'mike-zoss-productions', '2024-09-08 23:10:24', '2024-09-08 23:10:24'),
(248, 'Millennium Films', 'millennium-films', '2024-09-08 23:10:24', '2024-09-08 23:10:24'),
(249, 'Mimran Schur Pictures', 'mimran-schur-pictures', '2024-09-08 23:10:24', '2024-09-08 23:10:24'),
(250, 'Mirage', 'mirage', '2024-09-08 23:10:24', '2024-09-08 23:10:24'),
(251, 'Miramax Films', 'miramax-films', '2024-09-08 23:10:24', '2024-09-08 23:10:24'),
(252, 'MJW Films', 'mjw-films', '2024-09-08 23:10:24', '2024-09-08 23:10:24'),
(253, 'Monkeypaw Productions', 'monkeypaw-productions', '2024-09-08 23:10:24', '2024-09-08 23:10:24'),
(254, 'Morgan Creek', 'morgan-creek', '2024-09-08 23:10:24', '2024-09-08 23:10:24'),
(255, 'Mosaic Media Group', 'mosaic-media-group', '2024-09-08 23:10:24', '2024-09-08 23:10:24'),
(256, 'Mostow Liberman Production', 'mostow-liberman-production', '2024-09-08 23:10:24', '2024-09-08 23:10:24'),
(257, 'Moving Pictures', 'moving-pictures', '2024-09-08 23:10:24', '2024-09-08 23:10:24'),
(258, 'Muse Productions', 'muse-productions', '2024-09-08 23:10:24', '2024-09-08 23:10:24'),
(259, 'Nancy Tenenbaum Films', 'nancy-tenenbaum-films', '2024-09-08 23:10:24', '2024-09-08 23:10:24'),
(260, 'NBCUniversal', 'nbcuniversal', '2024-09-08 23:10:24', '2024-09-08 23:10:24'),
(261, 'Neal H. Moritz Productions', 'neal-h-moritz-productions', '2024-09-08 23:10:24', '2024-09-08 23:10:24'),
(262, 'New Line Cinema', 'new-line-cinema', '2024-09-08 23:10:24', '2024-09-08 23:10:24'),
(263, 'New Regency Pictures', 'new-regency-pictures', '2024-09-08 23:10:24', '2024-09-08 23:10:24'),
(264, 'New World Pictures', 'new-world-pictures', '2024-09-08 23:10:24', '2024-09-08 23:10:24'),
(265, 'New Zealand Film Production Fund', 'new-zealand-film-production-fund', '2024-09-08 23:10:24', '2024-09-08 23:10:24'),
(266, 'Newmarket Capital Group LLC', 'newmarket-capital-group-llc', '2024-09-08 23:10:24', '2024-09-08 23:10:24'),
(267, 'Nickelodeon Movies', 'nickelodeon-movies', '2024-09-08 23:10:24', '2024-09-08 23:10:24'),
(268, 'Nimar Studios', 'nimar-studios', '2024-09-08 23:10:24', '2024-09-08 23:10:24'),
(269, 'Nina Saxon Film Design', 'nina-saxon-film-design', '2024-09-08 23:10:24', '2024-09-08 23:10:24'),
(270, 'Nintendo of America', 'nintendo-of-america', '2024-09-08 23:10:24', '2024-09-08 23:10:24'),
(271, 'NPV Entertainment', 'npv-entertainment', '2024-09-08 23:10:24', '2024-09-08 23:10:24'),
(272, 'Nu Boyana Film Studios', 'nu-boyana-film-studios', '2024-09-08 23:10:24', '2024-09-08 23:10:24'),
(273, 'Nu Image', 'nu-image', '2024-09-08 23:10:24', '2024-09-08 23:10:24'),
(274, 'O Entertainment', 'o-entertainment', '2024-09-08 23:10:24', '2024-09-08 23:10:24'),
(275, 'Oak Productions', 'oak-productions', '2024-09-08 23:10:24', '2024-09-08 23:10:24'),
(276, 'Ocean Pictures', 'ocean-pictures', '2024-09-08 23:10:24', '2024-09-08 23:10:24'),
(277, 'OLC / Rights Entertainment', 'olc-rights-entertainment', '2024-09-08 23:10:24', '2024-09-08 23:10:24'),
(278, 'Omnilab Media', 'omnilab-media', '2024-09-08 23:10:24', '2024-09-08 23:10:24'),
(279, 'One Race', 'one-race', '2024-09-08 23:10:24', '2024-09-08 23:10:24'),
(280, 'Open Road Films', 'open-road-films', '2024-09-08 23:10:24', '2024-09-08 23:10:24'),
(281, 'Original Film', 'original-film', '2024-09-08 23:10:24', '2024-09-08 23:10:24'),
(282, 'Orion Pictures', 'orion-pictures', '2024-09-08 23:10:24', '2024-09-08 23:10:24'),
(283, 'Other Angle Pictures', 'other-angle-pictures', '2024-09-08 23:10:24', '2024-09-08 23:10:24'),
(284, 'Outlaw Productions', 'outlaw-productions', '2024-09-08 23:10:24', '2024-09-08 23:10:24'),
(285, 'Overbrook Entertainment', 'overbrook-entertainment', '2024-09-08 23:10:24', '2024-09-08 23:10:24'),
(286, 'P.A.C.', 'pac', '2024-09-08 23:10:24', '2024-09-08 23:10:24'),
(287, 'P.C.M. Film', 'pcm-film', '2024-09-08 23:10:24', '2024-09-08 23:10:24'),
(288, 'Pacific Renaissance Pictures Ltd.', 'pacific-renaissance-pictures-ltd', '2024-09-08 23:10:24', '2024-09-08 23:10:24'),
(289, 'Pacific Western Productions', 'pacific-western-productions', '2024-09-08 23:10:24', '2024-09-08 23:10:24'),
(290, 'Paloma Films', 'paloma-films', '2024-09-08 23:10:24', '2024-09-08 23:10:24'),
(291, 'Palomar Pictures', 'palomar-pictures', '2024-09-08 23:10:24', '2024-09-08 23:10:24'),
(292, 'Paragon Films Ltd.', 'paragon-films-ltd', '2024-09-08 23:10:24', '2024-09-08 23:10:24'),
(293, 'Paramount', 'paramount', '2024-09-08 23:10:24', '2024-09-08 23:10:24'),
(294, 'Pariah', 'pariah', '2024-09-08 23:10:24', '2024-09-08 23:10:24'),
(295, 'Parkes/MacDonald Productions', 'parkesmacdonald-productions', '2024-09-08 23:10:24', '2024-09-08 23:10:24'),
(296, 'Patalex III Productions Limited', 'patalex-iii-productions-limited', '2024-09-08 23:10:24', '2024-09-08 23:10:24'),
(297, 'Perfect Storm Entertainment', 'perfect-storm-entertainment', '2024-09-08 23:10:24', '2024-09-08 23:10:24'),
(298, 'Pet Fly Productions', 'pet-fly-productions', '2024-09-08 23:10:24', '2024-09-08 23:10:24'),
(299, 'Phoenician Films', 'phoenician-films', '2024-09-08 23:10:24', '2024-09-08 23:10:24'),
(300, 'Phoenix Pictures', 'phoenix-pictures', '2024-09-08 23:10:24', '2024-09-08 23:10:24'),
(301, 'Picturemaker Productions', 'picturemaker-productions', '2024-09-08 23:10:24', '2024-09-08 23:10:24'),
(302, 'Pit Bull Productions', 'pit-bull-productions', '2024-09-08 23:10:24', '2024-09-08 23:10:24'),
(303, 'Plan B Entertainment', 'plan-b-entertainment', '2024-09-08 23:10:24', '2024-09-08 23:10:24'),
(304, 'Playmates Toys', 'playmates-toys', '2024-09-08 23:10:24', '2024-09-08 23:10:24'),
(305, 'Police Academy Productions', 'police-academy-productions', '2024-09-08 23:10:24', '2024-09-08 23:10:24'),
(306, 'PolyGram FB286:B326ilmed Entertainment', 'polygram-fb286b326ilmed-entertainment', '2024-09-08 23:10:24', '2024-09-08 23:10:24'),
(307, 'Practical Pictures', 'practical-pictures', '2024-09-08 23:10:24', '2024-09-08 23:10:24'),
(308, 'Primrose Hill Productions', 'primrose-hill-productions', '2024-09-08 23:10:24', '2024-09-08 23:10:24'),
(309, 'Producers Sales Organization', 'producers-sales-organization', '2024-09-08 23:10:24', '2024-09-08 23:10:24'),
(310, 'QC Entertainment', 'qc-entertainment', '2024-09-08 23:10:25', '2024-09-08 23:10:25'),
(311, 'Quincy Jones Entertainment', 'quincy-jones-entertainment', '2024-09-08 23:10:25', '2024-09-08 23:10:25'),
(312, 'Quincy Jones-David Salzman Entertainment', 'quincy-jones-david-salzman-entertainment', '2024-09-08 23:10:25', '2024-09-08 23:10:25'),
(313, 'Radiant Productions', 'radiant-productions', '2024-09-08 23:10:25', '2024-09-08 23:10:25'),
(314, 'Rat Entertainment', 'rat-entertainment', '2024-09-08 23:10:25', '2024-09-08 23:10:25'),
(315, 'RatPac-Dune Entertainment', 'ratpac-dune-entertainment', '2024-09-08 23:10:25', '2024-09-08 23:10:25'),
(316, 'RCH', 'rch', '2024-09-08 23:10:25', '2024-09-08 23:10:25'),
(317, 'Reaper Productions LLC', 'reaper-productions-llc', '2024-09-08 23:10:25', '2024-09-08 23:10:25'),
(318, 'Red Hour Films', 'red-hour-films', '2024-09-08 23:10:25', '2024-09-08 23:10:25'),
(319, 'Redeemable Features', 'redeemable-features', '2024-09-08 23:10:25', '2024-09-08 23:10:25'),
(320, 'Regency', 'regency', '2024-09-08 23:10:25', '2024-09-08 23:10:25'),
(321, 'Relativity Media', 'relativity-media', '2024-09-08 23:10:25', '2024-09-08 23:10:25'),
(322, 'Rembrandt Films/Halas and Batchelor', 'rembrandt-filmshalas-and-batchelor', '2024-09-08 23:10:25', '2024-09-08 23:10:25'),
(323, 'Renaissance Pictures', 'renaissance-pictures', '2024-09-08 23:10:25', '2024-09-08 23:10:25'),
(324, 'Reteitalia', 'reteitalia', '2024-09-08 23:10:25', '2024-09-08 23:10:25'),
(325, 'Revolution Studios', 'revolution-studios', '2024-09-08 23:10:25', '2024-09-08 23:10:25'),
(326, 'Riff Raff Film Productions', 'riff-raff-film-productions', '2024-09-08 23:10:25', '2024-09-08 23:10:25'),
(327, 'Rocket Science VFX', 'rocket-science-vfx', '2024-09-08 23:10:25', '2024-09-08 23:10:25'),
(328, 'Rogue', 'rogue', '2024-09-08 23:10:25', '2024-09-08 23:10:25'),
(329, 'Roth Kirschenbaum Films', 'roth-kirschenbaum-films', '2024-09-08 23:10:25', '2024-09-08 23:10:25'),
(330, 'Rough Draft Studios', 'rough-draft-studios', '2024-09-08 23:10:25', '2024-09-08 23:10:25'),
(331, 'Rox Productions', 'rox-productions', '2024-09-08 23:10:25', '2024-09-08 23:10:25'),
(332, 'Rysher Entertainment', 'rysher-entertainment', '2024-09-08 23:10:25', '2024-09-08 23:10:25'),
(333, 'Safran Company', 'safran-company', '2024-09-08 23:10:25', '2024-09-08 23:10:25'),
(334, 'Salter Street Films International', 'salter-street-films-international', '2024-09-08 23:10:25', '2024-09-08 23:10:25'),
(335, 'Scott Free Productions', 'scott-free-productions', '2024-09-08 23:10:25', '2024-09-08 23:10:25'),
(336, 'Scott Rudin Productions', 'scott-rudin-productions', '2024-09-08 23:10:25', '2024-09-08 23:10:25'),
(337, 'Sean Bailey Productions', 'sean-bailey-productions', '2024-09-08 23:10:25', '2024-09-08 23:10:25'),
(338, 'Seasonal Film Corporation', 'seasonal-film-corporation', '2024-09-08 23:10:25', '2024-09-08 23:10:25'),
(339, 'Section Eight', 'section-eight', '2024-09-08 23:10:25', '2024-09-08 23:10:25'),
(340, 'Services GmbH', 'services-gmbh', '2024-09-08 23:10:25', '2024-09-08 23:10:25'),
(341, 'Seven Arts Pictures', 'seven-arts-pictures', '2024-09-08 23:10:25', '2024-09-08 23:10:25'),
(342, 'Seven Bucks Productions', 'seven-bucks-productions', '2024-09-08 23:10:25', '2024-09-08 23:10:25'),
(343, 'Shady Acres Entertainment', 'shady-acres-entertainment', '2024-09-08 23:10:25', '2024-09-08 23:10:25'),
(344, 'Shooting Star Entertainment', 'shooting-star-entertainment', '2024-09-08 23:10:25', '2024-09-08 23:10:25'),
(345, 'Sidley Wright & Associates', 'sidley-wright-associates', '2024-09-08 23:10:25', '2024-09-08 23:10:25'),
(346, 'Silver Pictures', 'silver-pictures', '2024-09-08 23:10:25', '2024-09-08 23:10:25'),
(347, 'Silverlight Ltd.', 'silverlight-ltd', '2024-09-08 23:10:25', '2024-09-08 23:10:25'),
(348, 'SKA Films', 'ska-films', '2024-09-08 23:10:25', '2024-09-08 23:10:25'),
(349, 'Skydance', 'skydance', '2024-09-08 23:10:25', '2024-09-08 23:10:25'),
(350, 'SLM Production Group', 'slm-production-group', '2024-09-08 23:10:25', '2024-09-08 23:10:25'),
(351, 'Sneaky Shark', 'sneaky-shark', '2024-09-08 23:10:25', '2024-09-08 23:10:25'),
(352, 'SNL Studios', 'snl-studios', '2024-09-08 23:10:25', '2024-09-08 23:10:25'),
(353, 'Societe Nouvelle des Etablissements Gaumont (SNEG)', 'societe-nouvelle-des-etablissements-gaumont-sneg', '2024-09-08 23:10:25', '2024-09-08 23:10:25'),
(354, 'Solaris', 'solaris', '2024-09-08 23:10:25', '2024-09-08 23:10:25'),
(355, 'Sony Pictures Entertainment', 'sony-pictures-entertainment', '2024-09-08 23:10:25', '2024-09-08 23:10:25'),
(356, 'Spyglass Entertainment', 'spyglass-entertainment', '2024-09-08 23:10:25', '2024-09-08 23:10:25'),
(357, 'St. Clare Entertainment', 'st-clare-entertainment', '2024-09-08 23:10:25', '2024-09-08 23:10:25'),
(358, 'Stephen J. Cannell Productions', 'stephen-j-cannell-productions', '2024-09-08 23:10:25', '2024-09-08 23:10:25'),
(359, 'Stillking Films SRO', 'stillking-films-sro', '2024-09-08 23:10:25', '2024-09-08 23:10:25'),
(360, 'Story Film', 'story-film', '2024-09-08 23:10:25', '2024-09-08 23:10:25'),
(361, 'Stu Segall Productions', 'stu-segall-productions', '2024-09-08 23:10:25', '2024-09-08 23:10:25'),
(362, 'Studio B production', 'studio-b-production', '2024-09-08 23:10:25', '2024-09-08 23:10:25'),
(363, 'Studio Babelsberg', 'studio-babelsberg', '2024-09-08 23:10:25', '2024-09-08 23:10:25'),
(364, 'StudioCanal', 'studiocanal', '2024-09-08 23:10:25', '2024-09-08 23:10:25'),
(365, 'Studios USA Television', 'studios-usa-television', '2024-09-08 23:10:25', '2024-09-08 23:10:25'),
(366, 'Summit Entertainment', 'summit-entertainment', '2024-09-08 23:10:25', '2024-09-08 23:10:25'),
(367, 'Sunny Television Productions', 'sunny-television-productions', '2024-09-08 23:10:25', '2024-09-08 23:10:25'),
(368, 'Surge Licensing', 'surge-licensing', '2024-09-08 23:10:25', '2024-09-08 23:10:25'),
(369, 'Syncopy', 'syncopy', '2024-09-08 23:10:25', '2024-09-08 23:10:25'),
(370, 'T Asset Acquisition Company LLC', 't-asset-acquisition-company-llc', '2024-09-08 23:10:25', '2024-09-08 23:10:25'),
(371, 'T5 Production', 't5-production', '2024-09-08 23:10:25', '2024-09-08 23:10:25'),
(372, 'TAFT Entertainment Pictures', 'taft-entertainment-pictures', '2024-09-08 23:10:25', '2024-09-08 23:10:25'),
(373, 'Talent Associates Ltd.', 'talent-associates-ltd', '2024-09-08 23:10:25', '2024-09-08 23:10:25'),
(374, 'Tall Trees Productions', 'tall-trees-productions', '2024-09-08 23:10:25', '2024-09-08 23:10:25'),
(375, 'Tanlay', 'tanlay', '2024-09-08 23:10:25', '2024-09-08 23:10:25'),
(376, 'Team Todd', 'team-todd', '2024-09-08 23:10:25', '2024-09-08 23:10:25'),
(377, 'Ternion Pictures', 'ternion-pictures', '2024-09-08 23:10:25', '2024-09-08 23:10:25'),
(378, 'TF1 Films Production', 'tf1-films-production', '2024-09-08 23:10:25', '2024-09-08 23:10:25'),
(379, 'The Halcyon Company', 'the-halcyon-company', '2024-09-08 23:10:25', '2024-09-08 23:10:25'),
(380, 'The Ladd Company', 'the-ladd-company', '2024-09-08 23:10:25', '2024-09-08 23:10:25'),
(381, 'The Montecito Picture Company', 'the-montecito-picture-company', '2024-09-08 23:10:25', '2024-09-08 23:10:25'),
(382, 'The Turman-Foster Company', 'the-turman-foster-company', '2024-09-08 23:10:25', '2024-09-08 23:10:25'),
(383, 'The ULULU Company', 'the-ululu-company', '2024-09-08 23:10:25', '2024-09-08 23:10:25'),
(384, 'The Weinstein Company', 'the-weinstein-company', '2024-09-08 23:10:25', '2024-09-08 23:10:25'),
(385, 'Threshold Entertainment', 'threshold-entertainment', '2024-09-08 23:10:25', '2024-09-08 23:10:25'),
(386, 'Thunder Road Pictures', 'thunder-road-pictures', '2024-09-08 23:10:25', '2024-09-08 23:10:25'),
(387, 'TiMe Film- und TV-Produktions', 'time-film-und-tv-produktions', '2024-09-08 23:10:25', '2024-09-08 23:10:25'),
(388, 'Todd McFarlane Entertainment', 'todd-mcfarlane-entertainment', '2024-09-08 23:10:25', '2024-09-08 23:10:25'),
(389, 'Tollin/Robbins Productions', 'tollinrobbins-productions', '2024-09-08 23:10:25', '2024-09-08 23:10:25'),
(390, 'Tooncan', 'tooncan', '2024-09-08 23:10:25', '2024-09-08 23:10:25'),
(391, 'Touchstone', 'touchstone', '2024-09-08 23:10:25', '2024-09-08 23:10:25'),
(392, 'TriBeCa Productions', 'tribeca-productions', '2024-09-08 23:10:25', '2024-09-08 23:10:25'),
(393, 'TriStar Pictures', 'tristar-pictures', '2024-09-08 23:10:25', '2024-09-08 23:10:25'),
(394, 'Troublemaker Studios', 'troublemaker-studios', '2024-09-08 23:10:25', '2024-09-08 23:10:25'),
(395, 'TSG Entertainment', 'tsg-entertainment', '2024-09-08 23:10:25', '2024-09-08 23:10:25'),
(396, 'U-Drive Productions', 'u-drive-productions', '2024-09-08 23:10:25', '2024-09-08 23:10:25'),
(397, 'USA Network', 'usa-network', '2024-09-08 23:10:25', '2024-09-08 23:10:25'),
(398, 'Valhalla Motion Pictures', 'valhalla-motion-pictures', '2024-09-08 23:10:25', '2024-09-08 23:10:25'),
(399, 'Vengeance Productions Pty. Ltd.', 'vengeance-productions-pty-ltd', '2024-09-08 23:10:25', '2024-09-08 23:10:25'),
(400, 'Viacom', 'viacom', '2024-09-08 23:10:25', '2024-09-08 23:10:25'),
(401, 'Victory Film', 'victory-film', '2024-09-08 23:10:25', '2024-09-08 23:10:25'),
(402, 'Village Roadshow Pictures', 'village-roadshow-pictures', '2024-09-08 23:10:25', '2024-09-08 23:10:25'),
(403, 'Virgin Produced', 'virgin-produced', '2024-09-08 23:10:25', '2024-09-08 23:10:25'),
(404, 'Walt Disney Pictures', 'walt-disney-pictures', '2024-09-08 23:10:25', '2024-09-08 23:10:25'),
(405, 'Warner Bros.', 'warner-bros', '2024-09-08 23:10:25', '2024-09-08 23:10:25'),
(406, 'Wayans Bros. Entertainment', 'wayans-bros-entertainment', '2024-09-08 23:10:25', '2024-09-08 23:10:25'),
(407, 'Wessler Entertainment', 'wessler-entertainment', '2024-09-08 23:10:25', '2024-09-08 23:10:25'),
(408, 'Wild Hogs Productions', 'wild-hogs-productions', '2024-09-08 23:10:25', '2024-09-08 23:10:25'),
(409, 'Wintergreen Productions', 'wintergreen-productions', '2024-09-08 23:10:25', '2024-09-08 23:10:25'),
(410, 'Wonderland Sound and Vision', 'wonderland-sound-and-vision', '2024-09-08 23:10:25', '2024-09-08 23:10:25'),
(411, 'Working Title Films', 'working-title-films', '2024-09-08 23:10:25', '2024-09-08 23:10:25'),
(412, 'World 2000 Entertainment', 'world-2000-entertainment', '2024-09-08 23:10:25', '2024-09-08 23:10:25'),
(413, 'Worldview Entertainment', 'worldview-entertainment', '2024-09-08 23:10:25', '2024-09-08 23:10:25'),
(414, 'WV Films II', 'wv-films-ii', '2024-09-08 23:10:25', '2024-09-08 23:10:25'),
(415, 'Xilam Animation', 'xilam-animation', '2024-09-08 23:10:25', '2024-09-08 23:10:25'),
(416, 'XYZ Funding N.V.', 'xyz-funding-nv', '2024-09-08 23:10:25', '2024-09-08 23:10:25'),
(417, 'Yitzak Ginzberg/Ehud Bleiberg Production', 'yitzak-ginzbergehud-bleiberg-production', '2024-09-08 23:10:25', '2024-09-08 23:10:25'),
(418, 'Zide-Perry Productions', 'zide-perry-productions', '2024-09-08 23:10:25', '2024-09-08 23:10:25'),
(419, 'Zoe Pictures', 'zoe-pictures', '2024-09-08 23:10:25', '2024-09-08 23:10:25'),
(420, 'Студія 95 квартал', 'studiia-95-kvartal', '2024-09-08 23:10:25', '2024-09-08 23:10:25'),
(421, 'Невідомо', 'nevidomo', '2024-09-08 23:10:25', '2024-09-08 23:10:25');

-- --------------------------------------------------------

--
-- Структура таблиці `company_film`
--

CREATE TABLE `company_film` (
  `id` int UNSIGNED NOT NULL,
  `company_id` int UNSIGNED NOT NULL,
  `film_id` int UNSIGNED NOT NULL
) ENGINE=InnoDB DEFAULT CHARSET=utf8mb4 COLLATE=utf8mb4_unicode_ci;

--
-- Дамп даних таблиці `company_film`
--

INSERT INTO `company_film` (`id`, `company_id`, `film_id`) VALUES
(1, 400, 1),
(2, 270, 1),
(3, 107, 1),
(4, 95, 1),
(5, 77, 1),
(6, 362, 1),
(7, 332, 2),
(8, 270, 2),
(9, 107, 2),
(10, 95, 2),
(11, 2, 3),
(12, 92, 3),
(13, 198, 4),
(14, 405, 5),
(15, 250, 6),
(16, 153, 6),
(17, 304, 6),
(18, 368, 6),
(19, 72, 7),
(20, 150, 7),
(21, 151, 7),
(22, 123, 7),
(23, 8, 8),
(24, 182, 8),
(25, 208, 9),
(26, 135, 9),
(27, 158, 9),
(28, 213, 9),
(29, 322, 9),
(30, 159, 9),
(31, 196, 9),
(32, 293, 9),
(33, 172, 9),
(34, 293, 9),
(35, 172, 10),
(36, 69, 10),
(37, 229, 11),
(38, 390, 11),
(39, 229, 12),
(40, 132, 12),
(41, 172, 12),
(42, 97, 13),
(43, 185, 13),
(44, 149, 13),
(45, 260, 14),
(46, 311, 14),
(47, 312, 14),
(48, 2, 15),
(49, 44, 15),
(50, 175, 16),
(51, 131, 16),
(52, 200, 16),
(53, 3, 17),
(54, 316, 17),
(55, 367, 17),
(56, 53, 17),
(57, 260, 18),
(58, 98, 18),
(59, 20, 18),
(60, 201, 18),
(61, 162, 19),
(62, 260, 19),
(63, 71, 20),
(64, 2, 21),
(65, 24, 21),
(66, 15, 22),
(67, 323, 23),
(68, 240, 23),
(69, 358, 24),
(70, 122, 25),
(71, 10, 25),
(72, 31, 25),
(73, 357, 26),
(74, 365, 26),
(75, 260, 26),
(76, 405, 27),
(77, 308, 27),
(78, 405, 27),
(79, 76, 28),
(80, 334, 28),
(81, 347, 28),
(82, 387, 28),
(83, 397, 29),
(84, 323, 29),
(85, 288, 29),
(86, 240, 29),
(87, 9, 30),
(88, 301, 30),
(89, 46, 31),
(90, 260, 31),
(91, 38, 32),
(92, 197, 33),
(93, 45, 34),
(94, 239, 34),
(95, 174, 34),
(96, 20, 35),
(97, 51, 36),
(98, 349, 36),
(99, 101, 37),
(100, 141, 37),
(101, 157, 37),
(102, 405, 38),
(103, 298, 38),
(104, 405, 38),
(105, 357, 39),
(106, 420, 40),
(107, 405, 41),
(108, 60, 41),
(109, 405, 41),
(110, 85, 42),
(111, 405, 43),
(112, 155, 43),
(113, 226, 43),
(114, 405, 43),
(115, 373, 44),
(116, 9, 45),
(117, 114, 45),
(118, 391, 45),
(119, 421, 46),
(120, 260, 47),
(121, 242, 47),
(122, 281, 47),
(123, 4, 48),
(124, 333, 48),
(125, 33, 49),
(126, 299, 49),
(127, 273, 49),
(128, 141, 49),
(129, 66, 50),
(130, 93, 50),
(131, 378, 50),
(132, 130, 50),
(133, 395, 51),
(134, 217, 51),
(135, 230, 51),
(136, 263, 51),
(137, 413, 51),
(138, 2, 51),
(139, 2, 51),
(140, 404, 52),
(141, 337, 52),
(142, 202, 53),
(143, 106, 53),
(144, 113, 53),
(145, 359, 53),
(146, 57, 53),
(147, 340, 53),
(148, 317, 53),
(149, 110, 53),
(150, 26, 53),
(151, 260, 54),
(152, 302, 54),
(153, 343, 54),
(154, 356, 54),
(155, 411, 55),
(156, 364, 55),
(157, 87, 56),
(158, 285, 56),
(159, 2, 57),
(160, 209, 57),
(161, 34, 57),
(162, 223, 57),
(163, 320, 57),
(164, 2, 57),
(165, 181, 58),
(166, 17, 58),
(167, 80, 58),
(168, 195, 59),
(169, 344, 59),
(170, 87, 60),
(171, 281, 61),
(172, 388, 62),
(173, 405, 63),
(174, 402, 63),
(175, 346, 63),
(176, 293, 64),
(177, 144, 64),
(178, 160, 64),
(179, 20, 65),
(180, 87, 66),
(181, 156, 66),
(182, 255, 66),
(183, 321, 66),
(184, 409, 66),
(185, 116, 67),
(186, 164, 67),
(187, 318, 67),
(188, 278, 68),
(189, 93, 68),
(190, 19, 68),
(191, 291, 68),
(192, 116, 69),
(193, 355, 69),
(194, 179, 69),
(195, 27, 69),
(196, 184, 70),
(197, 184, 71),
(198, 2, 72),
(199, 116, 72),
(200, 90, 72),
(201, 20, 72),
(202, 52, 72),
(203, 2, 73),
(204, 346, 73),
(205, 350, 73),
(206, 2, 74),
(207, 1, 74),
(208, 87, 75),
(209, 275, 75),
(210, 393, 76),
(211, 59, 76),
(212, 175, 76),
(213, 206, 76),
(214, 372, 76),
(215, 2, 77),
(216, 222, 77),
(217, 393, 78),
(218, 222, 78),
(219, 289, 78),
(220, 68, 78),
(221, 364, 78),
(222, 260, 79),
(223, 2, 79),
(224, 148, 79),
(225, 99, 79),
(226, 216, 79),
(227, 346, 79),
(228, 2, 80),
(229, 99, 80),
(230, 216, 80),
(231, 346, 80),
(232, 68, 81),
(233, 68, 81),
(234, 2, 82),
(235, 345, 82),
(236, 2, 83),
(237, 345, 83),
(238, 254, 84),
(239, 254, 85),
(240, 274, 85),
(241, 405, 86),
(242, 109, 86),
(243, 163, 86),
(244, 233, 86),
(245, 251, 87),
(246, 193, 87),
(247, 194, 87),
(248, 109, 88),
(249, 406, 88),
(250, 163, 88),
(251, 58, 88),
(252, 109, 89),
(253, 406, 89),
(254, 61, 89),
(255, 163, 89),
(256, 109, 90),
(257, 58, 90),
(258, 293, 91),
(259, 293, 92),
(260, 293, 93),
(261, 2, 94),
(262, 335, 94),
(263, 117, 94),
(264, 190, 94),
(265, 232, 94),
(266, 2, 94),
(267, 405, 95),
(268, 219, 95),
(269, 89, 95),
(270, 180, 95),
(271, 35, 95),
(272, 268, 95),
(273, 379, 96),
(274, 370, 96),
(275, 410, 96),
(276, 2, 97),
(277, 315, 97),
(278, 222, 97),
(279, 190, 97),
(280, 2, 98),
(281, 99, 98),
(282, 262, 99),
(283, 246, 99),
(284, 385, 99),
(285, 262, 100),
(286, 246, 100),
(287, 385, 100),
(288, 405, 101),
(289, 236, 101),
(290, 260, 102),
(291, 366, 102),
(292, 266, 102),
(293, 418, 102),
(294, 260, 103),
(295, 225, 103),
(296, 418, 103),
(297, 260, 104),
(298, 225, 104),
(299, 418, 104),
(300, 227, 104),
(301, 260, 105),
(302, 307, 105),
(303, 321, 105),
(304, 419, 105),
(305, 405, 106),
(306, 109, 106),
(307, 32, 106),
(308, 405, 107),
(309, 256, 107),
(310, 64, 107),
(311, 191, 107),
(312, 79, 108),
(313, 129, 108),
(314, 178, 108),
(315, 289, 108),
(316, 282, 108),
(317, 48, 109),
(318, 140, 109),
(319, 205, 109),
(320, 405, 110),
(321, 306, 110),
(322, 405, 111),
(323, 96, 111),
(324, 161, 111),
(325, 189, 111),
(326, 402, 111),
(327, 366, 112),
(328, 224, 112),
(329, 103, 112),
(330, 183, 112),
(331, 386, 112),
(332, 6, 112),
(333, 252, 112),
(334, 327, 112),
(335, 2, 113),
(336, 204, 113),
(337, 377, 113),
(338, 81, 114),
(339, 177, 114),
(340, 87, 115),
(341, 157, 115),
(342, 251, 116),
(343, 7, 116),
(344, 2, 117),
(345, 167, 117),
(346, 346, 117),
(347, 254, 118),
(348, 152, 118),
(349, 152, 119),
(350, 74, 119),
(351, 118, 119),
(352, 244, 119),
(353, 2, 120),
(354, 167, 120),
(355, 346, 120),
(356, 2, 121),
(357, 80, 121),
(358, 281, 122),
(359, 11, 122),
(360, 87, 122),
(361, 215, 122),
(362, 300, 122),
(363, 262, 123),
(364, 314, 123),
(365, 262, 124),
(366, 48, 124),
(367, 315, 124),
(368, 165, 125),
(369, 292, 125),
(370, 391, 126),
(371, 356, 126),
(372, 126, 126),
(373, 402, 127),
(374, 392, 127),
(375, 271, 127),
(376, 41, 127),
(377, 402, 128),
(378, 392, 128),
(379, 260, 129),
(380, 167, 129),
(381, 262, 130),
(382, 67, 130),
(383, 262, 131),
(384, 127, 131),
(385, 257, 131),
(386, 376, 131),
(387, 116, 132),
(388, 259, 132),
(389, 392, 132),
(390, 260, 132),
(391, 116, 133),
(392, 259, 133),
(393, 392, 133),
(394, 391, 134),
(395, 128, 134),
(396, 247, 134),
(397, 116, 135),
(398, 225, 135),
(399, 374, 135),
(400, 293, 136),
(401, 119, 136),
(402, 143, 137),
(403, 319, 137),
(404, 341, 137),
(405, 405, 138),
(406, 346, 138),
(407, 405, 139),
(408, 346, 139),
(409, 405, 140),
(410, 346, 140),
(411, 405, 141),
(412, 346, 141),
(413, 112, 141),
(414, 87, 142),
(415, 27, 142),
(416, 276, 142),
(417, 2, 143),
(418, 320, 143),
(419, 173, 144),
(420, 281, 145),
(421, 87, 145),
(422, 325, 145),
(423, 321, 146),
(424, 384, 146),
(425, 233, 146),
(426, 173, 147),
(427, 321, 147),
(428, 366, 148),
(429, 171, 148),
(430, 306, 148),
(431, 348, 148),
(432, 224, 149),
(433, 248, 149),
(434, 100, 149),
(435, 273, 149),
(436, 272, 149),
(437, 293, 150),
(438, 62, 150),
(439, 352, 150),
(440, 267, 151),
(441, 116, 151),
(442, 293, 151),
(443, 336, 151),
(444, 295, 151),
(445, 260, 152),
(446, 281, 152),
(447, 321, 152),
(448, 279, 152),
(449, 261, 152),
(450, 105, 152),
(451, 40, 153),
(452, 264, 153),
(453, 338, 153),
(454, 293, 154),
(455, 146, 154),
(456, 154, 154),
(457, 86, 154),
(458, 88, 154),
(459, 381, 154),
(460, 342, 154),
(461, 349, 154),
(462, 262, 155),
(463, 12, 155),
(464, 99, 155),
(465, 2, 156),
(466, 21, 156),
(467, 23, 156),
(468, 87, 157),
(469, 50, 157),
(470, 104, 157),
(471, 66, 158),
(472, 130, 158),
(473, 378, 158),
(474, 405, 159),
(475, 402, 159),
(476, 271, 159),
(477, 284, 159),
(478, 414, 159),
(479, 175, 160),
(480, 192, 160),
(481, 73, 160),
(482, 258, 160),
(483, 416, 160),
(484, 346, 161),
(485, 13, 161),
(486, 237, 162),
(487, 124, 162),
(488, 125, 162),
(489, 35, 162),
(490, 55, 162),
(491, 130, 163),
(492, 139, 163),
(493, 66, 163),
(494, 78, 163),
(495, 2, 164),
(496, 188, 164),
(497, 363, 164),
(498, 336, 164),
(499, 22, 164),
(500, 2, 164),
(501, 260, 165),
(502, 187, 165),
(503, 87, 166),
(504, 109, 166),
(505, 238, 166),
(506, 321, 166),
(507, 91, 166),
(508, 399, 166),
(509, 402, 167),
(510, 99, 167),
(511, 405, 168),
(512, 293, 168),
(513, 219, 168),
(514, 102, 168),
(515, 89, 168),
(516, 231, 169),
(517, 277, 169),
(518, 375, 169),
(519, 265, 169),
(520, 210, 170),
(521, 241, 170),
(522, 137, 170),
(523, 147, 171),
(524, 283, 171),
(525, 87, 172),
(526, 281, 172),
(527, 321, 172),
(528, 243, 172),
(529, 358, 172),
(530, 356, 173),
(531, 391, 173),
(532, 412, 173),
(533, 260, 174),
(534, 356, 174),
(535, 321, 174),
(536, 27, 174),
(537, 109, 175),
(538, 394, 175),
(539, 248, 176),
(540, 273, 176),
(541, 391, 177),
(542, 199, 177),
(543, 391, 178),
(544, 389, 178),
(545, 408, 178),
(546, 404, 179),
(547, 356, 179),
(548, 233, 179),
(549, 207, 179),
(550, 290, 180),
(551, 324, 180),
(552, 405, 181),
(553, 219, 181),
(554, 102, 181),
(555, 296, 181),
(556, 369, 181),
(557, 224, 182),
(558, 36, 182),
(559, 100, 182),
(560, 111, 182),
(561, 393, 183),
(562, 20, 183),
(563, 405, 184),
(564, 199, 184),
(565, 70, 184),
(566, 43, 185),
(567, 152, 185),
(568, 203, 185),
(569, 254, 185),
(570, 260, 186),
(571, 90, 186),
(572, 170, 186),
(573, 87, 187),
(574, 348, 187),
(575, 293, 188),
(576, 138, 188),
(577, 63, 188),
(578, 326, 188),
(579, 2, 189),
(580, 136, 189),
(581, 405, 190),
(582, 42, 190),
(583, 313, 190),
(584, 260, 191),
(585, 187, 191),
(586, 87, 192),
(587, 238, 192),
(588, 355, 192),
(589, 37, 192),
(590, 87, 193),
(591, 321, 193),
(592, 294, 193),
(593, 260, 194),
(594, 54, 194),
(595, 310, 194),
(596, 253, 194),
(597, 262, 195),
(598, 98, 195),
(599, 2, 196),
(600, 120, 196),
(601, 269, 196),
(602, 405, 197),
(603, 346, 197),
(604, 14, 198),
(605, 134, 198),
(606, 405, 199),
(607, 402, 199),
(608, 271, 199),
(609, 200, 199),
(610, 339, 199),
(611, 414, 199),
(612, 116, 200),
(613, 260, 200),
(614, 335, 200),
(615, 382, 201),
(616, 309, 201),
(617, 224, 202),
(618, 212, 202),
(619, 168, 202),
(620, 224, 203),
(621, 212, 203),
(622, 248, 204),
(623, 224, 204),
(624, 224, 205),
(625, 248, 205),
(626, 273, 205),
(627, 293, 206),
(628, 39, 206),
(629, 356, 206),
(630, 293, 207),
(631, 39, 207),
(632, 211, 207),
(633, 349, 207),
(634, 293, 208),
(635, 39, 208),
(636, 297, 208),
(637, 349, 208),
(638, 351, 208),
(639, 5, 208),
(640, 353, 209),
(641, 286, 209),
(642, 287, 209),
(643, 353, 210),
(644, 286, 210),
(645, 94, 210),
(646, 360, 210),
(647, 401, 210),
(648, 157, 211),
(649, 286, 211),
(650, 133, 211),
(651, 238, 212),
(652, 293, 212),
(653, 238, 213),
(654, 134, 213),
(655, 260, 214),
(656, 238, 214),
(657, 398, 214),
(658, 166, 214),
(659, 238, 215),
(660, 293, 215),
(661, 393, 216),
(662, 16, 216),
(663, 82, 216),
(664, 321, 217),
(665, 191, 217),
(666, 234, 217),
(667, 403, 217),
(668, 328, 217),
(669, 56, 217),
(670, 2, 218),
(671, 117, 218),
(672, 228, 219),
(673, 2, 219),
(674, 228, 220),
(675, 228, 221),
(676, 228, 222),
(677, 228, 223),
(678, 228, 224),
(679, 228, 225),
(680, 18, 225),
(681, 49, 225),
(682, 405, 226),
(683, 102, 226),
(684, 402, 226),
(685, 112, 226),
(686, 3, 226),
(687, 29, 227),
(688, 66, 227),
(689, 130, 227),
(690, 378, 227),
(691, 422, 227),
(692, 423, 227),
(693, 29, 228),
(694, 364, 228),
(695, 218, 228),
(696, 378, 228),
(697, 130, 228),
(698, 130, 229),
(699, 29, 229),
(700, 364, 229),
(701, 378, 229),
(702, 130, 230),
(703, 28, 230),
(704, 29, 230),
(705, 364, 230),
(706, 78, 230),
(707, 108, 230),
(708, 130, 231),
(709, 371, 231),
(710, 29, 231),
(711, 328, 232),
(712, 405, 233),
(713, 380, 233),
(714, 405, 234),
(715, 380, 234),
(716, 405, 235),
(717, 305, 235),
(718, 405, 236),
(719, 405, 237),
(720, 405, 238),
(721, 405, 239),
(722, 25, 240),
(723, 121, 240),
(724, 260, 241),
(725, 20, 241),
(726, 396, 241),
(727, 260, 242),
(728, 20, 242),
(729, 396, 242),
(730, 260, 243),
(731, 20, 243),
(732, 396, 243),
(733, 405, 244),
(734, 303, 244),
(735, 176, 244),
(736, 214, 244),
(737, 280, 245),
(738, 145, 245),
(739, 186, 245),
(740, 87, 246),
(741, 281, 246),
(742, 75, 246),
(743, 65, 246),
(744, 325, 247),
(745, 281, 247),
(746, 325, 248),
(747, 281, 248),
(748, 281, 249),
(749, 325, 249),
(750, 279, 249),
(751, 329, 249),
(752, 235, 249),
(753, 331, 249),
(754, 115, 250),
(755, 245, 250),
(756, 417, 250),
(757, 224, 251),
(758, 249, 251),
(759, 354, 251),
(760, 142, 251),
(761, 2, 252),
(762, 320, 252),
(763, 361, 252),
(764, 262, 253),
(765, 250, 253),
(766, 165, 253),
(767, 262, 254),
(768, 165, 254),
(769, 84, 255),
(770, 165, 255),
(771, 260, 256),
(772, 187, 256),
(773, 403, 257),
(774, 168, 257),
(775, 407, 257),
(776, 97, 258),
(777, 229, 258),
(778, 415, 258),
(779, 221, 259),
(780, 172, 260),
(781, 157, 260),
(782, 97, 260),
(783, 47, 261),
(784, 97, 261),
(785, 220, 261),
(786, 30, 261),
(787, 2, 262),
(788, 2, 263),
(789, 2, 264),
(790, 92, 264),
(791, 330, 264),
(792, 2, 265),
(793, 383, 265),
(794, 2, 265);

-- --------------------------------------------------------

--
-- Структура таблиці `composers`
--

CREATE TABLE `composers` (
  `id` int UNSIGNED NOT NULL,
  `name` varchar(255) COLLATE utf8mb4_unicode_ci NOT NULL,
  `slug` varchar(255) COLLATE utf8mb4_unicode_ci NOT NULL,
  `created_at` timestamp NULL DEFAULT NULL,
  `updated_at` timestamp NULL DEFAULT NULL
) ENGINE=InnoDB DEFAULT CHARSET=utf8mb4 COLLATE=utf8mb4_unicode_ci;

--
-- Дамп даних таблиці `composers`
--

INSERT INTO `composers` (`id`, `name`, `slug`, `created_at`, `updated_at`) VALUES
(1, 'Aaron Schroeder', 'aaron-schroeder', '2024-09-08 23:10:25', '2024-09-08 23:10:25'),
(2, 'Akhenaton', 'akhenaton', '2024-09-08 23:10:25', '2024-09-08 23:10:25'),
(3, 'Al Khemiya', 'al-khemiya', '2024-09-08 23:10:25', '2024-09-08 23:10:25'),
(4, 'B (Брайан Уэйн Трансо)', 'b-braian-uein-transo', '2024-09-08 23:10:25', '2024-09-08 23:10:25'),
(5, 'BT', 'bt', '2024-09-08 23:10:25', '2024-09-08 23:10:25'),
(6, 'Claude Bolling', 'claude-bolling', '2024-09-08 23:10:25', '2024-09-08 23:10:25'),
(7, 'Claude Foisy', 'claude-foisy', '2024-09-08 23:10:25', '2024-09-08 23:10:25'),
(8, 'Daft Punk', 'daft-punk', '2024-09-08 23:10:25', '2024-09-08 23:10:25'),
(9, 'David Grover', 'david-grover', '2024-09-08 23:10:25', '2024-09-08 23:10:25'),
(10, 'David Hughes', 'david-hughes', '2024-09-08 23:10:25', '2024-09-08 23:10:25'),
(11, 'Dj Kore', 'dj-kore', '2024-09-08 23:10:25', '2024-09-08 23:10:25'),
(12, 'Doudou Masta', 'doudou-masta', '2024-09-08 23:10:25', '2024-09-08 23:10:25'),
(13, 'Dust Brothers', 'dust-brothers', '2024-09-08 23:10:25', '2024-09-08 23:10:25'),
(14, 'George S. Clinton', 'george-s-clinton', '2024-09-08 23:10:25', '2024-09-08 23:10:25'),
(15, 'Haim Saban', 'haim-saban', '2024-09-08 23:10:25', '2024-09-08 23:10:25'),
(16, 'Hal Foxton Beckett', 'hal-foxton-beckett', '2024-09-08 23:10:25', '2024-09-08 23:10:25'),
(17, 'Hervé Lavandier', 'herve-lavandier', '2024-09-08 23:10:25', '2024-09-08 23:10:25'),
(18, 'Irving Szathmary', 'irving-szathmary', '2024-09-08 23:10:25', '2024-09-08 23:10:25'),
(19, 'John Barnes', 'john-barnes', '2024-09-08 23:10:25', '2024-09-08 23:10:25'),
(20, 'Kore & Skalp', 'kore-skalp', '2024-09-08 23:10:25', '2024-09-08 23:10:25'),
(21, 'Ramon Pipin', 'ramon-pipin', '2024-09-08 23:10:25', '2024-09-08 23:10:25'),
(22, 'Shuki Levy', 'shuki-levy', '2024-09-08 23:10:25', '2024-09-08 23:10:25'),
(23, 'Tomandandy', 'tomandandy', '2024-09-08 23:10:25', '2024-09-08 23:10:25'),
(24, 'Аарон Шрёдер', 'aaron-sreder', '2024-09-08 23:10:25', '2024-09-08 23:10:25'),
(25, 'Айра Ньюборн', 'aira-niuborn', '2024-09-08 23:10:25', '2024-09-08 23:10:25'),
(26, 'Алан Сільвестрі', 'alan-silvestri', '2024-09-08 23:10:25', '2024-09-08 23:10:25'),
(27, 'Алекс Вурман', 'aleks-vurman', '2024-09-08 23:10:25', '2024-09-08 23:10:25'),
(28, 'Алекс Геффелс', 'aleks-geffels', '2024-09-08 23:10:25', '2024-09-08 23:10:25'),
(29, 'Александр Деспла', 'aleksandr-despla', '2024-09-08 23:10:25', '2024-09-08 23:10:25'),
(30, 'Альф Клаузен', 'alf-klauzen', '2024-09-08 23:10:25', '2024-09-08 23:10:25'),
(31, 'Антонио Санчес', 'antonio-sances', '2024-09-08 23:10:25', '2024-09-08 23:10:25'),
(32, 'Аттікус Росс', 'attikus-ross', '2024-09-08 23:10:25', '2024-09-08 23:10:25'),
(33, 'Бад Грін', 'bad-grin', '2024-09-08 23:10:25', '2024-09-08 23:10:25'),
(34, 'Безіл Поледуріс', 'bezil-poleduris', '2024-09-08 23:10:25', '2024-09-08 23:10:25'),
(35, 'Бен Гомер', 'ben-gomer', '2024-09-08 23:10:25', '2024-09-08 23:10:25'),
(36, 'Блейк Нілі', 'bleik-nili', '2024-09-08 23:10:25', '2024-09-08 23:10:25'),
(37, 'Борис Бланк', 'boris-blank', '2024-09-08 23:10:25', '2024-09-08 23:10:25'),
(38, 'Брам Венгер', 'bram-venger', '2024-09-08 23:10:25', '2024-09-08 23:10:25'),
(39, 'Браян Тайлер', 'braian-tailer', '2024-09-08 23:10:25', '2024-09-08 23:10:25'),
(40, 'Бред Вагнер', 'bred-vagner', '2024-09-08 23:10:25', '2024-09-08 23:10:25'),
(41, 'Бред Фідель', 'bred-fidel', '2024-09-08 23:10:25', '2024-09-08 23:10:25'),
(42, 'Гай Мун', 'gai-mun', '2024-09-08 23:10:25', '2024-09-08 23:10:25'),
(43, 'Ганс Ціммер', 'gans-cimmer', '2024-09-08 23:10:25', '2024-09-08 23:10:25'),
(44, 'Гарольд Фальтермаєр', 'garold-faltermajer', '2024-09-08 23:10:25', '2024-09-08 23:10:25'),
(45, 'Гарри МакДональд', 'garri-makdonald', '2024-09-08 23:10:25', '2024-09-08 23:10:25'),
(46, 'Гаррі Грегсон-Вільямс', 'garri-gregson-viliams', '2024-09-08 23:10:25', '2024-09-08 23:10:25'),
(47, 'Говард Шор', 'govard-sor', '2024-09-08 23:10:25', '2024-09-08 23:10:25'),
(48, 'Грем Ревелл', 'grem-revell', '2024-09-08 23:10:25', '2024-09-08 23:10:25'),
(49, 'Да Октопусс', 'da-oktopuss', '2024-09-08 23:10:25', '2024-09-08 23:10:25'),
(50, 'Девід Арнольд', 'devid-arnold', '2024-09-08 23:10:25', '2024-09-08 23:10:25'),
(51, 'Девід Ванакор', 'devid-vanakor', '2024-09-08 23:10:25', '2024-09-08 23:10:25'),
(52, 'Девід Голмс', 'devid-golms', '2024-09-08 23:10:25', '2024-09-08 23:10:25'),
(53, 'Девід Кітай', 'devid-kitai', '2024-09-08 23:10:25', '2024-09-08 23:10:25'),
(54, 'Девід Нессім Ловренс', 'devid-nessim-lovrens', '2024-09-08 23:10:25', '2024-09-08 23:10:25'),
(55, 'Девід Ньюман', 'devid-niuman', '2024-09-08 23:10:25', '2024-09-08 23:10:25'),
(56, 'Девід Сарді', 'devid-sardi', '2024-09-08 23:10:25', '2024-09-08 23:10:25'),
(57, 'Девід Сенборн', 'devid-senborn', '2024-09-08 23:10:25', '2024-09-08 23:10:25'),
(58, 'Девід Шир', 'devid-sir', '2024-09-08 23:10:25', '2024-09-08 23:10:25'),
(59, 'Демієн Рок', 'demijen-rok', '2024-09-08 23:10:25', '2024-09-08 23:10:25'),
(60, 'Денні Ельфман', 'denni-elfman', '2024-09-08 23:10:25', '2024-09-08 23:10:25'),
(61, 'Денні Люкс', 'denni-liuks', '2024-09-08 23:10:25', '2024-09-08 23:10:25'),
(62, 'Денніс Ч. Браун', 'dennis-c-braun', '2024-09-08 23:10:25', '2024-09-08 23:10:25'),
(63, 'Джеймс Вінебл', 'dzeims-vinebl', '2024-09-08 23:10:25', '2024-09-08 23:10:25'),
(64, 'Джеймс Горнер', 'dzeims-gorner', '2024-09-08 23:10:25', '2024-09-08 23:10:25'),
(65, 'Джеймс Ньютон Говард', 'dzeims-niuton-govard', '2024-09-08 23:10:25', '2024-09-08 23:10:25'),
(66, 'Джеррі Голдсміт', 'dzerri-goldsmit', '2024-09-08 23:10:26', '2024-09-08 23:10:26'),
(67, 'Джин Мак-Даніел ', 'dzin-mak-daniel', '2024-09-08 23:10:26', '2024-09-08 23:10:26'),
(68, 'Джоел Дж. Річард', 'dzoel-dz-ricard', '2024-09-08 23:10:26', '2024-09-08 23:10:26'),
(69, 'Джозеф ЛоДука', 'dzozef-loduka', '2024-09-08 23:10:26', '2024-09-08 23:10:26'),
(70, 'Джон Бріон', 'dzon-brion', '2024-09-08 23:10:26', '2024-09-08 23:10:26'),
(71, 'Джон Вільямс', 'dzon-viliams', '2024-09-08 23:10:26', '2024-09-08 23:10:26'),
(72, 'Джон Дебні', 'dzon-debni', '2024-09-08 23:10:26', '2024-09-08 23:10:26'),
(73, 'Джон Дю През', 'dzon-diu-prez', '2024-09-08 23:10:26', '2024-09-08 23:10:26'),
(74, 'Джон Мерфі', 'dzon-merfi', '2024-09-08 23:10:26', '2024-09-08 23:10:26'),
(75, 'Джон Пітер Робінсон', 'dzon-piter-robinson', '2024-09-08 23:10:26', '2024-09-08 23:10:26'),
(76, 'Джон Свайхарт', 'dzon-svaixart', '2024-09-08 23:10:26', '2024-09-08 23:10:26'),
(77, 'Джонні Клаймек', 'dzonni-klaimek', '2024-09-08 23:10:26', '2024-09-08 23:10:26'),
(78, 'Джордж С. Клінтон', 'dzordz-s-klinton', '2024-09-08 23:10:26', '2024-09-08 23:10:26'),
(79, 'Джордж Фентон', 'dzordz-fenton', '2024-09-08 23:10:26', '2024-09-08 23:10:26'),
(80, 'Дон Девіс', 'don-devis', '2024-09-08 23:10:26', '2024-09-08 23:10:26'),
(81, 'Дэвид Гроувер', 'devid-grouver', '2024-09-08 23:10:26', '2024-09-08 23:10:26'),
(82, 'Дэн Стадни', 'den-stadni', '2024-09-08 23:10:26', '2024-09-08 23:10:26'),
(83, 'Едвард Шермур', 'edvard-sermur', '2024-09-08 23:10:26', '2024-09-08 23:10:26'),
(84, 'Еліот Голденталь', 'eliot-goldental', '2024-09-08 23:10:26', '2024-09-08 23:10:26'),
(85, 'Елмер Бернстайн', 'elmer-bernstain', '2024-09-08 23:10:26', '2024-09-08 23:10:26'),
(86, 'Ерве Левандьє', 'erve-levandje', '2024-09-08 23:10:26', '2024-09-08 23:10:26'),
(87, 'Ерік Клептон', 'erik-klepton', '2024-09-08 23:10:26', '2024-09-08 23:10:26'),
(88, 'Ерік Серра', 'erik-serra', '2024-09-08 23:10:26', '2024-09-08 23:10:26'),
(89, 'Ілля Кмірал', 'illia-kmiral', '2024-09-08 23:10:26', '2024-09-08 23:10:26'),
(90, 'Карл Сталлинг', 'karl-stalling', '2024-09-08 23:10:26', '2024-09-08 23:10:26'),
(91, 'Картер Бервелл', 'karter-bervell', '2024-09-08 23:10:26', '2024-09-08 23:10:26'),
(92, 'Керол Кінг', 'kerol-king', '2024-09-08 23:10:26', '2024-09-08 23:10:26'),
(93, 'Клаус Бадельт', 'klaus-badelt', '2024-09-08 23:10:26', '2024-09-08 23:10:26'),
(94, 'Клінт Менселл', 'klint-mensell', '2024-09-08 23:10:26', '2024-09-08 23:10:26'),
(95, 'Кліфф Мартінес', 'kliff-martines', '2024-09-08 23:10:26', '2024-09-08 23:10:26'),
(96, 'Комбасчібл Едісон', 'kombascibl-edison', '2024-09-08 23:10:26', '2024-09-08 23:10:26'),
(97, 'Кріс Бабіда', 'kris-babida', '2024-09-08 23:10:26', '2024-09-08 23:10:26'),
(98, 'Крістоф Бек', 'kristof-bek', '2024-09-08 23:10:26', '2024-09-08 23:10:26'),
(99, 'Крістофер Леннерц', 'kristofer-lennerc', '2024-09-08 23:10:26', '2024-09-08 23:10:26'),
(100, 'Крістофер Тінг', 'kristofer-ting', '2024-09-08 23:10:26', '2024-09-08 23:10:26'),
(101, 'Крістофер Янг', 'kristofer-iang', '2024-09-08 23:10:26', '2024-09-08 23:10:26'),
(102, 'Куинси Джонс', 'kuinsi-dzons', '2024-09-08 23:10:26', '2024-09-08 23:10:26'),
(103, 'Лайл Воркмен', 'lail-vorkmen', '2024-09-08 23:10:26', '2024-09-08 23:10:26'),
(104, 'Лес Браун', 'les-braun', '2024-09-08 23:10:26', '2024-09-08 23:10:26'),
(105, 'Лі Голдрідж', 'li-goldridz', '2024-09-08 23:10:26', '2024-09-08 23:10:26'),
(106, 'Ліза Джеррард', 'liza-dzerrard', '2024-09-08 23:10:26', '2024-09-08 23:10:26'),
(107, 'Лори Стоун', 'lori-stoun', '2024-09-08 23:10:26', '2024-09-08 23:10:26'),
(108, 'Людвіг Йоранссон', 'liudvig-ioransson', '2024-09-08 23:10:26', '2024-09-08 23:10:26'),
(109, 'Майк Паттон', 'maik-patton', '2024-09-08 23:10:26', '2024-09-08 23:10:26'),
(110, 'Майк Пост', 'maik-post', '2024-09-08 23:10:26', '2024-09-08 23:10:26'),
(111, 'Майкл Абелс', 'maikl-abels', '2024-09-08 23:10:26', '2024-09-08 23:10:26'),
(112, 'Майкл Брук', 'maikl-bruk', '2024-09-08 23:10:26', '2024-09-08 23:10:26'),
(113, 'Майкл Джаккіно', 'maikl-dzakkino', '2024-09-08 23:10:26', '2024-09-08 23:10:26'),
(114, 'Майкл Кеймен', 'maikl-keimen', '2024-09-08 23:10:26', '2024-09-08 23:10:26'),
(115, 'Майкл Прайс', 'maikl-prais', '2024-09-08 23:10:26', '2024-09-08 23:10:26'),
(116, 'Майкл Субі', 'maikl-subi', '2024-09-08 23:10:26', '2024-09-08 23:10:26'),
(117, 'Майкл Тавера', 'maikl-tavera', '2024-09-08 23:10:26', '2024-09-08 23:10:26'),
(118, 'Майлз Гудман', 'mailz-gudman', '2024-09-08 23:10:26', '2024-09-08 23:10:26'),
(119, 'Марк Айшем', 'mark-aisem', '2024-09-08 23:10:26', '2024-09-08 23:10:26'),
(120, 'Марк Ішем', 'mark-isem', '2024-09-08 23:10:26', '2024-09-08 23:10:26'),
(121, 'Марк Мазесбо', 'mark-mazesbo', '2024-09-08 23:10:26', '2024-09-08 23:10:26'),
(122, 'Марк МакГрес', 'mark-makgres', '2024-09-08 23:10:26', '2024-09-08 23:10:26'),
(123, 'Марк Мансіна', 'mark-mansina', '2024-09-08 23:10:26', '2024-09-08 23:10:26'),
(124, 'Марк Стрейтенфелд', 'mark-streitenfeld', '2024-09-08 23:10:26', '2024-09-08 23:10:26'),
(125, 'Марко Белтрамі', 'marko-beltrami', '2024-09-08 23:10:26', '2024-09-08 23:10:26'),
(126, 'Милт Франклин ', 'milt-franklin', '2024-09-08 23:10:26', '2024-09-08 23:10:26'),
(127, 'Мішель Мань', 'misel-man', '2024-09-08 23:10:26', '2024-09-08 23:10:26'),
(128, 'Найл Роджерс', 'nail-rodzers', '2024-09-08 23:10:26', '2024-09-08 23:10:26'),
(129, 'Олександр Азарія', 'oleksandr-azariia', '2024-09-08 23:10:26', '2024-09-08 23:10:26'),
(130, 'Патрік Дойл', 'patrik-doil', '2024-09-08 23:10:26', '2024-09-08 23:10:26'),
(131, 'Пит Карпентер', 'pit-karpenter', '2024-09-08 23:10:26', '2024-09-08 23:10:26'),
(132, 'Питер Бернштейн', 'piter-bernstein', '2024-09-08 23:10:26', '2024-09-08 23:10:26'),
(133, 'Пол Гаслінгер', 'pol-gaslinger', '2024-09-08 23:10:26', '2024-09-08 23:10:26'),
(134, 'Пол Гілріт', 'pol-gilrit', '2024-09-08 23:10:26', '2024-09-08 23:10:26'),
(135, 'Пол Леонард-Морґан', 'pol-leonard-morgan', '2024-09-08 23:10:26', '2024-09-08 23:10:26'),
(136, 'Пол Ребджонс', 'pol-rebdzons', '2024-09-08 23:10:26', '2024-09-08 23:10:26'),
(137, 'Пол Хаслінгер', 'pol-xaslinger', '2024-09-08 23:10:26', '2024-09-08 23:10:26'),
(138, 'Рамін Джаваді', 'ramin-dzavadi', '2024-09-08 23:10:26', '2024-09-08 23:10:26'),
(139, 'Рассел Мэйл', 'rassel-meil', '2024-09-08 23:10:26', '2024-09-08 23:10:26'),
(140, 'Ренді Едельман', 'rendi-edelman', '2024-09-08 23:10:26', '2024-09-08 23:10:26'),
(141, 'Ренді Ньюман', 'rendi-niuman', '2024-09-08 23:10:26', '2024-09-08 23:10:26'),
(142, 'Ричард Ашер', 'ricard-aser', '2024-09-08 23:10:26', '2024-09-08 23:10:26'),
(143, 'Роберт Лайдекер', 'robert-laideker', '2024-09-08 23:10:26', '2024-09-08 23:10:26'),
(144, 'Роберт Родрігес', 'robert-rodriges', '2024-09-08 23:10:26', '2024-09-08 23:10:26'),
(145, 'Роберт Фолк', 'robert-folk', '2024-09-08 23:10:26', '2024-09-08 23:10:26'),
(146, 'Роджер Беллон', 'rodzer-bellon', '2024-09-08 23:10:26', '2024-09-08 23:10:26'),
(147, 'Рон Мэйл', 'ron-meil', '2024-09-08 23:10:26', '2024-09-08 23:10:26'),
(148, 'Руперт Грегсон-Вільямс', 'rupert-gregson-viliams', '2024-09-08 23:10:26', '2024-09-08 23:10:26'),
(149, 'Сільвестр Левай', 'silvestr-levai', '2024-09-08 23:10:26', '2024-09-08 23:10:26'),
(150, 'Стефен В. Парсонс', 'stefen-v-parsons', '2024-09-08 23:10:26', '2024-09-08 23:10:26'),
(151, 'Стівен Ендельман', 'stiven-endelman', '2024-09-08 23:10:26', '2024-09-08 23:10:26'),
(152, 'Стэнли Кларк', 'stenli-klark', '2024-09-08 23:10:26', '2024-09-08 23:10:26'),
(153, 'Стюарт Коупленд', 'stiuart-kouplend', '2024-09-08 23:10:26', '2024-09-08 23:10:26'),
(154, 'Тайлер Бейтс', 'tailer-beits', '2024-09-08 23:10:26', '2024-09-08 23:10:26'),
(155, 'Тедді Кастелуччі', 'teddi-kastelucci', '2024-09-08 23:10:26', '2024-09-08 23:10:26'),
(156, 'Теодор Шапіро', 'teodor-sapiro', '2024-09-08 23:10:26', '2024-09-08 23:10:26'),
(157, 'Тим Уинн', 'tim-uinn', '2024-09-08 23:10:26', '2024-09-08 23:10:26'),
(158, 'Томас Ньюман', 'tomas-niuman', '2024-09-08 23:10:26', '2024-09-08 23:10:26'),
(159, 'Тревор Рабін', 'trevor-rabin', '2024-09-08 23:10:26', '2024-09-08 23:10:26'),
(160, 'Уильям Лэйва', 'uiliam-leiva', '2024-09-08 23:10:26', '2024-09-08 23:10:26'),
(161, 'Фред Стейнер', 'fred-steiner', '2024-09-08 23:10:26', '2024-09-08 23:10:26'),
(162, 'Фред Фідель', 'fred-fidel', '2024-09-08 23:10:26', '2024-09-08 23:10:26'),
(163, 'Фредерік Талгорн', 'frederik-talgorn', '2024-09-08 23:10:26', '2024-09-08 23:10:26'),
(164, 'Френсіс Гайнс', 'frensis-gains', '2024-09-08 23:10:26', '2024-09-08 23:10:26'),
(165, 'Фрибайрн-Смит', 'fribairn-smit', '2024-09-08 23:10:26', '2024-09-08 23:10:26'),
(166, 'Хуан Гарсія Есківель', 'xuan-garsiia-eskivel', '2024-09-08 23:10:26', '2024-09-08 23:10:26'),
(167, 'Чак Лоррі', 'cak-lorri', '2024-09-08 23:10:26', '2024-09-08 23:10:26'),
(168, 'Ян Стівенс', 'ian-stivens', '2024-09-08 23:10:26', '2024-09-08 23:10:26'),
(169, 'Невідомо', 'nevidomo', '2024-09-08 23:10:26', '2024-09-08 23:10:26');

-- --------------------------------------------------------

--
-- Структура таблиці `composer_film`
--

CREATE TABLE `composer_film` (
  `id` int UNSIGNED NOT NULL,
  `composer_id` int UNSIGNED NOT NULL,
  `film_id` int UNSIGNED NOT NULL
) ENGINE=InnoDB DEFAULT CHARSET=utf8mb4 COLLATE=utf8mb4_unicode_ci;

--
-- Дамп даних таблиці `composer_film`
--

INSERT INTO `composer_film` (`id`, `composer_id`, `film_id`) VALUES
(1, 129, 1),
(2, 117, 2),
(3, 100, 3),
(4, 162, 4),
(5, 90, 5),
(6, 126, 5),
(7, 161, 5),
(8, 168, 6),
(9, 62, 6),
(10, 129, 7),
(11, 16, 8),
(12, 129, 9),
(13, 42, 10),
(14, 21, 11),
(15, 17, 11),
(16, 6, 12),
(17, 22, 12),
(18, 15, 12),
(19, 6, 13),
(20, 102, 14),
(21, 76, 15),
(22, 129, 16),
(23, 129, 17),
(24, 129, 18),
(25, 129, 19),
(26, 110, 20),
(27, 132, 20),
(28, 166, 20),
(29, 61, 21),
(30, 30, 22),
(31, 69, 23),
(32, 51, 24),
(33, 129, 25),
(34, 61, 26),
(35, 36, 27),
(36, 129, 28),
(37, 69, 29),
(38, 105, 30),
(39, 150, 31),
(40, 129, 32),
(41, 129, 33),
(42, 50, 34),
(43, 115, 34),
(44, 129, 35),
(45, 129, 36),
(46, 147, 37),
(47, 60, 38),
(48, 133, 39),
(49, 82, 39),
(50, 129, 40),
(51, 129, 41),
(52, 129, 42),
(53, 45, 43),
(54, 107, 43),
(55, 18, 44),
(56, 169, 45),
(57, 1, 46),
(58, 9, 46),
(59, 4, 47),
(60, 158, 48),
(61, 38, 49),
(62, 153, 50),
(63, 31, 51),
(64, 8, 52),
(65, 94, 53),
(66, 72, 54),
(67, 50, 55),
(68, 79, 56),
(69, 13, 57),
(70, 26, 58),
(71, 146, 59),
(72, 79, 60),
(73, 157, 61),
(74, 48, 62),
(75, 80, 63),
(76, 119, 64),
(77, 60, 65),
(78, 70, 66),
(79, 157, 67),
(80, 77, 68),
(81, 27, 69),
(82, 71, 70),
(83, 129, 71),
(84, 129, 72),
(85, 64, 73),
(86, 55, 74),
(87, 114, 75),
(88, 44, 76),
(89, 41, 77),
(90, 163, 78),
(91, 26, 79),
(92, 26, 80),
(93, 66, 81),
(94, 150, 82),
(95, 34, 83),
(96, 25, 84),
(97, 146, 85),
(98, 37, 86),
(99, 19, 87),
(100, 53, 88),
(101, 122, 89),
(102, 63, 90),
(103, 25, 91),
(104, 25, 92),
(105, 25, 93),
(106, 124, 94),
(107, 155, 95),
(108, 60, 96),
(109, 64, 97),
(110, 80, 98),
(111, 78, 99),
(112, 78, 100),
(113, 44, 101),
(114, 54, 102),
(115, 54, 103),
(116, 98, 104),
(117, 103, 105),
(118, 157, 106),
(119, 67, 106),
(120, 125, 107),
(121, 163, 108),
(122, 116, 109),
(123, 60, 110),
(124, 60, 111),
(125, 155, 112),
(126, 68, 112),
(127, 157, 113),
(128, 7, 114),
(129, 88, 115),
(130, 96, 116),
(131, 104, 116),
(132, 167, 116),
(133, 33, 116),
(134, 35, 116),
(135, 114, 117),
(136, 141, 118),
(137, 72, 119),
(138, 114, 120),
(139, 114, 121),
(140, 5, 122),
(141, 99, 123),
(142, 99, 124),
(143, 97, 125),
(144, 152, 125),
(145, 137, 125),
(146, 93, 126),
(147, 47, 127),
(148, 52, 128),
(149, 118, 129),
(150, 14, 130),
(151, 14, 131),
(152, 142, 132),
(153, 142, 133),
(154, 91, 134),
(155, 141, 135),
(156, 128, 136),
(157, 98, 137),
(158, 87, 138),
(159, 114, 138),
(160, 87, 139),
(161, 114, 139),
(162, 57, 139),
(163, 87, 140),
(164, 114, 140),
(165, 57, 140),
(166, 87, 141),
(167, 114, 141),
(168, 57, 141),
(169, 157, 142),
(170, 55, 143),
(171, 149, 144),
(172, 149, 145),
(173, 112, 146),
(174, 149, 147),
(175, 10, 148),
(176, 39, 149),
(177, 53, 150),
(178, 159, 151),
(179, 39, 152),
(180, 135, 153),
(181, 99, 154),
(182, 95, 155),
(183, 154, 156),
(184, 85, 157),
(185, 49, 158),
(186, 59, 158),
(187, 123, 159),
(188, 165, 160),
(189, 151, 160),
(190, 32, 161),
(191, 28, 162),
(192, 130, 163),
(193, 29, 164),
(194, 141, 165),
(195, 101, 166),
(196, 164, 167),
(197, 155, 168),
(198, 75, 169),
(199, 148, 170),
(200, 140, 170),
(201, 129, 171),
(202, 121, 172),
(203, 40, 173),
(204, 103, 174),
(205, 145, 175),
(206, 72, 175),
(207, 48, 175),
(208, 119, 176),
(209, 46, 177),
(210, 156, 178),
(211, 120, 179),
(212, 81, 180),
(213, 24, 180),
(214, 43, 181),
(215, 23, 182),
(216, 71, 183),
(217, 160, 184),
(218, 89, 185),
(219, 134, 186),
(220, 74, 187),
(221, 83, 188),
(222, 157, 189),
(223, 64, 190),
(224, 72, 191),
(225, 65, 191),
(226, 108, 192),
(227, 56, 193),
(228, 111, 194),
(229, 141, 195),
(230, 26, 196),
(231, 84, 197),
(232, 103, 198),
(233, 52, 199),
(234, 43, 200),
(235, 106, 200),
(236, 58, 201),
(237, 138, 202),
(238, 109, 203),
(239, 39, 204),
(240, 39, 205),
(241, 113, 206),
(242, 113, 207),
(243, 113, 208),
(244, 127, 209),
(245, 127, 210),
(246, 127, 211),
(247, 26, 212),
(248, 139, 213),
(249, 60, 214),
(250, 131, 215),
(251, 41, 216),
(252, 136, 217),
(253, 26, 218),
(254, 71, 219),
(255, 71, 220),
(256, 71, 221),
(257, 71, 222),
(258, 71, 223),
(259, 71, 224),
(260, 113, 225),
(261, 93, 226),
(262, 39, 226),
(263, 2, 227),
(264, 3, 228),
(265, 20, 229),
(266, 12, 230),
(267, 11, 231),
(268, 48, 232),
(269, 146, 233),
(270, 92, 233),
(271, 146, 234),
(272, 146, 235),
(273, 146, 236),
(274, 146, 237),
(275, 146, 238),
(276, 146, 239),
(277, 66, 240),
(278, 26, 241),
(279, 26, 242),
(280, 26, 243),
(281, 64, 244),
(282, 72, 245),
(283, 84, 246),
(284, 141, 247),
(285, 125, 248),
(286, 39, 249),
(287, 144, 249),
(288, 129, 250),
(289, 120, 251),
(290, 156, 252),
(291, 73, 253),
(292, 73, 254),
(293, 73, 255),
(294, 143, 255),
(295, 55, 256),
(296, 98, 257),
(297, 86, 258),
(298, 6, 259),
(299, 22, 259),
(300, 15, 259),
(301, 129, 260),
(302, 6, 261),
(303, 100, 262),
(304, 100, 263),
(305, 100, 264),
(306, 100, 265);

-- --------------------------------------------------------

--
-- Структура таблиці `countries`
--

CREATE TABLE `countries` (
  `id` int UNSIGNED NOT NULL,
  `title` varchar(255) COLLATE utf8mb4_unicode_ci NOT NULL,
  `slug` varchar(255) COLLATE utf8mb4_unicode_ci NOT NULL,
  `created_at` timestamp NULL DEFAULT NULL,
  `updated_at` timestamp NULL DEFAULT NULL
) ENGINE=InnoDB DEFAULT CHARSET=utf8mb4 COLLATE=utf8mb4_unicode_ci;

--
-- Дамп даних таблиці `countries`
--

INSERT INTO `countries` (`id`, `title`, `slug`, `created_at`, `updated_at`) VALUES
(1, 'Австралія', 'avstraliia', '2024-09-08 23:10:26', '2024-09-08 23:10:26'),
(2, 'Аруба', 'aruba', '2024-09-08 23:10:26', '2024-09-08 23:10:26'),
(3, 'Бельгія', 'belgiia', '2024-09-08 23:10:26', '2024-09-08 23:10:26'),
(4, 'Болгарія', 'bolgariia', '2024-09-08 23:10:26', '2024-09-08 23:10:26'),
(5, 'Велика Британія', 'velika-britaniia', '2024-09-08 23:10:26', '2024-09-08 23:10:26'),
(6, 'Гонконг', 'gonkong', '2024-09-08 23:10:26', '2024-09-08 23:10:26'),
(7, 'Ірландія', 'irlandiia', '2024-09-08 23:10:26', '2024-09-08 23:10:26'),
(8, 'Італія', 'italiia', '2024-09-08 23:10:26', '2024-09-08 23:10:26'),
(9, 'Канада', 'kanada', '2024-09-08 23:10:26', '2024-09-08 23:10:26'),
(10, 'Китай', 'kitai', '2024-09-08 23:10:26', '2024-09-08 23:10:26'),
(11, 'Мальта', 'malta', '2024-09-08 23:10:26', '2024-09-08 23:10:26'),
(12, 'Мексика', 'meksika', '2024-09-08 23:10:26', '2024-09-08 23:10:26'),
(13, 'Німеччина', 'nimeccina', '2024-09-08 23:10:26', '2024-09-08 23:10:26'),
(14, 'Нова Зеландія', 'nova-zelandiia', '2024-09-08 23:10:26', '2024-09-08 23:10:26'),
(15, 'США', 'ssa', '2024-09-08 23:10:26', '2024-09-08 23:10:26'),
(16, 'Україна', 'ukrayina', '2024-09-08 23:10:26', '2024-09-08 23:10:26'),
(17, 'Франція', 'franciia', '2024-09-08 23:10:26', '2024-09-08 23:10:26'),
(18, 'Чехія', 'cexiia', '2024-09-08 23:10:26', '2024-09-08 23:10:26'),
(19, 'Швейцарія', 'sveicariia', '2024-09-08 23:10:26', '2024-09-08 23:10:26'),
(20, 'Японія', 'iaponiia', '2024-09-08 23:10:26', '2024-09-08 23:10:26'),
(21, 'Невідомо', 'nevidomo', '2024-09-08 23:10:26', '2024-09-08 23:10:26');

-- --------------------------------------------------------

--
-- Структура таблиці `country_film`
--

CREATE TABLE `country_film` (
  `id` int UNSIGNED NOT NULL,
  `country_id` int UNSIGNED NOT NULL,
  `film_id` int UNSIGNED NOT NULL
) ENGINE=InnoDB DEFAULT CHARSET=utf8mb4 COLLATE=utf8mb4_unicode_ci;

--
-- Дамп даних таблиці `country_film`
--

INSERT INTO `country_film` (`id`, `country_id`, `film_id`) VALUES
(1, 15, 1),
(2, 15, 2),
(3, 15, 3),
(4, 15, 4),
(5, 15, 5),
(6, 15, 6),
(7, 17, 7),
(8, 7, 7),
(9, 13, 7),
(10, 9, 8),
(11, 15, 9),
(12, 15, 10),
(13, 17, 11),
(14, 17, 12),
(15, 13, 12),
(16, 5, 12),
(17, 17, 13),
(18, 15, 14),
(19, 15, 15),
(20, 15, 16),
(21, 15, 17),
(22, 15, 18),
(23, 15, 19),
(24, 15, 20),
(25, 15, 21),
(26, 15, 22),
(27, 15, 23),
(28, 14, 23),
(29, 15, 24),
(30, 15, 25),
(31, 15, 26),
(32, 15, 27),
(33, 15, 28),
(34, 5, 28),
(35, 9, 28),
(36, 13, 28),
(37, 15, 29),
(38, 14, 29),
(39, 15, 30),
(40, 15, 31),
(41, 15, 32),
(42, 15, 33),
(43, 5, 34),
(44, 15, 34),
(45, 15, 35),
(46, 15, 36),
(47, 9, 37),
(48, 17, 37),
(49, 15, 38),
(50, 15, 39),
(51, 16, 40),
(52, 15, 41),
(53, 14, 42),
(54, 15, 43),
(55, 15, 44),
(56, 15, 45),
(57, 15, 46),
(58, 8, 46),
(59, 15, 47),
(60, 13, 47),
(61, 15, 48),
(62, 5, 49),
(63, 9, 49),
(64, 17, 50),
(65, 15, 50),
(66, 9, 51),
(67, 9, 51),
(68, 10, 52),
(69, 13, 53),
(70, 5, 53),
(71, 13, 53),
(72, 18, 53),
(73, 15, 54),
(74, 15, 55),
(75, 5, 55),
(76, 17, 55),
(77, 15, 56),
(78, 15, 57),
(79, 13, 57),
(80, 15, 58),
(81, 5, 58),
(82, 20, 58),
(83, 15, 59),
(84, 15, 60),
(85, 15, 61),
(86, 15, 62),
(87, 15, 63),
(88, 15, 64),
(89, 13, 64),
(90, 15, 65),
(91, 15, 66),
(92, 15, 67),
(93, 5, 67),
(94, 13, 67),
(95, 5, 68),
(96, 1, 68),
(97, 15, 69),
(98, 15, 70),
(99, 15, 71),
(100, 15, 72),
(101, 15, 73),
(102, 15, 74),
(103, 15, 75),
(104, 15, 76),
(105, 15, 77),
(106, 15, 78),
(107, 17, 78),
(108, 15, 79),
(109, 15, 80),
(110, 15, 81),
(111, 15, 82),
(112, 15, 83),
(113, 15, 84),
(114, 15, 85),
(115, 15, 86),
(116, 15, 87),
(117, 15, 88),
(118, 15, 89),
(119, 15, 90),
(120, 9, 90),
(121, 15, 91),
(122, 15, 92),
(123, 15, 93),
(124, 15, 94),
(125, 5, 94),
(126, 15, 95),
(127, 15, 96),
(128, 5, 96),
(129, 13, 96),
(130, 8, 96),
(131, 15, 97),
(132, 5, 97),
(133, 15, 98),
(134, 15, 99),
(135, 15, 100),
(136, 15, 101),
(137, 15, 102),
(138, 15, 103),
(139, 15, 104),
(140, 13, 104),
(141, 15, 105),
(142, 15, 106),
(143, 15, 107),
(144, 5, 107),
(145, 13, 107),
(146, 15, 108),
(147, 5, 108),
(148, 15, 109),
(149, 9, 109),
(150, 15, 110),
(151, 5, 110),
(152, 15, 111),
(153, 1, 111),
(154, 15, 112),
(155, 15, 113),
(156, 9, 114),
(157, 13, 114),
(158, 17, 115),
(159, 15, 116),
(160, 15, 117),
(161, 15, 118),
(162, 15, 119),
(163, 15, 120),
(164, 15, 121),
(165, 15, 122),
(166, 15, 123),
(167, 15, 124),
(168, 6, 125),
(169, 15, 126),
(170, 15, 127),
(171, 15, 128),
(172, 15, 129),
(173, 15, 130),
(174, 15, 131),
(175, 15, 132),
(176, 15, 133),
(177, 15, 134),
(178, 15, 135),
(179, 15, 136),
(180, 15, 137),
(181, 9, 137),
(182, 15, 138),
(183, 15, 139),
(184, 15, 140),
(185, 15, 141),
(186, 15, 142),
(187, 15, 143),
(188, 13, 143),
(189, 15, 144),
(190, 15, 145),
(191, 15, 146),
(192, 15, 147),
(193, 5, 148),
(194, 15, 149),
(195, 17, 149),
(196, 4, 149),
(197, 15, 150),
(198, 15, 151),
(199, 13, 151),
(200, 15, 152),
(201, 15, 153),
(202, 6, 153),
(203, 15, 154),
(204, 15, 155),
(205, 15, 156),
(206, 15, 157),
(207, 17, 158),
(208, 15, 159),
(209, 1, 159),
(210, 5, 160),
(211, 15, 161),
(212, 15, 162),
(213, 5, 162),
(214, 17, 163),
(215, 15, 164),
(216, 13, 164),
(217, 5, 164),
(218, 15, 165),
(219, 15, 166),
(220, 1, 166),
(221, 15, 167),
(222, 1, 167),
(223, 15, 168),
(224, 15, 169),
(225, 14, 169),
(226, 19, 169),
(227, 20, 169),
(228, 15, 170),
(229, 6, 170),
(230, 2, 170),
(231, 17, 171),
(232, 15, 172),
(233, 15, 173),
(234, 5, 173),
(235, 7, 173),
(236, 15, 174),
(237, 15, 175),
(238, 15, 176),
(239, 15, 177),
(240, 15, 178),
(241, 15, 179),
(242, 8, 180),
(243, 15, 181),
(244, 5, 181),
(245, 9, 182),
(246, 17, 182),
(247, 15, 183),
(248, 15, 184),
(249, 1, 184),
(250, 15, 185),
(251, 15, 186),
(252, 13, 186),
(253, 5, 186),
(254, 5, 187),
(255, 15, 187),
(256, 15, 188),
(257, 5, 188),
(258, 8, 188),
(259, 15, 189),
(260, 15, 190),
(261, 15, 191),
(262, 15, 192),
(263, 15, 193),
(264, 15, 194),
(265, 15, 195),
(266, 15, 196),
(267, 12, 196),
(268, 15, 197),
(269, 15, 198),
(270, 15, 199),
(271, 15, 200),
(272, 5, 200),
(273, 15, 201),
(274, 15, 202),
(275, 15, 203),
(276, 15, 204),
(277, 15, 205),
(278, 15, 206),
(279, 13, 206),
(280, 15, 207),
(281, 15, 208),
(282, 17, 209),
(283, 8, 209),
(284, 17, 210),
(285, 8, 210),
(286, 17, 211),
(287, 8, 211),
(288, 15, 212),
(289, 15, 213),
(290, 15, 214),
(291, 15, 215),
(292, 9, 216),
(293, 15, 216),
(294, 15, 217),
(295, 15, 218),
(296, 5, 218),
(297, 15, 219),
(298, 15, 220),
(299, 15, 221),
(300, 15, 222),
(301, 15, 223),
(302, 15, 224),
(303, 15, 225),
(304, 15, 226),
(305, 13, 226),
(306, 17, 227),
(307, 17, 228),
(308, 17, 229),
(309, 17, 230),
(310, 17, 231),
(311, 15, 232),
(312, 17, 232),
(313, 15, 233),
(314, 15, 234),
(315, 15, 235),
(316, 15, 236),
(317, 15, 237),
(318, 15, 238),
(319, 15, 239),
(320, 15, 240),
(321, 15, 241),
(322, 15, 242),
(323, 15, 243),
(324, 15, 244),
(325, 5, 244),
(326, 11, 244),
(327, 15, 245),
(328, 19, 245),
(329, 15, 246),
(330, 15, 247),
(331, 15, 248),
(332, 15, 249),
(333, 15, 250),
(334, 15, 251),
(335, 15, 252),
(336, 15, 253),
(337, 6, 253),
(338, 15, 254),
(339, 6, 254),
(340, 15, 255),
(341, 6, 255),
(342, 15, 256),
(343, 15, 257),
(344, 17, 258),
(345, 17, 259),
(346, 17, 260),
(347, 17, 261),
(348, 15, 262),
(349, 15, 263),
(350, 15, 264),
(351, 15, 265);

-- --------------------------------------------------------

--
-- Структура таблиці `directors`
--

CREATE TABLE `directors` (
  `id` bigint UNSIGNED NOT NULL,
  `name` varchar(255) COLLATE utf8mb4_unicode_ci NOT NULL,
  `slug` varchar(255) COLLATE utf8mb4_unicode_ci NOT NULL,
  `created_at` timestamp NULL DEFAULT NULL,
  `updated_at` timestamp NULL DEFAULT NULL
) ENGINE=InnoDB DEFAULT CHARSET=utf8mb4 COLLATE=utf8mb4_unicode_ci;

--
-- Дамп даних таблиці `directors`
--

INSERT INTO `directors` (`id`, `name`, `slug`, `created_at`, `updated_at`) VALUES
(1, 'Fred Savage', 'fred-savage', '2024-09-08 23:10:26', '2024-09-08 23:10:26'),
(2, 'Matt Shakman', 'matt-shakman', '2024-09-08 23:10:26', '2024-09-08 23:10:26'),
(3, 'Randall Einhorn', 'randall-einhorn', '2024-09-08 23:10:26', '2024-09-08 23:10:26'),
(4, 'Richard Schlesinger', 'richard-schlesinger', '2024-09-08 23:10:26', '2024-09-08 23:10:26'),
(5, 'Ted Nicolaou', 'ted-nicolaou', '2024-09-08 23:10:26', '2024-09-08 23:10:26'),
(6, 'Адам Бернштейн', 'adam-bernstein', '2024-09-08 23:10:26', '2024-09-08 23:10:26'),
(7, 'Айван Діксон', 'aivan-dikson', '2024-09-08 23:10:26', '2024-09-08 23:10:26'),
(8, 'Алан Дж. Леви', 'alan-dz-levi', '2024-09-08 23:10:26', '2024-09-08 23:10:26'),
(9, 'Алан Рафкин', 'alan-rafkin', '2024-09-08 23:10:26', '2024-09-08 23:10:26'),
(10, 'Аллан Аркуш', 'allan-arkus', '2024-09-08 23:10:26', '2024-09-08 23:10:26'),
(11, 'Бернард Л. Ковальски', 'bernard-l-kovalski', '2024-09-08 23:10:26', '2024-09-08 23:10:26'),
(12, 'Бернард МакЭвети', 'bernard-makeveti', '2024-09-08 23:10:26', '2024-09-08 23:10:26'),
(13, 'Брайан Тренчард-Смит', 'braian-trencard-smit', '2024-09-08 23:10:26', '2024-09-08 23:10:26'),
(14, 'Бреннан Шрофф', 'brennan-sroff', '2024-09-08 23:10:26', '2024-09-08 23:10:26'),
(15, 'Брюс Билсон', 'brius-bilson', '2024-09-08 23:10:26', '2024-09-08 23:10:26'),
(16, 'Брюс Кембелл', 'brius-kembell', '2024-09-08 23:10:26', '2024-09-08 23:10:26'),
(17, 'Брюс МакДональд', 'brius-makdonald', '2024-09-08 23:10:26', '2024-09-08 23:10:26'),
(18, 'Брюс Сет Грин', 'brius-set-grin', '2024-09-08 23:10:26', '2024-09-08 23:10:26'),
(19, 'Вирджил В. Фогель', 'virdzil-v-fogel', '2024-09-08 23:10:26', '2024-09-08 23:10:26'),
(20, 'Вінріх Кольбе', 'vinrix-kolbe', '2024-09-08 23:10:26', '2024-09-08 23:10:26'),
(21, 'Гари Нельсон', 'gari-nelson', '2024-09-08 23:10:26', '2024-09-08 23:10:26'),
(22, 'Гарі Гелворсон', 'gari-gelvorson', '2024-09-08 23:10:26', '2024-09-08 23:10:26'),
(23, 'Гас Триконис', 'gas-trikonis', '2024-09-08 23:10:26', '2024-09-08 23:10:26'),
(24, 'Георг Фенади', 'georg-fenadi', '2024-09-08 23:10:26', '2024-09-08 23:10:26'),
(25, 'Гленн Хоуэртон', 'glenn-xouerton', '2024-09-08 23:10:26', '2024-09-08 23:10:26'),
(26, 'Голлі Дейл', 'golli-deil', '2024-09-08 23:10:26', '2024-09-08 23:10:26'),
(27, 'Грэхэм Уэтерелл', 'grexem-ueterell', '2024-09-08 23:10:26', '2024-09-08 23:10:26'),
(28, 'Девід Дж. Егіль', 'devid-dz-egil', '2024-09-08 23:10:26', '2024-09-08 23:10:26'),
(29, 'Девід Добкін', 'devid-dobkin', '2024-09-08 23:10:26', '2024-09-08 23:10:26'),
(30, 'Девід Наттер', 'devid-natter', '2024-09-08 23:10:26', '2024-09-08 23:10:26'),
(31, 'Деклан Имис', 'deklan-imis', '2024-09-08 23:10:26', '2024-09-08 23:10:26'),
(32, 'Джанет Грик', 'dzanet-grik', '2024-09-08 23:10:26', '2024-09-08 23:10:26'),
(33, 'Джей Сандрич', 'dzei-sandric', '2024-09-08 23:10:26', '2024-09-08 23:10:26'),
(34, 'Джей Чандрасекар', 'dzei-candrasekar', '2024-09-08 23:10:26', '2024-09-08 23:10:26'),
(35, 'Джеймс Комак', 'dzeims-komak', '2024-09-08 23:10:26', '2024-09-08 23:10:26'),
(36, 'Джеймс М. Муро', 'dzeims-m-muro', '2024-09-08 23:10:26', '2024-09-08 23:10:26'),
(37, 'Дженніфер Фанг', 'dzennifer-fang', '2024-09-08 23:10:26', '2024-09-08 23:10:26'),
(38, 'Джеремі Лаврінг', 'dzeremi-lavring', '2024-09-08 23:10:26', '2024-09-08 23:10:26'),
(39, 'Джеррі О\'Коннелл', 'dzerri-okonnell', '2024-09-08 23:10:26', '2024-09-08 23:10:26'),
(40, 'Джефф Мелман', 'dzeff-melman', '2024-09-08 23:10:26', '2024-09-08 23:10:26'),
(41, 'Джим Джонстон', 'dzim-dzonston', '2024-09-08 23:10:26', '2024-09-08 23:10:26'),
(42, 'Джон Инвуд', 'dzon-invud', '2024-09-08 23:10:26', '2024-09-08 23:10:26'),
(43, 'Джон Рейд', 'dzon-reid', '2024-09-08 23:10:26', '2024-09-08 23:10:26'),
(44, 'Джон С. Флинн Третий', 'dzon-s-flinn-tretii', '2024-09-08 23:10:26', '2024-09-08 23:10:26'),
(45, 'Джофф Хассон', 'dzoff-xasson', '2024-09-08 23:10:26', '2024-09-08 23:10:26'),
(46, 'Дон Адамс', 'don-adams', '2024-09-08 23:10:26', '2024-09-08 23:10:26'),
(47, 'Дональд А. Баэр', 'donald-a-baer', '2024-09-08 23:10:26', '2024-09-08 23:10:26'),
(48, 'Дональд Кромби', 'donald-krombi', '2024-09-08 23:10:26', '2024-09-08 23:10:26'),
(49, 'Дональд П. Беллисарио', 'donald-p-bellisario', '2024-09-08 23:10:26', '2024-09-08 23:10:26'),
(50, 'Дэвид Гроссман', 'devid-grossman', '2024-09-08 23:10:26', '2024-09-08 23:10:26'),
(51, 'Дэнни Билсон', 'denni-bilson', '2024-09-08 23:10:26', '2024-09-08 23:10:26'),
(52, 'Еллен Гиттелсон', 'ellen-gittelson', '2024-09-08 23:10:26', '2024-09-08 23:10:26'),
(53, 'Ендрю Мерріфілд', 'endriu-merrifild', '2024-09-08 23:10:26', '2024-09-08 23:10:26'),
(54, 'Зак Брафф', 'zak-braff', '2024-09-08 23:10:26', '2024-09-08 23:10:26'),
(55, 'Ієн Морріс', 'ijen-morris', '2024-09-08 23:10:26', '2024-09-08 23:10:26'),
(56, 'Кевін Брайт', 'kevin-brait', '2024-09-08 23:10:26', '2024-09-08 23:10:26'),
(57, 'Колин Баддс', 'kolin-badds', '2024-09-08 23:10:26', '2024-09-08 23:10:26'),
(58, 'Крис Боулд', 'kris-bould', '2024-09-08 23:10:26', '2024-09-08 23:10:26'),
(59, 'Крис Томсон', 'kris-tomson', '2024-09-08 23:10:26', '2024-09-08 23:10:26'),
(60, 'Кріс Грейвз', 'kris-greivz', '2024-09-08 23:10:26', '2024-09-08 23:10:26'),
(61, 'Кріс Лонг', 'kris-long', '2024-09-08 23:10:26', '2024-09-08 23:10:26'),
(62, 'Крістіан В. Найбі', 'kristian-v-naibi', '2024-09-08 23:10:26', '2024-09-08 23:10:26'),
(63, 'Ли Локхед', 'li-lokxed', '2024-09-08 23:10:26', '2024-09-08 23:10:26'),
(64, 'Лоррейн Сенна', 'lorrein-senna', '2024-09-08 23:10:26', '2024-09-08 23:10:26'),
(65, 'Льюис Тиг', 'liuis-tig', '2024-09-08 23:10:26', '2024-09-08 23:10:26'),
(66, 'Майк Смит', 'maik-smit', '2024-09-08 23:10:26', '2024-09-08 23:10:26'),
(67, 'Майкл Віджер', 'maikl-vidzer', '2024-09-08 23:10:26', '2024-09-08 23:10:26'),
(68, 'Майкл Дж. Ши', 'maikl-dz-si', '2024-09-08 23:10:26', '2024-09-08 23:10:26'),
(69, 'Майкл Ланж', 'maikl-lanz', '2024-09-08 23:10:26', '2024-09-08 23:10:26'),
(70, 'Майкл Леманн', 'maikl-lemann', '2024-09-08 23:10:26', '2024-09-08 23:10:26'),
(71, 'Майкл Лембек', 'maikl-lembek', '2024-09-08 23:10:26', '2024-09-08 23:10:26'),
(72, 'Майкл Спиллер', 'maikl-spiller', '2024-09-08 23:10:26', '2024-09-08 23:10:26'),
(73, 'Майкл Фреско', 'maikl-fresko', '2024-09-08 23:10:26', '2024-09-08 23:10:26'),
(74, 'Майкл Херст', 'maikl-xerst', '2024-09-08 23:10:26', '2024-09-08 23:10:26'),
(75, 'Макс Тэш', 'maks-tes', '2024-09-08 23:10:26', '2024-09-08 23:10:26'),
(76, 'Марио Аццопарди', 'mario-accopardi', '2024-09-08 23:10:26', '2024-09-08 23:10:26'),
(77, 'Марк Баклэнд', 'mark-baklend', '2024-09-08 23:10:26', '2024-09-08 23:10:26'),
(78, 'Марк Бисли', 'mark-bisli', '2024-09-08 23:10:26', '2024-09-08 23:10:26'),
(79, 'Невідомо', 'nevidomo', '2024-09-08 23:10:26', '2024-09-08 23:10:26'),
(80, 'Ник Хавинга', 'nik-xavinga', '2024-09-08 23:10:26', '2024-09-08 23:10:26'),
(81, 'Нил Патрик Харрис', 'nil-patrik-xarris', '2024-09-08 23:10:26', '2024-09-08 23:10:26'),
(82, 'Нік Гарран', 'nik-garran', '2024-09-08 23:10:26', '2024-09-08 23:10:26'),
(83, 'Памела Фрайман', 'pamela-fraiman', '2024-09-08 23:10:26', '2024-09-08 23:10:26'),
(84, 'Питер Шарп', 'piter-sarp', '2024-09-08 23:10:26', '2024-09-08 23:10:26'),
(85, 'Пітер Вернер', 'piter-verner', '2024-09-08 23:10:26', '2024-09-08 23:10:26'),
(86, 'Пол Донован', 'pol-donovan', '2024-09-08 23:10:26', '2024-09-08 23:10:26'),
(87, 'Пол МакГіган', 'pol-makgigan', '2024-09-08 23:10:27', '2024-09-08 23:10:27'),
(88, 'Пол Фаско', 'pol-fasko', '2024-09-08 23:10:27', '2024-09-08 23:10:27'),
(89, 'Ральф Гемекер', 'ralf-gemeker', '2024-09-08 23:10:27', '2024-09-08 23:10:27'),
(90, 'Расселл Солберг', 'rassell-solberg', '2024-09-08 23:10:27', '2024-09-08 23:10:27'),
(91, 'Рей Остін', 'rei-ostin', '2024-09-08 23:10:27', '2024-09-08 23:10:27'),
(92, 'Річард Комптон', 'ricard-kompton', '2024-09-08 23:10:27', '2024-09-08 23:10:27'),
(93, 'Роб Гринберг', 'rob-grinberg', '2024-09-08 23:10:27', '2024-09-08 23:10:27'),
(94, 'Роб Стюарт', 'rob-stiuart', '2024-09-08 23:10:27', '2024-09-08 23:10:27'),
(95, 'Роберт Айскоув', 'robert-aiskouv', '2024-09-08 23:10:27', '2024-09-08 23:10:27'),
(96, 'Роберт Данкан МакНил', 'robert-dankan-maknil', '2024-09-08 23:10:27', '2024-09-08 23:10:27'),
(97, 'Роберт Сигл', 'robert-sigl', '2024-09-08 23:10:27', '2024-09-08 23:10:27'),
(98, 'Роксан Даусон', 'roksan-dauson', '2024-09-08 23:10:27', '2024-09-08 23:10:27'),
(99, 'Рон Оливер', 'ron-oliver', '2024-09-08 23:10:27', '2024-09-08 23:10:27'),
(100, 'Рэй Остин', 'rei-ostin-1', '2024-09-08 23:10:27', '2024-09-08 23:10:27'),
(101, 'Рэйнер Матсутани', 'reiner-matsutani', '2024-09-08 23:10:27', '2024-09-08 23:10:27'),
(102, 'Саймон Бэйкер', 'saimon-beiker', '2024-09-08 23:10:27', '2024-09-08 23:10:27'),
(103, 'Саттон Роули', 'satton-rouli', '2024-09-08 23:10:27', '2024-09-08 23:10:27'),
(104, 'Сідні Хайерс', 'sidni-xaiers', '2024-09-08 23:10:27', '2024-09-08 23:10:27'),
(105, 'Стівен А. Едельсон', 'stiven-a-edelson', '2024-09-08 23:10:27', '2024-09-08 23:10:27'),
(106, 'Теренс Хілл', 'terens-xill', '2024-09-08 23:10:27', '2024-09-08 23:10:27'),
(107, 'Терренс О\'Гара', 'terrens-ogara', '2024-09-08 23:10:27', '2024-09-08 23:10:27'),
(108, 'Тимоти Бонд', 'timoti-bond', '2024-09-08 23:10:27', '2024-09-08 23:10:27'),
(109, 'Тім Кіркбі', 'tim-kirkbi', '2024-09-08 23:10:27', '2024-09-08 23:10:27'),
(110, 'Том Бланк', 'tom-blank', '2024-09-08 23:10:27', '2024-09-08 23:10:27'),
(111, 'Том Веріка', 'tom-verika', '2024-09-08 23:10:27', '2024-09-08 23:10:27'),
(112, 'Том Петчетт', 'tom-petcett', '2024-09-08 23:10:27', '2024-09-08 23:10:27'),
(113, 'Уильям Виард', 'uiliam-viard', '2024-09-08 23:10:27', '2024-09-08 23:10:27'),
(114, 'Уильям Флеминг', 'uiliam-fleming', '2024-09-08 23:10:27', '2024-09-08 23:10:27'),
(115, 'Філ Абрагам', 'fil-abragam', '2024-09-08 23:10:27', '2024-09-08 23:10:27'),
(116, 'Фрэнк Боннер', 'frenk-bonner', '2024-09-08 23:10:27', '2024-09-08 23:10:27'),
(117, 'Фрэнк МакДональд', 'frenk-makdonald', '2024-09-08 23:10:27', '2024-09-08 23:10:27'),
(118, 'Харви С. Лайдман', 'xarvi-s-laidman', '2024-09-08 23:10:27', '2024-09-08 23:10:27'),
(119, 'Чарлі Гескелл', 'carli-geskell', '2024-09-08 23:10:27', '2024-09-08 23:10:27'),
(120, 'Чарлі Хаскелл', 'carli-xaskell', '2024-09-08 23:10:27', '2024-09-08 23:10:27'),
(121, 'Чарльз Сиберт', 'carlz-sibert', '2024-09-08 23:10:27', '2024-09-08 23:10:27'),
(122, 'Шеллі Дженсен', 'selli-dzensen', '2024-09-08 23:10:27', '2024-09-08 23:10:27'),
(123, 'Шеннон Коли', 'sennon-koli', '2024-09-08 23:10:27', '2024-09-08 23:10:27'),
(124, 'Эрл Беллами', 'erl-bellami', '2024-09-08 23:10:27', '2024-09-08 23:10:27'),
(125, 'Эял Гордин', 'eial-gordin', '2024-09-08 23:10:27', '2024-09-08 23:10:27'),
(126, 'Оливьє Жан Марі', 'olivje-zan-mari', '2024-09-08 23:10:27', '2024-09-08 23:10:27'),
(127, 'Френк Тешлін', 'frenk-teslin', '2024-09-08 23:10:27', '2024-09-08 23:10:27'),
(128, 'Jean-Charles Finck', 'jean-charles-finck', '2024-09-08 23:10:27', '2024-09-08 23:10:27'),
(129, 'Біл Вульф', 'bil-vulf', '2024-09-08 23:10:27', '2024-09-08 23:10:27'),
(130, 'Боб Клэмпетт ', 'bob-klempett', '2024-09-08 23:10:27', '2024-09-08 23:10:27'),
(131, 'Брайан Шисли', 'braian-sisli', '2024-09-08 23:10:27', '2024-09-08 23:10:27'),
(132, 'Брет Гааланд', 'bret-gaaland', '2024-09-08 23:10:27', '2024-09-08 23:10:27'),
(133, 'Вільям Ганна', 'viliam-ganna', '2024-09-08 23:10:27', '2024-09-08 23:10:27'),
(134, 'Генрі Грюель', 'genri-griuel', '2024-09-08 23:10:27', '2024-09-08 23:10:27'),
(135, 'Грег Салливан', 'greg-sallivan', '2024-09-08 23:10:27', '2024-09-08 23:10:27'),
(136, 'Грегг Ванцо', 'gregg-vanco', '2024-09-08 23:10:27', '2024-09-08 23:10:27'),
(137, 'Джек Кінні', 'dzek-kinni', '2024-09-08 23:10:27', '2024-09-08 23:10:27'),
(138, 'Джин Дейч', 'dzin-deic', '2024-09-08 23:10:27', '2024-09-08 23:10:27'),
(139, 'Джозеф Барбера', 'dzozef-barbera', '2024-09-08 23:10:27', '2024-09-08 23:10:27'),
(140, 'Джон Груд', 'dzon-grud', '2024-09-08 23:10:27', '2024-09-08 23:10:27'),
(141, 'Дуэйн Кейри-Хил', 'duein-keiri-xil', '2024-09-08 23:10:27', '2024-09-08 23:10:27'),
(142, 'Дэвид Фейсс', 'devid-feiss', '2024-09-08 23:10:27', '2024-09-08 23:10:27'),
(143, 'Дэн Риба', 'den-riba', '2024-09-08 23:10:27', '2024-09-08 23:10:27'),
(144, 'Ёсикацу Касаи', 'esikacu-kasai', '2024-09-08 23:10:27', '2024-09-08 23:10:27'),
(145, 'Кел Далтон', 'kel-dalton', '2024-09-08 23:10:27', '2024-09-08 23:10:27'),
(146, 'Майк Стюарт', 'maik-stiuart', '2024-09-08 23:10:27', '2024-09-08 23:10:27'),
(147, 'Масами Хата', 'masami-xata', '2024-09-08 23:10:27', '2024-09-08 23:10:27'),
(148, 'Морріс', 'morris', '2024-09-08 23:10:27', '2024-09-08 23:10:27'),
(149, 'Оливье Бонне', 'olive-bonne', '2024-09-08 23:10:27', '2024-09-08 23:10:27'),
(150, 'Пітер Аванзіно', 'piter-avanzino', '2024-09-08 23:10:27', '2024-09-08 23:10:27'),
(151, 'Рене Госіні', 'rene-gosini', '2024-09-08 23:10:27', '2024-09-08 23:10:27'),
(152, 'Роберт Альварез', 'robert-alvarez', '2024-09-08 23:10:27', '2024-09-08 23:10:27'),
(153, 'Роберт МакКимсон ', 'robert-makkimson', '2024-09-08 23:10:27', '2024-09-08 23:10:27'),
(154, 'Робин Стил', 'robin-stil', '2024-09-08 23:10:27', '2024-09-08 23:10:27'),
(155, 'Рон Хьюгарт', 'ron-xiugart', '2024-09-08 23:10:27', '2024-09-08 23:10:27'),
(156, 'Рудольф Айзинг ', 'rudolf-aizing', '2024-09-08 23:10:27', '2024-09-08 23:10:27'),
(157, 'Сеймур Кнейтел', 'seimur-kneitel', '2024-09-08 23:10:27', '2024-09-08 23:10:27'),
(158, 'Текс Ейвері', 'teks-eiveri', '2024-09-08 23:10:27', '2024-09-08 23:10:27'),
(159, 'Тоні Лав', 'toni-lav', '2024-09-08 23:10:27', '2024-09-08 23:10:27'),
(160, 'Фріц Фрилинг', 'fric-friling', '2024-09-08 23:10:27', '2024-09-08 23:10:27'),
(161, 'Фрэнк Тэшлин', 'frenk-teslin-1', '2024-09-08 23:10:27', '2024-09-08 23:10:27'),
(162, 'Хью Харман ', 'xiu-xarman', '2024-09-08 23:10:27', '2024-09-08 23:10:27'),
(163, 'Чак Джонс ', 'cak-dzons', '2024-09-08 23:10:27', '2024-09-08 23:10:27'),
(164, 'James Duffy', 'james-duffy', '2024-09-08 23:10:27', '2024-09-08 23:10:27'),
(165, 'Rusty Cundieff', 'rusty-cundieff', '2024-09-08 23:10:27', '2024-09-08 23:10:27'),
(166, 'Аарон Зельцер', 'aaron-zelcer', '2024-09-08 23:10:27', '2024-09-08 23:10:27'),
(167, 'Адам МакКей', 'adam-makkei', '2024-09-08 23:10:27', '2024-09-08 23:10:27'),
(168, 'Айвен Рейтмен', 'aiven-reitmen', '2024-09-08 23:10:27', '2024-09-08 23:10:27'),
(169, 'Алан Майєрсон', 'alan-maijerson', '2024-09-08 23:10:27', '2024-09-08 23:10:27'),
(170, 'Алан Меттер', 'alan-metter', '2024-09-08 23:10:27', '2024-09-08 23:10:27'),
(171, 'Александр Рокуэлл', 'aleksandr-rokuell', '2024-09-08 23:10:27', '2024-09-08 23:10:27'),
(172, 'Алехандро Гонсалес Іньярріту', 'alexandro-gonsales-iniarritu', '2024-09-08 23:10:27', '2024-09-08 23:10:27'),
(173, 'Аллан А. Голдштейн', 'allan-a-goldstein', '2024-09-08 23:10:27', '2024-09-08 23:10:27'),
(174, 'Аллен Г\'юз', 'allen-giuz', '2024-09-08 23:10:27', '2024-09-08 23:10:27'),
(175, 'Альберт Х\\`юз', 'albert-xiuz', '2024-09-08 23:10:27', '2024-09-08 23:10:27'),
(176, 'Анджей Бартковяк', 'andzei-bartkoviak', '2024-09-08 23:10:27', '2024-09-08 23:10:27'),
(177, 'Андре Юнебель', 'andre-iunebel', '2024-09-08 23:10:27', '2024-09-08 23:10:27'),
(178, 'Аннабел Дженкел', 'annabel-dzenkel', '2024-09-08 23:10:27', '2024-09-08 23:10:27'),
(179, 'Антуан Фукуа', 'antuan-fukua', '2024-09-08 23:10:27', '2024-09-08 23:10:27'),
(180, 'Баррі Зонненфельд', 'barri-zonnenfeld', '2024-09-08 23:10:27', '2024-09-08 23:10:27'),
(181, 'Бен Стіллер', 'ben-stiller', '2024-09-08 23:10:27', '2024-09-08 23:10:27'),
(182, 'Боб Ґейл', 'bob-geil', '2024-09-08 23:10:27', '2024-09-08 23:10:27'),
(183, 'Боб Оденкірк', 'bob-odenkirk', '2024-09-08 23:10:27', '2024-09-08 23:10:27'),
(184, 'Боббі Фарреллі', 'bobbi-farrelli', '2024-09-08 23:10:27', '2024-09-08 23:10:27'),
(185, 'Брайан Левант', 'braian-levant', '2024-09-08 23:10:27', '2024-09-08 23:10:27'),
(186, 'Брайан Роббінс', 'braian-robbins', '2024-09-08 23:10:27', '2024-09-08 23:10:27'),
(187, 'Браян Тейлор', 'braian-teilor', '2024-09-08 23:10:27', '2024-09-08 23:10:27'),
(188, 'Бред Сілберлінґ', 'bred-silberling', '2024-09-08 23:10:27', '2024-09-08 23:10:27'),
(189, 'Бретт Ратнер', 'brett-ratner', '2024-09-08 23:10:27', '2024-09-08 23:10:27'),
(190, 'Вес Андерсон', 'ves-anderson', '2024-09-08 23:10:27', '2024-09-08 23:10:27'),
(191, 'Вольфганг Петерсен', 'volfgang-petersen', '2024-09-08 23:10:27', '2024-09-08 23:10:27'),
(192, 'Гайден Скулсберґ', 'gaiden-skulsberg', '2024-09-08 23:10:27', '2024-09-08 23:10:27'),
(193, 'Гарольд Реміс', 'garold-remis', '2024-09-08 23:10:27', '2024-09-08 23:10:27'),
(194, 'Гевін Оконнор', 'gevin-okonnor', '2024-09-08 23:10:27', '2024-09-08 23:10:27'),
(195, 'Гері МакКендрі', 'geri-makkendri', '2024-09-08 23:10:27', '2024-09-08 23:10:27'),
(196, 'Гріффін Данн', 'griffin-dann', '2024-09-08 23:10:27', '2024-09-08 23:10:27'),
(197, 'Ґай Річі', 'gai-rici', '2024-09-08 23:10:27', '2024-09-08 23:10:27'),
(198, 'Ґарет Едвардс', 'garet-edvards', '2024-09-08 23:10:27', '2024-09-08 23:10:27'),
(199, 'Давід Шарон', 'david-saron', '2024-09-08 23:10:27', '2024-09-08 23:10:27'),
(200, 'Девід Літч', 'devid-litc', '2024-09-08 23:10:27', '2024-09-08 23:10:27'),
(201, 'Девід МакНеллі', 'devid-maknelli', '2024-09-08 23:10:27', '2024-09-08 23:10:27'),
(202, 'Девід О. Рассел', 'devid-o-rassel', '2024-09-08 23:10:27', '2024-09-08 23:10:27'),
(203, 'Девід Фінчер', 'devid-fincer', '2024-09-08 23:10:27', '2024-09-08 23:10:27'),
(204, 'Девід Цукер', 'devid-cuker', '2024-09-08 23:10:27', '2024-09-08 23:10:27'),
(205, 'Денніс Дуган', 'dennis-dugan', '2024-09-08 23:10:27', '2024-09-08 23:10:27'),
(206, 'Дж. Дж. Абрамс', 'dz-dz-abrams', '2024-09-08 23:10:27', '2024-09-08 23:10:27'),
(207, 'Дж. Меки Грубер', 'dz-meki-gruber', '2024-09-08 23:10:27', '2024-09-08 23:10:27'),
(208, 'Джастін Лін', 'dzastin-lin', '2024-09-08 23:10:27', '2024-09-08 23:10:27'),
(209, 'Джей Роуч', 'dzei-rouc', '2024-09-08 23:10:27', '2024-09-08 23:10:27'),
(210, 'Джеймс Б. Роджерс', 'dzeims-b-rodzers', '2024-09-08 23:10:27', '2024-09-08 23:10:27'),
(211, 'Джеймс Кемерон', 'dzeims-kemeron', '2024-09-08 23:10:27', '2024-09-08 23:10:27'),
(212, 'Джеймс Метер', 'dzeims-meter', '2024-09-08 23:10:27', '2024-09-08 23:10:27'),
(213, 'Джеймс Френсіс Ґанн', 'dzeims-frensis-gann', '2024-09-08 23:10:27', '2024-09-08 23:10:27'),
(214, 'Джейсон Фрідберг', 'dzeison-fridberg', '2024-09-08 23:10:27', '2024-09-08 23:10:27'),
(215, 'Джекі Чан', 'dzeki-can', '2024-09-08 23:10:27', '2024-09-08 23:10:27'),
(216, 'Джеррі Періс', 'dzerri-peris', '2024-09-08 23:10:27', '2024-09-08 23:10:27'),
(217, 'Джессі Дилан', 'dzessi-dilan', '2024-09-08 23:10:27', '2024-09-08 23:10:27'),
(218, 'Джим Абрахамс', 'dzim-abraxams', '2024-09-08 23:10:27', '2024-09-08 23:10:27'),
(219, 'Джим Дрейк', 'dzim-dreik', '2024-09-08 23:10:27', '2024-09-08 23:10:27'),
(220, 'Джо Джонстон', 'dzo-dzonston', '2024-09-08 23:10:27', '2024-09-08 23:10:27'),
(221, 'Джо Карнахан', 'dzo-karnaxan', '2024-09-08 23:10:27', '2024-09-08 23:10:27'),
(222, 'Джоель Коен', 'dzoel-koen', '2024-09-08 23:10:27', '2024-09-08 23:10:27'),
(223, 'Джозеф Косінскі', 'dzozef-kosinski', '2024-09-08 23:10:27', '2024-09-08 23:10:27'),
(224, 'Джон Бедем', 'dzon-bedem', '2024-09-08 23:10:27', '2024-09-08 23:10:27'),
(225, 'Джон Гурвіц', 'dzon-gurvic', '2024-09-08 23:10:27', '2024-09-08 23:10:27'),
(226, 'Джон Лендіс', 'dzon-lendis', '2024-09-08 23:10:27', '2024-09-08 23:10:27'),
(227, 'Джон МакТірнан', 'dzon-maktirnan', '2024-09-08 23:10:27', '2024-09-08 23:10:27'),
(228, 'Джон Мур', 'dzon-mur', '2024-09-08 23:10:27', '2024-09-08 23:10:27'),
(229, 'Джон Р. Леонетті', 'dzon-r-leonetti', '2024-09-08 23:10:27', '2024-09-08 23:10:27'),
(230, 'Джон Фавро', 'dzon-favro', '2024-09-08 23:10:27', '2024-09-08 23:10:27'),
(231, 'Джон Фортенберрі', 'dzon-fortenberri', '2024-09-08 23:10:27', '2024-09-08 23:10:27'),
(232, 'Джон Френсіс Дейлі', 'dzon-frensis-deili', '2024-09-08 23:10:27', '2024-09-08 23:10:27'),
(233, 'Джонатан Голдстейн', 'dzonatan-goldstein', '2024-09-08 23:10:27', '2024-09-08 23:10:27'),
(234, 'Джонатан Лінн', 'dzonatan-linn', '2024-09-08 23:10:27', '2024-09-08 23:10:27'),
(235, 'Джонатан Мостов', 'dzonatan-mostov', '2024-09-08 23:10:27', '2024-09-08 23:10:27'),
(236, 'Джонатан Р. Бетуэл', 'dzonatan-r-betuel', '2024-09-08 23:10:27', '2024-09-08 23:10:27'),
(237, 'Джордан Піл', 'dzordan-pil', '2024-09-08 23:10:27', '2024-09-08 23:10:27'),
(238, 'Джордж Лукас', 'dzordz-lukas', '2024-09-08 23:10:27', '2024-09-08 23:10:27'),
(239, 'Джошуа Майкл Штерн', 'dzosua-maikl-stern', '2024-09-08 23:10:27', '2024-09-08 23:10:27'),
(240, 'Джоэл Голлен', 'dzoel-gollen', '2024-09-08 23:10:27', '2024-09-08 23:10:27'),
(241, 'Ді Джей Карузо', 'di-dzei-karuzo', '2024-09-08 23:10:27', '2024-09-08 23:10:27'),
(242, 'Едгарт Райт', 'edgart-rait', '2024-09-08 23:10:27', '2024-09-08 23:10:27'),
(243, 'Елізабет Бенкс', 'elizabet-benks', '2024-09-08 23:10:27', '2024-09-08 23:10:27'),
(244, 'Еллісон Андерс', 'ellison-anders', '2024-09-08 23:10:27', '2024-09-08 23:10:27'),
(245, 'Енг Лі', 'eng-li', '2024-09-08 23:10:27', '2024-09-08 23:10:27'),
(246, 'Енді Теннант', 'endi-tennant', '2024-09-08 23:10:27', '2024-09-08 23:10:27'),
(247, 'Ерік Бресс', 'erik-bress', '2024-09-08 23:10:27', '2024-09-08 23:10:27'),
(248, 'Жан-Франсуа Ріше', 'zan-fransua-rise', '2024-09-08 23:10:27', '2024-09-08 23:10:27'),
(249, 'Жерар Кравчик', 'zerar-kravcik', '2024-09-08 23:10:27', '2024-09-08 23:10:27'),
(250, 'Жерар Пірес', 'zerar-pires', '2024-09-08 23:10:27', '2024-09-08 23:10:27'),
(251, 'Зак Снайдер', 'zak-snaider', '2024-09-08 23:10:27', '2024-09-08 23:10:27'),
(252, 'Ірвін Кершнер', 'irvin-kersner', '2024-09-08 23:10:27', '2024-09-08 23:10:27'),
(253, 'Ітан Коен', 'itan-koen', '2024-09-08 23:10:27', '2024-09-08 23:10:27'),
(254, 'Квентін Тарантіно', 'kventin-tarantino', '2024-09-08 23:10:27', '2024-09-08 23:10:27'),
(255, 'Кевін Сміт', 'kevin-smit', '2024-09-08 23:10:27', '2024-09-08 23:10:27'),
(256, 'Кеннет Брана', 'kennet-brana', '2024-09-08 23:10:27', '2024-09-08 23:10:27'),
(257, 'Керрі Конран', 'kerri-konran', '2024-09-08 23:10:27', '2024-09-08 23:10:27'),
(258, 'Кінен Айворі Веянс', 'kinen-aivori-veians', '2024-09-08 23:10:27', '2024-09-08 23:10:27'),
(259, 'Кларк Джонсон', 'klark-dzonson', '2024-09-08 23:10:27', '2024-09-08 23:10:27'),
(260, 'Корі Юень', 'kori-iuen', '2024-09-08 23:10:27', '2024-09-08 23:10:27'),
(261, 'Кріс Вайц', 'kris-vaic', '2024-09-08 23:10:27', '2024-09-08 23:10:27'),
(262, 'Кріс Коламбус', 'kris-kolambus', '2024-09-08 23:10:27', '2024-09-08 23:10:27'),
(263, 'Кріс Міллер', 'kris-miller', '2024-09-08 23:10:27', '2024-09-08 23:10:27'),
(264, 'Крістофер Нолан', 'kristofer-nolan', '2024-09-08 23:10:27', '2024-09-08 23:10:27'),
(265, 'Лана Вачовски', 'lana-vacovski', '2024-09-08 23:10:27', '2024-09-08 23:10:27'),
(266, 'Лилли Вачовски', 'lilli-vacovski', '2024-09-08 23:10:27', '2024-09-08 23:10:27'),
(267, 'Лі Тамахорі', 'li-tamaxori', '2024-09-08 23:10:27', '2024-09-08 23:10:27'),
(268, 'Луи Летерье', 'lui-letere', '2024-09-08 23:10:27', '2024-09-08 23:10:27'),
(269, 'Люк Бессон', 'liuk-besson', '2024-09-08 23:10:27', '2024-09-08 23:10:27'),
(270, 'Майк Джадж', 'maik-dzadz', '2024-09-08 23:10:27', '2024-09-08 23:10:27'),
(271, 'Майк Мітчел', 'maik-mitcel', '2024-09-08 23:10:27', '2024-09-08 23:10:27'),
(272, 'Майкл Девіс', 'maikl-devis', '2024-09-08 23:10:27', '2024-09-08 23:10:27'),
(273, 'Майкл Прессман', 'maikl-pressman', '2024-09-08 23:10:27', '2024-09-08 23:10:27'),
(274, 'МакДжі', 'makdzi', '2024-09-08 23:10:27', '2024-09-08 23:10:27'),
(275, 'Марк А.З. Діппе', 'mark-az-dippe', '2024-09-08 23:10:27', '2024-09-08 23:10:27'),
(276, 'Марк Лестер', 'mark-lester', '2024-09-08 23:10:27', '2024-09-08 23:10:27'),
(277, 'Марк Невелдін', 'mark-neveldin', '2024-09-08 23:10:27', '2024-09-08 23:10:27'),
(278, 'Марк Стівен Джонсон', 'mark-stiven-dzonson', '2024-09-08 23:10:27', '2024-09-08 23:10:27'),
(279, 'Марко Брамбілла', 'marko-brambilla', '2024-09-08 23:10:27', '2024-09-08 23:10:27'),
(280, 'Мікаель Гофстрем', 'mikael-gofstrem', '2024-09-08 23:10:27', '2024-09-08 23:10:27'),
(281, 'Ніколас Столлер', 'nikolas-stoller', '2024-09-08 23:10:27', '2024-09-08 23:10:27'),
(282, 'Ніл Берґєр', 'nil-bergjer', '2024-09-08 23:10:27', '2024-09-08 23:10:27'),
(283, 'Олівер Стоун', 'oliver-stoun', '2024-09-08 23:10:27', '2024-09-08 23:10:27'),
(284, 'Патрик Г\\`юз', 'patrik-giuz', '2024-09-08 23:10:27', '2024-09-08 23:10:27'),
(285, 'Пенелопа Сфіріс', 'penelopa-sfiris', '2024-09-08 23:10:27', '2024-09-08 23:10:27'),
(286, 'Періс Барклей', 'peris-barklei', '2024-09-08 23:10:27', '2024-09-08 23:10:27'),
(287, 'П\'єр Морель', 'pjer-morel', '2024-09-08 23:10:27', '2024-09-08 23:10:27'),
(288, 'Пітер Бонерз', 'piter-bonerz', '2024-09-08 23:10:27', '2024-09-08 23:10:27'),
(289, 'Пітер Сігал', 'piter-sigal', '2024-09-08 23:10:27', '2024-09-08 23:10:27'),
(290, 'Пітер Фарреллі', 'piter-farrelli', '2024-09-08 23:10:27', '2024-09-08 23:10:27'),
(291, 'Пол В.С. Андерсон', 'pol-vs-anderson', '2024-09-08 23:10:27', '2024-09-08 23:10:27'),
(292, 'Пол Вайц', 'pol-vaic', '2024-09-08 23:10:27', '2024-09-08 23:10:27'),
(293, 'Пол Верховен', 'pol-verxoven', '2024-09-08 23:10:27', '2024-09-08 23:10:27'),
(294, 'Пол Майкл Глейзер', 'pol-maikl-gleizer', '2024-09-08 23:10:27', '2024-09-08 23:10:27'),
(295, 'Пол Фіґ', 'pol-fig', '2024-09-08 23:10:27', '2024-09-08 23:10:27'),
(296, 'Ренні Харлін', 'renni-xarlin', '2024-09-08 23:10:27', '2024-09-08 23:10:27'),
(297, 'Рід Деніел', 'rid-deniel', '2024-09-08 23:10:27', '2024-09-08 23:10:27'),
(298, 'Рідлі Скотт', 'ridli-skott', '2024-09-08 23:10:27', '2024-09-08 23:10:27'),
(299, 'Річард Доннер', 'ricard-donner', '2024-09-08 23:10:27', '2024-09-08 23:10:27'),
(300, 'Річард Маркуенд', 'ricard-markuend', '2024-09-08 23:10:27', '2024-09-08 23:10:27'),
(301, 'Роб Боуман', 'rob-bouman', '2024-09-08 23:10:27', '2024-09-08 23:10:27'),
(302, 'Роб Коен', 'rob-koen', '2024-09-08 23:10:27', '2024-09-08 23:10:27'),
(303, 'Роберт Земекіс', 'robert-zemekis', '2024-09-08 23:10:27', '2024-09-08 23:10:27'),
(304, 'Роберт Лонго', 'robert-longo', '2024-09-08 23:10:27', '2024-09-08 23:10:27'),
(305, 'Роберт Родрігес', 'robert-rodriges', '2024-09-08 23:10:27', '2024-09-08 23:10:27'),
(306, 'Род Деніел', 'rod-deniel', '2024-09-08 23:10:27', '2024-09-08 23:10:27'),
(307, 'Роджер Дональдсон', 'rodzer-donaldson', '2024-09-08 23:10:27', '2024-09-08 23:10:27'),
(308, 'Роджер Евері', 'rodzer-everi', '2024-09-08 23:10:28', '2024-09-08 23:10:28'),
(309, 'Роджер Крістіан', 'rodzer-kristian', '2024-09-08 23:10:28', '2024-09-08 23:10:28'),
(310, 'Рокки Мортон', 'rokki-morton', '2024-09-08 23:10:28', '2024-09-08 23:10:28'),
(311, 'Рубен Флейшер', 'ruben-fleiser', '2024-09-08 23:10:28', '2024-09-08 23:10:28'),
(312, 'Саймон Вест', 'saimon-vest', '2024-09-08 23:10:28', '2024-09-08 23:10:28'),
(313, 'Сет Гордон', 'set-gordon', '2024-09-08 23:10:28', '2024-09-08 23:10:28'),
(314, 'Сидни Дж. Фьюри', 'sidni-dz-fiuri', '2024-09-08 23:10:28', '2024-09-08 23:10:28'),
(315, 'Сільвестер Сталлоне', 'silvester-stallone', '2024-09-08 23:10:28', '2024-09-08 23:10:28'),
(316, 'Стів Баррон', 'stiv-barron', '2024-09-08 23:10:28', '2024-09-08 23:10:28'),
(317, 'Стів Карр', 'stiv-karr', '2024-09-08 23:10:28', '2024-09-08 23:10:28'),
(318, 'Стів Одекерк', 'stiv-odekerk', '2024-09-08 23:10:28', '2024-09-08 23:10:28'),
(319, 'Стівен Брілл', 'stiven-brill', '2024-09-08 23:10:28', '2024-09-08 23:10:28'),
(320, 'Стівен Сент-Леже', 'stiven-sent-leze', '2024-09-08 23:10:28', '2024-09-08 23:10:28'),
(321, 'Стівен Содерберг', 'stiven-soderberg', '2024-09-08 23:10:28', '2024-09-08 23:10:28'),
(322, 'Стівен Спілберґ', 'stiven-spilberg', '2024-09-08 23:10:28', '2024-09-08 23:10:28'),
(323, 'Стівен Хопкінс', 'stiven-xopkins', '2024-09-08 23:10:28', '2024-09-08 23:10:28'),
(324, 'Стюарт Гіллард', 'stiuart-gillard', '2024-09-08 23:10:28', '2024-09-08 23:10:28'),
(325, 'Стюарт Гордон', 'stiuart-gordon', '2024-09-08 23:10:28', '2024-09-08 23:10:28'),
(326, 'Тед Котчефф', 'ted-kotceff', '2024-09-08 23:10:28', '2024-09-08 23:10:28'),
(327, 'Тім Бертон', 'tim-berton', '2024-09-08 23:10:28', '2024-09-08 23:10:28'),
(328, 'Тодд Філліпс', 'todd-fillips', '2024-09-08 23:10:28', '2024-09-08 23:10:28'),
(329, 'Том Шедьяк', 'tom-sediak', '2024-09-08 23:10:28', '2024-09-08 23:10:28'),
(330, 'Тоні Мэйлэм', 'toni-meilem', '2024-09-08 23:10:28', '2024-09-08 23:10:28'),
(331, 'Тоні Скотт', 'toni-skott', '2024-09-08 23:10:28', '2024-09-08 23:10:28'),
(332, 'Уолт Бекер', 'uolt-beker', '2024-09-08 23:10:28', '2024-09-08 23:10:28'),
(333, 'Філ Лорд', 'fil-lord', '2024-09-08 23:10:28', '2024-09-08 23:10:28'),
(334, 'Франк Гастамбід', 'frank-gastambid', '2024-09-08 23:10:28', '2024-09-08 23:10:28'),
(335, 'Френк Корачі', 'frenk-koraci', '2024-09-08 23:10:28', '2024-09-08 23:10:28'),
(336, 'Френк Маршалл', 'frenk-marsall', '2024-09-08 23:10:28', '2024-09-08 23:10:28'),
(337, 'Френк Міллер', 'frenk-miller', '2024-09-08 23:10:28', '2024-09-08 23:10:28'),
(338, 'Френсіс Лоуренс', 'frensis-lourens', '2024-09-08 23:10:28', '2024-09-08 23:10:28'),
(339, 'Ховард Дойч', 'xovard-doic', '2024-09-08 23:10:28', '2024-09-08 23:10:28'),
(340, 'Х\'ю Вілсон', 'xiu-vilson', '2024-09-08 23:10:28', '2024-09-08 23:10:28'),
(341, 'Цуй Харк', 'cui-xark', '2024-09-08 23:10:28', '2024-09-08 23:10:28'),
(342, 'Чак Расселл', 'cak-rassell', '2024-09-08 23:10:28', '2024-09-08 23:10:28'),
(343, 'Чед Стагельський', 'ced-stagelskii', '2024-09-08 23:10:28', '2024-09-08 23:10:28'),
(344, 'Шон Андерс', 'son-anders', '2024-09-08 23:10:28', '2024-09-08 23:10:28');

-- --------------------------------------------------------

--
-- Структура таблиці `director_film`
--

CREATE TABLE `director_film` (
  `id` int UNSIGNED NOT NULL,
  `director_id` int UNSIGNED NOT NULL,
  `film_id` int UNSIGNED NOT NULL
) ENGINE=InnoDB DEFAULT CHARSET=utf8mb4 COLLATE=utf8mb4_unicode_ci;

--
-- Дамп даних таблиці `director_film`
--

INSERT INTO `director_film` (`id`, `director_id`, `film_id`) VALUES
(1, 143, 1),
(2, 140, 2),
(3, 150, 3),
(4, 132, 3),
(5, 136, 3),
(6, 155, 3),
(7, 131, 3),
(8, 79, 4),
(9, 163, 5),
(10, 153, 5),
(11, 161, 5),
(12, 158, 5),
(13, 127, 5),
(14, 160, 5),
(15, 145, 5),
(16, 130, 5),
(17, 162, 5),
(18, 156, 5),
(19, 144, 6),
(20, 129, 6),
(21, 159, 6),
(22, 146, 6),
(23, 149, 7),
(24, 135, 8),
(25, 137, 9),
(26, 157, 9),
(27, 138, 9),
(28, 142, 10),
(29, 152, 10),
(30, 154, 10),
(31, 126, 11),
(32, 128, 11),
(33, 148, 12),
(34, 139, 12),
(35, 133, 12),
(36, 148, 13),
(37, 40, 14),
(38, 122, 14),
(39, 52, 14),
(40, 83, 15),
(41, 93, 15),
(42, 68, 15),
(43, 81, 15),
(44, 70, 16),
(45, 6, 16),
(46, 36, 16),
(47, 25, 17),
(48, 2, 17),
(49, 1, 17),
(50, 3, 17),
(51, 123, 18),
(52, 34, 18),
(53, 37, 18),
(54, 29, 18),
(55, 96, 18),
(56, 20, 19),
(57, 24, 19),
(58, 104, 19),
(59, 67, 20),
(60, 7, 20),
(61, 91, 20),
(62, 77, 21),
(63, 125, 21),
(64, 73, 21),
(65, 88, 22),
(66, 112, 22),
(67, 60, 23),
(68, 119, 23),
(69, 53, 23),
(70, 107, 24),
(71, 89, 24),
(72, 90, 24),
(73, 55, 25),
(74, 14, 25),
(75, 92, 26),
(76, 39, 26),
(77, 41, 26),
(78, 102, 27),
(79, 61, 27),
(80, 98, 27),
(81, 111, 27),
(82, 30, 27),
(83, 86, 28),
(84, 99, 28),
(85, 101, 28),
(86, 97, 28),
(87, 58, 28),
(88, 17, 28),
(89, 114, 28),
(90, 119, 29),
(91, 16, 29),
(92, 74, 29),
(93, 121, 29),
(94, 78, 29),
(95, 108, 29),
(96, 10, 30),
(97, 85, 30),
(98, 62, 30),
(99, 19, 31),
(100, 11, 31),
(101, 100, 31),
(102, 47, 31),
(103, 24, 31),
(104, 12, 31),
(105, 110, 31),
(106, 118, 31),
(107, 8, 31),
(108, 103, 31),
(109, 49, 31),
(110, 67, 32),
(111, 32, 32),
(112, 28, 32),
(113, 64, 32),
(114, 92, 32),
(115, 44, 32),
(116, 18, 32),
(117, 41, 32),
(118, 109, 33),
(119, 87, 34),
(120, 82, 34),
(121, 38, 34),
(122, 63, 35),
(123, 80, 35),
(124, 116, 35),
(125, 115, 36),
(126, 105, 36),
(127, 26, 36),
(128, 95, 38),
(129, 76, 38),
(130, 15, 38),
(131, 51, 38),
(132, 23, 38),
(133, 50, 39),
(134, 69, 39),
(135, 75, 39),
(136, 79, 40),
(137, 22, 41),
(138, 56, 41),
(139, 71, 41),
(140, 31, 42),
(141, 66, 42),
(142, 27, 42),
(143, 43, 42),
(144, 84, 42),
(145, 45, 42),
(146, 57, 43),
(147, 94, 43),
(148, 48, 43),
(149, 65, 43),
(150, 13, 43),
(151, 59, 43),
(152, 21, 44),
(153, 15, 44),
(154, 46, 44),
(155, 35, 44),
(156, 124, 44),
(157, 33, 44),
(158, 9, 44),
(159, 117, 44),
(160, 113, 44),
(161, 54, 45),
(162, 42, 45),
(163, 72, 45),
(164, 106, 46),
(165, 5, 46),
(166, 4, 46),
(167, 302, 47),
(168, 214, 48),
(169, 166, 48),
(170, 314, 49),
(171, 268, 50),
(172, 260, 50),
(173, 172, 51),
(174, 223, 52),
(175, 176, 53),
(176, 329, 54),
(177, 242, 55),
(178, 246, 56),
(179, 203, 57),
(180, 178, 58),
(181, 310, 58),
(182, 236, 59),
(183, 193, 60),
(184, 240, 61),
(185, 275, 62),
(186, 266, 63),
(187, 265, 63),
(188, 186, 64),
(189, 180, 65),
(190, 167, 66),
(191, 181, 67),
(192, 195, 68),
(193, 167, 69),
(194, 262, 70),
(195, 262, 71),
(196, 322, 72),
(197, 276, 73),
(198, 185, 74),
(199, 227, 75),
(200, 294, 76),
(201, 211, 77),
(202, 211, 78),
(203, 227, 79),
(204, 323, 80),
(205, 293, 81),
(206, 218, 82),
(207, 218, 83),
(208, 329, 84),
(209, 318, 85),
(210, 285, 86),
(211, 286, 87),
(212, 258, 88),
(213, 258, 89),
(214, 204, 90),
(215, 204, 91),
(216, 204, 92),
(217, 289, 93),
(218, 298, 94),
(219, 251, 95),
(220, 274, 96),
(221, 211, 97),
(222, 228, 98),
(223, 291, 99),
(224, 229, 100),
(225, 255, 101),
(226, 292, 102),
(227, 261, 102),
(228, 210, 103),
(229, 217, 104),
(230, 225, 105),
(231, 192, 105),
(232, 328, 106),
(233, 235, 107),
(234, 211, 108),
(235, 247, 109),
(236, 207, 109),
(237, 327, 110),
(238, 327, 111),
(239, 343, 112),
(240, 200, 112),
(241, 270, 113),
(242, 173, 114),
(243, 269, 115),
(244, 254, 116),
(245, 244, 116),
(246, 171, 116),
(247, 305, 116),
(248, 227, 117),
(249, 234, 118),
(250, 339, 119),
(251, 296, 120),
(252, 227, 121),
(253, 302, 122),
(254, 313, 123),
(255, 344, 124),
(256, 215, 125),
(257, 307, 126),
(258, 193, 127),
(259, 193, 128),
(260, 297, 129),
(261, 209, 130),
(262, 209, 131),
(263, 209, 132),
(264, 209, 133),
(265, 253, 134),
(266, 222, 134),
(267, 271, 135),
(268, 226, 136),
(269, 182, 137),
(270, 299, 138),
(271, 299, 139),
(272, 299, 140),
(273, 299, 141),
(274, 193, 142),
(275, 193, 143),
(276, 205, 144),
(277, 335, 145),
(278, 202, 146),
(279, 205, 147),
(280, 197, 148),
(281, 284, 149),
(282, 231, 150),
(283, 188, 151),
(284, 208, 152),
(285, 260, 153),
(286, 313, 154),
(287, 232, 155),
(288, 233, 155),
(289, 283, 156),
(290, 168, 157),
(291, 287, 158),
(292, 179, 159),
(293, 330, 160),
(294, 175, 161),
(295, 174, 161),
(296, 280, 162),
(297, 212, 163),
(298, 320, 163),
(299, 190, 164),
(300, 168, 165),
(301, 278, 166),
(302, 325, 167),
(303, 251, 168),
(304, 307, 169),
(305, 341, 170),
(306, 199, 171),
(307, 333, 172),
(308, 263, 172),
(309, 301, 173),
(310, 281, 174),
(311, 337, 175),
(312, 305, 175),
(313, 312, 176),
(314, 331, 177),
(315, 332, 178),
(316, 336, 179),
(317, 106, 180),
(318, 264, 181),
(319, 308, 182),
(320, 322, 183),
(321, 201, 184),
(322, 309, 185),
(323, 291, 186),
(324, 197, 187),
(325, 257, 188),
(326, 295, 189),
(327, 191, 190),
(328, 329, 191),
(329, 311, 192),
(330, 311, 193),
(331, 237, 194),
(332, 342, 195),
(333, 303, 196),
(334, 279, 197),
(335, 230, 198),
(336, 321, 199),
(337, 298, 200),
(338, 224, 201),
(339, 277, 202),
(340, 277, 203),
(341, 187, 203),
(342, 315, 204),
(343, 312, 205),
(344, 206, 206),
(345, 206, 207),
(346, 208, 208),
(347, 177, 209),
(348, 177, 210),
(349, 177, 211),
(350, 220, 212),
(351, 230, 213),
(352, 245, 214),
(353, 256, 215),
(354, 304, 216),
(355, 282, 217),
(356, 221, 218),
(357, 238, 219),
(358, 252, 220),
(359, 300, 221),
(360, 238, 222),
(361, 238, 223),
(362, 238, 224),
(363, 198, 225),
(364, 338, 226),
(365, 250, 227),
(366, 249, 228),
(367, 249, 229),
(368, 249, 230),
(369, 334, 231),
(370, 248, 232),
(371, 340, 233),
(372, 216, 234),
(373, 216, 235),
(374, 219, 236),
(375, 169, 237),
(376, 288, 238),
(377, 170, 239),
(378, 326, 240),
(379, 303, 241),
(380, 303, 242),
(381, 303, 243),
(382, 191, 244),
(383, 239, 245),
(384, 259, 246),
(385, 302, 247),
(386, 267, 248),
(387, 241, 249),
(388, 272, 250),
(389, 194, 251),
(390, 306, 252),
(391, 316, 253),
(392, 273, 254),
(393, 324, 255),
(394, 329, 256),
(395, 243, 257),
(396, 290, 257),
(397, 243, 257),
(398, 319, 257),
(399, 319, 257),
(400, 317, 257),
(401, 165, 257),
(402, 196, 257),
(403, 213, 257),
(404, 189, 257),
(405, 183, 257),
(406, 164, 257),
(407, 184, 257),
(408, 126, 258),
(409, 151, 259),
(410, 134, 259),
(411, 148, 259),
(412, 139, 260),
(413, 133, 260),
(414, 148, 260),
(415, 151, 261),
(416, 150, 262),
(417, 141, 263),
(418, 150, 264),
(419, 150, 265);

-- --------------------------------------------------------

--
-- Структура таблиці `failed_jobs`
--

CREATE TABLE `failed_jobs` (
  `id` bigint UNSIGNED NOT NULL,
  `uuid` varchar(255) COLLATE utf8mb4_unicode_ci NOT NULL,
  `connection` text COLLATE utf8mb4_unicode_ci NOT NULL,
  `queue` text COLLATE utf8mb4_unicode_ci NOT NULL,
  `payload` longtext COLLATE utf8mb4_unicode_ci NOT NULL,
  `exception` longtext COLLATE utf8mb4_unicode_ci NOT NULL,
  `failed_at` timestamp NOT NULL DEFAULT CURRENT_TIMESTAMP
) ENGINE=InnoDB DEFAULT CHARSET=utf8mb4 COLLATE=utf8mb4_unicode_ci;

-- --------------------------------------------------------

--
-- Структура таблиці `films`
--

CREATE TABLE `films` (
  `id` int UNSIGNED NOT NULL,
  `title` varchar(255) COLLATE utf8mb4_unicode_ci NOT NULL,
  `slug` varchar(255) COLLATE utf8mb4_unicode_ci NOT NULL,
  `origin_title` text COLLATE utf8mb4_unicode_ci,
  `duration` varchar(255) COLLATE utf8mb4_unicode_ci DEFAULT NULL,
  `other_actor` text COLLATE utf8mb4_unicode_ci,
  `note` varchar(255) COLLATE utf8mb4_unicode_ci DEFAULT NULL,
  `description` longtext COLLATE utf8mb4_unicode_ci,
  `category_id` int UNSIGNED DEFAULT NULL,
  `year_id` int UNSIGNED DEFAULT NULL,
  `season_id` int UNSIGNED DEFAULT NULL,
  `rating_id` int UNSIGNED DEFAULT NULL,
  `status_id` int UNSIGNED DEFAULT NULL,
  `age_id` int UNSIGNED DEFAULT NULL,
  `quality_id` int UNSIGNED DEFAULT NULL,
  `view` int UNSIGNED NOT NULL DEFAULT '0',
  `thumbnail` varchar(255) COLLATE utf8mb4_unicode_ci DEFAULT NULL,
  `created_at` timestamp NULL DEFAULT NULL,
  `updated_at` timestamp NULL DEFAULT NULL
) ENGINE=InnoDB DEFAULT CHARSET=utf8mb4 COLLATE=utf8mb4_unicode_ci;

--
-- Дамп даних таблиці `films`
--

INSERT INTO `films` (`id`, `title`, `slug`, `origin_title`, `duration`, `other_actor`, `note`, `description`, `category_id`, `year_id`, `season_id`, `rating_id`, `status_id`, `age_id`, `quality_id`, `view`, `thumbnail`, `created_at`, `updated_at`) VALUES
(1, 'Супер Шоу Супер Братьев Марио!', 'supier-shou-supier-brat-iev-mario', 'The Super Mario Bros. Super Show!', ' 22 хв.', 'Лу Альбано, Харви Аткин, Джон Стокер, Дэнни Уэллс, Джинни Элиас, Роберт Бокстэл, Грег Мортон, Дориан Джо Кларк, Джойс Гордон, Роб Кауэн', NULL, 'Братья Марио попали через канализацию в Грибное королевство и спасли принцессу Пич от короля Купы. Их цель: спасти королевство от зла и вернуться в Бруклин. Теперь Марио и Луиджи стали попадать в переделки Купы и других злодеев в своих приключениях, но они всегда спасаются и побеждают злодеев. ', 4, 60, 1, 3, 1, 5, 4, 0, NULL, '2024-02-05 22:20:29', '2024-02-05 22:20:30'),
(2, 'Приключения братьев Супер Марио 3', 'prikliuchieniia-brat-iev-supier-mario-3', 'The Adventures of Super Mario Bros. 3', '24 хв.', 'Лу Альбано, Харви Аткин, Джон Стокер, Дэнни Уэллс, Джинни Элиас, Роберт Бокстэл, Грег Мортон, Дориан Джо Кларк, Джойс Гордон, Роб Кауэн', NULL, 'Сюжет мультсеріалу присвячений пригодам Маріо, Луїджі, Тоада та принцеси Піч, які живуть у Грибному світі. Більшість серій присвячено їхньому протистоянню з королем Купою та його дітьми, Купалінгами, які намагаються захопити Грибне королівство.', 4, 61, 2, 3, 1, 5, 4, 0, NULL, '2024-02-05 22:20:29', '2024-02-05 22:20:30'),
(3, 'Футурама', 'futurama', 'Futurama', '21 хв.', 'Біллі Вест, Кеті Сагал, Джон ДіМаджіо, Тресс МакНілл, Філ ЛаМарр, Лорен Том, Моріс ЛаМарш, Девід Герман, Френк Велкер, Кет Сусі, Том Кенні, Ден Кастелланета, Джордж Такей, Філ Гендрі, Ел Гор, Леонард Німой', NULL, 'Серіал розпочинається з того, що розвізник піци з Нью-Йорка Філіп Фрай випадково був заморожений у кріогенній камері 31 грудня 1999 року і розморожений тисячу років потому, 31 грудня 2999 року в місті Новий Нью-Йорк. Фрай намагається уникнути примусового призначення на роботу посильним, і це закінчується його влаштуванням на роботу (все ж таки посильним) у невелику компанію Міжпланетний експрес, яка займається міжгалактичними перевезеннями вантажів. Серіал демонструє пригоди Фрая і його колег під час доставки вантажів, а також у повсякденному житті. ', 4, 70, 8, 2, 2, 4, 5, 0, NULL, '2024-02-05 22:20:29', '2024-02-05 22:20:30'),
(4, 'Пригоди Роккі і Бульвінкля/ Шоу Роккі і Буллвінкля', 'prighodi-rokki-i-bul-vinklia-shou-rokki-i-bullvinklia', 'The Adventures of Rocky & Bullwinkle', '22 хв.', 'Невідомо', NULL, 'Головні герої - білка-летяга Роккі і лось Буллвінкль. Вони живуть у лісі, що знаходиться в американському місті Фростбайт Фолз, і протистоять злим силам в особі шпигунів з вигаданої європейської держави Поттсильванія (алюзія на НДР) Бориса Баденова, Наташі Злого Лідера.', 4, 30, 5, 2, 1, 4, 1, 0, NULL, '2024-02-05 22:20:29', '2024-02-05 22:20:30'),
(5, 'Веселі мелодії. Колекція', 'viesieli-mielodiyi-koliektsiia', 'Looney Tunes. Collection', '8 хв.', 'Мел Бланк, Тед Пірс, Дейв Вебер, Томмі Бонд, Берніс Гансен, Текс Ейвері, Джон Дірінг', NULL, 'На світі дуже мало людей, які не знають що таке Веселі мелодії. Так звані Луні Тюнз протягом цілих поколінь веселили та розважали дітей по всьому світі. І як не дивно, але це не гучні слова, а сухий факт. Найвідоміший кролик у світі Бакс Банні, невгамовний Даффі Дак, хитра канарка Твіті.. Всі ці герої на довгі роки осіли в пам\'яті цілих поколінь. Тому не дивно, що ми викладаємо збірку цих кіноперлин для перегляду українською. Подібні шедеври повинен бачити кожен малюк. Насолоджуйтесь, пізнавайте, ностальгуйте разом з чудовою колекцією мультиків від Ворнер Бразерс. ', 4, 2, 1, 2, 1, 5, 5, 0, NULL, '2024-02-05 22:20:29', '2024-02-05 22:20:30'),
(6, 'Підлітки мутанти черепашки ніндзя', 'pidlitki-mutanti-chieriepashki-nindzia', 'Teenage Mutant Ninja Turtles', '20 хв.', 'Кэм Кларк, Таунсенд Коулмэн, Рене Якобс, Бэрри Гордон, Питер Ренадэй, Джим Каммингс (I), Роб Полсен, Пэт Фрэли, Джеймс Эйври, Дженнифер Дарлинг', NULL, '«Черепашки мутанти ніндзя» (Teenage Mutant Ninja Turtles) - це мультсеріал, знайомий багатьом з дитинства. Історія про пригоди хоробрих і відважних черепах зеленого кольору, яка завжди користувалася популярністю. Головні герої відважно борються зі злом і протистоять підступним лиходіям. Свої імена черепашки отримали від імен знаменитих художників. Мікеланджело, Леонардо, Рафаель і Донателло майстерно володіють зброєю, а їх невгамовній енергії можна тільки позаздрити. Вони тренуються у заплутаних лабіринтах каналізації і просто з розуму сходять від піци. Ворог труситься, а черепашки знову виходять на справу. ', 4, 58, 10, 2, 1, 5, 5, 0, NULL, '2024-02-05 22:20:29', '2024-02-05 22:20:30'),
(7, 'Просто Норман / Норман нормал', 'prosto-norman-norman-normal', 'Norman normal', '23 хв.', 'Вероник Огеро, Жан-Клод Донда, Шериф Эззелдин, Клара Финстер, Патриция Легран, Чарлин Пестель, Филип Петью, Патрик Прежан', NULL, 'Одного разу в родині Нормана вибухнула мікрохвильова піч і всі несподівано здобули надможливості. Усі, крім Нормана. І тепер вся родина, включаючи дідуся та собаку, бореться зі світовим злом, а Норман намагається жити нормальним життям нормального підлітка!', 4, 70, 3, 2, 1, 5, 6, 0, NULL, '2024-02-05 22:20:29', '2024-02-05 22:20:30'),
(8, 'Відморожений: Іван із Юкона', 'vidmorozhienii-ivan-iz-iukona', 'Yvon of the Yukon', '26 хв.', 'Ли Токар, Иэн Джеймс Корлетт, Глен Гулд, Фил Хэйес, Элли Кинг', NULL, 'Іван (Івон - французькою) - це хоробрий, але наївний моряк і шукач пригод, що потрапив до нас з 17 століття. За велінням свого короля Луї XIV він вирушив відкривати і підкорювати нові землі на славу Франції, але майже три століття виявився замороженим у льодах Юкона! Від льодового сну отямився Іван серед не надто розумних, зате веселих і добродушних жителів північної Канади. І живеться Івану в них непогано. Але королівська воля – закон для моряків! Іванові доведеться підкорювати цю вкриту снігом та льодом землю та прославити Францію!', 4, 71, 3, 2, 1, 4, 3, 0, NULL, '2024-02-05 22:20:29', '2024-02-05 22:20:30'),
(9, 'Моряк Папай', 'moriak-papai', 'Popeye the Sailor', '7 хв.', ' Джек Мерсер, Мае Кестель, Джексон Бек', NULL, 'Непросте життя починається у красуні Олівії Ойл, коли в неї закохуються всі, кому не ліньки. Адже за її ніжне серце готові вступити в серйозну сутичку двоє героїв - Папай і Блуто. Лише порція шпинату допомогла вирішити ситуацію. Після того, як Папай з\'їв цілу банку, він зміг показати своїм суперникам, що тільки він вартий уваги Олівії. Адже тепер він найсильніший. Нещасним шанувальникам залишиться лише сумно зітхати, мучившись від нерозділеного почуття. А також пам\'ятайте, що можливо і вам шпинат додасть дещо більше сил. ', 4, 4, 1, 2, 1, 12, 1, 0, NULL, '2024-02-05 22:20:29', '2024-02-05 22:20:30'),
(10, 'Му та Ципа', 'mu-ta-tsipa', 'Cow and Chicken', '7 хв.', 'Чарльз Адлер, Ди Брэдли Бэйкер, Дом ДеЛуис, Джесс Харнелл, Дэн Кастелланета, Майкл Дорн, Кэнди Мило, Ховард Моррис', NULL, 'Неймовірні пригоди сюрреалістичної пари, брата і сестри, чия спорідненість комічно підкреслена їх особистостями: великий брат Півник і молодша сестра Корівка. Дранливі звички Півня часто втягують його в неприємності, і в ці моменти Корівка, геніальна і міцна 7-річна корова, елегантно рятує невгамовного братика з біди.', 4, 66, 5, 2, 1, 7, 5, 0, NULL, '2024-02-05 22:20:29', '2024-02-05 22:20:30'),
(11, 'Нові пригоди Лакі Люка', 'novi-prighodi-laki-liuka', 'The New Adventures of Lucky Luke', '22 хв.', 'Невідомо', NULL, 'Лакі Люк — ковбой, який стріляє швидше за власну тінь. За допомогою свого вірного коня Джоллі Джампера (найрозумнішого коня у світі), а іноді й Рінтіндумба (найдурнішого собаки у світі) він підтримує мир і порядок на Дикому Заході. Він полює на відчайдухів, тримає під контролем таких стрільців, як Біллі Кід, і постійно відловлює та повертає Далтонів до в’язниці.', 4, 72, 1, 2, 1, 6, 3, 0, NULL, '2024-02-05 22:20:29', '2024-02-05 22:20:30'),
(12, 'Лакі Люк 1984', 'laki-liuk-1984', 'Lucky Luke (1984 TV series)', '22 хв.', 'Невідомо', NULL, 'Лакі Люк — самотній вуличний кмітливий ковбой, який подорожує Старим Заходом. У супроводі свого вірного коня Веселого стрибуна та майже в кожному епізоді тюремного сторожового собаки Рантанплана (який загубився на Заході, бажаючи піти за Лакі Люком або знайти його в’язницю), він стикається з різними бандитами та головорізами, такими як брати Далтони, Біллі Кід, Джессі Джеймс і Філ Дефер.', 4, 55, 1, 2, 1, 6, 2, 0, NULL, '2024-02-05 22:20:29', '2024-02-05 22:20:30'),
(13, 'Лакі Люк 1991', 'laki-liuk-1991', 'Lucky Luke (1991 TV series)', '25 хв.', 'Невідомо', 'Серії потрібно шукати по одній', 'The series adapts some adventures from the Belgian album series Lucky Luke. ', 4, 62, 1, 2, 1, 6, 2, 0, NULL, '2024-02-05 22:20:29', '2024-02-05 22:20:30'),
(14, 'Принц із Беверлі-Гіллз', 'princ-iz-beverli-gillz', 'The Fresh Prince of Bel-Air', '24 хв.', 'Альфонсо Рибейро, Керин Парсонс, Татьяна Али, Джозеф Марселл, Джанет Хьюберт, Дафна Рейд, Джеффри А. Таунс, Росс Бэгли, Джина Равера, Куинси Джонс, Кимберли Ньюберри, Тайлер Коллинз', NULL, 'Вілл ріс у невеликому райончику у Західній Філадельфії. Був звичайним хлопцем, грав у баскетбол, слухав хіп-хоп тощо. Усе було досить безхмарно, поки Вілл не вплутався у бійку з «великими дядьками». Після цього його мама терміново відправляє його до своєї рідної сестри, яка живе в районі Бель-Ейр, Беверлі-Хіллз.', 2, 61, 6, 3, 1, 11, 5, 0, NULL, '2024-02-05 22:20:29', '2024-02-05 22:20:30'),
(15, 'Як я зустрів вашу маму / Як я познайомився з вашою мамою', 'iak-ia-zustriv-vasu-mamu-iak-ia-poznaiomivsia-z-vasoiu-mamoiu', 'How I Met Your Mother 1 season ', '22 хв.', 'Элисон Хэннигэн, Коби Смолдерс, Боб Сагет, Линдси Фонсека, Дэвид Хенри, Шарлин Амойя, Джо Нивз, Дженнифер Моррисон, Маршалл Манеш, Билл Фагербакки, Сьюзи Плэксон, Эшли Уильямс', NULL, 'Як я зустрів вашу маму — комедія про Теда та про те, як він закохався. Всі неприємності починаються з того, що найкращий друг Теда Маршалл раптом несподівано повідомив, що він хоче зробити пропозицію своїй давній подрузі, Лілі, виховательці дитячого садка. На той час Тед розуміє, що йому потрібно докладати більше зусиль, якщо він дійсно сподівається знайти своє справжнє кохання. Допомагає йому в цих пошуках його друг Барні, переконаний холостяк, вічно зі своєю, іноді надто думкою на все, що відбувається, зі схильністю до костюмів і вірним способом познайомитися з дівчатами. Коли Тед зустрічає Робін, він вирішує, що це кохання з першого погляду, але у долі в запасі є дещо ще.', 2, 76, 9, 3, 1, 2, 1, 0, NULL, '2024-02-05 22:20:29', '2024-02-05 22:20:30'),
(16, 'На межі', 'na-mezi', 'The Brink', '30 хв.', 'Пабло Шрайбер, Маус Джексон, Икбал Теба, Мелани Каннокада, Марк Пэрриш, Бернард Уайт, Дэвид Диаан, Ношин Финикс, Анджини Танеджа Азар', NULL, 'Невдалий співробітник ПосольстваСША в Ісламабаді Телботт дістав усіх до печінок. Незважаючи на настирливі нагадування про себе з його боку, посол не звертає на дуже здібного, на його власну думку, співробітника належної уваги. Більше того, як тільки Телботт відходить в сторону, глава місії з полегшенням видихає: «завтра я, нарешті, його звільню». Навіть посольський водій Рафік відноситься до дипломата, м\'яко кажучи, нешанобливо. Слабкість Телботта до прекрасної статі вже одного разу привела до того, що його ледь не позбавили відведеної за статусом службової машини, так що недовіра Рафіка цілком зрозуміла. До того ж, з\'ясовується, що їхати він має намір в саме «осине гніздо» бойовиків, та ще примудряється жартувати з цього приводу. В цей час член американського уряду Уолтер весело проводить час з дівчиною, демонструючи досить неординарні сексуальні переваги, але парочці несподівано заважає стукіт у двері. Як виявляється, це секретарка Уолтера знайшла його в такому незвичайному місці, тому що терміново потрібна його участь в роботі з якимись цілком таємними документами з приводу Пакистану. На авіаносці П\'ятого Флоту ВМССША в Червоному морі метушня ... ', 2, 86, 1, 3, 1, 10, 1, 0, NULL, '2024-02-05 22:20:29', '2024-02-05 22:20:30'),
(17, 'У Філадельфії завжди сонячно', 'u-filadelfiyi-zavzdi-soniacno', 'It\'s Always Sunny in Philadelphia', '23 хв.', 'Кэйтлин Олсон, Мэри Элизабет Эллис, Линн Мари Стюарт, Джимми Симпсон, Нат Муни, Сэнди Мартин, Тэзи Серфес, Бриттани Дэниэл, Брайан Унгер, Трэвис Шульдт', NULL, 'Цей ситком оповідає про чотирьох друзів, які тримають ірландський бар у не найкращому районі Філадельфії. Те саме можна сказати і про самих героїв — вони ворожі й аморальні один до одного, завжди сваряться, брешуть і намагаються щось один одному довести, потрапляючи через це в найбезглуздіші та найсмішніші ситуації.', 2, 76, 16, 3, 2, 1, 1, 0, NULL, '2024-02-05 22:20:29', '2024-02-05 22:20:30'),
(18, 'Постоялець з космосу', 'postoialec-z-kosmosu', 'Resident Alien', '42 хв.', 'Сара Томко, Кори Рейнольдс, Элис Веттерлунд, Леви Филер, Линда Хэмилтон, Элизабет Бауэн, Манделл Мофан, Алекс Барима, Дженна Ламия', NULL, 'Доктор Гаррі Вендершпігль - самітник у невеликому містечку в Колорадо. Ще він прибулець, який насправді впав на Землю і зайняв тіло лікаря. Коли ж лікарі вбивають, прибулець змушений відкласти місію з повернення додому і зайняти місце вбитого. Живучи в новому тілі, він поступово починає ставити запитання, стоять люди порятунку чи ні.', 2, 91, 3, 2, 2, 2, 1, 0, NULL, '2024-02-05 22:20:29', '2024-02-05 22:20:30'),
(19, 'Мандрівний лицар', 'mandrivnii-licar', 'Knight Rider ', '45 хв.', 'Уильям Дэниелс, Эдвард Малхейр, Ребекка Холден, Патрисия МакФерсон, Питер Пэррос, Ричард Андерсон (I), Ричард Бейсхарт, Альма Белтран, Ноэль Конлон, Брайан Катлер, Филлис Дэвис, Винс Эдвардс, Эд Гилберт', NULL, 'Часом доля не прихильна навіть до тих людей, які стоять на сторожі добра і ведуть активну боротьбу зі злом. Майкл Лонг працює в поліції, начальство завжди хвалило його за високий показник розкриття злочинів. Але от коли справа торкнулася самого Майкла, і в одній з перестрілок він був важко поранений, керівництво вважало за краще зробити вигляд, що абсолютно нічого не сталося. Лонга просто звільнили заднім числом. Майкл б просто помер, якби не щаслива випадковість в особі Уолтона Найта, який прославився як дуже багатий вчений. Найт, не замислюючись, забрав до себе пораненого поліцейського, зробив йому пластичну операцію, відновив здоров\'я і повернув повністю до життя. Майкл навіть не уявляв, чим віддячити своєму рятівнику. Але Уолтон дає йому підказку - вести боротьбу зі злочинністю, не дивлячись ні на що! ', 2, 53, 4, 2, 1, 11, 5, 0, NULL, '2024-02-05 22:20:29', '2024-02-05 22:20:30'),
(20, 'Магнум, приватний детектив', 'magnum-privatnii-detektiv', 'Magnum, P.I.', '40 хв.', 'Джон Хиллерман, Роджер Е. Мослі, Ларрі Манетти, Gillian Dobb, Кван Хі Лім, Джефф Маккей, Кетлін Ллойд, Гленн Кеннон, Патрік Бішоп, Еліша Кук мл., Джин Брюс Скотт', NULL, 'Томас Салліван Магнум - приватний детектив, який проживає на Гаваях. Здавалося б, його життя повинне бути веселим і безтурботним, проте кожного разу персонажу доводиться вирішувати по-справжньому складні й заплутані справи. Томас змушений братися за розслідування заплутаних історій, в кожній з яких фігурує по кілька підозрюваних. Йому в справах нерідко допомагає дворецький Хіггінс, який взяв на себе побутові турботи в будинку відомого мільйонера Мастерса, який давно не з\'являвся у своєму маєтку, залишивши дім на совість Магнума і свого дворецького. Проект \"Приватний детектив Магнум\" транслювався на початку двохтисячних на каналі ТЕТ. Приємного перегляду.', 2, 51, 8, 2, 1, 4, 5, 0, NULL, '2024-02-05 22:20:29', '2024-02-05 22:20:30'),
(21, 'Мене звати Ерл', 'mene-zvati-erl', 'My Name is Earl', '21 хв.', 'Итэн Сапли, Эдди Стиплз, Надин Веласкес, Луис Т. Мойл, Трей Карлайл, Майк Кокрейн, Ной Кроуфорд, Бонита Фридериси, Дейл Дикки', NULL, 'Життя Ерла, дрібного пройдисвіта районного масштабу, сповнене помилок і неправильних рішень. Відразу після виграшу джек-поту в невеликій лотереї, його збиває машина, і він втрачає квиток, що виграв. У лікарні на нього сходить осяяння: вся справа в кармі та неприємності переслідують його тому, що він сам нескінченне джерело неприємностей для оточуючих. Герой вирішує круто змінити свою долю. Він хоче виправити все неправильне, що він зробив з часів своїх химер у початковій школі, коли витончено знущався над однокласниками і тягнув усе, що траплялося під руку. З цією метою він складає докладний список своїх різнокаліберних проказ і сповнюється рішучості розшукати всіх, кому він колись зробив недобре і компенсувати зло, чого б це ні йому, ні колись від нього потерпілим не варто.', 2, 76, 4, 2, 1, 2, 1, 0, NULL, '2024-02-05 22:20:29', '2024-02-05 22:20:30'),
(22, 'Альф', 'alf', 'ALF', '24 хв.', 'Енн Шедін, Андреа Елсон, Бенджи Грегорі,  Джон ЛаМотта, Ліз Шерідан', NULL, 'Фантастична комедія під назвою \'Альф\' розповідає про неймовірного головного героя, з яким завжди трапляються досить смішні і забавні ситуації. Отже, його звуть Альф і він є представником іншої планети. Він прибув на Землю зі своєї батьківщини, з невеликої планети, яка носить назву Мелмак. Тепер він змушений оселитися в найпростішій родині, в звичайному будинку, що знаходиться в Лос-Анджелесі. Він постійно потрапляє в кумедні історії, ще б пак, адже він зовсім не знає, як саме працює все в людському суспільстві і як саме поводитися в тій чи іншій ситуації. Як би там не було, практично кожен день головний герой і сім\'я яка його прихистила змушені жити досить секретним життям, адже зовсім ніхто не повинен знати про існування Альфа, а це значить, що попереду нас чекають великі пригоди.', 2, 57, 4, 3, 1, 6, 1, 0, NULL, '2024-02-05 22:20:29', '2024-02-05 22:20:30'),
(23, 'Молодий Геркулес', 'molodii-gerkules', 'Young Hercules', '30 хв.', 'Джоэл Тобек, Крэйг Паркер, Элизабет Хоуторн, Верн Тройер, Стивен Ловат, Кевин Смит (II), Майкл Хёрст, Хатчесон Кирен', NULL, 'Діти залишаються дітьми навіть якщо це діти Богів. Цей серіал розповість про молодість Геракла, який намагається заслужити повагу та визнання з боку свого батька верховного олімпійського Бога – Зевса. На шляху становлення одного з найбільших героїв (напівбога-напівлюдини) зустрінеться безліч ворогів, і Геракл доведе своїми вчинками, сміливістю, відвагою, героїзмом і вірною дружбою, що ще в молодості він почав нести добро людям, і важливо не те, ким ти народився, бо як і для чого ти живеш.', 2, 69, 1, 2, 1, 4, 1, 0, NULL, '2024-02-05 22:20:29', '2024-02-05 22:20:30'),
(24, 'Ренеґат', 'renegat', 'Renegade', '45 хв.', 'Брэнском Ричмонд, Кэтлин Кинмонт, Стефен Дж. Кэннел, Сандра Фергюсон, Рон Джонсон, Джеффри Блэйк, Ларри Манетти, Л. К. Джонс, Шона Сэнд Ламас, Деприз Брешия, Митч Райан, Уильям Энтон, Кент МакКорд, Джереми Робертс', NULL, 'Ріно Рейнс був добрим поліцейським і чесно робив свою справу, але коли він дав свідчення проти своїх корумпованих колег, то став мішенню. Звинувачений у вбивстві, він змушений ховатися від влади, виконуючи роботу мисливця за головами та намагаючись довести свою невинність. Два брати волею доль залучені до жорстокого світу гладіаторських боїв. Один — екс-поліцейський, несправедливо звинувачений у вбивстві, нишпорить по безлюдних землях бедленду, забезпечуючи на свій лад дотримання закону. Його брат, якого він вважає вбитим у В\'єтнамі, втягнутий у протизаконні та жорстокі ігри, де в якості видовища пропонуються найдивовижніші та найжахливіші спектаклі. Одного разу вони мають зіткнутися один з одним в останній, вирішальній сутичці, яка повинна визначити, кому з них жити, а кому — померти.', 2, 63, 5, 2, 1, 4, 5, 0, NULL, '2024-02-05 22:20:29', '2024-02-05 22:20:30'),
(25, 'Місто вбивств', 'misto-vbivstv', 'Murderville', '32хв', 'Шэрон Стоун, Эринн Хэйс, Лилан Боуден, Ханифа Вуд, Джон Эннис, Филип Смити, Мэри Холлис Инбоден, Саманта Кютаран, Оуэн Бурк', NULL, 'Оригінальний серіал від Netflix, який розповідає про розслідування досить дивного детектива на ім\'я Террі Сіетл. Його головна особливість полягає в умінні вибирати напарників. У кожній серії він поєднується з різними знаменитостями, щоб розкрити кілька вбивств. Новий епізод – нове обличчя зі світовою славою. І всі вони раптово стають партнерами нашого головного детектива, навіть не уявляючи, що на них чекає.', 2, 93, 1, 3, 1, 2, 1, 0, NULL, '2024-02-05 22:20:29', '2024-02-05 22:20:30'),
(26, 'Вир світів', 'vir-svitiv', 'Sliders', '44 хв.', 'Кливант Деррикс, Сабрина Ллойд, Кристанна Локэн, Кари Уорер, Шейн Уэст, Чарли О`Коннелл, Роберт Флойд, Темби Лок, Лестер Барри, Уилл Сассо, Линда Хеннинг, Джон Уолкатт, Нил Диксон', NULL, 'Фантастичний серіал для студента-фізика Куїна Мелорі, який, виходячи з теорії Ейнштейна-Подільського-Розена, проводив експерименти з вивчення гравітації. У ході них він замість гравітаційної машини отримав машину-портал, що дозволяє переміщатися («ковзати») у паралельні світи. Квін разом зі своїм учителем професором Артуро і подружкою Вейд (і випадково потрапивши у вирву порталу Рембрандтом Брауном) вирушив у «невелику» подорож у паралельний світ. Але в ході подорожі їм довелося терміново евакуюватися з цього світу, при цьому збивши налаштування таймера, який контролює їхнє ковзання. І тепер вони не можуть повернутися додому і не знають, до якого наступного світу вони потраплять...', 2, 66, 5, 2, 1, 4, 5, 0, NULL, '2024-02-05 22:20:29', '2024-02-05 22:20:30'),
(27, 'Менталіст', 'mentalist', 'The Mentalist', '44 хв.', 'Робин Танни, Тим Кенг, Аманда Ригетти, Онжаню Эллис, Грегори Итцин, Майкл Гэстон, Прюитт Тейлор Винс, Майкл Рэди, Эрик Винтер, Джон Трой Донован, Ребекка Високки, Самира Армстронг, Терри Кинни', NULL, 'Патрік Джейн - детектив і незалежний консультант з Каліфорнійського Бюро Розслідувань (КБР), він використовує свої відточені, як лезо, навички спостереження для розкриття тяжких злочинів. У самому Бюро Джейн відомий за часті порушення протоколу, а також за його зіркове минуле: він працював медіумом, проте тепер сам визнає, що симулював паранормальні здібності. Роль Джейна у розкритті цілої серії загадкових злочинів високо цінується колегами. Але суворий старший агент Тереза Лісбон проти того, щоб Джейн працював із її загоном, і то вимушено визнає його успіхи, то критикує його за театральність, нарцисизм та відсутність кордонів.', 2, 79, 7, 2, 1, 2, 1, 0, NULL, '2024-02-05 22:20:29', '2024-02-05 22:20:30'),
(28, 'Лекс', 'leks', 'Lexx', '45 хв.', 'Брайан Дауни, Ева Хаберманн, Эллен Дубин, Джеффри Хиршфилд, Малкольм МакДауэлл, Ксения Зееберг, Том Галлант, Найджел Беннетт, Патриция Зентилли, Рольф Канис, Лекс Гигерофф, Луиз Вишерманн, Джон Дансуорт', NULL, 'Безстрашний воїн загиблої раси Бруннен-Джі, молодший помічник допоміжного заступника кур\'єра Стенлі Твідл, чарівна раба кохання Зев з генами міжзоряного ящера, і романтична голова-робота 790 захоплюють величезний живий космічний корабель «Лексc». Рятуючись від гніву Божественної Тіні, безжалісного володаря Всесвіту Світу, вони опиняються у невідомому Всесвіті Темряви, де кожен необережний крок може коштувати їм життя. Приземляючись на загадкових планетах, де гостям не завжди бувають раді, вислизаючи від підступних пасток і допомагаючи всім, хто потрапив у біду, часом перебуваючи на волосок від загибелі, відчайдушні міжгалактичні мандрівники переживуть неймовірні пригоди, об\'єднані однією спільною метою - знайти собі новий будинок.', 2, 68, 4, 2, 1, 8, 5, 0, NULL, '2024-02-05 22:20:29', '2024-02-05 22:20:30'),
(29, 'Геркулес: Легендарні Подорожі', 'gerkules-legendarni-podorozi', 'Hercules: The Legendary Journeys', '45 хв.', 'Майкл Хёрст, Кевин Смит (II), Роберт Требор, Джеффри Томас, Пол Норелл, Брюс Кэмпбелл, Александра Тайдингс, Лидди Холлоуэй, Тамара Горски, Джина Торрес, Джоэл Тобек, Люси Лоулесс, Мейган Десмонд, Лиза Чаппел', NULL, 'Ти чув колись про дванадцять подвигів Геракла? Насправді їх було 103. і всі вони записані на плівку! Син могутнього Зевса та земної жінки, напівбог-напівлюдина, Геракл — головний герой легендарного серіалу «Дивовижні мандрівки Геракла». У «Мандрах Геракла» древні як світ легенди пожвавлені найсучаснішими кінотехнологіями. Створювали віртуальну давньогрецьку реальність ті самі люди, які працювали над «Парком Юрського періоду» та «Маскою». Завдяки спецефектам двадцять першого століття ти дізнаєшся, як насправді виглядали боги та монстри, які населяли Стародавню Грецію тисячі років тому.', 2, 66, 6, 2, 1, 4, 5, 0, NULL, '2024-02-05 22:20:29', '2024-02-05 22:20:30'),
(30, 'Детективне агентство «Місячне сяйво»', 'detektivne-agentstvo-misiacne-siaivo', 'Moonlighting', '  45 хв.', 'Сибилл Шеперд, Эллис Бисли, Джек Блессинг, Чарльз Роккет, Роберт Уэббер, Ева Мари Сэйнт, Дэннис Дуган, Кристин Кауффман, Марк Хэрмон, Вирджиния Мэдсен, Брук Адамс, Билл Маркус, Диана Ли Иносанто', NULL, 'Топ-модель Медді Хейс жила, не турбуючись. Вона зробила карколомну кар\'єру, беручи участь у рекламній кампанії шампуню під назвою «Блакитний Місяць», і була цілком щаслива. І раптом, як грім серед ясного неба: повернувшись із круїзу Медді виявила, що залишилася без засобів для існування. Керівники, скориставшись її довірливістю та недосвідченістю в бізнесі, обікрали її дочиста та втекли. Бідолашна Медді з жахом виявила, що є власницею декількох фірм, що розорилися, серед яких і детективне агентство. Хоч і шкода агенція, але Медді вирішує її продати. Директор агенства, приватний детектив Девід Еддісон знаходить вихід їхнього положення. Він пропонує Медді зробити його рівноправним партнером та спробувати врятувати компанію. Небагато подумавши, Медді погоджується.', 2, 56, 5, 2, 1, 2, 1, 0, NULL, '2024-02-05 22:20:29', '2024-02-05 22:20:30'),
(31, 'Повітряний вовк', 'povitrianii-vovk', 'Airwolf', '45 хв.', 'Алекс Корд, Эрнест Боргнайн, Джин Брюс Скотт, Дебора Прэтт, Лэнс ЛеГолт, Монти Джордан, Роберт Аписа, Луи Элиас, Сэнди Кроунмейер, Джон Брэндон, Исмаэль ’Ист’ Карло, Энтони Тайлер Куинн, Кэндес Куэл, Дэвид Кадиенте, Тони Эппер, Энн Локхарт, Юджин Роч, Николас Кэмпбелл, Джон Кэлвин', NULL, '\"Повітряний вовк\" - це телесеріал, що вийшов у 1984 році вСША. Жанрово він поєднує в собі фантастику, бойовик і пригоди, що робить його цікавим для широкої аудиторії. Автори серіалу – Вирджил В. Фогель, Саттон Роули, Алан Дж. Леві та Харві С. Лайдман, які зуміли створити захоплюючий сюжет та незабутній образ головних героїв.  Сюжет розповідає про секретний проект ЦРУ, відомий як \"Фірма\", який розробляє новий вертоліт \"Повітряний вовк\" – літаючу машину передових характеристик, оснащену потужною зброєю. Проте, під час тестового політ виникає непередбачена ситуація: один з винахідників \"Повітряного вовка\" ставить свою розробку на зловісне використання та викрадає вертоліт до Лівії.  Серіал розповідає про надзвичайні пригоди екіпажу \"Повітряного вовка\", в який входять такі актори, як Ян-Майкл Вінсент, Алекс Корд, Ернест Боргнайн, Джин Брюс Скотт, Дебора Претт, Ленс ЛеГолт, Монті Джордан, Роберт Аписа, Луї Еліас та Сенді Кроунмейер. Кожен з акторів зіграв важливу роль у створенні високопродуктивного екіпажу вертольота та упевнив глядачів у їхній професіоналізмі та захоплюючій харизмі.  Крім того, важливо зазначити, що \"Повітряний вовк\" – це американський серіал, що додатково надає йому популярності серед шанувальників телевізійних шоу со всього світу. В Україні також можна знайти цей серіал в онлайн-форматі для безкоштовного перегляду або завантаження, щоб насолодитися захоплюючими деталями сюжету та майстерністю акторського мистецтва.  \"Повітряний вовк\" – це захоплююча комбінація фантастики, бойовика та пригод, яка знайде відгук у серцях широкої публіки. Це серіал, за яким можна слідкувати і мріяти разом з героями. Насолоджуйтесь улюбленим жанром та справжнім голлівудським мистецтвом, завантажуючи чи дивлячись онлайн серіал \"Повітряний вовк\" безкоштовно.', 2, 55, 4, 1, 1, 2, 5, 0, NULL, '2024-02-05 22:20:29', '2024-02-05 22:20:30'),
(32, 'Вавилон 5', 'vavilon-5', 'Babylon 5', '44 хв.', 'Майкл О\'Хара, Клаудиа Кристиан, Джерри Дойл, Майра Ферлэн, Ричард Биггз, Андреа Томпсон, Стивен Ферст, Билл Мами, Кэйтлин Браун, Андреас Катсулас, Питер Юрасик, Турхан Бей', NULL, 'Починалася нова епоха історія людства. Минуло 10 років після війни Землі із Мінбаром. Проект \"Вавилон\" став втіленням мрії про галактику без воєн. Його мета – створення центру, де різні цивілізації зможуть вирішувати спірні проблеми мирним шляхом. Станція стала місцем зустрічі та будинком для дипломатів, авантюристів, ділків, мандрівників. Тисячі людей та інопланетян на 2,5 мільйонах тонн металу, що обертається серед прірви космосу. Деколи тут небезпечно, але це наша єдина надія на міцний світ. Ось історія останньої станції серії \"Вавілон\". Час дії – 2258 рік. Місце – \"Вавілон 5\".', 2, 64, 5, 1, 1, 4, 5, 0, NULL, '2024-02-05 22:20:29', '2024-02-05 22:20:30'),
(33, 'Пентаверат', 'pentaverat', 'The Pentaverate', '', 'Дженнифер Сондерс, Кигэн-Майкл Ки, Кен Жонг, Лидия Уэст, Грег Хойт, Даниил Буров, Никлос Расмуссен, Дональд Сэйдж Маккэй', NULL, 'З часів Чорної чуми у 1347 році п\'ятеро людей працювали над тим, щоб впливати на світові події в ім\'я загального блага. Один незвичайний канадський журналіст опиняється в центрі місії з розкриття правди та у процесі порятунку світу.', 2, 93, 1, 3, 1, 2, 1, 0, NULL, '2024-02-05 22:20:29', '2024-02-05 22:20:30'),
(34, 'Шерлок', 'serlok', 'Sherlock', '90 хв.', 'Эндрю Скотт, Руперт Грейвз, Уна Стаббс, Луиза Брили, Зои Телфорд, Питер Брук, Джемма Чан, Винетт Робинсон, Джини Спарк, Марк Гэтисс, Таня Муди, Джонатан Арис, Дэвид Неллист', 'Є ще новорічний випуск', 'Серіал є сучасною версією книг і розповідей про пригоди Шерлока Холмса. Звідси зміна образів головних персонажів: Холмс тут не завжди ввічливий, але так само геніальний; на відміну від оригінального Холмса, він не вживає наркотиків і використовує нікотиновий пластир. Ватсон, як і в оригінальних творах, був військовим лікарем в Афганістані. Місіс Хадсон ставиться до Холмса як до сина, хоч і не схвалює те, що він часто наказує їй як хатній робітниці. Лестрейд не проти співпраці з Холмсом і часто сам кличе його на допомогу. Його характер із книг передано дівчині-сержанту Саллі Донован. Також, на відміну від книг, тут Холмс і Ватсон називають один одного за іменами, а не за прізвищами.', 2, 81, 4, 1, 1, 9, 1, 0, NULL, '2024-02-05 22:20:29', '2024-02-05 22:20:30'),
(35, 'Гаррі та Гендерсони', 'garri-ta-gendersoni', 'Harry and the Hendersons', '', 'Молли Чик, Захари Бостром, Кэрол-Энн Планте, Патрик Пинни', NULL, '\"Гаррі та Хендерсони\" - комедійний сімейний фентезі фільм 1991 року, знятий режисером Лі Локхедом уСША. Він розповідає історію сім\'ї Хендерсонів, яка випадково знаходить мародера на своєму автомобілі, який виявляється неймовірною, величезною і доброю істотою - Сніговою Людиною, яку вони називають Гаррі. Незабаром вони дізнаються, що Гаррі перебуває в небезпеці від інших людей, які хочуть зловити його та продати як екзотичну тварину. Сім\'я Хендерсон вирішує допомогти Гаррі і вберегти його від небезпеки. У головних ролях знімалися Брюс Девісон, Моллі Чік, Захарі Бостром, Керол-Енн Планте та Патрік Пінні. Фільм був номінований на Оскар у категорії \"Найкращі візуальні ефекти\". \"Гаррі та Хендерсони\" стали улюбленим фільмом серед багатьох дітей та дорослих за свій теплий сюжет, почуття гумору та чудових персонажів.', 2, 62, 3, 2, 1, 5, 7, 0, NULL, '2024-02-05 22:20:29', '2024-02-05 22:20:30'),
(36, 'Попандос', 'popandos', 'FUBAR', '', 'Джей Барушель, Моника Барбаро, Форчун Феймстер, Трэвис Ван Винкл, Фабиана Уденио, Барбара Ив Харрис, Апарна Бриэль', NULL, 'Люк Бруннер — один із найдосвідченіших і найрезультативніших співробітників ЦРУ, який тримає свою кар\'єру в таємниці від сім\'ї. Він прагне скоріше вийти на пенсію, щоб розпочати безтурботне життя та налагодити стосунки з колишньою дружиною Таллі. У рамках свого останнього завдання чоловік вирушає до Гаяни, щоб витягти з біди таємного агента під позивним «Панда». Тим самим оперативником виявляється його рідна дочка Емма, яка, як і батько, протягом багатьох років приховувала свою професію. Розлючені одне на одного за брехню, двоє неохоче об\'єднують зусилля для виконання місії, що вийшла з-під контролю...', 2, 94, 1, 2, 1, 10, 1, 0, NULL, '2024-02-05 22:20:29', '2024-02-05 22:20:30'),
(37, 'Горець', 'gorec', 'Highlander', '48 хв.', 'Джим Бернс, Александра Вандернут, Питер Уингфилд, Ричард Молл, Питер ДеЛуис, Дастин Нгуен, Сун Тек Оу, Джон Новак, Винсент Скьявелли, Эндрю Дивофф, Дункан Фрейзер, Марк Сингер', NULL, 'Його звуть Дункан Маклауд. Він народився 1592 року в горах Шотландії і живе до цього дня. Він безсмертний. За 400 років ким він не був: і воїном, і коханцем, і мандрівником. Йому постійно доводилося битися з іншими безсмертними, що повстали з мертвих, і вбивати їх, бо переможець мав відрубати голову переможеному, і тоді до нього переходила вся сила поваленого.', 2, 63, 6, 2, 1, 2, 1, 0, NULL, '2024-02-05 22:20:29', '2024-02-05 22:20:30'),
(38, 'Флеш', 'fles', 'The Flash', '45 хв.', 'Аманда Пэйс, Алекс Десерт, Пола Маршалл, Майкл Нэйдер, Тим Томерсон, Присцилла Пойнтер, Лусиа Нафф, Ричард Белзер', NULL, 'Баррі Аллен – судово-медичний експерт, який працює у поліції міста Централ-Сіті. В результаті нещасного випадку, який стався в його лабораторії, Баррі знаходить надзвичайні надприродні здібності, що дозволяють йому розвивати супершвидкість, і за допомогою вченої Крістіни МакГі вчиться контролювати свою нову силу. Однак незабаром його старшого брата Джея вбивають, що спонукає героя створити альтер-его на ім\'я Флеш і направити здібності на боротьбу зі злочинцями, попутно намагаючись зберегти в секреті свою нову особистість.', 2, 61, 1, 2, 1, 4, 3, 0, NULL, '2024-02-05 22:20:29', '2024-02-05 22:20:30'),
(39, 'Чудернацька наука', 'cudernacka-nauka', 'Weird Science', '24 хв.', 'Ванесса Энджел, Себастьян Тиллинджер, Чад Кокс, Фил Букман, Кэри Лайзер, Брюс Файн, Брюс Чаркоу, Брайан Джордж, Джим Джэнсен, Карл Стивен, Ванесса Ли Эшер, Ларри Поиндекстер', NULL, 'П’ятнадцятирічний Гарі Воллес, непоказний підліток, який мріє про вродливих дівчат і безтурботне життя. Його єдиний друг, соромливий і добродушний «комп\'ютерний геній» Вайт Донеллі, вічно стає мішенню для насмішок і знущань жорстоких однокласників. Одного разу за допомогою комп’ютера і загадкового електричного випромінювання їм вдається оживити «жінку своєї мрії». Її звуть Ліза, і вона готова виконувати бажання своїх творців…', 2, 65, 5, 2, 1, 2, 2, 0, NULL, '2024-02-05 22:20:29', '2024-02-05 22:20:30'),
(40, 'Шерлох', 'serlox', 'Шерлох', '26 хв.', 'Альона Алимова, Юрій Корявченков та інші.', NULL, '\"Шерлох\" - веселий серіал-пародія на знаменитий британський міні-серіал. Головні герої, квартира на Бейкер-стріт 221Б, добродушна ленд-леді місіс Хадсон - в українській стрічці все залишилося ідентично оригіналу. Однак, є і деякі зміни. Український Шерлох обожнює жінок і потроху краде у Ватсона гроші. Але це не заважає парочці розслідувати найскладніші злочини і розкривати заплутані справи.', 2, 86, 1, 3, 1, 2, 1, 0, NULL, '2024-02-05 22:20:29', '2024-02-05 22:20:30'),
(41, 'Друзі', 'druzi', 'Friends', '30 хв.', 'Кортни Кокс, Лиза Кудроу, Джеймс Майкл Тайлер, Эллиотт Гулд, Кристина Пиклз, Мэгги Уилер, Джейн Сиббетт, Хелен Бексендейл, Джессика Хехт, Джун Гейбл', NULL, 'Створена Девідом Крейном і Мартою Кауффман, ця ансамблева комедія стала найпопулярнішою новою комедією ситуацій сезону 1994—1995 рр., займаючи 8 місце в рейтингу Нільсена. Герої — шестеро молодих людей, що живуть в Нью-Йорку і зустрічаються в улюбленому кафе — Central Perk. Шість героїв — три дівчини, і троє хлопців — нерозлучні друзі. І навколо цієї міцної компанії будується нескінченна кількість різних історій: у друзів трапляються романи, вони сваряться і миряться. Але молодь не може бути до кінця серйозною, так що друзі не упускають випадку пожартувати, а відчуття гумору у них відмінне.', 2, 65, 10, 2, 1, 4, 1, 0, NULL, '2024-02-05 22:20:29', '2024-02-05 22:20:30'),
(42, 'Легенда про Вільгельма Телля / Легенда о Вильгельме Телле', 'legenda-pro-vilgelma-tellia-legenda-o-vilgelme-telle', 'The Legend of William Tell', '51 хв.', 'Питер МакКензи, Кен Блэкберн, Бет Аллен, Эндрю Робертт, Рэй Хенвуд, Нэтаниэл Лис, Шарон Тайрел, Катрина Браун, Дрю Нимия', NULL, 'Фільм \"Легенда про Вільгельма Телла\" - це історична драма, знята в 1998 році. Ця картина розповідає нам про події, що відбувалися у далекому XIV столітті у Швейцарії. Головний герой фільму – Вільгельм Телль, легендарний швейцарський стрілець, який став справжнім героєм для свого народу. Вільгельм заприсягся помститися тирану Отто фон Габсбургу, який у той час був правителем Швейцарії. Свою майстерність у стрільбі він використав, щоб звільнити рідну землю від ворогів та несправедливого правління. Фільм чудово передає атмосферу тих часів, показує життя та важкі випробування, з якими стикався Вільгельм Телль. Тут можна побачити сліпучі пейзажі та бурхливі битви, а також відчути дух справжнього патріотизму та стійкості. \"Легенда про Вільгельма Телла\" - це картина, яку обов\'язково варто подивитися онлайн. Фільм доступний для безкоштовного перегляду та скачування. Він вразить вас своєю епічною історією, приголомшливою операторською роботою та видатними акторськими виконаннями. Не упустіть можливість поринути у світ сильних і непереможних героїв, де добро перемагає зло і справедливість переможе. \"Легенда про Вільгельма Телла\" - фільм, який залишить незабутні враження та подарує вам багато годин захоплюючого перегляду. Не пропустіть шанс стати свідком цієї великої історії! Дія цієї фантастичної саги розгортається у королівстві Кейл. Тут відбувається політичний переворот, і влада опиняється в руках двох узурпаторів: Ксакса, жорстокого, амбітного та самовпевненого воїна, який оголошує себе лордом-протектором народів Кейла, і темного мага Крила, який посадив його на трон. Вони організовують вбивство короля та королеви, а для лігітимізації своєї влади будують матримоніальні плани щодо юної принцеси Вари.', 2, 69, 1, 1, 1, 5, 3, 0, NULL, '2024-02-05 22:20:29', '2024-02-05 22:20:30'),
(43, 'Слід крізь час / Пороги времени (Следы во времени)', 'slid-kriz-cas-porogi-vremeni-sledy-vo-vremeni', 'Time Trax', '44 хв.', 'Элизабет Александр, Питер Донат, Малкольм Корк, Тириел Мора, Пол Эмпсон, Колин Хэндли, Мэри-Маргарет Хьюмс', NULL, 'У 2193 році управління поліції Вашингтона зіткнулося з безпрецедентною ситуацією: успішно спіймані злочинці таємниче стали зникати з в\'язниць. Капітан Дерієн Ламберт, який розслідує справу про чергового такого \"невидимку\", дізнається, що до втечі злочинців причетний геніальний учений Мордехай Самбі. Синтезувавши експериментальний препарат ТХР, він навчився відправляти затятих вбивць, грабіжників і гангстерів на 200 років у минуле, природно, не за безкоштовно. Операція із затримання Самбі закінчується трагічно: лиходій-вчений успішно телепортує самого себе, попутно вбивши свою ученицю та кохану Дерієна - Елісу. Ведений почуттям обов\'язку та особистою помстою Ламберт викликається відправитися в минуле, щоб повернути і Самбі, і всіх інших злочинців у їхній час. На озброєнні Ламберта спеціальний пістолет РРТ, а також експериментальний портативний комп\'ютер Сельма (Selma) з голографічною проекцією. Детектив Ламберт напрочуд винахідливий, він проникає в наш \"примітивний\" світ і долає всі перешкоди найнесподіванішим чином, адже коли маєш справу з двадцятим століттям, прийшовши з двадцять другого, чекай багатьох пригод і смішних ситуацій... і так, похід у наш час , 1993-й рік, обіцяє бути довгим...', 2, 64, 2, 3, 1, 4, 4, 0, NULL, '2024-02-05 22:20:29', '2024-02-05 22:20:30'),
(44, 'Шпигунські пристрасті / Напряги извилины', 'spigunski-pristrasti-napriagi-izviliny', 'Get Smart', '25 хв.', 'Барбара Фелдон, Майкл Данн, Вито Скотти, Джанин Грэй, Келтон Гарвуд, Карен Норрис, Леонард Стронг, Ингер Стрэттон, Фрэнк Де Вол, Билл Саито, Бен Райт, Лео Гордон, Генри Брэндон', NULL, 'Максвелл Смарт — агент секретной службы под кодовым номером 86. Он не похож на легендарных секретных агентов, которые не раз спасали мир от опасности, рискуя собственной жизнью. Конечно же он готов на все, ради своей страны, однако стать лучшим ему мешает одна маленькая проблема: он постоянно попадает в различные курьезные ситуации, затягивая в них и своих коллег. Несмотря на все проблемы, он не падает духом и продолжает верить в то, что когда-нибудь станет лучшим агентом и непременно спасет мир. Впереди его ждет множество испытаний, преодолеть которые будет очень непросто, к счастью рядом с ним всегда оказывается агент 99... Смотрите онлайн сериал «Напряги извилины» в хорошем HD качестве на нашем сайте, бесплатно и без регистрации.', 2, 36, 5, 2, 1, 5, 3, 0, NULL, '2024-02-05 22:20:29', '2024-02-05 22:20:30'),
(45, 'Клініка', 'klinika', 'Scrubs', '22 хв.', 'Сара Чок, Дональд Фэйзон, Нил Флинн, Джуди Рейс, Роберт Масчио, Сэм Ллойд, Алома Райт, Криста Миллер, Джонни Кастл, Трэвис Шульдт, Элиза Куп, Чарльз Чун', NULL, 'Відучившись чотири роки в медичній школі, Джон Доріан приходить працювати інтерном в клініку. Разом з ним тут же застосовуватиме отримані знання і його найкращий друг з часів коледжу Кріс Терк. Не маючи досвіду практичної роботи, молоді фахівці відразу ж занурюються в хаотичний світ життя лікарні...', 2, 72, 9, 2, 1, 2, 5, 0, NULL, '2024-02-05 22:20:29', '2024-02-05 22:20:30'),
(46, 'Лакі Люк 1992', 'laki-liuk-1992', 'Lucky Luke (1992 TV series)', '20 хв.', 'Ron Carey, Ruth Buzzi, John Saxon', NULL, 'Як і в кожному західному місті, у Дейзі Тауні є салун. А хто згадує салони, згадує також перестрілки, бійки та дуелі. Результат; Спокійне місто швидко перетворюється на притулок для всіляких поганих хлопців. Тільки одна людина може змусити людей поважати закони: Лакі Люк!', 2, 63, 1, 3, 1, 5, 2, 0, NULL, '2024-02-05 22:20:29', '2024-02-05 22:20:30'),
(47, 'Форсаж', 'forsaz', 'The Fast and the Furious', '106 хвилин (01:46)', 'Ноэль Гульеми, Джордана Брюстер, Мішель Родріґес, Рик Юн, Чад Линдберг, Джонни Стронг, Тед Левайн, Джа Рул, Вито Руджинис, Том Бэрри, Стэнтон Рутледж, Р.Дж. Де Вера', NULL, 'Його звуть Браян, і він - фанатик турбін та нітроприскорювачів. Його мета - бути прийнятим до автобанди легендарного Домініка Торетто, чемпіона небезпечних та незаконних вуличних перегонів. Але це лише частина правди... Браян також поліцейський, який має завдання увійти в довіру до Торетто, підозрюваного в причетності до зухвалих пограбувань трейлерів, здійснених прямо з коліс. Але чим більше довіряє нахабному новачкові харизматичний Домінік, тим більше переймається герой ідеалами ангелів доріг. І тим менше йому хочеться виконувати свою місію. І ось, настає момент, коли Брайану доведеться обирати між дружбою та боргом. І вибирати на швидкості 200 кілометрів на годину.', 1, 72, NULL, 3, NULL, 2, 1, 0, NULL, '2024-02-05 22:20:29', '2024-02-05 22:20:30'),
(48, 'Суперфорсаж', 'superforsaz', 'Superfast!', '99 хвилин (01:39)', 'Лили Мирожник, Андреа Наведо, Шантель Вислэвски, Дэниэл Буко, Майкл Флорес, Вероника МакКласки, Гонсало Менендес, Дио Джонсон', NULL, 'Королі комедії знову у строю. Цього разу об\'єктом пародії стала «форсажна» франшиза та інші фільми про гонки, пограбування та круті тачки. Жарти ще смішніші, іронія ще жорсткіша, щільність гегів - ще вища.  Фільм «Суперфорсаж!» - пародія на знамениту гоночну серію і на акторів, які виконують в ній головні ролі. Лукас Вайт - самий білий поліцейський, за його ж власною думкою, завдяки відсутності друзів і сім\'ї, а також за результатами вельми сумнівного тесту на кримінальні навички, обраний для роботи під прикриттям. Хлопцеві необхідно втертися в довіру до Віна Дроселя - досвідченого вуличного гонщика, що промишляє незаконними справами всіх мастей. Потрапити в банду не так просто: потрібно довести стійкість і відданість спільній справі, а також проявити себе на трасі. Зрозуміло, всі дані про службу Лукаса в органах правопорядку видаляються для більшої правдоподібності. Цей факт і те, що операція відійшла від наміченого плану, роблять Вайта ізгоєм серед своїх, але в той же час дозволяють більш комфортно відчути себе серед нових знайомих і проникнутися до них симпатією. Людям Дроселя в певний момент доводиться битися на двох фронтах, намагаючись втекти від переслідування копів і вкрасти гроші у кримінального короля Лос-Анджелеса, але вони готові до будь-якого повороту.', 1, 86, NULL, 3, NULL, 2, 1, 0, NULL, '2024-02-05 22:20:29', '2024-02-05 22:20:30'),
(49, 'Сліпа куля / Блуждающая пуля', 'slipa-kulia-bluzdaiushhaia-pulia', 'Hollow Point', '102 хвилини (01:42)', 'Тиа Каррере, Дэвид Хемблен, Карло Алакки, Роберт Ито, Андреас Апергис, Лиза Браун Мур, Климент Денчев, Власта Врана, Ричард Земан, Ричард Джутрас, Вик Сахай, Пенни Манкусо', NULL, 'Агент ФБР Діана Норвуд і агент відділу боротьби з наркотиками Макс Періш полюють за Лівінгстоном, головою італо-російсько-китайської мафії, якому необхідно переправити величезну суму готівки в офшорні банки. Той, хто здійснить арешт, зможе вжити конфіскованих грошей на потреби своєї контори, тому полювання перетворюється на жорстоку конкуренцію.', 1, 67, NULL, 3, NULL, 8, 5, 0, NULL, '2024-02-05 22:20:29', '2024-02-05 22:20:30'),
(50, 'Перевізник ', 'pereviznik', 'The Transporter', ' 92 хвилини (01:32)', 'Даг Рэнд, Шу Ци, Рик Янг, Франсуа Берлеан, Тонио Десканвей, Венсан Немет, Жан-Мари Пэрис, Одри Хэмм, Лоран Жюмокур, Кристиан Газио', NULL, 'Події фільму «Перевізник» починаються на півдні Франції, де живе колишній спецназівець Френк Мартін, який займається не зовсім звичайним, небезпечним, але прибутковим бізнесом. У колах багатих громадян, які не вирізняються законослухняністю, він відомий як крутий перевізник. Без зайвих питань Френк доставить до місця призначення будь-який вантаж: підозрілі кейси, загадкові валізки і солідні суми грошей. Ніколи не розкривати багаж і не цікавитися справами клієнта - ось принципи, яких він неухильно дотримується, і за які його цінують роботодавці. Однак на будь-які правила знаходять виключення, і одного разу перевізник все ж відкриває сумку, яка підозріло ворушиться в багажнику.   У ній Френк знаходить зв\'язану східну дівчину, яка виявилася дочкою великого китайського мафіозі. Допомагати їй, порушуючи умови угоди, чисте безумство, але перевізник занадто шляхетний, щоб просто закрити багажник і продовжити свій шлях. Тим більше, що дівчина дуже симпатична і не з чуток знає про східні бойові мистецтва.', 1, 73, NULL, 1, NULL, 2, 1, 0, NULL, '2024-02-05 22:20:29', '2024-02-05 22:20:30'),
(51, 'Бердмен', 'berdmen', 'Birdman', '119 хвилин (01:59)', 'Емма Стоун, Наоми Уоттс, Андреа Райзборо, Эми Райан, Линдси Дункан, Дэмиэн Янг, Джереми Шамос, Кенни Чин, Жамаль Гаррисон-Лоу, Кэтерин О’Салливан, Кинэн Симидзу, Натали Голд', NULL, 'Фільм «Бердмен» - несамовита розповідь про спроби людини врятувати залишки поваги до себе і пошуку істинного місця в світі. Старіючий актор Рігган Томпсон колись був неймовірно знаменитий. Роль в трилогії про супергероя з коміксів принесла йому славу і гроші. На жаль, інші проекти не були такими успішними і не сприятливі розвитку таланту зірки, яка вже давно вийшла з тиражу. Зібравшись з силами, він вирішує поставити на кін залишки репутації і засобів для існування - режисирує на сцені Бродвею п\'єсу, де ще й виконує провідну партію. Підготовка йде важко: нещасний випадок, розбирання з дочкою, позови з колишньою і нинішньою коханими... Але найгірше - це знайти спокій всередині себе, а його немає. У тиші гримерки Рігган веде нескінченний діалог з самим собою, а точніше зі своїм его. Він намагається зрозуміти, як дійшов до всього цього. На перший план виходить боротьба за повернення контролю над своєю долею. Одного разу Томпсон вже був легендою, залишилося лише відновити колишні позиції і стати тим, ким він завжди себе бачив.', 1, 85, NULL, 1, NULL, 2, 1, 0, NULL, '2024-02-05 22:20:29', '2024-02-05 22:20:30'),
(52, 'Трон: Спадок', 'tron-spadok', 'TRON: Legacy', '125 хвилин (02:05)', 'Майкл Шин, Оливия Уайлд, Джеймс Фрейн, Бо Гарретт, Серинда Свон, Йайа ДаКоста, Элизабет Мэтис, Джеффри Нордлинг', NULL, '«Трон: Спадок» - науково-фантастичний фільм від американського режисера Джозефа Косинські, що оповідає про події з життя 27-річного Сема Флінна - молодої людини, що володіє даром справжнього технічного генія. З самого народження неймовірна висота розумових здібностей виділяла його на тлі мільйонів однолітків, віщуючи Сему долю, багато в чому відмінну від тої, що дістається іншим людям. І одного разу в його житті дійсно настає час різких змін - батько молодої людини, програміст Кевін Флінн, несподівано зникає, не залишаючи синові жодної здогадки про мету свого «від\'їзду». Відчуваючи щось недобре, Сем вирішує власними силами розслідувати таємниче зникнення батька і незабаром, як і він, виявляється втягнутим в жорстокі світи комп\'ютерних програм та ігор. Це гігантський Кібер-всесвіт, колись розроблений Кевіном Флінном, яка забрала від нього майже 20 років щільної роботи, щоб, врешті-решт, стати досконалою. Так батько і син стають заручниками безкрайнього віртуального світу, який звідусіль кишить небезпеками і кіберістотами. Чи зможуть вони вивільнитися, або залишаться в ньому навічно?', 1, 81, NULL, 1, NULL, 3, 1, 0, NULL, '2024-02-05 22:20:29', '2024-02-05 22:20:30');
INSERT INTO `films` (`id`, `title`, `slug`, `origin_title`, `duration`, `other_actor`, `note`, `description`, `category_id`, `year_id`, `season_id`, `rating_id`, `status_id`, `age_id`, `quality_id`, `view`, `thumbnail`, `created_at`, `updated_at`) VALUES
(53, 'Дум', 'dum', 'Doom', ' 105 хвилин (01:45)', 'Розамунд Пайк, Доби Опарей, Бен Дэниэлс, Разаак Адоти, Ричард Брэйк', NULL, 'Дія відбувається в далекому 2145 році. На планеті Марс створена наукова лабораторія. Загін космічного спецназу відправляється туди після отримання сигналу SOS. Загін знаходить спорожнілу станцію, весь персонал загадковим чином зник, а обладнання знищене. Військові починають своє розслідування, яке приводить до несподіваної знахідки. Незабаром з\'ясовується, що вчені нікуди не зникли, вони все ще в цих стінах, але втратили свою людську подобу. Жахливі експерименти, які тут проводилися, вийшли з під контролю і тепер спецназівцям потрібно все підчистити. Виконавці головних ролей Дуейн Джонсон і Карл Урбан, в образі суворих піхотинців, виглядають страхітливо. \'Doom\' (Doom) - це екранізація знаменитої однойменної гри, випущеної в 1993 році. Творці не просто списали весь сюжет з гри, але і вклали у фільм прихований сенс: всередині кожного з нас живе щось, яке тільки чекає нагоди вирватися назовні. Страхітливий екшн, який не перенасичений спецефектами, художники і гримери виконали велику роботу і сподіваються на високу оцінку глядачів.', 1, 76, NULL, 3, NULL, 2, 1, 0, NULL, '2024-02-05 22:20:29', '2024-02-05 22:20:30'),
(54, 'Брюс всемогутній', 'brius-vsemogutnii', 'Bruce Almighty', ' 101 хвилина (01:41)', 'Ноэль Гульеми, Филип Бэйкер Холл, Кэтрин Белл, Лиза Энн Уолтер, Нора Данн, Эдди Джемисон, Пол Сэттерфилд, Марк Кили, Салли Кёркленд, Тони Беннетт, Тимоти Ди При', NULL, '«Брюс Всемогутній» американський кінофільм, який в оригіналі звучить як «У Брюса ми віруємо», але при перекладі це було вирізано і адаптовано до країн СНД. У головній ролі всім відомий Джим Керрі.  У фільмі ведеться мова про такого собі жартівливого журналіста, який радує всіх своїми цікавими і смішними сюжетами. Він користується популярністю у глядачів, але він дуже хоче просунутися по кар\'єрних сходах. Брюса часто долає песимізм, яким він ділиться зі своєю подругою Грейс. Але ось одного разу після ряду чергових невдач, Брюс потрапляє в покинутий старий будинок, де зустрічається з самим Богом, який пропонує йому зайнятися його роботою. Але Брюс вирішує використовувати божественні сили в своїх інтересах. Робота виявляється не з легких ..', 1, 74, NULL, 3, NULL, 4, 1, 0, NULL, '2024-02-05 22:20:29', '2024-02-05 22:20:30'),
(55, 'Круті фараони / Типу круті лягаві', 'kruti-faraoni-tipu-kruti-liagavi', 'Hot Fuzz', ' 121 хвилина (02:01)', 'Билл Найи, Джим Бродбент, Стив Кугэн, Стюарт Уилсон, Пэдди Консидайн, Дэвид Брэдли, Пол Фримен, Тим Барлоу, Рейф Сполл, Билл Бэйли, Элис Лоуи', NULL, 'Фільм «Типу круті лягаві»(Круті фараони) - комедія про британських копів, що розслідують злочини в зразковому провінційному містечку.  Старанний лондонський констебль Нік Енджел - кращий співробітник управління, відзначений десятком заохочень і декількома пораненнями. Службова запопадливість Ніка, який зіпсував своїми досягненнями показники ділянки, стала головним болем всього поліцейського начальства. Щоб позбутися від завзятого «боббі», керівництво спішно підвищує його до сержанта і випроваджує геть - в глушину і нудьгу до віддаленого благовидного містечка Сенфорд, відомого шоколадними кексами і благодійними ярмарками.  Прихопивши валізу і єдиного друга - каучукове дерево в горщику - Енджел їде в зразкове село, де його чекає безглуздий товстун напарник Денні і рутинна служба. Однак талантам розчарованого героя незабаром знаходиться застосування: проти очікування, тихий Сенфорд раптом вражає серія «нещасних випадків», дуже нагадують підступні вбивства. Фанатик Ніколас, який явно зажурився починає шукати хитромудрого вбивцю.', 1, 78, NULL, 3, NULL, 2, 1, 0, NULL, '2024-02-05 22:20:29', '2024-02-05 22:20:30'),
(56, 'Метод Хітча / Правила зйому: Метод Гітча', 'metod-xitca-pravila-ziomu-metod-gitca', 'Hitch', '118 хвилин (01:58)', 'Эмбер Валлетта, Ева Мендес, Пола Пэттон, Джули Энн Эмери, Адам Аркин, Робин Ли, Натан Ли Грэхэм, Майкл Рапапорт, Джеффри Донован, Филип Боско, Кевин Суссман, Навия Нгуйен, Мэтт Мэллой', NULL, 'Він знає багато таємниць жіночої натури, вміє підібрати той єдиний ключик до будь-якого з жіночих сердець. Він готовий поділитися цими секретами з будь-яким клієнтом, адже це - його робота. У нього лише єдина умова: клієнтом повинна рухати виключно любов!  Фільм «Правила зйому: Метод Хітча» розповість про те, як простий американський хлопець з невдалим особистим життям вирішує зробити справою свого життя з\'єднання самотніх сердець. Хітч на прізвисько «Доктор Сват» - сваха для чоловіків, чиї обраниці і не підозрюють, що кожна нова зустріч, кожен чоловічий крок прорахований до найдрібніших нюансів. Хітч діє як професійний психолог, відмінно розбирається в міжособистісних стосунках. Для нього практично не існує перешкод у тому, кого потрібно з\'єднати між собою. Нехай навіть це буде багата молода леді, світська левиця, глава великої корпорації і простий скромний службовець.  Але одного разу Хітчу доведеться самому стати об\'єктом експерименту, який може привести його і його почуття в неймовірне сердечне сум\'яття ...', 1, 76, NULL, 1, NULL, 2, 1, 0, NULL, '2024-02-05 22:20:29', '2024-02-05 22:20:30'),
(57, 'Бійцівський клуб', 'biicivskii-klub', 'Fight Club', '139 хвилин (02:19)', 'Хелена Бонем Картер, Мит Лоуф, Зак Гренье, Холт МакКэллани, Эйон Бэйли, Ричмонд Аркетт, Дэвид Эндрюс, Джордж Магуайр, Эжени Бондюран, Кристина Кэбот', NULL, 'Нас сковує страх втратити що-то. Ми боимся зробити перший крок. Боімся стати краще. Страдающий бессонницей клерк починає відвідувати групу для хворих людей, що знаходяться в них спокій. Волею судьби він зустрів Тайлера Дьордена, торговця мила, з виявленим розумінням дійсності. Образуя Бойцовский клуб, вони приваблюють людей, які бажають позбавитися від вічного страху перед кем-то або чим-то. Фільм снят за мотивами роману Чака Паланика «Бойцовский клуб» (1996). При спільному виробництвіСША та Німеччини фільм вийшов в прокат в 1999 році. Фільм досить жорстокий, в ньому присутні психологічні моменти, сірого реалізму і жорстоких сутичок в рингу. Екранізація вийшла вкрай хорошою, і мабуть, не розчарувала шанувальників літературного твору, адже фільм знімався за однойменною книгою Чака Паланіка. Всім глядачам сподобаються ефектні і динамічні події. А несподівана розв\'язка, яку неможливо передбачити повалить в шок. Сюжет фільму «Бійцівський клуб»: оповідачем історії є типовий яппі. Йому тридцять і він найманий робітник. Так само він мучиться від безсоння, і не може визначити де сон, а де дійсність. Замість ліків лікар йому пропонує зайнятися спортом і періодично відвідувати групу хворих на рак яєчок. Відвідування даної групи має довести оповідачеві, що таке справжня мука, і щоб він зрозумів що його безсоння в порівнянні з раком сущі дрібниці. Так само наш оповідач мріє про переломний момент, який переверне все його життя. Одного разу в барі він знайомитися з Тайлером Дьорденом, торговцем милом, який володіє значним даром ... Ви можете дивитися онлайн фільм «Бійцівський клуб» на нашому кінопорталі в хорошій HD якості абсолютно безкоштовно і без реєстрації. Насолоджуйтесь переглядом!', 1, 70, NULL, 1, NULL, 1, 1, 0, NULL, '2024-02-05 22:20:29', '2024-02-05 22:20:30'),
(58, 'Супербрати Маріо', 'superbrati-mario', 'Super Mario Bros.', '104 хвилини (01:44)', 'Дэннис Хоппер, Саманта Мэтис, Фишер Стивенс, Ричард Эдсон, Фиона Шоу, Дэна Камински, Моджо Никсон, Джанни Руссо, Лэнс Хенриксен', NULL, 'Два брати-водопровідники з Брукліна, Маріо Маріо та Луїджі Маріо, випадково виявили зовсім новий вимір. Це підземний світ, де править жорстокий тиран Купа, місто, населене людьми-ящірками, прямими нащадками динозаврів. Вони прагнуть звільнитися з підземного полону і під проводом Купи захопити всю Землю. Ключ до перемоги зберігається в осколку кришталевого метеорита, який, як дорогоцінний амулет, носить на шиї прекрасна юна принцеса Дейзі. Рятуючи принцесу, супербрати Маріо повинні врятувати і людську цивілізацію.', 1, 64, NULL, 1, NULL, 5, 3, 0, NULL, '2024-02-05 22:20:29', '2024-02-05 22:20:30'),
(59, 'Теодор Рекс', 'teodor-reks', 'Theodore Rex', '92 хв (01:32)', 'Армин Мюллер-Шталь, Джульет Ландау, Бад Корт, Стивен МакХэтти, Джордж Ньюберн, Кэрол Кейн, Ричард Раундтри, Джек Райли, Питер Маккензи, Джо Даллесандро, Тони Т. Джонсон, Сьюзи Коэльо, Питер Квон, Эдит Диас', NULL, 'Нью-Йорк. 2013 год. Динозавры возвращены к существованию и занимают достойное место в обществе — они живут и трудятся наравне с людьми. Тиранозавр по имени Теодор становится первым в истории «дино — полицейским». Вместе со своей напарницей — непревзойденной Колтрейн — он втягивается в сеть причудливых интриг и приключений, свойственных только этому фантастическому миру.', 1, 66, NULL, 3, NULL, 5, 2, 0, NULL, '2024-02-05 22:20:29', '2024-02-05 22:20:30'),
(60, 'День Бабака', 'den-babaka', 'Groundhog Day', '101 хвилина (01:41)', 'Энди МакДауэлл, Крис Эллиотт, Стивен Тоболовски, Брайан Дойл-Мюррей, Марита Герати, Анджела Пэтон, Рик Дукомман, Рик Овертон, Робин Дьюк, Кэрол Бивинс, Уилли Гарсон, Кен Хадсон Кэмпбелл, Лес Подвелл, Род Селл', NULL, 'Кожного року 2 лютого невелике містечко в штаті Пенсільванія збирає безліч людей. За традицією там проводиться свято «День бабака». Телевізійний ведучий Філ Коннорс щороку приїжджає на цей захід, щоб зняти про нього репортаж. Так сталося і цього разу. Чергова поїздка, яка нічим не відрізняється від попередніх, черговий нудний репортаж. Філ з нетерпінням чекає закінчення цього дня. Але коли він прокидається на наступний день, виявляється ... що на календарі знову 2 лютого. Неначе час застряг на цій даті. Знову і знову Філ переживає ці 24 години. Він нічого не чекає від завтрашнього дня, тому що знає його з точністю до кроку, кожного випадкового перехожого. Єдине, чого йому тепер залишається чекати - настання 3 лютого ...', 1, 64, NULL, 1, NULL, 4, 1, 0, NULL, '2024-02-05 22:20:29', '2024-02-05 22:20:30'),
(61, 'Недитяче кіно', 'neditiace-kino', 'Not Another Teen Movie', '89 хвилин (01:29)', 'Кайлер Ли,, , Эрик Кристиан Олсен, Миа Киршнер, Дион Ричмонд, Эрик Джангманн, Рон Лестер, Коуди МакМэйнс, Сэм Хантингтон, Джоанна Гарсиа, Лейси Чэберт, Сэмм Ливайн, Джерина Винсент, Беверли Полсин', NULL, 'Фільм «Недитяче кіно» - пародійна молодіжна комедія, яка зібрала всі можливі клsше в одному місці і в один час. Сюжет будується навколо найпопулярнішого хлопця старших класів - Джейка Вайлера. Він і красень, і веселун, і футболіст. Відриваючись з друзями, він укладає нехитре парі, що зможе зробити королеву випускного балу з абсолютно будь-якої дівчини. Вибір приятелів падає на Дженні Бріггз, яка славиться гидким каченям і числиться в ізгоях. Її малярство, мішкуватий одяг, окуляри, що закривають обличчя, не сприяють соціальній адаптації. Але Джейк сповнений рішучості виграти суперечку і з ретельністю береться за зміну іміджу Дженні. По ходу подій молоді люди переймаються симпатією один до одного і потрапляють в незліченну кількість смішних ситуацій. Однак дівчині невтямки, що первісний задум обранця не так кристально чистий, як їй здавалося. Паралельно з головною сюжетною лінією розвивається кілька інших історій, які є пародіями на відомі стрічки про спорт, танці, студентів і стосунки статей ...', 1, 72, NULL, 3, NULL, 1, 1, 0, NULL, '2024-02-05 22:20:29', '2024-02-05 22:20:30'),
(62, 'Спаун', 'spaun', 'Spawn', '96 хвилин (01:36)', 'Тереза Рэндл, Мелинда Кларк, Д. Б. Суини, Никол Уильямсон, Мико Хьюз, Майкл Пападжон, Робиа ЛаМорте, Джон Котрэн мл., Тони Хейни, Дэррил Уоррен, Крис Коппола, Майк Акрави', NULL, 'У житті може трапитися різне. З Елом Сіммонсом сталося щось, що не піддається чіткому людському поясненню. Він - «Краповий берет». Виконуючи службову місію, він був убитий власним же начальником. Але на цьому існування і життя героя не припинилися. Тепер він стає черговим жителем страхітливого чистилища. Звідти навряд чи можливо вибратися, якщо тільки не укласти угоду з його всемогутнім господарем - Дияволом. Що Ел необачно і робить. Його новий потойбічний бос вимагає зовсім небагато. Елу здається, що більш вигідної і перспективної пропозиції йому ніхто не робив ще в його житті. Він відправляється прямо з чистилища в свій улюблений будинок, навантажений найсильнішою зброєю і потужними обладунками. А натомість буде всіляко сприяти проникненню зла в світ. Але герой фільму «Спаун» не врахував того, що найбільша диявольська сила була дарована йому неспроста. Диявол має намір поневолити людський світ його руками. Ел ж, вибравшись з чистилища, вирішується на ризиковий і не зовсім обдуманий вчинок. Він має намір розірвати контракт, ціна якого - життя ...', 1, 68, NULL, 1, NULL, 4, 1, 0, NULL, '2024-02-05 22:20:29', '2024-02-05 22:20:30'),
(63, 'Матриця', 'matricia', 'The Matrix', '136 хвилин (02:16)', 'Кэрри-Энн Мосс, Глория Фостер, Джо Пантолиано, Маркус Чонг, Джулиан Араханга, Ада Никодему, Мэтт Доран, Белинда МакКлори', NULL, 'Томас Андерсон - звичайний хлопець, він обіймає посаду програміста в одній великій компанії і чесно виконує свою роль гвинтика в розгалуженій системі. А вечорами він стає іншим - хакером на ім\'я Нео. А відбувається це тому, що Томас незадоволений життям. Ні, не конкретно своїм, а життям взагалі, самим процесом, всесвітом. Думки про те, що все на світі - неправильне, не таке, яким йому належить бути, свердлить його свідомість. А ще Нео сняться незвичайні, тривожні сни, а тому він намагається зовсім не спати, і ще він думає, що потроху позбавляється розуму.  Відповісти на це запитання може лише одна людина: розшукуваний хакер Морфіус, який теж прагне до зустрічі. Тому як з світом дійсно сталася невеличка неприємність: він нереальний. І Нео - той, кому судилося повернути все на свої місця...', 1, 70, NULL, 1, NULL, 2, 1, 0, NULL, '2024-02-05 22:20:29', '2024-02-05 22:20:30'),
(64, 'Хардбол', 'xardbol', 'Hardball', ' 106 хвилин (01:46)', 'Дайан Лэйн, Д.Б. Суини, Джон Хоукс, Брайан Хирн, Джулиан Гриффит, А. Делон Эллис мл., Кристофер Лофтон, Майкл Перкинс, Брайан М. Рид, Девейн Уоррен, Кэрол Холл, Жаклин Уильямс, Фриман Коффи', NULL, 'Конор О\'Ніл - азартний гравець, який робить ставки на спорт і вліз у борги. Щоб розплатитися, він влаштовується тренером з бейсболу для важких дітей з бідного району. Він вирішив, що коли сплатить борг, то покине команду, проте згодом Конор прив\'язується до дітей. Він кидає ставки, стає справжнім наставником для хлопців та знайомиться з їхньою привабливою вчителькою, Елізабет Вілкс.', 1, 72, NULL, 1, NULL, 4, 1, 0, NULL, '2024-02-05 22:20:29', '2024-02-05 22:20:30'),
(65, 'Люди в Чорному', 'liudi-v-cornomu', 'Men in Black', '98 хвилин (01:38)', 'Линда Фиорентино, Рип Торн, Тони Шэлоуб, Шиван Фэллон, Майк Нассбаум, Джон Грайз, Фредрик Лен, Серхио Кальдерон, Карел Стрёйкен, Ричард Хэмилтон, Кент Фалкон', NULL, 'Вони найбільший секрет Землі. Вони працюють на неофіційну урядову агенцію, яка регулює діяльність інопланетян на Землі. Вони — найкраща, остання і єдина лінія захисту Землі від покидьків всесвіту. Їхня робота секретна, їхня зброя зовсім, їм немає рівних, вони не залишають слідів. Вони – це Люди в чорному.', 1, 68, NULL, 1, NULL, 4, 1, 0, NULL, '2024-02-05 22:20:29', '2024-02-05 22:20:30'),
(66, 'Копи на підхваті', 'kopi-na-pidxvati', 'The Other Guys', '107 хвилин (01:47)', 'Ева Мендес, Роб Риггл, Рэй Стивенсон, Стив Кугэн', NULL, 'Нью-Йоркські детективи Аллен Гембл та Террі Хойтз ведуть поліцейську бухгалтерію. Гемблу така робота на радість, Хойтзу - покарання. Коли напарникам випаде шанс вийти з тіні — прийти на допомогу своїм кумирам, детективам Денсону та Манцетті — стане ясно, що в бухгалтерію Гембла та Хойтза заслали недаремно…', 1, 81, NULL, 3, NULL, 4, 1, 0, NULL, '2024-02-05 22:20:29', '2024-02-05 22:20:30'),
(67, 'Грім у тропіках', 'grim-u-tropikax', 'Tropic Thunder', '107 хвилин (01:47)', 'Джей Барушель, Брэндон Т. Джексон, , Стив Кугэн, Дэнни МакБрайд, Джефф Кан, Энтони Руйвивар, Эрик Уинзенрид, Валери Эзлинн', NULL, 'Камера. Мотор. Почали! У реальних джунглях проходять зйомки суперблокбастера за участю великих зірок, серед яких: крутий герой бойовиків, майстер туалетного гумору, чорношкірий репер Альпа Чино та володар усіх кінопремій, який спеціально для фільму перефарбував шкіру в чорний колір. Коли у продюсерів закінчилися гроші та зйомки було зупинено — акторам про це не сказали. Тому вони з холостими патронами легко вступають у нерівний бій зі справжніми озброєними до зубів бандитами-головорізами.', 1, 79, NULL, 1, NULL, 2, 1, 0, NULL, '2024-02-05 22:20:29', '2024-02-05 22:20:30'),
(68, 'Професіонал', 'profesional', 'Killer Elite', '116 хвилин (01:56)', 'Бен Мендельсон, Ивонн Страховски, Аден Янг, Адевале Акиннуойе-Агбадже, Дэвид Уайтли, Мэттью Нэйбл, Лейчи Халм, Фирэсс Дирани, Ник Тейт, Билли Браун, Стюарт Морритт', NULL, 'Новий екшн-трилер «Професіонал» - це картина, заснована на реальних подіях і знята за мотивами роману Ранульфа Файнса «Перо Чоловіка». Елітний британський спецназівець у відставці, а нині професійний найманець Денні Брайс (в ролі якого виступає неперевершений Джейсон Стетхем) виконує замовлення свого клієнта - багатого арабського шейха, який ставить за мету знищити колишніх британських військових, які в минулому брали участь у спецоперації в Омані. Уряд не бажає сидіти склавши руки і проти суперкіллера починається полювання з боку глави засекреченої державної спецслужби Спайка (якого блискуче зіграв Клайв Оуен). Чи зможе Денні залишитися в живих і врятувати життя свого кращого друга, якого йому наказано знищити?', 1, 82, NULL, 1, NULL, 2, 1, 0, NULL, '2024-02-05 22:20:29', '2024-02-05 22:20:30'),
(69, 'Телеведучий ', 'televeducii', 'Anchorman: The Legend of Ron Burgundy', ' 94 хвилини (01:34)', 'Кристина Эпплгейт, Дэвид Кёкнер, Фред Уиллард, Фред Армисен, Крис Парнелл, Кэтрин Хан', NULL, 'Рон Бургунді, найпопулярніший телеведучий 70-х у Сан-Дієго, який упевнений, що жінкам місце у студії лише в тому випадку, якщо вони розповідають про моду, або діляться останніми кулінарними рецептами. Тому коли Рон дізнається, що працюватиме з молодою телеведучою — гарною, амбітною і досить розумною, щоб стати не лише окрасою екрану, — відбувається не просто зіткнення двох яскравих професіоналів, це справжня війна!', 1, 75, NULL, 1, NULL, 4, 1, 0, NULL, '2024-02-05 22:20:29', '2024-02-05 22:20:30'),
(70, 'Сам удома / Один вдома', 'sam-udoma-odin-vdoma', 'Home Alone', '103 хвилини (01:43)', 'Кэтрин О`Хара, Джон Хёрд, Робертс Блоссом, Анджела Геталс, Девин Рэтрей, Джерри Бэммен, Хиллари Вульф, , Ларри Хэнкин, Майкл С. Маронна, Кристин Минтер, Дайана Кампеану', NULL, 'Фільм «Один вдома» - це весела новорічна історія, яка трапилася з проникливим малюком на ім\'я Кевін Маккалістер. Його численне сімейство не балували молодшого увагою: старші брати знущалися, сестри відверто ігнорували, а батьки були поглинені підготовкою до майбутнього переїзду в Європу. Засмучений і скривджений на всю свою велику рідню Кевін побажав, щоб всі його близькі зникли. Бажання малюка збулося. Батьки настільки захопилися переїздом, що просто забули дитину вдома. Тепер юному даруванню доведеться різко стати самостійним. Ситуація ускладнюється тим, що на багатий будинок Маккалістреров поклали око місцеві грабіжники. Вони впевнені, в своїх силах і вважають, що цей будинок стане для них легкою здобиччю. Здогадавшись про те, що його хочуть пограбувати хитрий малюк вирішує взяти оборону особняка в свої руки. Він розробляє хитромудрий план і заманює злочинців-невдах в саме серце кумедних пасток. Але дорослі виявляються міцними горішками. Тепер дістатися до головного героя - це справа їх честі. Хто ж виявиться розумнішим - два дорослих грабіжника зі стажем або дев\'ятирічна дитина, який один вдома? Опис переозвучення від SkomUA: «Сама в НАТО» - святкова переозвучка фільму «Home alone», мета якої підняти настрій і не тільки. Події фільму умовно захоплюють період нашої політичної ситуації і початок московитської агресії з 2014 року і до сьогодення. В переозвучці тоненько підкреслені події які чудово наклалися на сюжет в поєднанні з жартами і гіперболізованим глумом. Також форма переозвучки полягає в форматі, що кожен персонаж фільму це окрема країна. Ні для кого не секрет, що фільм «Home Alone» є культовим і вже давно асоціюються з різдвяними святами, тому в цьому році було вирішено: «Який рік такий і святковий фільм». Хронометраж 33 хвилини. Приємного перегляду)) ', 1, 61, NULL, 1, NULL, 4, 1, 0, NULL, '2024-02-05 22:20:29', '2024-02-05 22:20:30'),
(71, 'Сам удома 2 / Один вдома 2: Загублений у Нью-Йорку', 'sam-udoma-2-odin-vdoma-2-zagublenii-u-niu-iorku', 'Home Alone 2: Lost In New York', '120 хвилин (02:00)', 'Кэтрин О`Хара, Джон Хёрд, Девин Рэтрей, Хиллари Вульф, Морин Элизабет Шэй, Майкл С. Маронна, Джерри Бэммен, Терри Снелл, Джедидайя Коэн, Сента Моусес, Дайана Кампеану', NULL, 'Фільм «Один вдома 2: Загублений у Нью-Йорку» - це продовження захоплюючих новорічних пригод, які сталися з Кевіном МакКалістеров. На цей раз його численне сімейство втрачає дитину в аеропорту. Тут, переплутавши рейси, десятирічний Кевін відлітає в Нью-Йорк. Залишившись одним у великому і незнайомому місті, Кевін не падає в паніку, адже у нього достатньо готівки і кредитних карток, щоб добре провести новорічні свята. У пошуках різноманітних розваг малюк потрапляє в магазин дитячих іграшок, де він швидко знаходить спільну мову з його власником. За щасливим збігом обставин, старі знайомі Кевіна якраз збігають з в\'язниці. Тепер невдачливі злодії Марв і Гарі збираються зайнятися грабежем в Нью-Йорку. Їх мішенню стає щедро наповнений передноворічної виручкою магазин іграшок. Так Кевін знову зустрічається зі своїми заклятими ворогами. Невдачі минулого року горе-грабіжників так нічому і не навчили. Вони знову вирішують розквитатися з Кевіном, а заодно і пограбувати магазин іграшок. Але малюк зустрічає своїх ворогів у всеозброєнні. Тепер його пастки стають ще більш складними, заплутаними і небезпечними, а грабіжники потрапляють в нові забавні і безглузді ситуації. Чим же закінчиться їх грабіж і чи зможе хлопчик відстояти магазин? Адже чомусь поліцейські завжди приїжджають із запізненням ...', 1, 63, NULL, 1, NULL, 6, 1, 0, NULL, '2024-02-05 22:20:29', '2024-02-05 22:20:30'),
(72, 'Особлива думка', 'osobliva-dumka', 'Minority Report', '145 хвилин (02:25)', 'Петер Стормаре, Макс фон Сюдов, Саманта Мортон, , Кэтрин Моррис, Тим Блэйк Нельсон, , Стив Харрис, Нил МакДонаф, Патрик Килпатрик, Джессика Кэпшоу, Ричард Кока, Кит Кэмпбелл, Кирк Б.Р. Уоллер, Клеа Скотт', NULL, 'Фільм «Особлива думка» переносить глядача в недалеке майбутнє, де люди навчилися запобігати злочинам. Існує спеціальний відділ, який, використовуючи трьох провісників, може бачити вбивство до його скоєння. Система працює безвідмовно. Але одного разу начальник відділу Джон Ендертон починає відчувати сумніви. Він збирає дані і з\'ясовує, що одна з провидців Агата не завжди погоджується в видіннях з двома іншими. Під час наступної справи при перегляді видінь саме Джон відображений як вбивця, хоча він навіть не знає жертву. Ендертону доводиться тікати. Тепер на нього полюють колишні колеги ...', 1, 73, NULL, 1, NULL, 4, 1, 0, NULL, '2024-02-05 22:20:29', '2024-02-05 22:20:30'),
(73, 'Командо [Режисерська версія]', 'komando-reziserska-versiia', 'Commando', '90 хвилин (01:30)', 'Алисса Милано, Рей Дон Чон, Дэн Хедайя, Вернон Уэллс, Джеймс Олсон, Дэвид Патрик Келли, Билл Дьюк, Дрю Снайдер, Шарон Уайатт, Майкл Делано, Боб Майнор, Майкл Адамс, Гэри Сервантес', NULL, 'Полковник у відставці Джон Матрікс — колишній командир спецзагону, який брав участь у секретних операціях на Близькому Сході, СРСР та Центральній Америці. Перебуваючи у чудовій фізичній формі та володіючи знаннями, які роблять його супер-солдатом, полковник у відставці Джон Матрікс живе під іншим ім\'ям у великому будинку зі своєю дочкою далеко від міста. Але спокійне життя порушує його старий ворог, викрадаючи 11-річну дочку полковника. І Джон Матрікс, що спалахнув ненавистю, безжально вбиває всіх, хто стає в нього на шляху до порятунку дочки…', 1, 56, NULL, 1, NULL, 2, 1, 0, NULL, '2024-02-05 22:20:29', '2024-02-05 22:20:30'),
(74, 'Подарунок на Різдво', 'podarunok-na-rizdvo', 'Jingle All the Way', '89 хвилин (01:29)', 'Фил Хартмен, Рита Уилсон, Роберт Конрад, Мартин Мулл, Джейк Ллойд, Э.Дж. Де Ла Пена, Лорейн Ньюман, Джастин Чэпман, Харви Кормен, Дэниэл Риордан, Джефф Л. Дейст, Нада Деспотович', NULL, 'Жахливо зайнятий на роботі батько постійно спізнюється на сімейні заходи. Після чергової неявки на виступ власного сина по караті він обіцяє купити йому на Різдво суперіграшку - Турбомена і, природно, у метушні різдвяних клопотів благополучно забуває про обіцянку. І ось починається гарячкова гонка за згаданою іграшкою в останній день. Але аж надто багато охочих, а іграшок залишилося всього нічого.', 1, 67, NULL, 1, NULL, 6, 1, 0, NULL, '2024-02-05 22:20:29', '2024-02-05 22:20:30'),
(75, 'Останній кіногерой', 'ostannii-kinogeroi', 'Last Action Hero', '130 хвилин (02:10)', 'Иэн МакКеллен, Чарльз Дэнс, Остин О`Брайен, Ф. Мюррэй Абрахам, Бриджит Уилсон, Том Нунен, Роберт Проски, Энтони Куинн, Мерседес Рул, Фрэнк МакРей, Арт Карни, Профессор Тору Танака, Джоан Плаурайт, Кит Бариш', NULL, 'Юному кіноману Денні Медігана дістається чарівний квиток, який переносить його на інший бік екрану. Хлопчик виявляється поряд зі своїм улюбленим персонажем, знаменитим поліцейським Джеком Слейтером і стає повноправним учасником усіх подій напруженого бойовика. Попереду напарників чекає найстрашніше випробування: Джек та Денні потрапляють у реальний світ, де непереможний герой втрачає свою фантастичну силу, і тепер він може загинути, як будь-який смертний. А для справжніх злочинців неперевершений супермен — лише чергова мета…', 1, 64, NULL, 1, NULL, 4, 1, 0, NULL, '2024-02-05 22:20:29', '2024-02-05 22:20:30'),
(76, 'Людина, що біжить ', 'liudina-shho-bizit', 'The Running Man', '101 хвилина (01:41)', 'Мария Кончита Алонсо, Яфет Котто, Джим Браун, Джесси Вентура, Эрланд ван Лидт, Марвин Дж. МакИнтайр, Гас Ретвиш, Профессор Тору Танака, Мик Флитвуд, Дуизил Заппа, Ричард Даусон, Карен Ли Хопкинс, Свен-Оле Торсен', NULL, 'У 2019 році світова економіка впала. Великих свобод Сполучених Штатів більше немає, оскільки колись велика країна перекрила свої кордони і перетворилася на мілітаризовану поліцейську державу, яка цензурує всі фільми, мистецтво, літературу та комунікації. Незважаючи на це, невеликий загін опору, очолюваний двома революціонерами, примудряється боротися з гнобленням. Маючи повний контроль за засобами масової інформації, уряд намагається придушити прагнення народу до свободи, транслюючи низку ігрових шоу, в яких засуджені злочинці виборюють своє життя. Найпопулярніша і садистська з цих програм - \"Той, що біжить людина\", яку веде Деймон Кілліан. Коли в Бейкерсфілді, штат Каліфорнія, збирається мирна демонстрація голодуючих громадян, поліцейському Бену Річардсу наказують відкрити вогонь натовпу, на що він відповідає відмовою. Поліцейський Бен Річардс (Арнольд Шварценеггер), який відмовився розстріляти беззбройний натовп голодних людей, потрапляє до числа злочинців. Тепер разом із побратимами на нещастя йому доведеться взяти участь у шаленій гонці зі смертю, битися з непереможними монстрами — Професором Кріо, Бензопилою, Шаровою Блискавкою та Динамо, і помститися нелюдському господареві шоу. За твором Стівена Кінга.', 1, 58, NULL, 1, NULL, 2, 1, 0, NULL, '2024-02-05 22:20:29', '2024-02-05 22:20:30'),
(77, 'Правдива брехня', 'pravdiva-brexnia', 'True Lies', '141 хвилина (02:21)', 'Джейми Ли Кёртис, Тиа Каррере, Том Арнольд, Билл Пэкстон, Арт Малик, Элиза Душку, Грант Хеслов, Чарлтон Хестон, Маршалл Манеш, Джеймс Аллен, Дитер Раутер, Джейн Моррис, Кэтси Чаппель, Кристина Уайлер', NULL, 'Для своєї родини Гаррі Таскер — люблячий чоловік і батько, людина скромна і розсіяна, звичайний продавець комп\'ютерів, який «не вилазить» з роботи ні вдень, ні вночі. Але мало хто знає, що насправді Гаррі — спеціальний агент таємної урядової служби, який спеціалізується на особливо небезпечних завданнях, володіє купою мов, усіма видами зброї та всіма можливими способами «відправки» лиходіїв на той світ. Агент Таскер і далі продовжував би вести подвійне життя, якби зловісні арабські терористи не викрали Гаррі, а разом з ним і його дружину Хелен, яка нічого не підозрювала. Але бандити, на своє нещастя, навіть не підозрювали, з ким зв\'язалися. І Хелен дізналася, що чоловік її зовсім не комп\'ютерник, і що вона п\'ятнадцять років прожила з людиною, поряд з якою м\'язистий Рембо виглядає дитиною.', 1, 65, NULL, 1, NULL, 2, 1, 0, NULL, '2024-02-05 22:20:29', '2024-02-05 22:20:30'),
(78, 'Термінатор 2: Судний день [Театральна + Спеціальна версії] ', 'terminator-2-sudnii-den-teatralna-specialna-versiyi', 'Terminator 2: Judgment Day', '166 хвилин (02:36)', 'Роберт Патрик, Эдвард Ферлонг, Эрл Боэн, Джо Мортон, С. Ипейта Меркерсон, Кастуло Герра, Дэнни Кукси, Дженетт Голдстин, Ксандер Беркли, Лесли Хэмилтон Геррен, Кен Гиббел, Роберт Уинли, Питер Шрум', NULL, 'Війна роботів і людей продовжується. Здавалося, що людство приречене на повне знищення. Але завдяки своєму лідерові Джону Конору у опору з\'являється шанс перемогти. Не маючи можливості вбити Джона в реальному часі, роботи відправляють в минуле свою максимально досконалу розробку - термінатора-вбивцю з рідкого металу, здатного приймати будь-яку подобу. Тепер, щоб перемогти в майбутньому, юному Джону Конору потрібно вижити в сьогоденні. Його шанси істотно підвищуються, коли на допомогу приходить перепрограмований опором термінатор попереднього покоління. Обидва роботи вступають в смертельний двобій, від результату якого залежить доля людства.', 1, 62, NULL, 1, NULL, 2, 1, 0, NULL, '2024-02-05 22:20:29', '2024-02-05 22:20:30'),
(79, 'Хижак', 'xizak', 'Predator', '107 хвилин (01:47)', 'Карл Везерс, Білл Дюк, Карл Уэверз, Эльпидия Каррильо, Билл Дьюк, Джесси Вентура, Сонни Лендхэм, Ричард Чавес, Р.Г. Армстронг, Шэйн Блэк, Кевин Питер Холл, Стив Бойум, Уильям Х. Бертон, Генри Кинги, Свен-Оле Торсен', NULL, 'Загін «зелених беретів» під командуванням майора Шеффера на прізвисько «Голландець» із секретною місією прямує до центральноамериканських джунглів. Його завдання – знайти табір місцевих повстанців, які захопили екіпаж вертольота союзників. Майор і його командос спізнюються: гадані бранці вже мертві, оскальповані і підвішені на деревах головою. Переповнені праведним гнівом солдати Голландця обрушуються на повстанців та знищують ворожий табір. Джунглі зачищені від партизанів, проте один із спецназівців, індіанець Біллі, упевнений, що за загоном, як і раніше, хтось спостерігає. А невдовзі хтось невидимий, що зливається з тропічною зеленкою, починає полювання на командос. У незримого ворога небачена зброя, навички вчиненого вбивці та нелюдська жорстокість. І бійці починають розуміти, що їхній супротивник – зовсім не землянин.', 1, 58, NULL, 1, NULL, 2, 1, 0, NULL, '2024-02-05 22:20:29', '2024-02-05 22:20:30'),
(80, 'Хижак 2 ', 'xizak-2', 'Predator 2', ' 108 хвилин (01:48)', 'Гэри Бьюзи, Рубен Блэйдс, Мария Кончита Алонсо, Билл Пэкстон, Роберт Дави, Кевин Питер Холл, Адам Болдуин, Кент МакКорд, Мортон Дауни мл., Кэлвин Локхарт, Стив Кэхэн, Генри Кинги, Кори Рэнд, Эльпидия Каррильо', NULL, 'Харріган - крутий поліцейський відділу боротьби з наркотиками поліції Лос - Анджелеса. Йому доручено розслідування серії вбивств кримінальних авторитетів міста. Усі вбивства скоєно у збоченій формі і пахнуть неприкритим садизмом. Після проведення експертиз та розслідувань стає ясно, що вбивство - справа рук істоти, яка не має нічого спільного з людиною. Землю знову відвідав міжпланетний мисливець, але йому доведеться зіткнутися з істотою ще небезпечнішою, ніж вона сама - з людиною. Харріган вистежує мисливця, поступово сам стаючи мисливцем. Наодинці, як справжній воїн, він веде безкомпромісну битву за збереження честі та права людини не бути істотою, на яку можна полювати.', 1, 61, NULL, 1, NULL, 2, 1, 0, NULL, '2024-02-05 22:20:29', '2024-02-05 22:20:30'),
(81, 'Згадати все', 'zgadati-vse', 'Total Recall', '113 хвилин (01:53)', 'Шэрон Стоун, Майкл Айронсайд, Рэйчел Тикотин, Ронни Кокс, Маршалл Белл, Мэл Джонсон мл., Майкл Чэмпион, Рой Броксмит, Рэй Бэйкер, Розмари Дансмор, Дэвид Нелл, Алексия Робинсон, Дин Норрис, Марк Карлтон', NULL, 'Екранізація оповідання Філіпа К. Діка «У глибині пам\'яті». Життя простого робітника хлопця Дага Куейда нудне і одноманітне. Тому, щоб хоч якось розважитися, він вирішує скористатися послугами якоїсь компанії, яка за певну плату посилає в його мозок імпульси, що створюють повну ілюзію того, що він інша людина, яка живе іншим, цікавим життям. Все б добре, але після сеансу Дагу зовсім неможливо зрозуміти, хто ж він насправді — простий роботяг або спецназівець, який володіє всіма видами зброї та бойових мистецтв. Його бояться, його хочуть вбити, на нього відкрито сезон полювання; навіть кохана дружина намагається згорнути йому шию. Тепер, щоб вижити, йому треба згадати, згадати все…', 1, 61, NULL, 1, NULL, 2, 1, 0, NULL, '2024-02-05 22:20:29', '2024-02-05 22:20:30'),
(82, 'Гарячі голови', 'gariaci-golovi', 'Hot Shots!', '84 хвилини (01:24)', 'Валерия Голино, Ллойд Бриджес, Кевин Данн, Джон Крайер, Уильям О`Лири, Кристи Суонсон, Ефрем Цимбалист мл., Билл Ирвин, Бренда Бэкки, Мигель Феррер, Ричард Кренна, Райан Стайлз, Джерри Халева', NULL, 'Герой пародійної комедії \'Гарячі Голови!\' (Hot Shots!) Щасливчик Харлі - професійний льотчик. Через низку невдач він йде з авіації і перебирається в індіанське поселення, де проводить дні свого життя в повній гармонії і умиротворенні. Але і там його знаходить служба ВВС і вербує для відповідального завдання. Харлі повинен стати учасником військової операції під кодовою назвою «Сонячний горностай». Він полетить на суперсучасному реактивному літаку в Ірак. По дорозі на базу Щасливчик зустрічає прекрасну Ромаду, в яку миттєво закохується. Але відносини з Ромадою зовсім не ладяться, тому що Харлі переслідує погана слава його батька. Втім Харлі і сам ходяча катастрофа і чудило. Склад команди Щасливчика як на підбір складається з невдах, безумців і інвалідів: косоокий пілот, лейтенант по кличці Мертвяк і адмірал з протезами замість всіх частин тіла. Отже, весела компашка летить до Іраку, і кумедні пригоди починаються вже в небі над Америкою. Комедія «Гарячі голови!» Стала еталоном пародійного жанру. В епізодах фільму можна упізнати «Роккі», «Віднесених вітром» і «Супермена». Безбашенний гумор фільму часто знаходиться на межі абсурду, але це і є родзинкою смішне комедії.', 1, 62, NULL, 3, NULL, 4, 1, 0, NULL, '2024-02-05 22:20:29', '2024-02-05 22:20:30'),
(83, 'Гарячі голови 2', 'gariaci-golovi-2', 'Hot Shots! Part Deux', '86 хвилин (01:26)', 'Валерия Голино, Ллойд Бриджес, Бренда Бэкки, Мигель Феррер, Ричард Кренна, Райан Стайлз, Джерри Халева, Майкл Кольяр, Дэвид Вол, Митч Райан, Розмари Джонстон, Бен Лемон, Бак МакДансер', NULL, 'Фільм \'Гарячі голови 2\' (Hot Shots! Part Deux) знову радує своїх вірних шанувальників морем жартів у другій частині усіма улюбленої картини. Щоб знайти внутрішню гармонію Інь і Янь глибоко всередині себе, головний герой Топпер Харлі, залишає на деякий час службу пілота в урядових рядах і знаходить заспокоєння в стінах тихого буддійського монастиря. Але тим часом країна знову викликає своїх героїв на допомогу. Необхідно звільнити кілька невинних заручників, схоплених ніким іншим, як самим Саддамом Хусейном. Бранців з чужої непривітної землі може визволити тільки неперевершений майстер своєї справи Топпер. І ось він відправляється назустріч новим випробуванням і труднощам, які не можуть обійтися без боїв в рукопашну і приголомшливих перестрілок. Але найважливішою подією є зустріч з його колись коханою дівчиною на ім\'я Рамада, яка на велике розчарування Топпера є дружиною одного з бранців. Чи вдасться героєві врятувати заручників і не піддатися почуттям любові до Рамади? Все це ви дізнаєтеся в комедії Гарячі голови 2, стрічки наповненої безліччю смішних моментів, які змушують посміхнутися глядача будь-якого віку.', 1, 64, NULL, 3, NULL, 4, 1, 0, NULL, '2024-02-05 22:20:29', '2024-02-05 22:20:30'),
(84, 'Ейс Вентура: детектив з розшуку домашніх тварин', 'eis-ventura-detektiv-z-rozsuku-domasnix-tvarin', 'Ace Ventura: Pet Detective', '86 хвилин (01:26)', 'Кортни Кокс, Шон Янг, Тоун Лок, Ноубл Уиллингэм, Трой Эванс, Рейнор Шайни, Удо Кир, Фрэнк Адонис, Тайни Рон, Дэвид Маргулис, Джон Каподиче, Джуди Клэйтон, Билл Закерт, Элис Драммонд', NULL, 'Він — найкращий у своїй справі, єдиний та неповторний! Він - Ейс Вентура, детектив з розшуку домашніх улюбленців. Коли таємничі зловмисники викрадають дельфіна на прізвисько «Сніжинка», талісман місцевої футбольної команди «Дельфіни», Ейс відразу починає працювати, виявляючи дива винахідливості. Історія набуває дивного обороту, коли викрадають ще й провідного гравця «Дельфінів». Тепер Ейсу доводиться розшукувати одразу двох ссавців. Він стикається «ніс до носа» з акулою-людожером, рятує улюблену команду та зачаровує жінок. Чи він «під прикриттям», під вогнем чи під водою, він обов\'язково знайде те, що шукає!', 1, 65, NULL, 1, NULL, 4, 1, 0, NULL, '2024-02-05 22:20:29', '2024-02-05 22:20:30'),
(85, 'Ейс Вентура 2: поклик природи', 'eis-ventura-2-poklik-prirodi', 'Ace Ventura: When Nature Calls', '90 хвилин (01:30)', 'Иэн МакНис, Саймон Кэллоу, Мейнард Эзиаши, Боб Гантон, Софи Оконедо, Томми Дэвидсон, Адевале Акиннуойе-Агбадже, Дэнни Д. Дэниелс, Сэм Мотоана Филлипс, Дэймон Стандифер, Эндрю Стил, Брюс Спенс, Том Гранк, Арсенио Тринидад', NULL, 'Місце дії – Африка. Знаменитий детектив Ейс Вентура, єдиний у світі фахівець із розшуку зниклих домашніх улюбленців, знову у справі. Цього разу Ейс має знайти Шикаку — священну тварину племені Вачаті. Без Шикакі не може відбутися весілля дочки вождя племені Вачаті та сина вождя войовничого племені Вачуту. Якщо Ейс провалить завдання, розпочнеться міжплемінна війна. Але Ейс Вентура не з тих, хто відступає перед труднощами. У пошуках священної Шикакі він бореться з алігаторами, приручає слонів, наслідує мавп, хитається на ліанах, ходить розпеченим вугіллям, вилазить, на жах сім\'ї американських туристів, із дупи і ставить «на вуха» всю Африку.', 1, 66, NULL, 1, NULL, 4, 1, 0, NULL, '2024-02-05 22:20:29', '2024-02-05 22:20:30'),
(86, 'Безчуттєвий / Без почуттів / Без відчуттів', 'bezcuttjevii-bez-pocuttiv-bez-vidcuttiv', 'Senseless', ' 93 хвилини (01:33)', 'Тамара Тейлор, Брэд Дуриф, Рип Торн, Эстер Скотт, Дебра Джо Рапп, Марк Кристофер Лоуренс, Джон Ингл', NULL, 'Бідний студент Дерріл Візерспун працює на чотирьох роботах, але грошей на оплату рахунків все одно не вистачає. В надії здобути ще трохи коштів Дерріл погоджується взяти участь у сумнівному медичному експерименті. Молода людина стає мало не супергероєм, але несподівано про себе дають знати дивні побічні ефекти.', 1, 69, NULL, 1, NULL, 2, 1, 0, NULL, '2024-02-05 22:20:29', '2024-02-05 22:20:30'),
(87, 'Не погрожуй Південному Централу, попиваючи сік у себе в кварталі ', 'ne-pogrozui-pivdennomu-centralu-popivaiuci-sik-u-sebe-v-kvartali', 'Don\'t Be a Menace to South Central While Drinking Your Juice in the Hood', '89 хвилин (01:29)', 'Трэйси Черелл Джонс, Крис Спенсер, Сули МакКалло, Даррел Хит, Хелен Мартин, Айзиа Барнс, Ламард Дж. Тейт, Кейт Моррис, Крэйг Уайанс, Кэйси Ли, Джо Скотт, Ким Уайанс', NULL, 'Молодий афроамериканець на прізвисько Попільничка переїжджає до Лос-Анджелеса зі своїм батьком та бабусею. Попільничка пишається тим, що вони з батьком виглядають ровесниками, це на його думку (дуже круто). Пишається він і своєю бабусею, яка у свої похилі роки покурює і не соромиться міцних слів. Незабаром Попільничка знайомиться зі своїм кузеном на прізвисько Ланцюговий Пес. Цей хлопець – гангстер, у його особистому арсеналі не лише пістолети та автомат, а й термоядерна боєголовка – (для самозахисту). Попільничка має вибрати свій подальший шлях у житті: він може бути (просто хорошим чорношкірим) або стати (небезпечним чорношкірим), приєднавшись до банди свого кузена.', 1, 67, NULL, 3, NULL, 2, 3, 0, NULL, '2024-02-05 22:20:29', '2024-02-05 22:20:30'),
(88, 'Дуже страшне кіно ', 'duze-strasne-kino', 'Scary Movie', '88 хвилин (01:28)', 'Анна ФарІс, Шеннон Елізабет, Кармен Электра, Дэйв Шеридан, Фрэнк Б. Мур, Джакомо Бессато, Кайл Грэхэм, Лиэнн Сантос, Марк МакКончи, Карен Крупер, Джон Абрахамс', NULL, 'У кожному поважному фільмі жахів є телефон, який ось-ось задзвонить; жертва, яка ось-ось кричить; вбивця, який ось-ось завдасть смертельного удару. І єдиний спосіб залишитися живим — це твердо пам\'ятати, що треба завжди випереджати вбивцю на один крок. Коли сексуальна репортерка, що вічно суне свій ніс, на пару з охоронцем, що потрапляє у всякі безглузді історії, з супермаркету намагається зупинити вбивцю, який задумав розправитися з найвиднішими учнями середньої школи Булемія-Фоллз, починається таке… ну дуже страшне кіно.', 1, 71, NULL, 1, NULL, 2, 1, 0, NULL, '2024-02-05 22:20:29', '2024-02-05 22:20:30'),
(89, 'Дуже страшне кіно 2', 'duze-strasne-kino-2', 'Scary Movie 2', '83 хвилини (01:23)', 'Анна ФарІс, Джеймс ДеБелло, Реджина Холл, Кристофер Мастерсон, Тим Карри, Кэтлин Робертсон, Крис Эллиотт, Джеймс Вудс, Энди Рихтер, Тори Спеллинг, Наташа Лионн, Вероника Картрайт', NULL, 'Відігравшись по повній програмі у фільмі «Дуже страшне кіно» на молодіжних жахах, творці картини остаточно втратили сором і совість. Тепер прийшла черга кінокласики - \"Вигоняючий диявола\", \"Полтергейст\", \"Цвинтар домашніх тварин\" і таких блокбастерів, як \"Ангели Чарлі\", \"Місія нездійсненна 2\", \"Що приховує брехню\", \"Ганнібал\", \"Привид будинку на хол ». Мало не здасться...', 1, 72, NULL, 1, NULL, 2, 1, 0, NULL, '2024-02-05 22:20:29', '2024-02-05 22:20:30'),
(90, 'Дуже страшне кіно 3 ', 'duze-strasne-kino-3', 'Scary Movie 3', '84 хвилини (01:24)', 'Деніс Річардс, Памела Андерсон, Анна ФарІс, Дженни МакКарти, Марни Энг, Джина Баллард, Джереми Пивен, Тимоти Стэк, Элейн Климашевски, Дайан Климашевски, Камрин Менхейм, Дрю Микуска, Реджина Холл, Даррел Хэммонд', NULL, 'Журналістка Сінді Кемпбелл охоплена бажанням зробити скандальний репортаж про якусь світову змову та відкрити найтаємніші матеріали! Хто шукає, той знаходить. Незабаром Сінді стає свідком незрозумілих явищ. На Землю ось-ось висадиться десант зловісних інопланетян; на полях з\'явилися дивні концентричні кола; якийсь Вибраний пророкує погане всьому людству; діти з дивними очима лякають дорослих; під загрозою життя самого Президента; а амбітні білі репери зробили підозрілий прорив у світі шоу-бізнесу - зло настає з усіх боків, і Сінді має битися, щоб врятувати світ ще раз!', 1, 74, NULL, 3, NULL, 2, 1, 0, NULL, '2024-02-05 22:20:29', '2024-02-05 22:20:30'),
(91, 'Голий пістолет', 'golii-pistolet', 'The Naked Gun: From the Files of Police Squad!', '85 хвилин (01:25)', 'Присцилла Пресли, Рикардо Монтальбан, Джордж Кеннеди, О. Дж. Симпсон, Сьюзен Бубиан, Нэнси Марчанд, Рэй Бирк, Жанетт Чарльз, Эд Уильямс', NULL, 'Найнекомпетентніший поліцейський, лейтенант Френк Дребін, повинен самотужки протистояти міжнародній змові, мета якої - занапастити королеву Єлизавету II. На загальний подив і радість, дурний з дурних лейтенант Дребін розбереться з усіма ворогами Її Величності так хвацько, як не снилося і знаменитому агенту 007.', 1, 59, NULL, 1, NULL, 2, 1, 0, NULL, '2024-02-05 22:20:29', '2024-02-05 22:20:30'),
(92, 'Голий пістолет ½ : Запах Страху ', 'golii-pistolet-zapax-straxu', 'The Naked Gun ½: The Smell of Fear', '85 хвилин (01:25)', 'Присцилла Пресли, Джордж Кеннеди, Робер Гуле, Ричард Гриффитс, Жаклин Брукс, Энтони Джеймс, Ллойд Бокнер, Тим О’Коннор, Питер Марк Ричман, Эд Уильямс, Джон Рорк, Марджери Росс, Питер Ван Норден, Гэйл Нили', NULL, 'Лейтенант поліції Френк Дребін продовжує працювати на ниві затримання порушників правопорядку, паралельно шукаючи питання глобальної якості, наприклад, про те, коли він має продемонструвати все, на що він здатний. І ось настає відповідальний момент. Якийсь лиходій плете страшні підступи і задумує знищити весь світ. Але не тут було. Хоробрий поліцейський як завжди напоготові.', 1, 62, NULL, 1, NULL, 4, 1, 0, NULL, '2024-02-05 22:20:29', '2024-02-05 22:20:30'),
(93, 'Голий пістолет 33 1/3', 'golii-pistolet-33-13', 'The Naked Gun 33?: The Final Insult', '83 хвилини (01:23)', 'Присцилла Пресли, Джордж Кеннеди, О. Дж. Симпсон, Фред Уорд, Кэтлин Фримен, Анна Николь Смит, Эллен Грин, Эд Уильямс, Рэй Бирк', NULL, 'У в\'язницю до відомого бомбіста-терориста Рокко приходить представник арабських терористів і пропонує йому та його матері зробити жахливий теракт за 5 мільйонів. Зупинити його може лише наш лейтенант Френк Дребін, який пішов на пенсію та вирішує шлюбні проблеми з дружиною. Справа в тому, що вони ніяк не можуть зробити дитину. Колеги вмовляють Френка повернутися на службу в поліцію, через що дружина кидає його остаточно, і далі йде нескінченний потік жартів, приколів, пародійних ситуацій, внаслідок яких Френк рятує від вибуху церемонію вручення \"Оскара\".', 1, 65, NULL, 1, NULL, 2, 1, 0, NULL, '2024-02-05 22:20:29', '2024-02-05 22:20:30'),
(94, 'Гарний рік', 'garnii-rik', 'A Good Year', '117 хвилин ( 1: 57)', 'Марион Котийяр, Эбби Корниш, Фредди Хаймор, Альберт Финни, Том Холландер, Рейф Сполл, Арчи Панджаби, Ричард Койл, Бен Райтон, Патрик Кеннеди, Али Родс, Дэниэл Мейс, Нила Аалия, Джианнина Фасио', NULL, 'Воротила Лондонській фондовій біржі, шалено розумний, щасливий менеджер і за сумісництвом великий зануда успадковує виноробню в Провансі. Після прибуття до Франції він виявляє, що крім нього є ще люди, які претендують на його законну власність. Ланцюжок неймовірних подій та відкриттів змусять його по-новому подивитись справжні цінності цього світу…', 1, 77, NULL, 1, NULL, 2, 1, 0, NULL, '2024-02-05 22:20:29', '2024-02-05 22:20:30'),
(95, '300 спартанців ', '300-spartanciv', '300', ' 117 хвилин (01:57)', 'Лина Хиди, Доминик Уэст, Дэвид Уэнэм, Винсент Риган, , Том Уисдом, Эндрю Плевин, Эндрю Тирнан, Родриго Санторо, Джованни Симмино, Стивен МакХэтти, Грег Крамер, Алекс Ивановичи, Келли Крэйг', NULL, 'Події картини розповідають про кровопролитну битву при Фермопілах в 480 до н. е.., в якій триста відважних спартанців на чолі зі своїм царем Леонідом перегородили шлях багатотисячної армії перського царя Ксеркса. Незважаючи на чисельну перевагу персів, спартанці продовжували завзяту оборону, виявивши мужність та відвагу. Їх безстрашність і героїзм надихнули всю Грецію на об\'єднання проти непереможного ворога, переломивши тим самим перебіг Греко-перських воєн.', 1, 77, NULL, 1, NULL, 2, 1, 0, NULL, '2024-02-05 22:20:29', '2024-02-05 22:20:30'),
(96, 'Термінатор: Спасіння прийде [Режисерська версія] ', 'terminator-spasinnia-priide-reziserska-versiia', 'Terminator Salvation', ' 115 хвилин (01:55)', 'Майкл Айронсайд, Хелена Бонем Картер, Коммон, Брайс Даллас Ховард, Антон Ельчин, Мун Бладгуд, Джейн Александер, Иван Г’Вера, Крис Браунинг, Джадагрейс, Дориан Нконо, Бет Бэйли, Виктор Дж. Хо', NULL, '2018 рік від Різдва Христового. Джон Коннор – людина, чия доля – очолити Опір електронному мозку Скайнет та армії Термінаторів. Але в майбутнє, з вірою в яке він повернуто, вклинюється таємничий Маркус Райт: незнайомець, останні спогади яких малюють камеру смертників. Коннор повинен зрозуміти, хто такий Маркус — посланець майбутнього чи той, хто врятувався з минулого. І на тлі підготовки Скайнетом вирішального удару, Коннор і Райт вирушають у подорож, що приводить їх у саму серцевину операційної системи, що збунтувалася, де відкривається жахлива таємниця, що криється за потенційним знищенням людства.', 1, 80, NULL, 3, NULL, 2, 1, 0, NULL, '2024-02-05 22:20:29', '2024-02-05 22:20:30'),
(97, 'Аватар', 'avatar', 'Avatar', '162 хвилини (02:42)', 'Сигурни Уивер, Джованни Рибизи, Зои Салдана, Мішель Родріґес, Стивен Лэнг, Джоэл Мур, Си Си Эйч Паундер, Уэс Стьюди, Лаз Алонсо, Дилип Рао, Мэтт Джералд, Шон Энтони Моран, Джейсон Уайт, Скотт Лоуренс', NULL, 'У середині XXII століття Землі настала енергетична криза. У пошуках корисних копалин і нових джерел енергії, далеко в космосі земляни виявили фантастично красиву планету, населену синьошкірими гігантами-гуманоїдами - наві. Атмосфера Пандори була непридатна для дихання людини, але виявлений на планеті цінний мінерал анобтаніум міг вирішити всі енергетичні проблеми Землі. Для вивчення та освоєння планети люди використовують \"аватари\" - гігантські синьошкірі тіла, штучно вирощені з використанням ДНК людей і нави. Управління здійснювалося віртуально-донорами-операторами. Але несподівано один із вчених-операторів гине і для управління його аватаром із Землі прилітає брат-близнюк. Джейк - колишній морпіх, був тяжко поранений і тепер пересувається лише у візку. Поспіхом вивчивши інструкцію з управління він лягає в камеру, що переносить свідомість оператора в мозок аватара.', 1, 80, NULL, 1, NULL, 4, 1, 0, NULL, '2024-02-05 22:20:29', '2024-02-05 22:20:30'),
(98, 'У тилу ворога', 'u-tilu-voroga', 'Behind Enemy Lines', '106 хвилин (01:46)', 'Джин Хэкмен, Гэбриел Махт, Чарльз Малик Уитфилд, Дэвид Кит, Олек Крупа, Жоаким ди Алмейда, Владимир Машков, Марко Игонда, Эял Поделл', NULL, 'Молодий лейтенант ВПССША Кріс Бернетт, один із найкращих військово-морських льотчиків, мріє про те, щоб йому випав шанс взяти участь у справжніх бойових діях замість того, щоб спостерігати за тренуваннями своїх колег. Однак його командир, адмірал Рейгарт вважає, що Кріс ще не готовий... Та й бойових дій особливо не передбачається. Але ось, під час однієї з розвідувальних місій, Бернетт фотографує те, що не було призначене для чужих очей, і його літак збивають. Льотчик опиняється у тилу ворога, який хоче знищити шпигуна. Час іде, і адмірал Рейгарт, ризикуючи своєю кар\'єрою, вирішує порушити всі правила та організувати рятувальну операцію, щоб повернути свого учня.', 1, 72, NULL, 3, NULL, 1, 1, 0, NULL, '2024-02-05 22:20:29', '2024-02-05 22:20:30');
INSERT INTO `films` (`id`, `title`, `slug`, `origin_title`, `duration`, `other_actor`, `note`, `description`, `category_id`, `year_id`, `season_id`, `rating_id`, `status_id`, `age_id`, `quality_id`, `view`, `thumbnail`, `created_at`, `updated_at`) VALUES
(99, 'Мортал Комбат', 'mortal-kombat', 'Mortal Kombat', ' 101 хвилина (01:41)', 'Бриджит Уилсон, Талиса Сото, Тревор Годдар, Крис Касамасса, Франсуа Пети, Кит Кук, Хаким Олстон, Джон Фудзиока, Сэнди Хелберг, Стивен Хо, Питер Джейсон', NULL, 'Один раз у покоління проводиться міжпросторовий турнір бойових мистецтв, відомий як «Смертельна битва», розроблений для того, щоб обмежити вторгнення між сферами Всесвіту. Метою турніру є десять перемог – і тоді той, хто переміг, матиме повне право вторгнутися на землі того, хто програв. Вже дев\'ять перемог здобули вороги Землі, яких очолює маг потойбіччя Шанг Тсунг. Ще одна перемога – і майбутнє Землі має дуже похмурі перспективи. Воїни лорда Рейдена повинні зібрати всі останні сили для останньої, смертельної битви, щоб зупинити Шанг Тсунга за півкроку від його остаточної перемоги…', 1, 66, NULL, 1, NULL, 4, 1, 0, NULL, '2024-02-05 22:20:29', '2024-02-05 22:20:30'),
(100, 'Мортал Комбат 2: Винищення / Смертельна битва: Цілковите знищення ', 'mortal-kombat-2-vinishhennia-smertelna-bitva-cilkovite-znishhennia', 'Mortal Kombat: Annihilation', '95 хвилин (01:35)', 'Джеймс Ремар, Талиса Сото, Сандра Хесс, Брайан Томпсон, Линн «Красный» Уильямс, Рейнер Шёне, Дерон Макби, Мьюсетта Вэндер, Марджин Холден', NULL, 'Імператор Позаземелля Шао Кан прибуває на Землю, щоб особисто попередити її мешканців про свої наміри: знищити світ земний і зробити все це за сім біблійних днів. Серед його підручних — роботи, що володіють інстинктами та прийомами ніндзя, чотирирука діва Шива та звіроподібна людина Мотарро. Але їм протистоять герої Землі на чолі із самим лордом Рейденом... Очікується феєрверк єдиноборств!', 1, 68, NULL, 1, NULL, 4, 1, 0, NULL, '2024-02-05 22:20:29', '2024-02-05 22:20:30'),
(101, 'Парочка копів', 'parocka-kopiv', 'Cop Out', '107 хвилин (01:47)', 'Адам Броди, Кевин Поллак, Гильермо Диас, Шонн Уильям Скотт, Мишель Трахтенберг, Джейсон Ли, Рашида Джонс, Кори Фернандез', NULL, 'Історія двох давніх напарників – нью-йоркських поліцейських, зайнятих пошуками дуже рідкісної та страшенно дорогої бейсбольної картки, вкраденої в одного з них. Вони змушені протистояти жорстокому гангстеру, просто схибленому на колекційних штучках. Джиммі, який все життя пропрацював у поліції, покладав на зниклу картку всі свої надії, оскільки тільки за допомогою неї він міг би сплатити майбутнє весілля дочки, а Пол, його так званий «напарник у боротьбі зі злочинністю», настільки зациклюється на передбачуваній невірності своїй дружини, що йому стає вже непросто відстежувати пропажу.', 1, 81, NULL, 1, NULL, 2, 1, 0, NULL, '2024-02-05 22:20:29', '2024-02-05 22:20:30'),
(102, 'Американський пиріг', 'amerikanskii-pirig', 'American Pie', ' 95 хвилин (01:35)', 'Елісон Ганніґан, Крис Клейн, Томас Иэн Николас, Эдди Кэй Томас, Мена Сувари, Тара Рейд, Шеннон Элизабет, Наташа Лионн, Дженнифер Кулидж, Крис Оуэн, Эрик Лайвли, Молли Чик', NULL, 'На вечірці четверо старшокласників, Джим, Кевін, Фінч та Оз, з\'ясовують, що ніхто з них ще не мав сексуального досвіду з дівчатами. Приятелі вважають, що з колективною цнотою треба обов\'язково розлучитися до того, як вони переступлять поріг коледжу. На носі шкільний випускний бал, і у друзів залишилося мало часу на те, щоб виконати задумане.', 1, 70, NULL, 1, NULL, 2, 1, 0, NULL, '2024-02-05 22:20:29', '2024-02-05 22:20:30'),
(103, 'Американський пиріг 2', 'amerikanskii-pirig-2', 'American Pie 2', '108 хвилин (01:48)', 'Елісон Ганніґан, Крис Клейн, Томас Иэн Николас, Эдди Кэй Томас, Мена Сувари, Тара Рейд, Шеннон Элизабет, Наташа Лионн, Крис Оуэн, Молли Чик, Денис Фэй, Лиза Артуро', NULL, 'З часів першого фільму минув рік, усі герої тепер навчаються не в середній школі, а в коледжі, і влітку на канікули вирішують зняти заміський будинок, де можна весело провести час, повалятися на пляжі та поганятись за дівчатами, яких там надміру. Втім, проблеми собі знайде кожен із героїв: до Джима збирається приїхати та сама «студентка з обміну» Надя, з якою він публічно облажався у першому фільмі, Кевін зрозумів, що просто друзями з Віккі він бути не може, а Кріс ніяк не може зайнятися сексом по телефону зі своєю подругою Хезер, яка поїхала на навчання до іншого міста. На довершення всього Пол Фінч почав практикувати тантричний секс, рахуючи дні до прибуття Мами Стіфлера.', 1, 72, NULL, 1, NULL, 2, 1, 0, NULL, '2024-02-05 22:20:29', '2024-02-05 22:20:30'),
(104, 'Американський Пиріг 3: Весілля ', 'amerikanskii-pirig-3-vesillia', 'American Pie 3: Wedding', ' 96 хвилин (01:36)', 'Елісон Ганніґан, Эдди Кэй Томас, Томас Иэн Николас, Дженьюэри Джонс, Молли Чик, Дебора Раш, Фред Уиллард, Анджела Пэтон, Эрик Аллан Крамер, Аманда Свистен, Никки Шилер Зиринг, Лоуренс Прессман', NULL, 'Джим та Мішель вирішили одружитися! Адже весілля - штука важлива, і готуватися до неї треба ґрунтовно та серйозно, тим більше, якщо шафером у нареченого збирається стати сам Стіфлер! До великої передвесільної програми включено: холостяцька вечірка зі стриптизерками; спокуса жінок похилого віку в непроглядній темряві; прикраса весільного торта лобковим волоссям; чергове сексуальне родео Фінча з матір\'ю Стіфлера, як, втім, і сам Стіфлер — новоявлена гей-ікона, вроджений танцюрист-диско, тестостероновий титан та головна зірка урочистостей! Джим і Мішель запрошують Вас на своє весілля, нудьгувати на якому Вам точно не доведеться!', 1, 74, NULL, 3, NULL, 2, 1, 0, NULL, '2024-02-05 22:20:29', '2024-02-05 22:20:30'),
(105, 'Американський пиріг 8: Знову разом ', 'amerikanskii-pirig-8-znovu-razom', 'American Reunion', ' 113 хвилин (01:53)', 'Елісон Ганніґан, Джейсон Биггз, Крис Клейн, Томас Иэн Николас, Тара Рейд, Шонн Уильям Скотт, Мена Сувари, Эдди Кэй Томас, Джон Чо, Дженнифер Кулидж, Юджин Леви, Наташа Лионн, Дания Рамирес, Катрина Боуден, Джей Хэррингтон', NULL, 'Герої «Американського пирога» зустрічаються знову через кілька років. Вони доведуть, що навіть час і відстань не в змозі зруйнувати їхню дружбу. Влітку 1999-го четверо мічиганських хлопців вирішили розлучитися з невинністю. Минули роки, і тепер друзі повернулися додому вже подорослішавшими, аби згадати минуле та відірватися на повну котушку.', 1, 83, NULL, 1, NULL, 2, 1, 0, NULL, '2024-02-05 22:20:29', '2024-02-05 22:20:30'),
(106, 'Старскі та Гатч', 'starski-ta-gatc', 'Starsky & Hutch', ' 101 хвилина (01:41)', 'Эми Смарт, Джульетт Льюис, Кармен Электра, Фред Уильямсон, Джордж Чунг, Крис Пенн, Бранд Родерик, Молли Симс, Мэтт Уолш, Джеффри Лоренцо', NULL, 'Детектив Девід Старскі – найдосвідченіший агент, який працює під прикриттям на вулицях Бей Сіті у Каліфорнії. Він маніакально відданий своїй роботі, і жоден злочин не залишиться безкарним, поки він на чергуванні... а чергування у нього ніколи не припиняється. Детектив Кен Хатчінсон має власні погляди на образ ідеального охоронця порядку. Він схоплює на льоту, кмітливий і приймає блискавичні рішення. Але найчастіше такий поспіх призводить до провалу операцій. Стурбований шеф місцевої поліції капітан Доубі, нарешті, приймає соломонове рішення: об\'єднати двох найкращих, але недолугих поліцейських у команду та випустити їх на патрулювання міста. З першого дня спільної служби їм вдається вийти на слід великої афери з продажу наркотиків. Все вказує на багатого бізнесмена Ріса Фельдмана, але висунути звинувачення поки що не виходить. А Фельдман, тим часом, вже близький до здійснення найприбутковішої угоди в історії наркобізнесу. Несхожий дует детективів повинен буде продемонструвати всі свої найкращі якості, щоб покарати кримінал.', 1, 75, NULL, 1, NULL, 4, 1, 0, NULL, '2024-02-05 22:20:29', '2024-02-05 22:20:30'),
(107, 'Термінатор 3: Повстання машин', 'terminator-3-povstannia-masin', 'Terminator 3: Rise of the Machines', '109 хвилин (01:49)', 'Кристанна Локен, Клер Дэйнс, Дэвид Эндрюс, Марк Фамиглетти, Эрл Боэн, Мойра Харрис, Чоппер Бернет, Кристофер Лоуфорд, Кэролин Хеннеси, Джей Аковоне, М. К. Гейни, Сьюзэн Мерсон, Элизабет Мохэд', NULL, 'З того моменту, як Джон Коннор запобіг Судному Дню і врятував людство від знищення минуло десять років. Тепер йому 25, і він живе на самоті. Ніхто не може вирахувати його місцезнаходження. Але Скайнет, який захопив владу над планетою, не залишає спроб поквитатися з майбутнім вождем людства. Дві його попередні операції провалилися. Але цього разу злий геній упевнений у успіху. На полювання за Джоном відправлено нову модель робота-вбивці серії Т-Х (Термінатрікс) – сліпуча красуня, що має смертоносну силу. Тепер єдиний шанс для Коннора врятувати свою життя – з\'єднатися із термінатором Т-800. Їм знову належить вступити в бій з врагом і запобігти сталевому Армагеддону - повстанню машин!', 1, 74, NULL, 1, NULL, 2, 1, 0, NULL, '2024-02-05 22:20:29', '2024-02-05 22:20:30'),
(108, 'Термінатор', 'terminator', 'The Terminator', ' 107 хвилин (01:47)', 'Пол Уинфилд, Лэнс Хенриксен, Рик Россович, Бесс Мотта, Эрл Боэн, Дик Миллер, Шон Шеппс, Брюс М. Кернер, Франко Колумбу, Билл Пэкстон, Брэд Рирден, Брайан Томпсон', NULL, 'У центрі сюжету — протистояння солдата Кайла Різа та кіборга-термінатора, які прибули 1984-го року з пост-апокаліптичного майбутнього, де світом правлять машини-вбивці, а людство перебуває на межі вимирання. Мета кіборга: вбити дівчину на ім\'я Сара Коннор, чий ще ненароджений син до 2029 року виграє війну людства з машинами. Мета солдата Кайла Різа: врятувати Сару і зупинити Термінатора за будь-яку ціну.', 1, 55, NULL, 1, NULL, 2, 1, 0, NULL, '2024-02-05 22:20:29', '2024-02-05 22:20:30'),
(109, 'Ефект метелика ', 'efekt-metelika', 'The Butterfly Effect', ' 113 хвилин (01:53)', 'Эми Смарт, Мелора Уолтерс, Элден Хенсон, Уильям Ли Скотт, Джон Патрик Амедори, Ирен Горовая, Кевин Шмидт, Джесси Джеймс, Логан Лерман, Кэмерон Брайт, Эрик Столц, Каллум Кит Ренни, Лорена Гэйл, Натаниель Дево', NULL, 'За теорією хаосу, помах крила метелика здатний викликати на іншому кінці світу глобальні руйнування... Через амнезію дитинство Евана було надзвичайно складним та незрозумілим. Але порада психолога - вести щоденник та рішення батьків переїхати в інше місто, допомогли родині Евана впоратися з його недугою. Пройшло сім років, він – успішний студент психологічного факультету з вивчення механізмів пам\'яті. Але день, коли Еван вирушив з другом у бар відсвяткувати семирічний термін без провалів у пам\'яті, став першим днем його пригод. У барі він познайомився з дівчиною і запросив її до себе, бажаючи весело закінчити свято, але та, виявивши щоденники, попросила їх почитати. Читаючи записи, Еван на кілька хвилин несподівано опинився у своєму дитинстві... Так він виявив, що за допомогою спогадів, що зображені в щоденнику, може повертатися в минуле. Еван вирішує скористатися цим даром і виправити трагічні події свого дитинства.', 1, 75, NULL, 1, NULL, 2, 1, 0, NULL, '2024-02-05 22:20:29', '2024-02-05 22:20:30'),
(110, 'Бетмен повертається ', 'betmen-povertajetsia', 'Batman Returns', '126 хвилин (02:06)', 'Кристофер Уокен, Мишель Пфайффер, Эндрю Бринярски, Майкл Гоф, Даг Джонс, Анна Катарина, Кристи Конэуэй, Пэт Хингл, Стюарт Ланкастер, Винсент Скьявелли, Трэвис МакКенна, Джен Хукс, Майкл Мёрфи', NULL, 'Екранізація за мотивами коміксів про Бетмена. Людина-Пінгвін вирішує захопити владу у місті. І тому він організовує союз із великим промисловцем сумнівних моральних якостей — Максом Шреком. У той же час Макс Шрек викидає з вікна свою дуже цікаву секретарку Селіну Кайл, яка від отриманих травм помирає, але її повертають вуличні кішки до життя. Прокинувшись, вона розуміє, що повністю змінилася і стала людиною-кішкою. Задавшись метою помститися Максу Шреку, вона називається Жінкою-кішкою і вирушає на вулиці Готема. І лише Бетмен та комісар Гордон продовжують воювати зі злочинцями...', 1, 63, NULL, 1, NULL, 4, 1, 0, NULL, '2024-02-05 22:20:29', '2024-02-05 22:20:30'),
(111, 'Похмурі тіні', 'poxmuri-tini', 'Dark Shadows', '113 хвилин (01:53)', 'Ева Грин, Хелена Бонем Картер, Хлоя Грейс Морец, Элис Купер, Мишель Пфайффер, Джонни Ли Миллер, Джеки Эрл Хейли, Белла Хиткот, Гулливер МакГрат, Кристофер Ли, Уильям Хоуп, Рей Ширли, Айван Кэй, Сузанна Каппельяро', NULL, 'Власник маєтку Коллінвуд, Барнабас Коллінз, багатий, владний і славиться невиправним Казановою, поки не робить фатальну помилку, розбивши серце Анжеліки Бошар. Будучи відьмою в буквальному значенні цього слова, вона прирікає його на долю, гіршу, ніж сама смерть — перетворює його на вампіра і ховає живцем. Через два століття Барнабаса випадково звільняють зі склепу, і той опиняється в світі 1972 року, що дуже змінився. Він повертається до Коллінвуда і знаходить у руїнах цей колись величний будинок. Жалюгідні нащадки його сім\'ї збереглися лише трохи краще родового гнізда, і кожен з них має свої «скелети в шафі».', 1, 83, NULL, 1, NULL, 4, 1, 0, NULL, '2024-02-05 22:20:29', '2024-02-05 22:20:30'),
(112, 'Джон Уік', 'dzon-uik', 'John Wick', '101 хвилина (01:41)', 'Уиллем Дефо, Микаэл Нюквист, Алфи Аллен, Дин Уинтерс, Эдрианн Палики, Омер Барнеа, Тоби Мур, Дэниэл Бернхард, Бриджет Мойнэхэн, Иэн МакШейн, Бриджет Риган, Лэнс Реддик, Кит Джардин', NULL, 'Джон Вік, у минулому найманому вбивця на прізвисько Баба Яга (Бугімен), який щойно втратив дружину Хелен, отримує від неї посмертний подарунок – цуценя на прізвисько Дейзі. Спочатку байдужий до собаки, незабаром він прив\'язується до тварини. На заправці чоловік стикається з членами російської банди, чий лідер Йосип хоче купити машину Джона. Той відмовляється продавати. Три гангстери вистежують героя і вночі нападають на нього, жорстоко вбивши при цьому Дейзі і викравши автомобіль. Герой дізнається, що його пограбував син Вігго Тарасова, глави російського злочинного синдикату Нью-Йорка та колишнього роботодавця Джона. Гангстер, бажаючи захистити свого сина, намагається умовити чоловіка не шукати відплати, але колишній кілер непохитний.', 1, 85, NULL, 1, NULL, 2, 1, 0, NULL, '2024-02-05 22:20:29', '2024-02-05 22:20:30'),
(113, 'Ідіократія / Планета ідіотів', 'idiokratiia-planeta-idiotiv', 'Idiocracy', ' 84 хвилини (01:24)', 'Майя Рудольф, Энтони Кампос, Дэвид Херман, Сонни Кастилло, Кевин МакЭфи, Роберт Мусгрейв, Майкл МакКафферти, Кристофер Райан, , Хит Джонс, Эли Муньос, Патрик Фишлер', NULL, 'Внаслідок виродження інтелектуалів, неконтрольованого розмноження людей з, м\'яко кажучи, середніми розумовими можливостями, неправильною спрямованістю наукових досліджень та деградації моральних цінностей, людство тотально отупіло до XXVI століття. Але, завдяки проведеному нашого часу експерименту з заморожування людей, у майбутньому виявляються військовий і повія. Герої, здавалося б, не повинні відрізнятися високим рівнем інтелекту, так і є, але за мірками XXVI століття вони найрозумніші люди на планеті. Тепер вони мають урятувати людство від повного вимирання. Військовий і повія — єдина і остання надія цивілізації людей, що гине!', 1, 77, NULL, 1, NULL, 2, 1, 0, NULL, '2024-02-05 22:20:29', '2024-02-05 22:20:30'),
(114, 'Шостий елемент', 'sostii-element', '2001: A Space Travesty', ' 99 хвилин (01:39)', 'Офелия Винтер, Эцио Греджо, Питер Иган, Александра Камп-Грёнефельд, Дэмиен Массон, Пьер Эдвардс, Дэвид Фокс, Сэм Стоун, Верона Пут, Мишель Перрон, Пол Рейнвиль, Айван Дюшарм, Марк Хервю, Перри Канестрари', NULL, 'Крутий суперагент Членс із породи розумово відсталих надлюдей викриває змову, яка загрожує знищити все, у що він вірить, хоч і не зовсім \"в\'їжджає\": Правду, Справедливість та Американський спосіб життя. Підступний лікар Взад зі своїми підручними-інопланетянами задумав захопити Землю, викравши президента Сполучених Штатів та посадивши на його місце клона. Рятуючи людство, Членс вирушає на секретну місячну базу, де влаштовує всесвітній бардак космічних масштабів.', 1, 71, NULL, 3, NULL, 4, 1, 0, NULL, '2024-02-05 22:20:29', '2024-02-05 22:20:30'),
(115, 'П\'ятий елемент', 'piatii-element', 'The Fifth Element', ' 126 хвилин (02:06)', 'Гэри Олдман, Брайон Джеймс, Люк Перри, Иэн Холм, Томми Листер, Ли Эванс, Чарли Крид-Майлз, Трики, Джон Невилл, Джон Блузал, Матьё Кассовиц, Кристофер Фэйрбэнк', NULL, 'Щоп\'ять тисяч років відкриваються двері між вимірами і темні сили прагнуть порушити існуючу гармонію. Щоп\'ять тисяч років Всесвіту потрібен герой, здатний протистояти цьому злу. XXIII ст. Нью-йоркський таксист Корбен Даллас має вирішити глобальне завдання — порятунок всього людського роду. Зло як розпеченої маси, наділеної інтелектом, насувається Землю. Перемогти його можна, лише зібравши докупи чотири елементи (вони ж стихії - земля, вода, повітря і вогонь) і додавши до них загадковий п\'ятий елемент.', 1, 68, NULL, 1, NULL, 2, 1, 0, NULL, '2024-02-05 22:20:29', '2024-02-05 22:20:30'),
(116, 'Чотири кімнати', 'cotiri-kimnati', 'Four Rooms', ' 98 хвилин (01:38)', 'Сальма Хайек, Квентин Тарантино, Мариса Томей, Мадонна, Айони Скай, Дженнифер Билз, Дэвид Провэл, Пол Кэлдерон, Сэмми Дэвис, Аманда Де Кадене, Лили Тейлор, Алисия Уитт', NULL, 'Чотири історії, що сталися під Новий рік у невеликому готелі, де за головного залишився коридорний Тед (Тім Рот — «Мої чорничні ночі», «Темна вода»). Опинившись центральним персонажем цих історій, він побував на шабаші відьом, в руках розлюченого чоловіка-ревнивця, став жертвою нестерпних дітей і з вигодою для себе взяв участь у парі багатих оригіналів.', 1, 66, NULL, 1, NULL, 1, 1, 0, NULL, '2024-02-05 22:20:29', '2024-02-05 22:20:30'),
(117, 'Міцний горішок', 'micnii-gorisok', 'Die Hard', ' 131 хвилина (02:11)', 'Алан Рикман, Бонни Беделиа, Реджинальд ВелДжонсон, Пол Глисон, Уильям Этертон, Харт Бокнер, Джеймс Шигета, Александр Годунов, Бруно Доуон, Деворо Уайт, Андреас Висневски, Кларенс Гильярд мл.', NULL, 'Екранізація роману Родеріка Торпа «Ніщо не вічне». У суперсучасному хмарочосі Лос-Анджелеса поліцейський Джон Макклейн веде смертельну битву з бандою політичних терористів, які взяли в заручники два десятки людей, до яких потрапляє і його дружина. Почалося все з того, що хлопець приїхав до міста до дружини, опинився на різдвяному прийомі, а скінчилося справжньою війною.', 1, 59, NULL, 1, NULL, 2, 1, 0, NULL, '2024-02-05 22:20:29', '2024-02-05 22:20:30'),
(118, 'Дев\'ять ярдів', 'deviat-iardiv', 'The Whole Nine Yards', '98 хвилин (01:38)', 'Наташа Хенстридж, Розанна Аркетт, Майкл Кларк Дункан, Кевин Поллак, Харланд Уильямс, Кармен Ферланд, Серж Кристианссенс, Рени Мадлен Ле Гверрир, Жан-Ги Бочар, Ховард Билерман, Джонни Гоар, Диано Клаве', NULL, 'Дантист Ніколас Озерански вів спокійне та розмірене життя. Але знайомство з новим сусідом Джиммі Тюльпаном поклало їй кінець раз і назавжди. Тюльпан був професійним убивцею і вкрав у свого боса десять мільйонів доларів. А дружина Ніколаса - Софі - вирішила здати Джиммі його колишньому босові.', 1, 71, NULL, 1, NULL, 2, 1, 0, NULL, '2024-02-05 22:20:29', '2024-02-05 22:20:30'),
(119, 'Десять ярдів / Дев\'ять ярдів 2 ', 'desiat-iardiv-deviat-iardiv-2', 'The Whole Ten Yards', '98 хвилин (01:38)', 'Наташа Хенстридж, Кевин Поллак, Силас Уир Митчелл, Таша Смит, Таллула Белль Уиллис, Джонни Уильямс, Карлос Запата, МакНалли Сагал, Карл Киарфалио, Док Дюаме, Монте Рекс Перлин, Нед Беллами', NULL, 'Відійшовши, за допомогою свого друга-дантиста Ніколаса Озеранські, від справ найманий убивця Джиммі Тадескі спокійно живе у своєму бунгало на березі океану в Мексиці разом зі своєю дружиною Джилл. Але одного разу його ідилію порушує поява Озерански – він просить Джиммі врятувати свою дружину Синтію, яка опинилася в руках гангстерів. Тадеська не має жодного бажання вплутуватися в цю історію, але оскільки Ніколас привів за собою \"хвіст\" - бандита Ласло Гоголака, який опинився на волі, йому доводиться перейти до активних дій...', 1, 75, NULL, 1, NULL, 2, 1, 0, NULL, '2024-02-05 22:20:29', '2024-02-05 22:20:30'),
(120, 'Міцний горішок 2', 'micnii-gorisok-2', 'Die Hard 2', '124 хвилини (02:04)', 'Бонни Беделиа, Уильям Этертон, Реджинальд ВелДжонсон, Франко Неро, Уильям Сэдлер, Джон Эймос, Дэннис Франц, Арт Эванс, Фред Далтон Томпсон, Том Бауэр, Шила МакКарти, Дон Харви, Тони Гэниос, Питер Нельсон', NULL, 'Після того як Джон Макклейн помирившись із дружиною, перебирається до Лос-Анджелеса, минає час, і настає нове Різдво. Джон приїжджає в аеропорт Лос-Анджелеса, щоб зустріти із відрядження дружину Холлі. Але раптово події починають розгортатися так, що Джону знову доводиться викликати від терористів, які захопили аеропорт заради звільнення військового злочинця. Джону доведеться докласти все своє вміння, щоб літак, в якому летить його дружина, міг безпечно сісти на злітну смугу, що знеструмлена терористами.', 1, 61, NULL, 1, NULL, 2, 1, 0, NULL, '2024-02-05 22:20:29', '2024-02-05 22:20:30'),
(121, 'Міцний горішок 3: Помирати з піснею', 'micnii-gorisok-3-pomirati-z-pisneiu', 'Die Hard: With a Vengeance', ' 128 хвилин (02:08)', 'Ларри Бриггман, Грэм Грин, Коллин Кэмп, Энтони Пек, Николас Уаймэн, Сэм Филлипс, Кевин Чэмберлин, Шэрон Вашингтон, Стивен Перлман, Майкл Александер Джексон, Элдис Ходж, Миша Хауссерманн', NULL, 'В крупном универмаге произошёл взрыв, в участок полиции поступает анонимный звонок. Некто Саймон, как он попросил себя называть, просит начальника Нью-Йорской полиции, найти Джона Макклейна, с которым он будет говорить, иначе будут новые взрывы. Джон вернулся назад в Нью-Йорк, и у него сплошная чёрная полоса. Его жена Холли развелась с ним, с детьми он не может видеться, да и на работе у него не всё в порядке. Он не герой, а обычный детектив, часто выпивающий, просыпающийся с головной болью по утрам. Да и он не припомнит из своего прошлого никого с именем Саймон, чтобы иметь представление, с кем имеет дело полиция Нью-Йорка. Но Саймону на это плевать! Саймон будет говорить, Макклейн будет исполнять, и вовремя прибывать на место. Не правильно поймёт, будет – Бум. Не успеет на место, снова – Бум. Будет ли Джон в одиночку метаться по Нью-Йорку, во время неимоверно жаркого бабьего лета, в поисках правильных ответов на загадки Саймона, чтобы надрать надоедливому психу-террористу как положено зад?', 1, 66, NULL, 1, NULL, 2, 1, 0, NULL, '2024-02-05 22:20:29', '2024-02-05 22:20:30'),
(122, 'Стелс', 'stels', 'Stealth', ' 121 хвилина (02:01)', 'Джессика Бил, Сэм Шепард, Ричард Роксбург, Джо Мортон, Йен Блисс, Эбон Мосс-Бакрак, Майкл Денкха', NULL, 'На військово-морську авіабазу доставлено штучний інтелект, який має навчитися у справжнього пілота управлінню бойовим літаком. У міру зростання бойової та політичної підготовленості, ІскІн набуває також деяких ідей, безумовно шкідливих для світу в усьому світі.', 1, 76, NULL, 1, NULL, 4, 1, 0, NULL, '2024-02-05 22:20:29', '2024-02-05 22:20:30'),
(123, 'Нестерпні боси', 'nesterpni-bosi', 'Horrible Bosses', '98 хвилин (01:38)', 'Кевин Спейси, П.Дж. Бирн, Стив Виб, Линдси Слоун, , Селия Финкельштейн, Мишель Албала, Реджинальд Баллард, Джордж Бэк', NULL, 'Три головні герої — нормальні хлопці та славетні трудівники. Але їхні посадові обов\'язки давно виходять за межі, і все добре, якби не їхні шкідливі начальники, які не дають спокою і весь час чимось незадоволені. Причому якщо одному загрожує шеф-тиран і зануда, а другому страшенно некомпетентний син колишнього шефа, то третьому приятелеві вони можуть позаздрити - його лише домагається його начальниця-лікар. Коли такі «капризи» починають вторгатися в особисте життя і ставлять під загрозу особисте щастя, а шефи всерйоз загрожують звільненням, товариші замислюються: чи не позбутися настирливих, нестерпних босів? Найняти якогось майстра мокрих справ...', 1, 82, NULL, 3, NULL, 2, 1, 0, NULL, '2024-02-05 22:20:29', '2024-02-05 22:20:30'),
(124, 'Нестерпні боси 2', 'nesterpni-bosi-2', 'Horrible Bosses 2', '108 хвилин (01:48)', 'Кевин Спейси, Джонатан Бэнкс, Линдсей Слоун, Кигэн-Майкл Ки, Келли Стейблз, Джерри Ламберт, Сэм Ричардсон, Брайан Хоуи', NULL, 'Курт, Нік і Дейл — найкращі друзі, яким вдалося помститися босам, які перевищують свої повноваження та заважають їм нормально працювати. Після цього хлопці вирішили самі стати начальниками та організувати свій власний бізнес. Вони всі чітко спланували, але стали жертвами шахрайства з боку інвестора, внаслідок якого втратили свої заощадження. Тепер у них не залишилося іншого вибору, як покарати людину, яка несправедливо поводилася з ними. Друзі розробляють план викрадення сина інвестора з метою отримання викупу та повернення контролю над своєю компанією. Чи вдасться в них досягти бажаного результату?', 1, 85, NULL, 1, NULL, 2, 1, 0, NULL, '2024-02-05 22:20:29', '2024-02-05 22:20:30'),
(125, 'Обладунки Бога 2: Операція Кондор', 'obladunki-boga-2-operaciia-kondor', 'Armour of God II: Operation Condor', ' 106 хвилин (01:46)', 'Кэрол \'До До\' Чэн, Ева Кобо, Шоко Икеда, Альдо Самбрелл, Кен Гудман, Стиви Тарталия, Лин Персивал, Брюс Фонтейн, Уэйн Арчер, Брэндон Чарльз, Кен Ло, Питер Клименко, Кристиан Перрошо, Джонатан Ижгар', NULL, 'Азіатський Яструб повертається! Цього разу його чекає нова робота, через яку наш герой знову приїжджає до Мадрида. Якийсь загадковий мільйонер пропонує Яструбу зайнятися пошуками нацистських скарбів, які заховані в глибині африканської пустелі. Він передає ключ до скарбниці, погоджується фінансувати експедицію та відправляє з Яструбом супутницю — фахівця з Африки Аду. По-часу, свого перебування в Мадриді, Яструб знайомиться з німецькою дівчиною Ельзою, яка розшукує свого діда, який зник під час війни в Африці. Після низки пригод Ельза також приєднується до експедиції.', 1, 62, NULL, 1, NULL, 4, 1, 0, NULL, '2024-02-05 22:20:29', '2024-02-05 22:20:30'),
(126, 'Рекрут', 'rekrut', 'The Recruit', '115 хвилин (01:55)', 'Гэбриел Махт, Бриджет Мойнэхэн, Кеннет Митчелл, Майк Рилба, Рон Лиа, Карл Прюнер, Джини Колледжа, Дженни Ливайн, Анджело Царучас, Юджин Липински, Марк Эллис, Ричард Фицпатрик, Джон Уотсон', NULL, 'Джеймс Клейтон зовсім не мріяв про кар\'єру шпигуна. Але спокуса дізнатися правду про таємниче зникнення 1990 року свого батька — секретного агента, змушує його завербуватися до ЦРУ. Новий рекрут добре проходить один тест за іншим, але завдання стають все витонченішими. Звичайні події виявляються прихованою перевіркою, а наставник героя, запеклий розвідник Уолтер Берк все наполегливіше натякає: те, що відбувається насправді, може бути не тим, чим здається. Обстановка розжарюється з кожним днем, і одного разу Клейтон дізнається про причину цього: в Ленглі завівся «крот», і саме йому належить вирахувати зрадника. Що це черговий тест? Чи жарти скінчилися, і на кону — національна безпека?', 1, 74, NULL, 1, NULL, 2, 1, 0, NULL, '2024-02-05 22:20:29', '2024-02-05 22:20:30'),
(127, 'Аналізуючи це ', 'analizuiuci-ce', 'Analyze This', '103 хвилини (01:43)', 'Лиза Кудроу, Ричард Кастеллано, Молли Шеннон, Чазз Пальминтери, Лео Росси, Ребекка Шалл, Джо Витерелли, Тони Дэрроу, Билл Мэйси, Джимми Рэй Уикс, Элизабет Бракко', NULL, 'Пол Вітті – впливовий нью-йоркський мафіозі на межі нервового зриву. Всі гангстери в шоці: як допомогти своєму божеві чокнутому? Бен Соболь – звичайний психоаналітик. Він має всього кілька днів на те, щоб допомогти хрещеному батькові впоратися з депресією.', 1, 70, NULL, 1, NULL, 2, 1, 0, NULL, '2024-02-05 22:20:29', '2024-02-05 22:20:30'),
(128, 'Аналізуючи те', 'analizuiuci-te', 'Analyze That', '96 хвилин (01:36)', 'Лиза Кудроу, Джо Витерелли, Кэти Мориарти, Джо Д`Онофрио, Энтони ЛаПалья, Джеймс Бибери, Калли Торн, Брайан Рогальски, Рег Роджерс, Томас Розалес мл., Майкл Стивер, Ребекка Шалл, Джон Финн', NULL, 'Мафіозі Пол Вітті (Де Ніро) повертається із в\'язниці. Він потребує серйозних рекомендацій, і просить допомоги свого психоаналітика доктора Бена Собела. Однак, він з подивом зауважує, що Собел сам потребує деякої серйозної допомоги, оскільки він успадкував сімейну практику, а разом з нею і надмірну нервову напругу.', 1, 73, NULL, 1, NULL, 2, 1, 0, NULL, '2024-02-05 22:20:29', '2024-02-05 22:20:30'),
(129, 'К-9: Собача робота', 'k-9-sobaca-robota', 'K-9', ' 101 хвилина (01:41)', 'Мэл Харрис, Кевин Тай, Джеймс Хэнди, Эд О`Нил, Джерри Ли, Дэниэл Дэвис, Коттер Смит, Джон Снайдер, Прюитт Тейлор Винс, Шерман Ховард, Джефф Эллин, Дэвид Хэскелл, Алан Блюменфилд, Уильям Сэдлер', NULL, 'Кумедний поліцейський Майкл Дулі в біді: його намагається вбити відомий наркодилер за втручання в його бізнес. Друг поліцейського \"позичає\" йому вівчарку на прізвисько Джеррі Лі, спеціально натягнуту на запах наркотиків. За допомогою пса Дулі сподівається зловити злочинця і вивести його на чисту воду, але не так просто. У Джеррі Лі свій характер і він працює тільки коли душа забажає. До того ж собака бере активну участь у поломці машини Майкла, розгромі будинку та його особистому житті.', 1, 60, NULL, 1, NULL, 4, 1, 0, NULL, '2024-02-05 22:20:29', '2024-02-05 22:20:30'),
(130, ' Остін Паверс: Міжнародний таємний агент', 'ostin-pavers-miznarodnii-tajemnii-agent', 'Austin Powers: International Man of Mystery', '94 хвилини (01:34)', 'Элизабет Хёрли, Майкл Йорк, Мими Роджерс, Роберт Вагнер, Сет Грин, Фабиана Уденио, Минди Стерлинг, Пол Диллон, Чарльз Нэпьер', NULL, 'Світ у небезпеці: великий та жахливий Лікар Зло загрожує запустити ядерну ракету, вимагаючи 100 мільярдів доларів! Але на кожного суперлиходія є свій супергерой. Через 30 років, проведених у кріогенній камері, неповторний Остін Пауерс, найкращий секретний агент Її Величності та улюбленець всіх жінок, розморожений і знову готовий до дій! Разом із напарницею, чарівною Ванессою, він легко обмине всі хитромудрі пастки, розставлені підступним супротивником, і врятує людство!', 1, 68, NULL, 3, NULL, 2, 1, 0, NULL, '2024-02-05 22:20:29', '2024-02-05 22:20:30'),
(131, 'Остін Паверс: Шпигун, який мене звабив', 'ostin-pavers-spigun-iakii-mene-zvabiv', 'Austin Powers: The Spy Who Shagged Me', '95 хвилин (01:35)', 'Элизабет Хёрли, Сет Грин, Хезер Грэм, Майкл Йорк, Роберт Вагнер, Роб Лоу, Мелинда Стерлинг, Верн Тройер, Гия Каридес, Оливер Мюрхэд, Джордж Чунг, Джеффри Менг, Мьюз Уотсон, Скотт Купер', NULL, 'Доктор Зло, що мріє про світове панування, вирушає назад у 60-ті, що свінгують, щоб викрасти «моджо» плейбою і суперагента Остіна Пауерса-талісман, що гарантує йому успіх у жінок. Смертельна сутичка неминуча. Остін кидається в погоню за своїм ворогом, щоб разом із спокусливою помічницею Феліцією Трахвелл врятувати світ, повернути свою гіперсексуальність і встигнути додому якраз до чаю.', 1, 70, NULL, 3, NULL, 2, 1, 0, NULL, '2024-02-05 22:20:29', '2024-02-05 22:20:30'),
(132, 'Знайомство з батьками', 'znaiomstvo-z-batkami', 'Meet the Parents', '108 хвилин (01:48)', 'Тери Поло, Блайт Дэннер, Николь ДеХафф, Джон Абрахамс, Джеймс Ребхорн, Том МакКарти, Филлис Джордж, Кали Роча, Берни Шериди, Джуда Фридлендер, Питер Бартлетт, Марк Хаммер', NULL, 'Власник чудового прізвища, санітар Грег Трахер, вирушає за місто, щоб познайомитись з батьками своєї дівчини Пем. Тут Грег збирається урочисто просити руки коханої. Але, на жаль, Грег - хлопець невдачливий, і будь-які добрі починання у його виконанні перетворюються на справжній жах. Нещасний Трахер і в найстрашнішому сні не припускав, які на нього чекають випробування. Справа в тому, що батько Пем, Джек Бернс - відставний співробітник ЦРУ, влаштовує приятелям дочки свою особливу та жорстку перевірку. Ця перевірка включає навіть спеціальний тест на детекторі брехні!', 1, 71, NULL, 3, NULL, 4, 1, 0, NULL, '2024-02-05 22:20:29', '2024-02-05 22:20:30'),
(133, 'Знайомство з Факерами', 'znaiomstvo-z-fakerami', 'Meet the Fockers', ' 115 хвилин (01:55)', 'Блайт Дэннер, Тери Поло, Спенсер Пикрен, Брэдли Пикрен, Аланна Юбак, Рэй Сантьяго, Тим Блэйк Нельсон, Шелли Берман, Кали Роча, Дорри Бартон', NULL, 'Фільм «Знайомство з Факерами» - друга частина трилогії про взаємини між родичами новоутвореній сім\'ї Грега і Пем.  Після того, як батько Пем зі скрипом, але все-таки прийняв медбрата як нареченого своєї дочки, настала пора їм відправитися в будинок батьків Грега і познайомитися з ними.  Факери і Бернси надзвичайно різні за темпераментом люди. Люблячий контроль і розпорядок: Джек і його стримана дружина Діна жахаються від вільнодумства і відкритості Розалінди і Бернарда. Вони розмовляють на інтимні теми, постійно займаються сексом, радіють життю і не засуджують нікого навколо.  Бернси дізнаються багато нового про свого майбутнього зятя, але Джеку здається цього мало, і він вирішує влаштувати допит з пристрастю і збір додаткової інформації. В цей час Діна переймається ідеями Розалінди. Їй бракує уваги чоловіка, а поради досвідченого сексолога здатні вплинути на покращення атмосфери в їхньому союзі.  Зіткнення двох протилежностей неминуче призведе до проблем, але в дружній родині завжди знайдеться спосіб їх вирішення.', 1, 75, NULL, 3, NULL, 4, 1, 0, NULL, '2024-02-05 22:20:29', '2024-02-05 22:20:30'),
(134, 'Ігри джентльменів / Замочити бабцю', 'igri-dzentlmeniv-zamociti-babciu', 'The Ladykillers', '104 хвилини (01:44)', 'Роберт Бэйкер, Грег Гранберг, Ирма П. Холл, Райан Херст, Джордж Уоллес, Джейсон Уивер, Ци Ма', NULL, 'Тихе південне містечко на березі Міссісіпі неподалік Нового Орлеана. Сонне провінційне життя, опухлий від неробства та постійного сну шериф, протяжні гудки буксирів, що транспортують річкою величезні баржі зі сміттям. Марва Мансон (Ірма Холл) – поважна літня афроамериканка, чиє життя перебуває у повній згоді зі стилем існування цього містечка. Містер Мансон покинув цей світ уже досить давно, і місіс Мансон коротає свій вік у чудовому будинку з видом на річку в компанії з котом Марципаном та портретом містера Мансона. Шановна місіс здає одну з кімнат свого будинку і навіть має можливість займатися благодійністю: раз на місяць вона виписує чек на п\'ять доларів Університету Боба Джонса.', 1, 75, NULL, 1, NULL, 2, 1, 0, NULL, '2024-02-05 22:20:29', '2024-02-05 22:20:30'),
(135, 'Пережити Різдво', 'pereziti-rizdvo', 'Surviving Christmas', '91 хвилина (01:31)', 'Кэтрин О`Хара, Кристина Эпплгейт, Джеймс Гандольфини, Джош Цуккерман, Билл Мэйси, Дженнифер Моррисон, Удо Кир, Дэвид Селби, Стефани Фэраси, Стивен Рут, Сай Ричардсон, Тэнджи Эмброуз, Джон \'Б.Дж.\' Брайант, Питер Джейсон', NULL, 'Завмерло рутинне життя багатія Дрю Летама приводить його на Різдво в приміський будинок свого дитинства. І навіть той факт, що будинок тепер заселений іншими людьми, не може зіпсувати Дрю настрій. За солідну винагороду він пропонує родині Валко на якийсь час стати його рідною, і сам мріє відзначити свято в їхньому колі. Ось тільки гроші кружляють голову далеко не всім його новим родичам, та й самі Валко, здається, є рідкісною сімейкою психопатів…', 1, 75, NULL, 1, NULL, 2, 1, 0, NULL, '2024-02-05 22:20:29', '2024-02-05 22:20:30'),
(136, 'Поліцейський з Беверлі Хіллз 3', 'policeiskii-z-beverli-xillz-3', 'Beverly Hills Cop III', ' 104 хвилини (01:44)', 'Джадж Райнхолд, Гектор Элизондо, Джон Сэксон, Тереза Рэндл, Бронсон Пинчот, Тимоти Кархарт, Стивен МакХэтти, Алан Янг, Эл Грин, Гилберт Р. Хилл, Юджин Колльер, Усон Илам, Рэй Лайкинс, Линдси Гинтер', NULL, 'Після перерви у сім років поліцейський із Детройта Аксель Фоулі знову змушений побувати у своїх друзів у Беверлі-Хіллз. Його наводять туди пошуки вбивці коханого шефа. В результаті парк атракціонів «Світ чудес», де бандити в моторошному підпіллі друкували фальшиві долари, став ареною бойових дій, а наш герой помстився вбивцям, прославився та познайомився із чарівною працівницею парку.', 1, 65, NULL, 1, NULL, 2, 1, 0, NULL, '2024-02-05 22:20:29', '2024-02-05 22:20:30'),
(137, 'Траса 60: Дорожні пригоди ', 'trasa-60-dorozni-prigodi', 'Interstate 60: Episodes of the Road', ' 116 хвилин (01:56)', 'Гэри Олдман, Эми Смарт, Пол Брогрен, Уэйн Робсон, Мэттью Эдисон, Мелисса Эд, Джон Буржуа, Роз Майклс, Джонатан Уитэйкер, Марк Лутс, Криста Лиз, Майкл Роудс', NULL, 'У легендах та міфах є персонажі, головне завдання яких – виконувати бажання. У арабів — це джини, у ірландців — лепрекони, у китайців — дракони, у європейців — феї та лісові парфуми. А в Америці є хтось О. Ж. Грант - досить дивна і забавна людина, яка теж може виконати будь-яке Ваше бажання. Але будьте обережні – він дуже пустотливий! Ось його й зустрічає одного разу Нейл Олівер. Нейл цілком задоволений своїм життям: у нього забезпечені батьки, симпатична наречена та попереду блискуча кар\'єра юриста. Але з недавніх пір ночами йому почала снитися загадкова дівчина, яку він ніяк не може викинути з голови. Дивакуватий Грант запрошує Нейла здійснити поїздку таємничою автострадою 60, якої немає на жодній картіСША. І Нейл кидає все і пускається в саму неймовірну і ризиковану подорож у своєму житті, вирішивши будь-що-будь розшукати незнайомку зі своїх снів.', 1, 73, NULL, 1, NULL, 2, 1, 0, NULL, '2024-02-05 22:20:29', '2024-02-05 22:20:30'),
(138, 'Смертельна зброя', 'smertelna-zbroia', 'Lethal Weapon', ' 110 хвилин (01:50)', 'Гэри Бьюзи, Митч Райан, Том Эткинс, Дарлен Лав, Трэйси Вульф, Джеки Суонсон, Дэймон Хайнс, Эбони Смит', NULL, 'Чарівність цього вічного пригодницького сюжету про пару поліцейських — у чудовій грі Гібсона та Гловера. Перший — трохи чокнутий сміливець Ріггз, якому через його легендарне в\'єтнамське минуле і не менш легендарне сьогодення дали шанобливу кличку «смертельну зброю». Його чорношкірий напарник Мертаф — людина куди більш земна, обтяжена сім\'єю та забобонами.', 1, 58, NULL, 1, NULL, 2, 1, 0, NULL, '2024-02-05 22:20:29', '2024-02-05 22:20:30'),
(139, 'Смертельна зброя 2', 'smertelna-zbroia-2', 'Lethal Weapon 2', ' 114 хвилин (01:54)', 'Джосс Экленд, Деррик О`Коннор, Пэтси Кенсит, Дарлен Лав, Трэйси Вульф, Стив Кэхэн, Марк Ролстон', NULL, 'Мертаф все ще сімейна людина. Ріггз все ще безшабашний холостяк, але тепер він прораховує шанси, перш ніж влізти у безвихідь. Нашим героям цього разу протистоять погані хлопці з Південної Африки, дипломати, які займаються контрабандою наркотиків. Фільм виграє не тільки від соковитого гумору та чарівності дуету Гібсон-Гловер, а й від появи нового персонажа — бухгалтера, який відмивав гроші для наркоторговців, який прокрався і попросив захисту у поліції. Петсі Кенсіт вносить приємну сексуальність у ролі секретарки південноафриканців. Між нею та Гібсоном зав\'язується пристрасний роман. Решта начинки з трюків, погонь, вибухів і перестрілок залишається на належній висоті.', 1, 60, NULL, 1, NULL, 2, 1, 0, NULL, '2024-02-05 22:20:29', '2024-02-05 22:20:30'),
(140, 'Смертельна зброя 3 ', 'smertelna-zbroia-3', 'Lethal Weapon 3', '118 хвилин (01:58)', 'Рене Руссо, Стюарт Уилсон, Стив Кэхэн, Дарлин Лав, Трэйси Вульф, Дэймон Хайнс, Эбони Смит, Ник Чинланд, Алан Скарф, Делорес Холл, Мэри Эллен Трейнор, Марк Пеллегрино', NULL, 'Третій фільм про безстрашний поліцейський Ріггс. Цього разу Мартін та його напарник Роджер стикаються з гангстерами, які викрадають зброю зі складу поліції. Злочинну групу, за якою тягнеться довгий кривавий слід, очолює колишній сержант Джек Тревіс. Знайти докази проти «брудного» поліцейського напарникам допомагає Лорна Коул — рішуча жінка-поліцейський, яка не зупиняється перед небезпекою і впевнено вступає в бій із супротивниками.', 1, 63, NULL, 1, NULL, 2, 1, 0, NULL, '2024-02-05 22:20:29', '2024-02-05 22:20:30'),
(141, 'Смертельна зброя 4', 'smertelna-zbroia-4', 'Lethal Weapon 4', ' 127 хвилин (02:07)', 'Рене Руссо, Стив Кэхэн, Ким Чан, Дарлен Лав, Трэйси Вульф', NULL, 'Головний герой Ріггз чекає, як сподівається, сина від Лорни Коул, а Роджер — онука. Обидва вже відчувають вік, їм дали звання капітанів, але серця їх ще молоді і без пригод не можуть. У цьому 4-му фільмі їхні доріжки випадково перетнулися з китайськими мафіозі, що друкують фальшиві гроші. У фільмі є гумор, безліч перестрілок, бійок, погонь, запаморочливих трюків. Вибухають бензовози, машини, кораблі сідають на мілину, Джет Лі показує свою майстерність у східних єдиноборствах.', 1, 69, NULL, 1, NULL, 2, 1, 0, NULL, '2024-02-05 22:20:29', '2024-02-05 22:20:30'),
(142, 'Початок часів', 'pocatok-casiv', 'Year One', ' 99 хв (01:39)', 'Оливия Уайлд, Джуно Темпл, Оливер Плэтт, Хэнк Азария, Джун Рафаэль', NULL, 'Зет і Ох - два одноплемінники. Коли Зет порушує правило і зриває плід із Древа пізнання, він виганяється з племені. Вірний Ох йде з другом, і вони знаходять двох красунь, плем\'я яких поневолено. Любов дівчат можна заслужити хоробрістю під час визволення племені. Зет і Ох починають боротьбу, під час якої їм зустрічаються багато біблійних героїв.', 1, 80, NULL, 1, NULL, 2, 5, 0, NULL, '2024-02-05 22:20:29', '2024-02-05 22:20:30'),
(143, 'Осліплений бажанням', 'osliplenii-bazanniam', 'Bedazzled', ' 93 хвилини (01:33)', 'Элизабет Хёрли, Фрэнсис О`Коннор, Мириам Шор, Орландо Джонс, Пол Адельштейн, Тоби Хасс, Гэбриел Коссес, Брайан Дойл-Мюррей, Джефф Дусетте, Аарон Лустиг, Рудольф Мартин, Джулиан Фёрт, Бонни Соммервиль, Сэди Стрэттон', NULL, 'Він ще ніколи не був таким спокусливим. Цього разу він приймає образ розпусної красуні, що змушує будь-якого чоловіка кинутися в обійми безумства. Невдаха-програміст - найкращий об\'єкт для вербування. Об\'єкт продажу – безсмертна душа. Ціна – 7 бажань. Але в цьому житті безкоштовним буває лише сир у мишоловці, кожна медаль має дві сторони. Виконуючи будь-яке бажання продажної душі, він не дає насолодитися результатом. Миттєво життя програміста перетворюється на справжнє пекло.', 1, 71, NULL, 1, NULL, 2, 1, 0, NULL, '2024-02-05 22:20:29', '2024-02-05 22:20:30'),
(144, 'Однокласники', 'odnoklasniki', 'Grown Ups', ' 102 хвилини (01:42)', 'Сальма Хайек, Мария Белло, Майя Рудольф, Джойс Ван Паттен, Эбони Джо-Энн, Ди Квон, Колин Куинн, Тим Медоуз, Мэдисон Райли', NULL, 'Не всім до вподоби бути дорослим. Ось і п\'ятьом нерозлучним друзям-однокласникам набагато комфортніше разом. Щоб знову поринути у кругообіг хлоп\'ячих проказ, вони зустрічаються через тридцятирічний перерву після завершення навчання. На них чекають нові несподівані пригоди та маса безглуздих ситуацій у фільмі «Однокласники» (Grown Ups). Одне те, що фільм «Однокласники» знято за участю комедійного актора Адама Сендлера, і сценарій написаний ним же, говорить про те, що чудовий настрій під час перегляду гарантований.', 1, 81, NULL, 1, NULL, 4, 1, 0, NULL, '2024-02-05 22:20:29', '2024-02-05 22:20:30'),
(145, 'Клік: З пультом по життю', 'klik-z-pultom-po-zittiu', 'Click', '107 хвилин (01:47)', 'Кристофер Уокен, Кейт Бекинсейл, Генри Уинклер, Джули Кавнер, Шон Остин, Джозеф Кэстэнтон, Джейк Хоффман', NULL, 'Життя архітектора Майкла Ньюмана зайшло в глухий кут. Він завалений роботою, падає з ніг від утоми і зовсім не має часу на дружину та дітей. Герой вже майже змирився з таким безпросвітним існуванням, як раптом зустріч із диваком винахідником Морті радикально змінює його долю. Той вручає Ньюману пульт дистанційного керування – тільки не телевізором, а… життям! Відтепер Майкл може робити з нею все: перемотувати вперед-назад, ставити на паузу та уповільнене відтворення, вирубувати звук, налаштовувати колір. Ну, тепер він візьме долю у власні руки і знайде втрачені в битві з рутиною ключі від щастя! Однак радість героя виявляється передчасною: чарівна техніка виявляється з норовом і часом веде себе не так, як припускав господар!', 1, 77, NULL, 1, NULL, 4, 1, 0, NULL, '2024-02-05 22:20:29', '2024-02-05 22:20:30'),
(146, 'Боєць', 'bojec', 'The Fighter', ' 116 хвилин (01:56)', 'Эми Адамс, Мелисса Лео, Микки О\'Киф, Джек МакГи, Мелисса МакМикин, Бьянка Хантер, Эрика МакДермотт, Джилл Квигг, Дендри Тейлор, О’Брайэн Кейт Би, Дженна Ламия, Фрэнк Рензулли, Пол Кэмпбелл', NULL, 'Неймовірна, але реальна історія шляху до звання чемпіона світу боксера Міккі Уорда на прізвисько «Ірландець». Сходження Уорда було схоже на сходження легендарного Роккі. Хлопець із народу, між боями він працював на дорожніх роботах. Переживши низку невдач і поразок, Міккі зумів знову повернутися на ринг, коли його тренером став зведений брат Діккі Еклунд, колишній боксер, кар\'єра якого обірвалася через пристрасть до кокаїну. Допомога брата, любов офіціантки Шарлін, турбота матері та незламна воля до перемоги дозволили Уорду зійти на світовий п\'єдестал.', 1, 81, NULL, 1, NULL, 2, 3, 0, NULL, '2024-02-05 22:20:29', '2024-02-05 22:20:30'),
(147, 'Не займайте Зохана / Не жартуйте з Зоханом ', 'ne-zaimaite-zoxana-ne-zartuite-z-zoxanom', 'You Don\'t Mess With the Zohan', '113 хвилин (01:53)', 'Джон Туртурро, Эммануэль Шрики, Ник Свардсон, Лэйни Казан, Идо Моссери, Дэйв Мэтьюз, Майкл Баффер, Шарлотта Рэй, Саид Бадрия, Дауд Хейдами, Кевин Нилон, Роберт Шмигель, Дина Дорон', NULL, 'Зохан - ізраїльський коммандос, агент Моссада і антитерорист - під час захоплення відомого світового злочинця інсценує власну загибель, щоб зав\'язати з героїчним минулим і здійснити свою давню мрію: стати стилістом у Нью-Йорку. Озброївшись ножицями та бажаним керівництвом, він вирішує розпочати свою кар\'єру у невеликому салоні. Слава про підвищену увагу до деталей та надання особливого сервісу швидко поширюється серед представниць прекрасної статі, і бажаючих опинитися в його кріслі стає хоч греблю гати. Але раптово його дізнаються і над романтично налаштованим Зоханам нависає загроза втратити не тільки вподобану кар\'єру, але цього разу і власне життя.', 1, 79, NULL, 1, NULL, 2, 1, 0, NULL, '2024-02-05 22:20:29', '2024-02-05 22:20:30'),
(148, 'Карти, гроші і два стволи', 'karti-grosi-i-dva-stvoli', 'Lock, Stock and Two Smoking Barrels', '107 хвилин (01:47)', 'Стинг, Ник Моран, Декстер Флетчер, Ленни МакЛин, П.Х. Мориарти, Вэс Блэквуд, Фрэнк Харпер, Стивен Макинтош, Николас Роу, Ник Марк, Чарльз Форбс, Питер МакНиколл', NULL, 'Четверо молодих хлопців накопичили кожен по 25 тисяч фунтів, щоб один з них міг зіграти в карти з досвідченим шулером і запеклим злочинцем, відомим на прізвисько Гаррі-Сокира. Хлопець зрештою програв 500 тисяч, на сплату боргу йому дали тиждень. В іншому випадку і йому та його «спонсорам» щодня відрубуватимуть на пальці, а потім... Щоб вийти зі становища, хлопці вирішили пограбувати бандитів, які вирішили пограбувати трьох «ботаніків», які вирощують марихуану для місцевого наркобарона. Але на цьому пригоди четвірки не закінчуються...', 1, 69, NULL, 1, NULL, 1, 1, 0, NULL, '2024-02-05 22:20:29', '2024-02-05 22:20:30'),
(149, 'Нестримні 3', 'nestrimni-3', 'The Expendables 3', '126 хвилин (02:06)', 'Терри Крюс, Рэнди Кутюр, Ронда Раузи, Келлан Латс, Сарай Гивати, Роберт Дави', NULL, 'Барні, Крістмас та інші члени команди сходяться віч-на-віч з Конрадом Стоунбенксом, який багато років тому заснував разом з Барні команду «Нестримних». Згодом Стоунбенкс стає безжальним торговцем зброєю і тим самим перетворюється на людину, яку Барні було доручено вбити. Або принаймні він сам так вважав. Тепер Стоунбенкс, який один раз уже зумів обдурити смерть, поставив собі за мету покінчити з «Нестримними» — але у Барні з цього приводу свої плани. Барні вирішує, що в його боротьбі «свіжий» підхід можна протиставити старим методам, і поповнює ряди людьми, які молодші, швидкі та технічно більш підковані. Так, у членів команди «Нестримних» починається нова ера. Остання місія перетворюється на зіткнення між представниками класичної старої школи та експертами у високих технологіях.', 1, 85, NULL, 3, NULL, 4, 1, 0, NULL, '2024-02-05 22:20:29', '2024-02-05 22:20:30'),
(150, 'Ніч у Роксбері', 'nic-u-roksberi', 'A Night at the Roxbury', '82 хвилини (01:22)', 'Рэкуэл Гарднер, Вивека Полин, Полетт Брэкстон, Майкл М. Хортон, Дженнифер Кулидж, Майкл Кларк Дункан, Ричард Грико, Лони Андерсон, Дэн Хедайя, Джина Мари, Молли Шеннон, Локлин Манро, Кристен Далтон', NULL, 'Вони носять чарівні костюми та золоті ланцюги. У них модні зачіски та стильні бакенбарди. Їхнє середовище — нічні клуби. Стимул їхнього життя — красиві жінки. Їхня найзаповітніша мрія — потрапити до престижного та недоступного клубу «Роксбері»... Комедія Джона Фортенберрі знята за мотивами скетчів «The Roxbury Guys» із програми «Saturday Night Live».', 1, 69, NULL, 1, NULL, 2, 1, 0, NULL, '2024-02-05 22:20:29', '2024-02-05 22:20:30'),
(151, 'Лемоні Снікет: Тридцять три нещастя ', 'lemoni-sniket-tridciat-tri-neshhastia', 'Lemony Snicket\'s A Series of Unfortunate Events', ' 108 хвилин (01:48)', 'Мэрил Стрип, Кэтрин О`Хара, Эмили Браунинг, Лиам Эйкен, Кара Хоффман, Шелби Хоффман, Тимоти Сполл, Билли Коннолли', NULL, 'Сценарій фільму заснований на перших трьох романах книжкової серії \"Серія невдалих подій\": \"Поганий початок\" (1999), \"Кімната з рептиліями\" (1999) та \"Широке вікно\" (2000) Лемоні Снікет (псевдонім американського письменника Денієла Хендлер). Одного поганого похмурого дня на юних Бодлерів - Вайолет, Клауса та їх маленьку сестричку Сонечко - обвалилися нещастя. Страшна пожежа позбавила їх удома та люблячих батьків. У житті сиріт з\'явився опікун граф Олаф, який, як виявилося, зовсім не граф, а злий геній, актор і майстер переодягань, який прагне заволодіти спадщиною нещасних дітей.', 1, 75, NULL, 1, NULL, 4, 1, 0, NULL, '2024-02-05 22:20:29', '2024-02-05 22:20:30'),
(152, 'Форсаж 4', 'forsaz-4', 'Fast & Furious', ' 106 хвилин (01:46)', 'Мішель Родріґес, Галь Гадот, Джордана Брюстер, Джон Ортис, Лаз Алонсо, Джек Конли, Ши Уигхэм, Лиза Лапира, Сон Кан, Тего Калдерон, Мирта Мишель, Грег Сайпс, Рон Йуан', NULL, 'Коли крива доріжка змушує будинку Торетто, що ховається від правосуддя, повернутися в Лос-Анджелес, ворожнеча з агентом Браяном О’Коннером спалахує з новою силою. Але в парочки виявляється спільний противник, і Дому з Браяном доводиться укласти перемир\'я з надією здобути над ним перемогу. Грабуючи конвої, риючи підкопи і перетинаючи кордони, вони приходять до ідеальної форми помсти — педалі газу, втиснутої до упору.', 1, 80, NULL, 1, NULL, 2, 1, 0, NULL, '2024-02-05 22:20:29', '2024-02-05 22:20:30');
INSERT INTO `films` (`id`, `title`, `slug`, `origin_title`, `duration`, `other_actor`, `note`, `description`, `category_id`, `year_id`, `season_id`, `rating_id`, `status_id`, `age_id`, `quality_id`, `view`, `thumbnail`, `created_at`, `updated_at`) VALUES
(153, 'Не відступати і не здаватися', 'ne-vidstupati-i-ne-zdavatisia', 'No Retreat, No Surrender', ' 85 хвилин (01:25)', 'Курт МакКинни, Дж.В. У., Кэти Сайлено, Таи Чунг Ким, Кент Липэм, Рон Понел, Дэйл Джейкоби, Питер Каннингэм, Тимоти Д. Бэйкер, Глория Марзиано, Джо Вэнс, Фарид Панахи, Том Харрис, Джон Эндес', NULL, 'Хлопець, який вивчає східні єдиноборства і мріє стати чемпіоном, безстрашно вступає в боротьбу з карними злочинцями та шпаною і заробляє спершу лише синці та глузування оточуючих. Але в нагороду за виявлену силу духу, наполегливість і наполегливу роботу на тренуваннях до сьомого поту, йому починає опікуватися і навчати його всім секретам майстерності дух самого Брюса Лі. І, поборовшись у великому турнірі з грізним російським противником, молодий американський кікбоксер сенсаційно, попри очікування глядачів та прогнози фахівців, перемагає.', 1, 57, NULL, 1, NULL, 4, 3, 0, NULL, '2024-02-05 22:20:29', '2024-02-05 22:20:30'),
(154, 'Рятувальники Малібу ', 'riatuvalniki-malibu', 'Baywatch', '116 хвилин (01:56)', 'Александра Даддарио, Приянка Чопра Джонас, Ильфенеш Хадера, Джон Басс, Хэннибал Бёресс, Роб Хюбель', NULL, 'Група пляжних рятувальників працює на узбережжі Тихого океану. Вони завжди знаходяться на своїй посаді та охороняють відпочиваючих від нещасних випадків на воді. Головний герой, досвідчений рятувальник Мітч Бьюкеннон, та його молодий колега Метт Броді випадково дізнаються, що їхній пляж перебуває під загрозою зникнення. Велика нафтова компанія збирається зруйнувати узбережжя, переслідуючи особисті інтереси керівництва, які міцно зав\'язані на фінансах.', 1, 88, NULL, 1, NULL, 2, 1, 0, NULL, '2024-02-05 22:20:29', '2024-02-05 22:20:30'),
(155, 'Нічні ігри', 'nicni-igri', 'Game Night', ' 100 хвилин (01:40)', 'Рэйчел МакАдамс, Джесси Племонс, Кайл Чандлер, Шэрон Хорган, Билли Магнуссен, Ламорн Моррис, Кайли Банбери, Майкл С. Холл, Дэнни Хьюстон', NULL, 'Історія Макса та Енні, які разом з іншими парами щотижня влаштовують так звані «нічні ігри». І ось одного разу харизматичний брат Макса Брукс організовує вечір з розгадування «вбивчого» квесту з «рядженими» головорізами та агентами ФБР. Виходить, викрадення Брукса того вечора - це розіграш... чи ні?', 1, 89, NULL, 1, NULL, 2, 1, 0, NULL, '2024-02-05 22:20:29', '2024-02-05 22:20:30'),
(156, 'Волл-стріт', 'voll-strit', 'Wall Street', '126 хвилин (02:06)', 'Дэрил Ханна, Хэл Холбрук, Теренс Стэмп, Сол Рубинек, Уильям Дж. Найт, Тамара Тюни, Франклин Ковер, Чак Пфайфер, Джон К. МакГинли, Джеймс Карен, Лесли Лайлс, Фэйт Гир', NULL, 'Бад Фокс, молодий і гранично амбітний брокер, живе в серці світу, де все, що завгодно, має свою ціну, все можна купити і продати. Він має намір досягти вершин, стати кращим. Прагнучи отримати підтримку, він прагне знайомства зі старим хижаком Гордоном Гекко, і той відкриває йому таємниці майстерності. Швидкі гроші, розкішні жінки, всі задоволення світу в руках у Бада, а вируючі навколо фінансові потоки несуть ще більше грошей, більше розкоші, більше можливостей, більше спокус. Потрібно тільки наздогнати цей видобуток. Потрібно забути про все, крім головного закону: «Жадібність - це добре. Це працює!\"', 1, 58, NULL, 1, NULL, 2, 1, 0, NULL, '2024-02-05 22:20:29', '2024-02-05 22:20:30'),
(157, 'Мисливці за привидами ', 'mislivci-za-prividami', 'Ghostbusters', '105 хвилин (01:45)', 'Сигурни Уивер, Рик Моранис, Харольд Рэмис, Рик Моранис, Энни Поттс, Уильям Этертон, Эрни Хадсон, Дэвид Маргулис, Стивен Тэш, Дженнифер Раньон, Славица Йован', NULL, 'Наприкінці двадцятого століття виявляється, що в Нью-Йорку живуть не лише звичайні громадяни, а й... привиди. Багатомільйонне населення не може протистояти натиску надприродного. Зрештою, на шляху незліченних монстрів не залишається нікого — крім трьох вчених — парапсихологів, яким відомо все про потойбіччя, правда тільки в теорії. І тепер їм доведеться залишити запорошені кабінети і застосувати свої знання на практиці.', 1, 55, NULL, 1, NULL, 13, 1, 0, NULL, '2024-02-05 22:20:29', '2024-02-05 22:20:30'),
(158, '13-й район', '13-i-raion', 'District B13 / Banlieue 13', '84 хвилини (01:24)', 'Тони Д`Амарио, Биби Насери, Дэни Вериссимо, Франсуа Шатто, Николас Войрион, Патрик Оливер, Самир Гесми, Жером Гаднер', NULL, '2013 рік, Париж, через розгул злочинності деякі особливо небезпечні райони французької столиці перетворені на закриті зони та відгороджені від благополучних кварталів бетонною стіною. За нею вирує зовсім інше життя: тут процвітає торгівля наркотиками та зброєю, тут навіть діти не виходять з дому без зброї, тут давно не працюють школи та поліклініки, тут поліція не стоїть на варті закону, а лише захищає себе чи сама підтримує беззаконня. Ватажку однієї з банд вдається заволодіти нейтронною бомбою. Щоб знешкодити її, до 13-го району вирушає офіцер спецназу Дам\'єн. Проникати в небезпечні зони - його професія, проте цього разу йому потрібний провідник. Союзником Дам\'єна стає Літо, відчайдушний хлопець, сестра якого викрадена тим самим ватажком.', 1, 75, NULL, 1, NULL, 2, 1, 0, NULL, '2024-02-05 22:20:29', '2024-02-05 22:20:30'),
(159, 'Тренувальний день', 'trenuvalnii-den', 'Training Day', '122 хвилини (02:02)', 'Ева Мендес, Др. Дре, Скотт Гленн, Харрис Юлин, Рэймонд Дж. Бэрри, Клифф Кёртис, Мейси Грей, Шарлотта Айянна, Ник Чинланд, Джейм Гомес, Рэймонд Крус', NULL, 'У Лос-Анджелесі, вулиці якого наповнені торговцями наркотиками, ті, хто присягнув суспільству дотримуватися закону, порушують його на кожному кроці. Детектив поліції Алонзо Харріс, ветеран відділу боротьби з розповсюджувачами \"дурі\", користується вельми сумнівними, а часом і протизаконними методами, заради доброї мети очищення вулиць міста від злочинців. До Харріса приставляють новачка, який має 24 години спостерігати за роботою досвідченого копа з більш ніж десятирічним стажем і паралельно вчитися. Вперше в роботі молодий поліцейський стикається з етичними проблемами, які щодня доводиться вирішувати кожному служителю правопорядку: що важливіше - неухильне дотримання букви закону або результат, коли «злодій має сидіти у в\'язниці».', 1, 72, NULL, 1, NULL, 2, 1, 0, NULL, '2024-02-05 22:20:29', '2024-02-05 22:20:30'),
(160, 'Лічені секунди', 'liceni-sekundi', 'Split Second', ' 90 хвилин (01:30)', 'Нил Данкен, Ким Кэттролл, Элун Армстронг, Пит Постлетуэйт, Иан Дьюри, Майкл Дж.Поллард, Роберта Итон, Тони Стидмен, Стивен Хертли, Сара Стокбрайдж, Колин Скипинг, Кен Боунс, Дэйв Даффи, Стюарт Харвей-Уилсон', NULL, 'У 2008 році туманний Лондон, напівзатоплений Темзою після всесвітньої екологічної катастрофи, перетворився на надзвичайно брудну та похмуру подобу Венеції. По його вулицях течуть потоки каламутної води, з небес постійно хлюпає дощ, а в підземці водиться монстр-вбивця, що казна-звідки виник. Три роки тому він убив напарника детектива Харлі Стоуна, і тепер той носиться по темних закутках, одержимий помстою. Місто вражене загадковими, нелюдськими вбивствами. Щодня на вулицях знаходять трупи людей із розірваною грудною кліткою... Ніхто не вірить Стоуну, коли той стверджує, що поліція має справу не зі звичайним серійним убивцею, а із чудовиськом, справжнім виснаженням пекла. Але сліди зубів на роздертих тілах жертв змушують прислухатися до його слів. Потвора вистежує Стоуна, а Стоун вистежує монстра. Харлі отримує нового напарника, дивакуватого хлопця Діка Деркіна, який дуже скоро стає таким же одержимим мисливцем.', 1, 63, NULL, 1, NULL, 2, 1, 0, NULL, '2024-02-05 22:20:29', '2024-02-05 22:20:30'),
(161, 'Книга Ілая', 'kniga-ilaia', 'The Book of Eli', ' 118 хвилин (01:58)', 'Гэри Олдман, Мила Кунис, Рэй Стивенсон, Дженнифер Билз, Ивэн Джонс, Джо Пинг, Фрэнсис Де Ла Тур, Майкл Гэмбон, Том Уэйтс, Крис Браунинг, Ричард Цетрон, Латиф Кроудер, Кит Дэвис', NULL, 'Після всесвітньої катастрофи Америка перетворилася на випалену пустелю. Безкрайніми дорогами, що кишать бандами, що ворогують між собою за воду і їжу, мандрує мудрий Ілай. Якось він прибуває в похмурі краї, де колись була квітуча Каліфорнія, а тепер це справжнє пекло, де бешкетує тиран Карнегі.', 1, 81, NULL, 1, NULL, 2, 1, 0, NULL, '2024-02-05 22:20:29', '2024-02-05 22:20:30'),
(162, 'План втечі', 'plan-vteci', 'Escape Plan', ' 115 хвилин (01:55)', 'Джеймс Кэвизел, 50 Cent, Сэм Нилл, Фаран Таир, Эми Райан, Катрина Балф, Мэтт Джералд, Дэвид Джозеф Мартинес, Алек Рэйми, Кристиан Стоукс, Грэм Беккел', NULL, 'Один із найвидатніших світових фахівців із систем безпеки погоджується на останню ризикову операцію: втекти із суперсекретної високотехнологічної в\'язниці, яку називають «Гробницею». Відданий Рей Бреслін змушений вдатися до допомоги напарника - ув\'язненого Еміля Ротмайєра, щоб розробити відчайдушний і практично нездійсненний план втечі із найзахищенішої в\'язниці у світі!', 1, 84, NULL, 1, NULL, 2, 1, 0, NULL, '2024-02-05 22:20:29', '2024-02-05 22:20:30'),
(163, 'Напролом', 'naprolom', 'Lockout', ' 95 хвилин (01:35)', 'Петер Стормаре, Мэгги Грэйс, Винсент Риган, Джозеф Гилган, Ленни Джеймс, Джеки Идо, Тим Плестер, Энн-Соленн Хатте, Марк Танкерсли, Питер Хадсон, Ник Хардин, Дэн Савье, Дамиджан Оклопджич, Боян Перич', NULL, 'Орбітальна станція MS1 — найбільша космічна в\'язниця, де анабіоз містить тисячі небезпечних злочинців. Ходять чутки, що над зануреними у штучний сон в\'язнями проводяться протизаконні експерименти. З розслідуванням на станцію відправлено комісію на чолі з Емілі Уорнок, дочкою президентаСША. Несподівано ситуація виходить з-під контролю, і вся станція виявляється захоплена карними злочинцями. Спецагент Сноу, несправедливо звинувачений у державній зраді, отримує завдання проникнути у неприступну в\'язницю у Всесвіті та врятувати Емілі. Це його єдиний шанс повернути собі добре ім\'я та здобути свободу...', 1, 83, NULL, 1, NULL, 2, 1, 0, NULL, '2024-02-05 22:20:29', '2024-02-05 22:20:30'),
(164, 'Готель “Ґранд Будапешт”', 'gotel-grand-budapest', 'The Grand Budapest Hotel', ' 99 хвилин (01:39)', 'Рэйф Файнс, Джефф Голдблюм, Эдриан Броуди, Уиллем Дефо, Сирша Ронан, Тони Револори, Ф. Мюррэй Абрахам, Харви Кейтель', NULL, 'Фільм розповідає про захоплюючі пригоди легендарного консьєржа Густава та його юного друга, портьє Зеро Мустафи. Співробітники готелю стають свідками крадіжки та пошуків безцінних картин епохи Відродження, боротьби за величезний стан багатої сім\'ї та... драматичних змін у Європі між двома кровопролитними війнами XX століття.', 1, 85, NULL, 1, NULL, 3, 1, 0, NULL, '2024-02-05 22:20:29', '2024-02-05 22:20:30'),
(165, 'Дитсадковий поліцейський', 'ditsadkovii-policeiskii', 'Kindergarten Cop', ' 111 хвилина (01:51)', 'Пенелопа Энн Миллер, Памела Рид, Линда Хант, Ричард Тайсон, Кэрролл Бэйкер, Кэти Мориарти, Джозеф Казинс, Кристиан Казинс, Парк Овералл, Джейн Брук, Ричард Портноу, Том Курландер, Аликс Коромзай, Бетти Лу Хенсон', NULL, 'Детектив Джон Кімбл, ветеран «брудних вулиць» Лос-Анджелеса, готовий впоратися з будь-ким. Але для того, щоб заманити в пастку хитрого злочинця, йому доводиться влаштуватися вихователем у дитячий садок. І ось коли він завойовує повагу малюків і любов прекрасної вчительки, він має боротися зі злочинцем.', 1, 61, NULL, 1, NULL, 4, 1, 0, NULL, '2024-02-05 22:20:29', '2024-02-05 22:20:30'),
(166, 'Примарний вершник / Примарний гонщик [Розширена версія]', 'primarnii-versnik-primarnii-gonshhik-rozsirena-versiia', 'Ghost Rider', ' 114 хвилин (01:54)', 'Питер Фонда, Ева Мендес, Уэс Бентли, Мэтт Лонг, Ракель Алесси, Бретт Каллен, Донал Лог, Тони Гоустхок, Хью Секстон, Маркус Джонс, Мэтт Норман, Кеннет Рэнсом', NULL, 'Як тільки на місто спускається ніч, в ущелинах вулиць лунає рев потужного мотора. Він сповіщає наближення Примарного Гонщика - демона помсти з палаючим черепом замість голови, що розсікає на пекло чорному мотоциклі. Колись давно він уклав угоду з Мефістофелем і тепер розплачується за гріхи, мріючи повернути своє людське обличчя, життя і любов.', 1, 78, NULL, 1, NULL, 4, 1, 0, NULL, '2024-02-05 22:20:29', '2024-02-05 22:20:30'),
(167, 'Фортеця / Міцність', 'fortecia-micnist', 'Fortress', '95 хвилин (01:35)', 'Кертвуд Смит, Лорин Локлин, Клифтон Коллинз мл., Линкольн Килпэтрик, Джеффри Комбс, Том Таулз, Вернон Уэллс, Кэролин Пёрди-Гордон, Алан Зитнер', NULL, '2017 рік. Життя на Землі стало важким і жорстоким. Природні ресурси закінчуються, а населення жахливо збільшилося. Результат всього цього — суворий режим та новий закон про те, що жінка може мати лише одну дитину. Після смерті первістка, Бреннік та його дружина Карен порушують закон і чекають на народження другої дитини. Їх укладають у Фортецю, найвитонченішу в\'язницю з максимальним ступенем захисту, з якої ще нікому не вдавалося вибратися. Підданий жахливим тортурам, Бренник вирішує бігти за всяку ціну.', 1, 63, NULL, 1, NULL, 2, 1, 0, NULL, '2024-02-05 22:20:29', '2024-02-05 22:20:30'),
(168, 'Хранителі [Максимальна версія]', 'xraniteli-maksimalna-versiia', 'Watchmen', ' 212 хвилин (03:32)', 'Джеффри Дин Морган, Малин Акерман, Мэттью Гуд, Карла Гуджино, Билли Крадап, Джеки Эрл Хейли, Мэтт Фрюэр, Стивен МакХэтти, Лора Меннелл', NULL, 'На Землі живуть супергерої, але робити героїчні вчинки і навіть просто використати свою силу їм заборонено. Якщо ж це відбувається, то на героя відразу починається полювання. Один із колишніх супергероїв на ім\'я Роршах випадково дізнається, що його друга-супергероя вбили. Він уплутується в розслідування, проте навіть не знає, що це йому може принести...', 1, 80, NULL, 1, NULL, 2, 1, 0, NULL, '2024-02-05 22:20:29', '2024-02-05 22:20:30'),
(169, 'Найпрудкіший Індіан ', 'naiprudkisii-indian', 'The World\'s Fastest Indian', '127 хвилин (02:07)', 'Айэйн Ри, Тесса Митчелл, Аарон Мерфи, Тим Шэдболт, Энни Уиттл, Грег Джонсон, Энтони Старр, Кейт Салливан, Крэйг Холл, Крис Уильямс (II), Дайан Лэдд, Кристофер Лоуфорд, Брюс Гринвуд, Уильям Лаккинг', NULL, 'Історія легендарного новозеландця Берта Монро, який багато років витратив на вдосконалення та модифікацію свого мотоцикла марки \"1920 Indian Scout\". На ньому Берт Монро знівечив увесь світ і в результаті реалізував свою мрію: на знаменитих перегонах 1967 року, що проходили в соляній пустелі Бонневілль-Флетс в американському штаті Юта, він встановив світовий рекорд швидкості на відкритих просторах, який досі не побитий.', 1, 76, NULL, 1, NULL, 4, 1, 0, NULL, '2024-02-05 22:20:29', '2024-02-05 22:20:30'),
(170, 'Підривник', 'pidrivnik', 'Knock Off', ' 91 хвилина (01:31)', 'Лила Рошон, Пол Сорвино, Карман Ли, Уаймэн Вонг, Глен Чин, Майкл Вонг, Моусес Чан, Линн Лэнгдон', NULL, '1997 рік.Гонконг – центр підробок. Російські терористи зі спецслужб задумали операцію з глобального шантажуСША. Увійшовши в змову з мафією, «гастролери» з Росії напхали мініатюрними дистанційними підривниками підроблені товари — іграшки та джинси, які мали потрапити до Штатів. Маркус Рей та його компаньйон Томмі Хендрік займалися постачанням товарів уСША і потрапили прямо до центру подій, коли взялися за розслідування про підроблені джинси, яке вивело їх на терористів.', 1, 69, NULL, 1, NULL, 2, 1, 0, NULL, '2024-02-05 22:20:29', '2024-02-05 22:20:30'),
(171, 'Останній найманець', 'ostannii-naimanec', 'The Last Mercenary/Le dernier mercenaire', ' 110 хвилин (01:50)', 'Альбан Иванов, Самир Декацца, Асса Силла, Джимо, Миу-Миу, Эрик Жюдор, Патрик Тимсит, Филипп Морье-Жено, Насим Си-Амед, Валери Каприски, Алексей Горбунов, Захар Шадрин, Майк Гасавей, Мишель Кремадес, Уидад Эльма, Фатса Буяхмед, Фабьен Ара, Билаль Эль Атреби, Исмаэль Си Саван, Дэвид Шарон', NULL, 'У центрі подій виявляється молодик, що не має нічого спільного з кримінальним світом, однак зараз його звинувачують у злочинній діяльності. Слідство вважає, що він причетний до створення терористичної організації. Уряд країни має намір дати юнакові довічний термін за те, чого насправді він не скоював. Виправити ситуацію, що склалася здатний тільки його батько. У молодості чоловік був професійним найманим вбивцею, а його ім\'я мало авторитет у кримінальному середовищі. Однак через підвищений інтерес до своєї персони головний герой кінострічки «Останній найманець» був змушений виїхати з країни, розірвавши всі зв\'язки з сином. Поточний стан справ змушує колишнього найманця повернутися до роботи і відстояти честь сім\'ї. Для здійснення наміченого плану йому доведеться протистояти численним членам мафіозного клану, які є жорстокими і не щадять нікого на своєму шляху. Чи вдасться батькові врятувати дитину від довічного терміну і залишитися в живих? ', 1, 92, NULL, 1, NULL, 10, 1, 0, NULL, '2024-02-05 22:20:29', '2024-02-05 22:20:30'),
(172, 'Мачо і ботан', 'maco-i-botan', '21 Jump Street', ' 110 хвилин (01:50)', 'Дэйв Франко, Бри Ларсон, Роб Риггл, ДеРэй Дэвис, Дакс Флэйм, Крис Парнелл, Элли Кемпер, Джейк Джонсон, Ник Офферман, Холли Робинсон Пит, Джонни Пембертон, Стэнли Вонг', NULL, 'Картина розповідає про двох хлопців, які з народження стояли по різні боки соціальних сходів. «Ботан» Шмідт (Джона Хілл) та качок-мачо Дженко (Чаннінг Татум) зі школи недолюблювали один одного, але навчання в поліцейській академії їх здружило. Після її закінчення герої кінокомедії «Мачо і ботан» починають працювати в департаменті секретної служби, де новоявленим копам дають відповідальне завдання – впровадитись до лав студентів коледжу, щоб, таким чином, розкрити злочин, що зріє в середовищі молоді.', 1, 83, NULL, 1, NULL, 2, 1, 0, NULL, '2024-02-05 22:20:29', '2024-02-05 22:20:30'),
(173, 'Влада вогню', 'vlada-vogniu', 'Reign of Fire', '101 хвилина (01:41)', 'Изабелла Скорупко, Скотт Моттер, Дэвид Кеннеди, Александр Сиддиг, Нед Деннехи, Рори Кинэн, Теренс Мэйнард, Даг Кокл, Рэндолл Карлтон, Крис Келли, Бен Торнтон, Элис Крайдж', NULL, 'Лондон у наші дні. Мати дванадцятирічного Куїна випадково пробуджує гігантського вогнедишного дракона від багатовікового сну. Через двадцять років. Більшість планети перебуває під владою чудовиська та її нащадків. Дракони дуже розумні, їм не подобається ділити з будь-ким планету. Будучи начальником пожежної охорони, Куін несе відповідальність за ту маленьку групу людей, яким вдалося вижити. Адже в той час, коли все небо залите вогнем пожежник — найголовніша людина на землі.', 1, 73, NULL, 1, NULL, 4, 1, 0, NULL, '2024-02-05 22:20:29', '2024-02-05 22:20:30'),
(174, 'Зірковий ескорт / Втеча з Вегаса', 'zirkovii-eskort-vteca-z-vegasa', 'Get Him to the Greek', ' 109 хвилин (01:49)', 'Роуз Бирн, Тайлер МакКинни, Зои Сэлмон, Ларс Ульрих, Марио Лопес, Пинк, Билли Буш, Курт Лодер, Кристина Агилера', NULL, 'Арон Грінберг отримав роботу, яку мріяв все життя. Але він ніяк не очікував, що його першим завданням буде привезти з Лондона до Лос-Анджелеса непокірну рок-зірку. Альдус Сноу — колишній кумир мільйонів, знаменитий рокер і чудовий музикант, який після тривалого піку збирається повернутись на велику сцену. Але його характер зіпсований алкоголем і розбещений грошима настільки, що будь-яка спідниця, що промайнула, може захопити його у вир зубодробних пригод, в яких втрачається саме поняття про час…', 1, 81, NULL, 1, NULL, 1, 1, 0, NULL, '2024-02-05 22:20:29', '2024-02-05 22:20:30'),
(175, 'Місто Гріхів', 'misto-grixiv', 'Sin City', ' 124 хвилини (02:04)', 'Джессика Альба, Девон Аоки, Алексис Бледел, Пауэрс Бут, Розарио Доусон, Джейсон Дуглас, Майкл Кларк Дункан, Томми Флэнеган, Карла Гуджино', NULL, 'Місто гріхів - це пекельна безодня злочинів. Один із його мешканців намагається знайти вбивцю своєї нареченої. Інший, фотограф, випадково вбиває поліцейського та намагається приховати свій злочин. Спустіться по глухому провулку міста, і ви знайдете ще дещо. У Місті гріхів поліцію корумповано і вулиці смертельно небезпечні.', 1, 76, NULL, 1, NULL, 2, 1, 0, NULL, '2024-02-05 22:20:29', '2024-02-05 22:20:30'),
(176, 'Механік', 'mexanik', 'The Mechanic', '93 хвилини (01:33)', 'Тони Голдуин, Джефф Чейз, Мини Анден, Джеймс Логан, Эдди Дж. Фернандез, Джошуа Бриджуотер, Джон МакКоннелл, Криста Кэмпбелл, Джоэль Дэвис, Марк Наттер, А. Брент Карлсон, Лара Грайс', NULL, 'Артур Бішоп - \"Механік\", високопрофесійний бездоганний кілер, який завжди працює за правилами - \"чисто\" і без слідів. Така робота вимагає повного самовладання та неупередженості, і у своїй справі йому немає рівних. Бішоп завжди працював один, але йому довелося стати наставником молодого та відчайдушного Стіва. Методичний професіонал та імпульсивний учень тепер на пару «усувають проблеми», але рано чи пізно вони зійдуться у смертельній сутичці.', 1, 82, NULL, 1, NULL, 2, 1, 0, NULL, '2024-02-05 22:20:29', '2024-02-05 22:20:30'),
(177, 'Ворог держави', 'vorog-derzavi', 'Enemy of the State', '132 хвилини (02:12)', 'Джин Хэкмен, Гэбриел Бирн, Джон Войт, Лиза Боне, Реджина Кинг, Стюарт Уилсон, Лаура Кайот, Лорен Дин, Бэрри Пеппер, Иэн Харт, Джейк Бьюзи, Скотт Каан, Джейсон Ли, Джеймс ЛеГрос', NULL, 'Кожну мить свого життя людина на увазі, навіть коли вона впевнена, що її ніхто не бачить. До рук процвітаючого адвоката Роберта Діна потрапив страшний доказ, який викриває високопосадовця. Але секретна служба дізналася про це раніше за Роберта і негайно вжила заходів. У хід пішли найновіші технології: у сучасному світі не потрібно бути магом, щоб змінити людську долю – досить просто підійти до комп\'ютера. За лічені дні із законослухняного громадянина Дін перетворився на небезпечного злочинця, на якого було оголошено справжнє полювання. Коли адвокат знайде союзників і передасть їм таємничий доказ, полетять багато голови… якщо до цього він не втратить свій…', 1, 69, NULL, 1, NULL, 2, 1, 0, NULL, '2024-02-05 22:20:29', '2024-02-05 22:20:30'),
(178, 'Реальні Кабани', 'realni-kabani', 'Wild Hogs', '100 хвилин (01:40)', 'Тим Аллен, Рэй Лиотта, Мариса Томей, Уильям Х. Мэйси, Кевин Дюран, Стивен Тоболовски, Джилл Хеннесси, Доминик Джейнс, Тичина Арнольд, Джейсон Склар, Рэнди Склар, Дрю Сидора, Симфени', NULL, 'Четверо заможних друзів із заможного передмістя вирішують на якийсь час відволіктися від життєвих проблем і згадати колишні роздольні дні, коли всі четверо мріяли про байкерську свободу. Щотижневі зустрічі за келихом безалкогольного пива в місцевому мотоклубі вже набридли, і друзі вирішують рвонути в подорож через усі Штати, з півночі на південь, до самого Нью-Мексико. Залишається тільки закинути подалі набридлі мобільники, одягнути косухи, пов\'язати бандани, і назватись «Реальними кабанами» — справжніми шукачами пригод. А пригод буде чимало. Ночівля просто неба, купання в гарячому джерелі, розведення багаття за допомогою власного намету, близькі контакти третього ступеня з провінційним шерифом і зіткнення з купою непідробних, бородатих і нечесаних байкерів — зловісною бандою «Дель Фуегос» під проводом атамана. Пройти повз байкерів-домосідів забіяки з «Дель Фуегос» просто так не можуть, бо вони банда. Сутичка в найкращих традиціях класичних вестернів неминуча, і ще невідомо, що виявиться сильнішим — обвітрені кулаки байкерів-жителів півдня, або сила духу Реальних Кабанів…', 1, 78, NULL, 1, NULL, 4, 1, 0, NULL, '2024-02-05 22:20:29', '2024-02-05 22:20:30'),
(179, 'Білий полон', 'bilii-polon', 'Eight Below', '120 хвилин (02:00)', 'Брюс Гринвуд, Мун Бладгуд, Венди Крюсон, Джерард Планкет, Аугуст Шелленберг, Коннор Кристофер Левинс, Дункан Фрайзер, Белинда Мец, Дэн Зиски, Майкл Дэвид Симс, Дэниэл Бэйкон, Лаара Сэдик, Малкольм Стюарт', NULL, 'Фільм ґрунтується на реальних подіях. Антарктика Члени наукової експедиції у складі Джеррі Шеппарда, його найкращого друга Чарлі Купера та геолога Девіда Маклерена, зайняті пошуками метеорита, через надзвичайні обставини змушені залишити свою науково-дослідну базу в Антарктиці. А вісім розумних і відданих псів залишаються покинутими посеред крижаної пустелі. Їм доводиться стійко переносити найжорстокіші кліматичні умови та сподіватися на порятунок.', 1, 77, NULL, 1, NULL, 4, 1, 0, NULL, '2024-02-05 22:20:29', '2024-02-05 22:20:30'),
(180, 'Щасливчик Люк', 'shhaslivcik-liuk', 'Lucky Luke', ' 92 хвилини (01:32)', 'Нэнси Морган, Роджер Миллер, Рон Кэри, Доминик Барто, Бо Грей, Фриц Сперберг, Арсенио Тринидад, Нил Саммерс, Марк Хардвик', NULL, 'Цей комедійний вестерн з елементами пародії створений на основі персонажів коміксів \"Щасливчик Люк\" Морріса та Косінні. Багатьом, напевно, ще пам\'ятні епізоди популярних мультфільмів про цей \"самотній ковбой\", що бореться з поганими братами Долтонами. Сценарій Лорі Хілл простий і традиційний: у містечко Дейзітаун (місто маргариток) приїжджає ковбой-супермен і наводить лад за допомогою свого четвероного друга (коня). Люк стає шерифом і всі щасливі. Але братам Долтонам це не \"подобається\". Підступні лиходії підговорили індіанців напасти на містечко, а мешканців налаштували проти нашого героя, щоб виставити його геть. Як Щасливчик Люк вирішує всі проблеми, ви та ваші діти із задоволенням подивляться самі.', 1, 62, NULL, 1, NULL, 13, 3, 0, NULL, '2024-02-05 22:20:29', '2024-02-05 22:20:30'),
(181, 'Бетмен: Початок', 'betmen-pocatok', 'Batman Begins', ' 140 хвилин (02:20)', 'Майкл Кейн, Киллиан Мёрфи, Гэри Олдман, Кэти Холмс, Том Уилкинсон, Кэн Ватанабэ, Марк Бун Джуниор, Лайнас Роуч, Ларри Холден, Джерард Мёрфи, Колин МакФарлэйн', NULL, 'Історія про походження легенди Брюса Уейна, юного спадкоємця величезного статку, що втратив своїх батьків. Залишивши рідний Готем, він вирушає у подорож світом. Численні перепони і поневіряння загартовують його характер, а мудрий наставник допомагає знову набути сенсу життя. Легендарний герой, захисник слабких і борець з несправедливістю перетворюється на очах. Повернувшись у Готем, Бетмен стає єдиною перепоною на шляху сил зла, готових вкинути місто в морок беззаконня.', 1, 76, NULL, 1, NULL, 4, 1, 0, NULL, '2024-02-05 22:20:29', '2024-02-05 22:20:30'),
(182, 'Кілер-псих / Щасливий день', 'kiler-psix-shhaslivii-den', 'Lucky Day', '99 хвилин (01:39)', 'Нина Добрев, Элла Райан Куинн, Кле Беннетт, Клифтон Коллинз мл., Дэвид Хьюлетт, Надя Фарес, Томер Сислей', NULL, 'Першого ж дня після звільнення з в\'язниці зломщик сейфів Ред та його подруга стають мішенню кілера. Сіючи навколо себе хаос, кілер жартує з акцентом, що мститься за вбитого собаку. Не поспішаючи знищувати жертву, він явно веде свою гру, справжньою метою якої може бути зовсім не Ред.', 1, 90, NULL, 1, NULL, 1, 1, 0, NULL, '2024-02-05 22:20:29', '2024-02-05 22:20:30'),
(183, 'Капітан Гак / Капітан Крюк', 'kapitan-gak-kapitan-kriuk', 'Hook', ' 142 хвилини (02:22)', 'Джулия Робертс, Боб Хоскинс, Мэгги Смит, Кэролайн Гудолл, Чарли Корсмо, Эмбер Скотт, Лорел Кронин, Фил Коллинз, Артур Мэлет, Айзиа Робинсон, Данте Баско', NULL, 'Пітер Пен став дорослим і перестав бути Пітером Пеном. Тепер йому сорок років, у нього інше ім\'я, сім\'я та серйозна робота. Не залишилося й сліду від чудової дитини, яка колись уміла літати… Але старі вороги не забули хлопчика. Капітан із гострим сталевим гаком замість руки знову кидає виклик своєму супротивникові, викравши його дітей. Пітер вирушає за ним у чарівну країну, але щоб перемогти там, де живуть русалки, феї та однорукі пірати, йому доведеться знову навчитися літати. Екранізація за твором: Дж. М. Баррі.', 1, 62, NULL, 1, NULL, 5, 1, 0, NULL, '2024-02-05 22:20:29', '2024-02-05 22:20:30'),
(184, 'Кенгуру Джек', 'kenguru-dzek', 'Kangaroo Jack', ' 89 хвилин (01:29)', 'Майкл Шеннон, Кристофер Уокен, Эстелла Уоррен, Мартон Чокаш, Дайан Кэннон, Билл Хантер, Дэвид Нгумбуджарра, Марк Селлито, Дэмиен Фотиу, Кристофер Бэйкер, Райан Гибсон, Денис Робертс, Марио Ди Иенно', NULL, 'Він поклав гроші в кишеню куртки... а куртку вдяг на кенгуру... а кенгуру... втік! Попереду - найзахоплюючі перегони австралійськими преріями! Тиждень у Чарлі та його найкращого друга Луїса явно не задалася. Спочатку вони, сам того не бажаючи, підставили вітчима Чарлі, крутого боса мафії. Потім, коли їх послали до Австралії, щоб доставити конверт із кругленькою сумою, Луїс нарядив збитого машиною кенгуру у свою куртку. Хлопець сподівався зробити прикольну фотографію, а отримав головний біль - тварина встрибала в пустелю разом із курткою і тим самим конвертом, що лежав у кишені... Тепер вся надія тільки на місцевого зоолога Джессі, яка розуміється на тонкощах кенгуриної міграції...', 1, 74, NULL, 1, NULL, 4, 1, 0, NULL, '2024-02-05 22:20:29', '2024-02-05 22:20:30'),
(185, 'Поле битви Земля: Сага 3000 року', 'pole-bitvi-zemlia-saga-3000-roku', 'Battlefield Earth: A Saga of the Year 3000', '118 хвилин (01:58)', 'Ричард Тайсон, Ким Коутс, Сабин Карсенти, Майкл Бирн, Кристиан Тессьер, Сильвен Ландри, Джон Топор, Кристофер Фриман, Шон Остин-Ольсен, Тим Пост, Эрл Пастко, Мишель Перрон', NULL, '3000 рік. Вже десять століть Землею править жорстока раса прибульців. Поневоливши людей, гіганти Сайклоси перетворили завойовану планету на джерело сировини для свого далекого світу. Землі, що уникли смерті і рабства, первісними племенами розсіялися по горах і лісах. Але одного разу, отримавши доступ до зброї та технологій прибульців, вони піднімають повстання. Починається нова зіркова війна, в якій одна з цивілізацій приречена на знищення...', 1, 71, NULL, 1, NULL, 4, 1, 0, NULL, '2024-02-05 22:20:29', '2024-02-05 22:20:30'),
(186, 'Смертельні перегони', 'smertelni-peregoni', 'Death Race', '105 хвилин (01:45)', 'Джейсон Кларк, Джоан Аллен, Иэн МакШейн, Натали Мартинес, Макс Райан, Фредерик Колер, Джейкоб Варгас, Джастин Мэдер, Роберт ЛаСардо, Бенц Антуан, Дэнни Бланко, Кристиан Пол', NULL, 'Триразовий чемпіон-гонщик Дженсен Еймс посаджений у в\'язницю за вбивство, якого не робив. Замість того, щоб випустити його на волю, тюремники змушують його разом із найзапеклішими злочинцями брати участь у кривавому змаганні. Опинившись за кермом жахливого автомобіля, обладнаного автоматами, вогнеметами та гранатометами, ця відчайдушна людина зруйнує все на своєму шляху, щоб виграти найвидовищнішу гонку на виживання на Землі.', 1, 79, NULL, 1, NULL, 1, 1, 0, NULL, '2024-02-05 22:20:29', '2024-02-05 22:20:30'),
(187, 'Великий куш', 'velikii-kus', 'Snatch', '104 хвилини (01:44)', 'Стивен Грэм, Алан Форд, Деннис Фарина, Раде Шербеджия, Майк Рейд, Робби Ги, Ленни Джеймс, Юэн Бремнер, Эд, Уильям Бек', NULL, 'Чотирьохпалий Френкі мав переправити крадений алмаз із Англії доСША своєму босу Еві. Але натомість герой потрапляє в епіцентр великих неприємностей. Зробивши ставку на підпільному боксерському поєдинку, Френкі потрапляє у кругообіг вельми небажаних подій. Навколо героя та його вантажу розгортається складна інтрига за участю безлічі колоритних персонажів лондонського дна — російського гангстера, трьох невдалих грабіжників, хитрого боксера та похмурого громили грізного мафіозі. Кожен норовить поодинці зірвати Великий Куш. А закінчується все несподіваним та дотепним фіналом.', 1, 71, NULL, 1, NULL, 2, 1, 0, NULL, '2024-02-05 22:20:29', '2024-02-05 22:20:30'),
(188, 'Небесний капітан і світ майбутнього', 'nebesnii-kapitan-i-svit-maibutnyogo', 'Sky Captain and the World of Tomorrow', '106 хвилин (01:46)', 'Гвинет Пэлтроу, Джованни Рибизи, Лоуренс Оливье, Майкл Гэмбон, Бай Лин, Омид Джалили, Тревор Бэкстер, Джулиан Карри, Питер Лоу, Джон Рамни, Хан Бонфилс, Марк Уэллс, Джеймс Кэш', NULL, 'Дія розгортається у Нью-Йорку 1939 року. Молода журналістка Поллі дізнається про те, що всесвітньо відомі вчені зникають за нез\'ясованих обставин. Вона отримує листа від вченого-хіміка доктора Дженінгса, який повідомляє, що знає, хто буде викрадений наступним. Виявляється, він разом із шістьма зниклими вченими працював у секретній лабораторії «Підрозділ 11», якою керував таємничий Тотенкопф (тобто «Мертва Голова» – одна з емблем СС). Поєднавшись з досвідченим пілотом і шукачем пригод, Поллі намагається порушити плани божевільного, який прагне заволодіти світом.', 1, 75, NULL, 1, NULL, 4, 3, 0, NULL, '2024-02-05 22:20:29', '2024-02-05 22:20:30'),
(189, 'Шпигун / Шпигунка [Розширена версія] ', 'spigun-spigunka-rozsirena-versiia', 'Spy', '119 хвилин (01:59)', 'Роуз Бирн, Миранда Харт, Бобби Каннавале, Морена Баккарин, Раад Рави, Джессика Чаффин, Сэм Ричардсон, Кэти Дипполд, Джейм Пачеко, Ромейн Апельбаум, Ричард Брэйк, Стив Баннос', NULL, 'Сьюзан Купер все своє життя мріяла стати секретним агентом і навіть влаштувалась працювати в ЦРУ. Однак далі співробітника найнижчого ступеня їй так і не вдалося просунутися. Розуміючи, що здійснити свою мрію практично неможливо, вона таки продовжує сподіватися на краще і з нетерпінням чекає на свій шанс. І незабаром доля дарує їй таку можливість. Найкращий агент провалює секретне завдання, під час якого він мав з\'ясувати місцезнаходження ядерної бомби, але випадково застрелив єдину людину, яка володіє цією інформацією. Через деякий час службі розвідки стає відомо, що Рейна Боянова знає, де знаходиться бомба, але вона також знає в особу всіх секретних агентів ЦРУ. Тепер у керівництва не залишається іншого вибору, як скористатися послугами Сьюзан Купер, але чи зможе вона впоратися зі складною місією?', 1, 86, NULL, 1, NULL, 1, 1, 0, NULL, '2024-02-05 22:20:29', '2024-02-05 22:20:30'),
(190, 'Ідеальний шторм', 'idealnii-storm', 'The Perfect Storm', '130 хвилин (02:10)', 'Джон С. Райлли, Дайан Лэйн, Уильям Фихтнер, Джон Хоукс, Аллен Пэйн, Мэри Элизабет Мастрантонио, Карен Аллен, Черри Джонс, Боб Гантон, Кристофер МакДональд, Майкл Айронсайд, Расти Швиммер, Джанет Райт', NULL, 'В основу фільму покладено дійсну історію, що сталася в 1991 році в штаті Массачусетс, а присвячений він 10 тис. морякам рибальського містечка Глостер, які загинули в морі за період з 1626 року. Хто знав, що в пеклі так багато води? Хвилі Атлантики здіймаються на 100-футову висоту. Вітер, що завиває небаченої сили. Хелловін 1991 року. Стихія настає на трьох фронтах, і один із них – ураган «Грейс» – піднімає найсильніший в історії людства шторм. Рибальське судно «Андреа Гейл» бореться проти найсильнішої зброї природи - ідеального шторму, створеного режисером Вольфгангом Петерсеном за знаменитим романом-бестселлером Себастьяном Джангером.', 1, 71, NULL, 1, NULL, 2, 1, 0, NULL, '2024-02-05 22:20:29', '2024-02-05 22:20:30'),
(191, 'Брехун, брехун', 'brexun-brexun', 'Liar Liar', '86 хвилин (01:26)', 'Мора Тирни, Джастин Купер, Энн Хейни, Дженнифер Тилли, Аманда Донохью, Джейсон Бернард, Свузи Кёрц, Митч Райан, Кристофер Майер, Эрик Пиерпоинт, Рэндал «Текс» Кобб, Шери Отери, Бен Лемон', NULL, 'Флетчер Рід - блискучий адвокат і непоправний брехун. Він за звичкою бреше дружині Одрі, синові Максу і вчить клієнтів підлаштовувати правду під свої потреби, перекроювати істину заради своєї вигоди. Дружина кидає Флетчера через його шкідливу звичку брехати, а син Макс у свій день народження, задуючи свічки на торті, загадує лише одне бажання: «Хочу, щоб мій улюблений татко перестав постійно брехати». Бажання збувається, і несподівано для Флетчера Ріда мова, яка завжди була його робочим інструментом, перетворюється на його головного ворога. Флетчер починає говорити образливу правду своєму начальнику та клієнтам. Ця правдивість може коштувати адвокатові роботи! Але найстрашніше чекає правдивої мимоволі Флетчера в залі суду, коли слухатиметься справа про розлучення його клієнта. Без брехні він не зможе виграти! Так, цей день свого життя Флетчер Рід не забуде ніколи.', 1, 68, NULL, 1, NULL, 4, 1, 0, NULL, '2024-02-05 22:20:29', '2024-02-05 22:20:30'),
(192, 'Веном', 'venom', 'Venom', ' 94 хвилини (01:34)', 'Мишель Уильямс, Риз Ахмед, Рейд Скотт, Марчелла Браджио, Дженни Слейт, Пегги Лу, Мак Брандт, Рон Сефас Джонс, Мишель Ли (II), Мелора Уолтерс, Сопе Алуко', NULL, 'Що якщо одного прекрасного дня в тебе вселяється істота-симбіот, яка наділяє тебе надлюдськими здібностями? Ось тільки Віднем – симбіот зовсім недобрий, і домовитись із ним неможливо. Хоча чи потрібно домовлятися?.. Адже в якийсь момент ти розумієш, що бути поганим зовсім не так уже й погано. Так навіть веселіше. У світі і так надто багато супергероїв! Ми – Віднем!', 1, 89, NULL, 1, NULL, 2, 1, 0, NULL, '2024-02-05 22:20:29', '2024-02-05 22:20:30'),
(193, ' Вітаємо у Зомбіленді', 'vitajemo-u-zombilendi', 'Zombieland', ' 88 хвилин (01:28)', 'Эмбер Хёрд, Эбигейл Бреслин, Дерек Граф, Майк Уайт (II), Джейкоб Дж. Экинс, Хантер Элдридж', NULL, 'Людство перетворилося на зомбі. Респектабельні громадяни, заражені зловісним вірусом, тепер прагнуть крові, чекаючи жертв у засідках за полицями супермаркетів, на узбіччях високошвидкісних трас, у затишних палісадниках і сувенірних магазинчиках. Тим, хто не перетворився на зомбі, залишається одне: вчитися стріляти. \"Ласкаво просимо в Зомбіленд!\" - спльовує Таллахассі і заряджає короткоствол. Він знайшов своє покликання: робити живих мерців мертвими – з відтяжкою. \"Я боюсь!\" - відповідає Коламбус і перевіряє, чи не намокли його штани. Він хоче стати крутішим, бо тепер його помічають дівчата - адже всі принці перетворилися на зомбі. А дівчата не промах – Вічіта та Літл Рок вміють перемагати хитрістю, а не силою – дуже по-жіночому. Браву компанію чекають фонтани кривавого кетчупу, гори м\'яса та інші добрі атракціони в найстрашнішому і смішному пародійному хорорі року.', 1, 80, NULL, 1, NULL, 2, 1, 0, NULL, '2024-02-05 22:20:29', '2024-02-05 22:20:30'),
(194, 'Пастка', 'pastka', 'Get Out', ' 104 хвилини (01:44)', 'Эллисон Уильямс, Кэтрин Кинер, Брэдли Уитфорд, Калеб Лэндри Джонс, Маркус Хендерсон, Бетти Гэбриел, Лакит Стэнфилд, Стивен Рут, Лил Рел Ховери', NULL, 'Один правильний темношкірий хлопець полюбив білу дівчину. А вона відвезла його до своїх батьків до відокремленого будинку колоніального стилю на березі мальовничого озера. Знайомство пройшло просто чудово. Папа виявився практикуючим хірургом, а мама - не менш чудовим фахівцем з промивання мозку. Хлопця буквально оточують турботою та увагою милі, симпатичні панове з південної еліти, повільно звужуючи кільце. Тим не менш, дорогого гостя починають терзати невиразні сумніви, що плавно перетікають у дискомфорт, душевні муки та біль.', 1, 88, NULL, 1, NULL, 2, 1, 0, NULL, '2024-02-05 22:20:29', '2024-02-05 22:20:30'),
(195, 'Маска', 'maska', 'The Mask', ' 101 хвилина (01:41)', 'Кэмерон Диас, Питер Ригерт, Питер Грин, Эми Ясбек, Орестес Матасена, Тим Бэгли, Нэнси Фиш, Джонни Уильямс, Рег Э. Кэти, Джим Дуган, Дэнис Форест, Ричард Джени, Джозеф Альфьери, Б.Дж. Бари', NULL, 'Скромний, сором\'язливий службовець банку закомплексований настільки, що почувається невпевнено з гарними дівчатами. Волею долі до нього потрапляє чарівна маска, і Стенлі Іпкіс набуває здатності перетворюватися на невразливу мультяшну істоту із кумедних коміксів. Він стає супергероєм, готовим боротися зі злочинністю, як Бетмен. Отже, вдень він, як і раніше, скромний і невдалий службовець, а вночі - супермен.', 1, 65, NULL, 1, NULL, 4, 1, 0, NULL, '2024-02-05 22:20:29', '2024-02-05 22:20:30'),
(196, 'Роман з каменем', 'roman-z-kamenem', 'Romancing the Stone', ' 106 хвилин (01:46)', 'Кэтлин Тёрнер, Зак Норман, Альфонсо Арау, Мануэль Охеда, Холланд Тейлор, Мэри Эллен Трейнор, Ив Смит, Джо Несноу, Хосе Чавес, Эвита Муньос ’Чачита’, Камилло Гарсия, Родриго Пуэбла, Пако Морайта', NULL, 'Джоан Уайлдер, автор популярних жіночих романів, знаходить у своїй поштовій скриньці пакет, надісланий із Колумбії її сестрою. Телефонний дзвінок підтверджує найстрашніші побоювання — сестру викрали, і викрадачі вимагають повернути пакет. Забувши про все на світі, Джоан летить на допомогу сестрі і губиться в перші години після прильоту. Її намагаються вбити, і лише втручання Джека Колтона, американського найманця, врятує дівчину від загибелі. Водночас на них чекають екстремальні пригоди в джунглях, пошук скарбів і, звісно, романтична любовна історія.', 1, 55, NULL, 1, NULL, 2, 1, 0, NULL, '2024-02-05 22:20:29', '2024-02-05 22:20:30'),
(197, 'Руйнівник', 'ruinivnik', 'Demolition Man', '115 хвилин (01:55)', 'Сандра Буллок, Найджел Хоторн, Бенджамин Брэтт, Боб Гантон, Гленн Шэдикс, Дэнис Лири, Гранд Л. Буш, Пэт Скиппер, Стив Кэхэн, Пол Болен, Марк Колсон, Андре Грегори, Джон Инос III', NULL, 'У 2032 році в кріо-в\'язниці після 35-річного заморожування прокидається один із найнебезпечніших злочинців Саймон Фенікс і вирішує взяти спокійний напад, вільний від будь-якого насильства Лос-Анджелес. Нездатні впоратися з жорстокими звичками 1990-х років, властивими Феніксові, офіційна влада шукає поліцейського тих років, який зміг би перемогти злочинця 90-х. Для цього вони розморожують сержанта Джона Спартана, несправедливо засудженого терміном у кріо-в\'язниці за його останню сутичку з Феніксом.', 1, 64, NULL, 1, NULL, 2, 1, 0, NULL, '2024-02-05 22:20:29', '2024-02-05 22:20:30'),
(198, 'Шеф-кухар / Повар на колесах ', 'sef-kuxar-povar-na-kolesax', 'Chef', ' 114 хвилин (01:54)', 'Скарлетт Йоханссон, София Вергара, Эмджей Энтони, Оливер Плэтт, Бобби Каннавале, Эми Седарис', NULL, 'Сюжет фільму розгортається навколо шеф-кухаря Карла Каспера, який втратив роботу у відомому ресторані Лос-Анджелеса. Разом із сином та колишнім напарником Карл вирішує організувати мережу закусочних на колесах, щоб відшукати втрачену кулінарну натхнення та принагідно налагодити стосунки з родиною.', 1, 85, NULL, 1, NULL, 4, 1, 0, NULL, '2024-02-05 22:20:29', '2024-02-05 22:20:30'),
(199, 'Одинадцять друзів Оушена', 'odinadciat-druziv-ousena', 'Ocean\'s Eleven', '116 хвилин (01:56)', 'Джулия Робертс, Скотт Каан, Эллиотт Гулд, Берни Мак, Карл Райнер, Цинь Шаобо, Эдди Джемисон, Джо Ла Ду, Майкл Делано, Дон Чидл, Кейси Аффлек', NULL, 'Після виходу з в\'язниці злодія Денні Оушена не минає і 24 години, а він уже планує організувати найскладніше пограбування казино в історії. Він хоче вкрасти 150 млн. американських доларів із трьох найуспішніших казино Лас-Вегаса. Всі ці казино належать елегантному і водночас жорстокому ділку Террі Бенедикту, який тільки мріє про те, як зустрінеться з колишньою дружиною Денні Оушена — Тесс. Можливо це лише збіг? А може, це привід? Усього за одну ніч Денні підбирає команду з одинадцяти «фахівців», здатних вчинити цей зухвалий крадіжку. У команді Оушена виявляються першокласний картковий шулер, молодий майстерний злодій-кишеньковий злодій і геніальний руйнівник. Щоб здійснити цей шалений і складний грабіж Оушену доведеться ризикувати своїм життям, проте його майже нездійсненний план може все-таки вдасться.', 1, 72, NULL, 1, NULL, 4, 1, 0, NULL, '2024-02-05 22:20:29', '2024-02-05 22:20:30'),
(200, 'Гладіатор [Розширена версія] ', 'gladiator-rozsirena-versiia', 'Gladiator', ' 155 хвилин (02:35)', 'Хоакин Феникс, Джимон Хонсу, Конни Нильсен, Оливер Рид, Ричард Харрис, Дерек Джекоби, Дэвид Скофилд, Джон Шрэпнел, Томас Арана, Ральф Мёллер, Спенсер Трит Кларк, Дэвид Хеммингс, Томми Флэнаган, Свен-Оле Торсен', NULL, 'У великій Римській імперії не було воєначальника, рівного генералу Максимусу. Непереможні легіони, якими командував цей шляхетний воїн, обожнювали його і могли піти за ним навіть у пекло. Але трапилося так, що відважний Максимус, готовий битися з будь-яким супротивником у чесному бою, виявився безсилим проти віроломних придворних інтриг. Генерала зрадили та засудили до смерті. Дивом уникнувши загибелі, Максимус стає гладіатором. Швидко здобувши собі славу в кривавих поєдинках, він опиняється у знаменитому римському Колізеї, на арені якого він зустрінеться у смертельній сутичці зі своїм заклятим ворогом.', 1, 71, NULL, 1, NULL, 2, 1, 0, NULL, '2024-02-05 22:20:29', '2024-02-05 22:20:30'),
(201, 'Коротке замикання', 'korotke-zamikannia', 'Short Circuit', '98 хвилин (01:38)', 'Элли Шиди, Фишер Стивенс, Остин Пендлтон, Брайан МакНамара, Тим Блэйни, Марвин Дж. МакИнтайр, Джон Гарбер, Пенни Сантон, Вернон Уиддл, Барбара Тарбак, Том Лоуренс, Билли Рэй Шарки, Роберт Крантц, Джен Спэк', NULL, 'Розряд блискавки потрапляє у робота під номером 5, і він оживає на кшталт створення Франкенштейна. Вся штука в тому, що його творець (Гаттенберг) і ті, хто задумав використовувати робота у військових цілях, не підозрювали навіть, який могутній заряд людинолюбства та добра закладений у цій, здавалося б, безмозкій і безсердечній залізяці.', 1, 57, NULL, 1, NULL, 4, 1, 0, NULL, '2024-02-05 22:20:29', '2024-02-05 22:20:30'),
(202, 'Адреналін ', 'adrenalin', 'Crank', ' 88 хвилин (01:28)', 'Эми Смарт, Хосе Пабло Кантилльо, Эфрен Рамирес, Дуайт Йоакам, Карлос Санс, Рено Уилсон, Эди Гатеги, Джей Ксала, Кион Янг, Валери Рэй Миллер, Юсуф Азами, Лоран Шваар, Дэвид Браун (IV)', NULL, 'Найманий вбивця Чев дізнається, що недоброзичливці отруїли його рідкісною китайською отрутою і отрута почне діяти негайно, як тільки пульс перестане битися нижче за певну позначку. І тепер Чеву потрібно встигнути зробити всі свої справи, спробувати роздобути протиотруту і помститися своїм отруйникам у прямому значенні слова похапцем — намагаючись створювати навколо себе якнайбільш напружену обстановку і не розслаблятися ні на секунду.', 1, 77, NULL, 1, NULL, 1, 1, 0, NULL, '2024-02-05 22:20:29', '2024-02-05 22:20:30'),
(203, 'Адреналін 2: Висока напруга', 'adrenalin-2-visoka-napruga', 'Crank: High Voltage', '96 хвилин (01:36)', 'Эми Смарт, Клифтон Коллинс-мл., Бай Лин, Дэвид Кэрредин, Кори Хэйм, Эфрен Рамирес, Дуайт Йоакам, Холли Уэбер, Рено Уилсон, Билли Унгер, Джозеф Джулиан Сория, Аттикус Тодд, Энн Жерар', NULL, 'Чев Челіос виживає після падіння з запаморочливої висоти - він прийшов до тями на операційному столі в оточенні китайських медиків, які торгують людськими органами і вже замінили його серце на штучне, що працює від регулярної підзарядки. Але Чев все ж таки знаходить у собі сили знову зустрітися віч-на-віч з мафією...', 1, 80, NULL, 1, NULL, 1, 1, 0, NULL, '2024-02-05 22:20:29', '2024-02-05 22:20:30'),
(204, 'Нестримні', 'nestrimni', 'The Expendables', ' 103 хвилини (01:43)', 'Стив Остин, Эрик Робертс, Рэнди Кутюр, Дэвид Зайас, Жизель Итье, Чаризма Карпентер, Гэри Дэниелс, Эмин Джозеф, Хэнк Амос', NULL, 'Загін професійних найманців і відчайдушних хлопців на чолі з Барні Россом отримує непросте завдання - за всяку ціну знайти і знищити кривавого тирана-диктатора, що нагнітає страх на мирне населення і хаос, що сіє в американській країні. Вирушаючи на виконання нелегкої місії, загартовані вогнем і водою, що пройшли не одну війну, люди Росса потрапляють у пекло. Відтепер їм доведеться виживати: згуртуватися і досягти мети, або зневіритися і загинути. І все ж ці хоробрі, воістину незворушні хлопці готові реалізувати навіть не реалізоване. Але не все так просто, як здається на перший погляд...', 1, 81, NULL, 1, NULL, 1, 1, 0, NULL, '2024-02-05 22:20:29', '2024-02-05 22:20:30'),
(205, 'Нестримні 2', 'nestrimni-2', 'The Expendables 2', ' 103 хвилини (01:43)', 'Скотт Эдкинс, Рэнди Кутюр, Лиам Хемсворт, Нань Юй, Аманда Оомс, Чаризма Карпентер', NULL, 'Чи можна спробувати змінити розміщення сил у світі? Так, якщо ви круті як Ван Дамм, у вас є п\'ять тонн плутонію та першокласні найманці. Чи варто жартувати з Віллісом, коли ви йому серйозно заборгували? Ні, навіть якщо ви небезпечні як Сталлоне і у вас за спиною нестримні. Кого покликати на таке пльове діло, як спасіння світу? Пара перевірених хлопців, Стетхем та Норріс, явно не завадять. Стануть в нагоді і малюк Хемсворт, і небезпечна красуня. Але команда буде неповною без Шварценеггера. Він реально повернувся! Всі в зборі. Помчала ...', 1, 83, NULL, 1, NULL, 2, 1, 0, NULL, '2024-02-05 22:20:29', '2024-02-05 22:20:30'),
(206, 'Зоряний шлях', 'zorianii-sliax', 'Star Trek', ' 127 хвилин (02:07)', 'Вайнона Райдер, Зои Салдана, Закари Куинто, Леонард Нимой, Брюс Гринвуд, Джон Чо, Антон Ельчин, Лиза Видал', NULL, 'Доля галактики в руках непримиренних суперників, що належать до різних світів. Один з них – Джеймс Т. Кірк, хуліган з Айови, природжений лідер, та шукач пригод. Другий, Спок, виріс на планеті Вулкан і став ізгоєм через своє напівлюдське походження. Кірк та Спок є повними протилежностями; прагнучи пізнати свою справжню сутність і зрозуміти, що вони можуть дати світу, молоді люди стають непримиренними суперниками. Один з них рухається пристрастями, інший керується холодною логікою.', 1, 80, NULL, 1, NULL, 4, 1, 0, NULL, '2024-02-05 22:20:29', '2024-02-05 22:20:30'),
(207, 'Стартрек: Відплата / Зоряний шлях: У пітьму', 'startrek-vidplata-zorianii-sliax-u-pitmu', 'Star Trek Into Darkness', ' 132 хвилини (02:12)', 'Элис Ив, Зои Салдана, Закари Куинто, Антон Ельчин, Джон Чо', NULL, 'Повернувшись на Землю, команда корабля «Ентерпрайз» виявляє, що діяльність та принципи їхньої організації підірвані зсередини. Флот скований незрозумілим жахом і не діє, поки світ все глибше занурюється в безодню. Капітан Кірк бере на себе керівництво операцією з упіймання лиходія, відповідального за цей хаос і здатного знищити все людство. будуть принесені в жертву заради єдиного, що залишилося у Кірка його команди.', 1, 84, NULL, 1, NULL, 3, 1, 0, NULL, '2024-02-05 22:20:29', '2024-02-05 22:20:30'),
(208, 'Стартрек: За межами Всесвіту ', 'startrek-za-mezami-vsesvitu', 'Star Trek Beyond', '122 хвилини (02:02)', 'София Бутелла, Зои Салдана, Закари Куинто, Джон Чо, Антон Ельчин, Джо Таслим', NULL, 'Через два роки після початку чергової космічної місії команда «Ентерпрайзу» стикається з випробуванням, перед яким меркнуть усі попередні пригоди відважного екіпажу. Після атаки невідомих ворогів корабель зазнає лиха на таємничій, загубленій у глибинах простору планеті. Опинившись на краю Всесвіту, позбавлені допомоги Федерації, капітан Кірк та його товариші дізнаються про існування жахливої зброї, що загрожує планетним системам.', 1, 87, NULL, 1, NULL, 2, 1, 0, NULL, '2024-02-05 22:20:29', '2024-02-05 22:20:30'),
(209, 'Фантомас', 'fantomas', 'Fantomas', ' 100 хвилин (01:40)', 'Милен Демонжо, Жак Динам, Робер Дальбан, Мари-Элен Арно, Анн-Мари Пейссон, Кристиан Тома, Мишель Дюпле, Андре Таинси, Хьюс Уоннер, Анри Атталь, Жак Бергер, Пьер Колле, Анри Геган', NULL, 'Перший фільм трилогії про неймовірні пригоди комісара Жюва, який переслідує невловимого злочинця Фантомаса. Париж вражений сенсаційними та зухвалими злочинами, скоєними таємничим лиходієм на ім\'я Фантомас. На його затримання кинуті всі сили поліції, але Фантомас практично невловимий — він постійно змінює вигляд, вправно вислизаючи з правосуддя. Напасти на його слід вдається лише комісару Жюву за допомогою Елен, подруги викраденого журналіста Фандора.', 1, 35, NULL, 1, NULL, 4, 1, 0, NULL, '2024-02-05 22:20:29', '2024-02-05 22:20:30');
INSERT INTO `films` (`id`, `title`, `slug`, `origin_title`, `duration`, `other_actor`, `note`, `description`, `category_id`, `year_id`, `season_id`, `rating_id`, `status_id`, `age_id`, `quality_id`, `view`, `thumbnail`, `created_at`, `updated_at`) VALUES
(210, 'Фантомас розлютився', 'fantomas-rozliutivsia', 'Fantomas Se Dechaine / Fantomas Strikes Back', '94 хвилини (01:34)', 'Милен Демонжо, Жак Динам, Робер Дальбан, Альбер Даньян, Кристиан Тома, Мишель Дюпле, Оливье де Фюнес, Флоранс Бло, Робер Ле Беаль, Пьетро Торди, Анри Атталь, Доминик Зарди, Жак Марен', NULL, 'Через рік після того, як комісар Жюв і репортер Фандор упустили Фантомаса, суперзлочинець знову дався взнаки, викравши відомого вченого. Наступною жертвою має стати його помічник, професор Лефевр. Фандор, видаючи себе за професора, їде до Риму і… потрапляє прямо до рук Фантомаса. Поспішаючи на виручку, Жюв та Елен самі потрапляють у пастку. Тепер доводиться думати, як рятуватися самим і втекти з лігва Фантомаса.', 1, 36, NULL, 1, NULL, 4, 1, 0, NULL, '2024-02-05 22:20:29', '2024-02-05 22:20:30'),
(211, 'Фантомас проти Скотланд-Ярду', 'fantomas-proti-skotland-iardu', 'Fantomas contre Scotland Yard / Fantomas vs. Scotland Yard', '104 хвилини (01:44)', 'Жан Марэ, Луи де Фюнес, Милен Демонжо, Франсуаза Кристоф, Жан-Роже Коссимон, Робер Дальбан, Андре Дюма, Макс Монтавон, Рита Ренуар, Жан Озенн, Анри Серр, Жак Динам, Анри Атталь, Антуан Бо, Ги Делорм', NULL, 'Цього разу лиходій із тисячами осіб вирішує обкласти даниною найбагатших людей світу, а натомість гарантує їм життя. Комісар Жюв зі своїми вірними друзями, Фандором та Елен, прибуває до шотландського замку для того, щоб стати на захист його власника і знову спробувати спіймати Фантомаса.', 1, 38, NULL, 1, NULL, 4, 1, 0, NULL, '2024-02-05 22:20:29', '2024-02-05 22:20:30'),
(212, 'Перший месник ', 'persii-mesnik', 'Captain America: The First Avenger', '124 хвилини (02:04)', 'Доминик Купер, Себастьян Стэн, Ричард Армитедж, Хейли Этвелл, Натали Дормер, Нил МакДонаф', NULL, 'Стів Роджерс добровільно погоджується взяти участь в експерименті, який перетворить його на супер солдата, відомого як Перший месник. Роджерс вступає до збройних силСША разом з Бакі Барнсом і Пеггі Картер, щоб боротися з ворожою організацією ГІДРА, якою управляє безжальний Червоний Череп.', 1, 82, NULL, 1, NULL, 4, 1, 0, NULL, '2024-02-05 22:20:29', '2024-02-05 22:20:30'),
(213, 'Залізна людина', 'zalizna-liudina', 'Iron Man', ' 126 хвилин (02:06)', 'Гвинет Пэлтроу, Терренс Говард, Лесли Бибб, Шон Тоуб, Фаран Таир, Саид Бадрия, Билл Смитрович, Кларк Грегг, Тим Гини, Уилл Лиман, Марко Хэнлиэн, Кевин Фостер, Гаррет Ноэль', NULL, 'Історія про промисловця-мільярдера та геніального винахідника, якого викрали з метою виготовлення зброї масового ураження. Натомість, використовуючи свій розум і фантазію, Тоні конструює високотехнологічний залізний костюм і рятується втечею. Виявивши підступну змову, що загрожує страшними наслідками, він одягає свій костюм і захищає світ як Залізну Людину.', 1, 79, NULL, 1, NULL, 4, 1, 0, NULL, '2024-02-05 22:20:29', '2024-02-05 22:20:30'),
(214, 'Халк', 'xalk', 'Hulk', ' 138 хвилин (02:18)', 'Дженнифер Коннелли, Кара Буоно, Кевин Ранкин, Селия Уэстон, Пол Керси, Тодд Тэсэн, Джеффри Скотт, Дэниэл Дэ Ким, Майкл Кроненберг, Даниелла Кун, Крэйг Дэймон', NULL, 'Студентів із престижного університету набирають до робочої групи секретного військового проекту зі створення машини, здатної перебудовувати клітини людського організму. Лідером групи є Брюс Беннер. Несподівано проект \"Гаммасфера\" виходить з-під контролю вчених, і Брюс Беннер зазнає впливу цього апарату. В результаті він отримує небачену можливість перетворюватися на величезного зеленого монстра щоразу, як тільки щось починає його злити. Цю істоту незабаром починають називати Халком. Хоча Халк – це темна сторона душі Брюса, він знаходить у собі сили поставити її на службу праведним цілям.', 1, 74, NULL, 1, NULL, 4, 1, 0, NULL, '2024-02-05 22:20:29', '2024-02-05 22:20:30'),
(215, 'Тор', 'tor', 'Thor', ' 115 хвилин (01:55)', 'Том Хиддлстон, Натали Портман, Стеллан Скарсгард, Кэт Деннингс, Кларк Грегг, Колм Фиор, Рэй Стивенсон, Таданобу Асано, Джошуа Даллас, Джейми Александер, Рене Руссо, Адриана Барраса', NULL, 'Епічне пригода відбувається як у нашій планеті Земля, і у вигаданому королівстві богів Асгарде. У центрі історії — Могутній Тор, сильний, але зарозумілий воїн, безрозсудні вчинки якого відроджують давню війну в Асгарді. Тора відправляють на заслання на Землю, позбавляють сил і змушують жити серед звичайних людей як покарання. Тор дізнається, скільки потрібно сил, щоб стати справжнім героєм, коли найнебезпечніший лиходій його світу спрямовує темні сили поглинути Землю.', 1, 82, NULL, 1, NULL, 4, 1, 0, NULL, '2024-02-05 22:20:29', '2024-02-05 22:20:30'),
(216, 'Джонні Мнемонік', 'dzonni-mnemonik', 'Johnny Mnemonic', '96 хвилин (01:36)', 'Такэси Китано, Айс-Ти, Дина Мейер, Дэнис Акаяма, Генри Роллинз, Барбара Зукова, Удо Кир, Трейси Туид, Фалконер Абрахам, Дон Фрэнкс, Диего Чэмберс, Шерри Миллер', NULL, 'У наскрізь кібернетизованому майбутньому найцінніший товар — інформація, яку кур\'єри доставляють у найнадійнішому місці — у їхньому власному мозку. Для того, щоб досягти успіху в цьому бізнесі, Джонні «стер» спогади дитинства і розширив пам\'ять надсучасних комп\'ютерних пристроїв. Але й цього виявилося замало інформації, яку він взявся доставити. Якщо її вчасно не завантажити, то Джонні загине. Ставки великі, і інформацію з голови (можна і з головою, але без Джонні) хоче отримати всюдисуща японська мафія, що підключає до такої тонкої справи проповідника.', 1, 66, NULL, 1, NULL, 2, 1, 0, NULL, '2024-02-05 22:20:29', '2024-02-05 22:20:30'),
(217, 'Області тьми / Безмежний розум: Область темряви ', 'oblasti-tmi-bezmeznii-rozum-oblast-temriavi', 'Limitless', ' 105 хвилин (01:45)', 'Эбби Корниш, Эндрю Ховард, Анна Фрил, Джонни Витуорт, Томас Арана, Роберт Джон Бёрк, Даррен Голдштейн, Нед Эйзенберг, Ричард Бекинс, Патриция Кэлембер, Синди Кац, Брайан Энтони Уилсон, Ребекка Дайан', NULL, 'Едді - Нью-Йоркський письменник, йому надається можливість написати книгу. Але його життя складається не найкращим чином. Для того щоб подолати життєво-творчу кризу, приймає нікому не відомий препарат – таблетку NZT. Після чого мозок хлопця працює з неймовірною міццю. За допомогою цього чудодійного препарату життя Едді налагоджується, він стає багатим та могутнім. Але незабаром, зловісні побічні ефекти NZT даються взнаки. Намагаючись знайти спосіб впоратися із залежністю, він дізнається про страшну правду, яка ставить під загрозу його життя… Екранізація твору Алана Глінна.', 1, 82, NULL, 1, NULL, 2, 1, 0, NULL, '2024-02-05 22:20:29', '2024-02-05 22:20:30'),
(218, 'Команда «А»', 'komanda-a', 'The A-Team', '117 хвилин (01:57)', 'Джессика Бил, Куинтон Джексон, Шарлто Копли, Джералд МакРэйни, Генри Черни, Юл Васкес, Брайан Блум', NULL, 'Повнометражна версія серіалу 80-х «Команда А». Останній варіант історії, написаний Джейсоном Ротуеллом, обертається навколо групи ветеранів війни в Іраку. Їх розшукують збройні силиСША за звинуваченням у злочині, якого герої не робили. Переховуючись від переслідування, вони встигають допомагати скривдженим та ображеним. Новизну старої історії надають залучені до неї нафтові заправили та лазерні технології.', 1, 81, NULL, 1, NULL, 4, 1, 0, NULL, '2024-02-05 22:20:29', '2024-02-05 22:20:30'),
(219, 'Зоряні війни: Епізод IV - Нова надія ', 'zoriani-viini-epizod-iv-nova-nadiia', 'Star Wars: Episode IV - A New Hope', ' 121 хвилина (02:01)', 'Кэрри Фишер, Алек Гиннесс, Билли Ди Уильямс, Энтони Дэниелс, Питер Мейхью, Себастьян Шоу, Иэн МакДайармид, Фрэнк Оз, Джеймс Эрл Джонс', NULL, 'Давним-давно, у далекій-далекій галактиці йде громадянська війна. Галактична Імперія на порозі апогею своєї могутності: Галактична рада, як залишок колишньої республіки, розпущена, джедаї практично знищені, готується до завершення імперська надзброя – бойова космічна станція «Зірка смерті». Але все ж таки нечисленним силам повстанського руху вдалося отримати секретні креслення цієї зброї смерті. Провідниця повстанців, Принцеса Лея, захоплена в полон верховним генералом Дартом Вейдером, встигає врятувати цінні дані в пам\'яті вірного астро-дроїда R2D2, відправивши його разом із дроїдом C-3PO на пустельну планету Татуїн. Там вони потрапляють до рук юного фермера і пілота Люка Скайуокера і через нього до старого дивакуватого самітника Обі-Вану Кенобі. Бен Кенобі, знаючи щось більше про Скайуокер, побачив, що в цьому хлопці є НОВА НАДІЯ відновити баланс Сили і знову повернути світ Галактиці. Він розповідає Люку про його батька - великого джедаю, передає світловий меч і починає своє служіння цьому молодику. Обі-Ван, Люк і дроїди вирушають на допомогу Леї на борту «Сокола Тисячоліття» разом із найнятим капітаном корабля, контрабандистом, Ханом Соло та його вірним помічником вуки Чубаккою… Нашим героям належить космічна подорож, повна небезпек і пригод порятунку Галактики.', 1, 48, NULL, 1, NULL, 5, 1, 0, NULL, '2024-02-05 22:20:29', '2024-02-05 22:20:30'),
(220, 'Зоряні війни: Епізод V - Імперія завдає удару у відповідь ', 'zoriani-viini-epizod-v-imperiia-zavdaje-udaru-u-vidpovid', 'Star Wars: Episode V - The Empire Strikes Back', '124 хвилини (02:04)', 'Кэрри Фишер, Билли Ди Уильямс, Энтони Дэниелс, Дэвид Праус, Питер Мейхью, Кенни Бэйкер, Фрэнк Оз, Алек Гиннесс, Джереми Буллок, Джон Холлис, Джек Пёрвис, Дес Уэбб, Клайв Ревилл', NULL, 'Давним-давно, у далекій-далекій галактиці триває громадянська війна. Через три роки після битви при Явині та руйнуванні «Зірки смерті» ІМПЕРІЯ НАНОСИТЬ ВІДПОВІДНИЙ УДАР, консолідувавши свій флот під керівництвом верховного ватажка Дарта Вейдера для переслідування повстанських загонів. Вейдер одержимий бажанням знайти молодого Скайуокера, в якому він та його Імператор відчули течію Сили. І ось він практично наздоганяє його, зруйнувавши повстанську базу на далекій крижаній планеті Хот; однак Люк, за порадою голосу Обі-Вана, вирушає разом зі своїм астро-дройдом R2D2 на планету Дагоба до магістра Йоди. За руйнування бази повстанців, екіпаж «Сокола Тисячоліття»: принцеса Лея, дройд C-3PO, відважний Хан Соло та його вірний борт-механік Чуї опиняються під масованим вогнем імперських винищувачів, які з ревом розтинають космічний вакуум. Друзям дивом вдається вирватися з лап Імперії, щоб потім самим потрапити у них назад. Люк, під керівництвом мудрого джедая Йоди, осягаючи мистецтво володіння Сили, раптово бачить друзів у смертельній небезпеці. Він, не закінчивши своє навчання, вирушає на допомогу до них, розуміючи, що може бути спійманий у пастку. Джедай-початківець йде назустріч долі, він готовий ризикнути, розуміючи, що може загинути або перейти на Темну сторону Сили, він відчуває, що його щось пов\'язує з темним лордом ситхів Дартом Вейдером, і це почуття непереборне.', 1, 51, NULL, 1, NULL, 5, 1, 0, NULL, '2024-02-05 22:20:29', '2024-02-05 22:20:30'),
(221, 'Зоряні війни: Епізод VI - Повернення джедая', 'zoriani-viini-epizod-vi-povernennia-dzedaia', 'Star Wars: Episode VI - Return of the Jedi', '131 хвилина (02:11)', 'Кэрри Фишер, Билли Ди Уильямс, Энтони Дэниелс, Питер Мейхью, Себастьян Шоу, Иэн МакДайармид, Фрэнк Оз, Джеймс Эрл Джонс, Дэвид Праус, Алек Гиннесс', NULL, 'Давним-давно, в далекій-далекій галактиці не вщухає громадянська війна. Імперія стягує свої сили та готує до завершення будівництво нової «Зірки смерті» – бойової космічної станції, значно потужнішої за першу. Люк Скайуокер, застосовуючи майстерність володіння Силою, рятує Лею Органу, Хана та Чуї з полону голови гангстерів Джабби Хатта. Магістр Йода перед смертю встигає сказати Люку, що джедаєм він стане лише тоді, коли битиметься з Вейдером, також він підтверджує, що темний лорд є батьком Люка і встигає обмовитися про існування ще одного Скайуокера ... Тепер нашому герою доведеться знайти шлях пробудження в бездушні Вейдер свого батька – Енакіна Скайуокера, що є ніщо інше як ПОВЕРНЕННЯ ДЖЕДА. Має бути великий бій між Люком, Дартом Вейдером і ... Енакіном Скайуокером, бій прагнень, скрегочуть між перехрестям світлових мечів, у темному лігві Імператора. Результат цього бою вирішить долю Галактики.', 1, 54, NULL, 1, NULL, 5, 1, 0, NULL, '2024-02-05 22:20:29', '2024-02-05 22:20:30'),
(222, 'Зоряні війни: Епізод I - Прихована загроза ', 'zoriani-viini-epizod-i-prixovana-zagroza', 'Star Wars: Episode I - The Phantom Menace', ' 136 хвилин (02:16)', 'Натали Портман, Джейк Ллойд, Иэн МакДайармид, Пернилла Аугуст, Оливер Форд Дэвис, Хью Куарши, Ахмед Бест, Энтони Дэниелс, Кенни Бэйкер, Фрэнк Оз, Теренс Стэмп, Брайан Блессид, Эндрю Сиком', NULL, 'Давним-давно, у далекій-далекій галактиці настали нелегкі часи. Галактична Республіка перебуває у політичній кризі. Внаслідок конфлікту інтересів Торговельної Федерації та Сенату Республіки під опалу потрапляє маленька планета Набу. Для врегулювання конфлікту туди посилаються двоє лицарів-джедаєв: учитель Квай-Гон Джин та його падаван Обі-Ван Кенобі; проте конфлікт має відбутися за планом темного владики ситхів Дарта Сідіуса, і планету обрушується повномасштабне вторгнення. Джедаї рятують королеву Амідалу і залишають Набу, щоб дістатися столиці Республіки – планети Корусант, до Сенату. Наші герої роблять вимушену посадку на піщаній планеті Татуїн. Там Квай-Гон знаходить хлопчика. Він чуйний, розумний і талановитий; він син рабині, народжений цілющою дією Сили, протягом якої в ньому надзвичайно велике і його звуть Енакін Скайуокер. Хлопчик, перемагаючи в гонках на карах, рятує наших героїв і залишає з ними рідну планету звільненим... Галактичний сенат загруз у корупції та бюрократії і не може допомогти Набу. Через вотум недовіри до чинного канцлера на його місце вступає представник опальної планети-сенатор Палпатін. Рада джедаєв стривожена наростанням Темної сторони Сили, відродженням ордена ситхів і не радий появі Енакіна, в якому нарівні з присутністю Сили оселився страх. Темрява згущується і набирає сили, з\'являється прихована загроза настання зоряних воєн.', 1, 70, NULL, 1, NULL, 5, 1, 0, NULL, '2024-02-05 22:20:29', '2024-02-05 22:20:30'),
(223, 'Зоряні війни: Епізод II - Атака клонів', 'zoriani-viini-epizod-ii-ataka-kloniv', 'Star Wars: Episode II - Attack of the Clones', ' 142 хвилини (02:22)', 'Кристофер Ли, Хейден Кристенсен, Натали Портман, Фрэнк Оз, Иэн МакДайармид, Пернилла Аугуст, Темуэра Моррисон, Дэниэл Логан, Джимми Смитс, Джек Томпсон, Лианна Уолсмен, Ахмед Бест, Роуз Бирн', NULL, 'Давним-давно, в далекій-далекій галактиці наростають негаразди та конфлікти. Безліч систем погрожують вийти зі спілки на користь сепаратистського руху, очолюваного графом Дуку. Лицарям джедайського ордену стає все важче зберігати світ. Назріває питання створення республіканської армії. Противниця мілітаристської ідеї, сенатор Падме Амідала, зазнала акту ліквідації під час прибуття на Корусант. На захист високопоставленої персони були залучені два джедаї: вчитель – Обі-Ван Кенобі та Енакін Скайуокер – його падаван. Дитяча прихильність Енакіна до Падми переростає у сильніші почуття молодого юнака. Розслідування замаху призводить до того, що Обі-Ван вирушає на пошуки замовника, а Енакін та Падме відлітають на прекрасну планету Набу, де у них розгортається гарний роман. Ланцюг розслідувань Обі-Вана призводить його до бентежних новин: він дізнається про підготовку армії клонів на планеті Камін і армії дроїдів на Джеонозісі, а також - що лорд-сітх Дарт Сідіус зараз керує Галактичним Сенатом ... У зв\'язку з наростаючим конфліктом Галактичний Сенат на сенатора Палпатіна, який повідомляє, що для повернення світу Галактиці необхідна АТАКА КЛОНІВ. Енакін Скайуокер втрачає матір і знаходить все більший страх втратити кохану. Темна сторона Сили насаджує кукіль гніву і ненависті в серці юнака ... і огортає Галактику ...', 1, 73, NULL, 1, NULL, 5, 1, 0, NULL, '2024-02-05 22:20:29', '2024-02-05 22:20:30'),
(224, 'Зоряні війни: Епізод III - Помста ситхів', 'zoriani-viini-epizod-iii-pomsta-sitxiv', 'Star Wars: Episode III - Revenge of the Sith', ' 140 хвилин (02:20)', 'Натали Портман, Кристофер Ли, Хейден Кристенсен, Иэн МакДайармид, Джимми Смитс, Фрэнк Оз, Энтони Дэниелс, Киша Касл-Хьюз, Сайлас Карсон, Джей Лагайя, Брюс Спенс, Уэйн Пиграм, Темуэра Моррисон', NULL, 'Давним-давно, в далекій-далекій галактиці вирують клонічні війни. Галактична Республіка та Конфедерація незалежних систем ведуть згубну війну. Майстер-джедай Обі-Ван Кенобі та лицар-джедай Енакін Скайуокер крізь вихори атак, маневруючи між армадами крейсерів та пунктирами бластерів, добираються до зорельоту генерала Гривуса. Там вони виявляють свого сенатора в кайданах і починають бій із лордом сітхів графом Дуку. В результаті сутички, Енакін бере гору, пускаючи в хід свою ненависть і, за наказом Палпатіна, вбиває чорного графа... Падме повідомляє свого таємного чоловіка Енакіна, що вагітна. Його переповнює страх втратити кохану, і руйнуються колишні ідеали - він зближується з Палпатіном. Сенатор підігріває в Скайуокері марнославство і повідомляє, що джедаї та сітхи мало чим відрізняються в бажанні примноження влади, проте мистецтву використання Сили для створення життя та порятунку від смерті джедаї навчити не можуть... Палпатін відкривається перед Енакіном і єдине, що зупиняє джедая ви сітхів суду - це можливість відвести смерть від Падмі. І ось у кульмінаційний момент, коли магістр Вінду тримає заклятого ворога, Енакін встає на бік Темряви і рятує нового вчителя. Сталося трагічне народження Дарта Вейдера. Коло замикається, ПІСТЬ СІТХІВ набирає чинності: Дарт Сідіус отримує нового учня, приводиться в дію наказ 66, проголошується початок Галактичної Імперії.', 1, 76, NULL, 1, NULL, 4, 1, 0, NULL, '2024-02-05 22:20:29', '2024-02-05 22:20:30'),
(225, 'Бунтар Один. Зоряні Війни: Історія', 'buntar-odin-zoriani-viini-istoriia', 'Rogue One: A Star Wars Story', '133 хвилини (02:13)', 'Донни Йен, Фелисити Джонс, Диего Луна, Вэнь Цзян, Бен Мендельсон, Риз Ахмед, Джимми Смитс', NULL, 'Опір збирає загін для виконання особливої місії — треба викрасти креслення найдосконалішої та най смертоноснішої зброї Імперії. Очолює бійців некерована та безстрашна Джин Ерсо, яка має в цьому самогубному завданні й особисті мотиви. Не всім судилося повернутись додому, але герої готові до цього, адже на коні доля Галактики.', 1, 87, NULL, 1, NULL, 4, 1, 0, NULL, '2024-02-05 22:20:29', '2024-02-05 22:20:30'),
(226, 'Константин: Володар темряви', 'konstantin-volodar-temriavi', 'Constantine', '121 хвилина (02:01)', 'Рэйчел Вайз, Джимон Хонсу, Тильда Суинтон, Макс Бейкер, Прюитт Тейлор Винс, Петер Стормаре, Джесси Рамирез, Хосе Суньига, Френсис Гуинан, Ларри Седар, Эйприл Грэйс, Сюзанна Уэнг', NULL, 'Джону Костянтину вдалося не лише побувати в пеклі, а й повернутися назад. Народившись із неугодним собі талантом — здатністю розпізнавати помісь ангелів і демонів, які блукають землею у вигляді людей, — Костянтин під тиском обставин намагається вчинити самогубство, аби позбутися болісних видінь. Але невдало. Воскресений проти своєї волі він знову опиняється у світі живих. Тепер, відзначений печаткою суїциду і отримав тимчасове право на життя, він патрулює кордон, що розділяє рай і пекло, марно сподіваючись на здобуття порятунку шляхом битви із земними ставлениками зла. Але й Костянтин не святий. Приходячи все більше розчарування від навколишнього світу, і будучи не в ладу зі світом потойбічним, запеклим від важкого життя, він починає спиватися, з презирством ставлячись до самої ідеї героїзму. Костянтин боротиметься за вашу душу, але йому не потрібне ні ваше захоплення, ні ваша подяка. І вже найменше ваше співчуття! Все, що йому потрібно, — це знайти вихід… Коли співробітниця поліції, яка зневірилася, але не втратила свій скептицизм, заручається підтримкою Костянтина для розкриття загадкового самогубства її сестри-близнюка, розслідування заводить їх у світ демонів і ангелів, що знаходиться в підземеллі сучасного мегаполісу Лос Анджелес. Потрапивши в низку катастрофічних подій іншого світу, Костянтин і Анджела настільки пов\'язують у них, що здобуття миру та спокою за будь-яку ціну стає для них самою метою.', 1, 76, NULL, 1, NULL, 2, 1, 0, NULL, '2024-02-05 22:20:29', '2024-02-05 22:20:30'),
(227, 'Таксі', 'taksi', 'Taxi', ' 86 хвилин (01:26)', 'Марион Котийяр, Мануэла Гурари, Эмма Сьоберг, Бернар Фарси, Жорж Нери, Эдуард Монтут, Гай Нгуен, Морис Мурсия, Сабина Бэйл, Дэн Херцберг, Себастьян Тьери, Эрик Беренжер, Филипп дю Жанеран', NULL, 'Молодий таксист Даніель схиблений на швидкій їзді. Як ураган проноситься він по звивистих вулицях Марселя на своєму потужному звірі, що реве «Пежо», лякаючи пасажирів і перехожих. Непідкупний поліцейський Емільєн змушує його допомогти в затриманні банди грабіжників, які вислизають від поліції на своїх невловимих «Мерседесах». І до кінця не ясно, хто ж зможе втриматися на крутому віражі ...', 1, 69, NULL, 1, NULL, 2, 1, 0, NULL, '2024-02-05 22:20:29', '2024-02-05 22:20:30'),
(228, 'Таксі 2', 'taksi-2', 'Taxi 2', '88 хвилин (01:28)', 'Марион Котийяр, Эмма Сьоберг, Бернар Фарси, Жан-Кристоф Бове, Фредерик Тирмон, Эдуард Монтут, Марк Фор, Хирата Харухико, Цую Симидзу, Ко Сузуки, Йоши Оида, Кэнтаро Юри Йамашита, Хиро Утияма', NULL, 'До Франції прибуває міністр оборони Японії. Мета його візиту – ознайомитись із французьким досвідом боротьби з тероризмом та підписати \"контракт століття\" про взаємну співпрацю. Несподівано під час показових виступів французької поліції, міністра оборони викрадає гангстерське угруповання \"Якудза\", яке бажає зірвати укладання найважливішого контракту. Даніель Емільєн вирушають на пошуки високого гостя. У справу вступає вже добре знайоме таксі.', 1, 71, NULL, 1, NULL, 4, 1, 0, NULL, '2024-02-05 22:20:29', '2024-02-05 22:20:30'),
(229, 'Таксі 3 ', 'taksi-3', 'Taxi 3', ' 84 хвилини (01:24)', 'Марион Котийяр, Бернар Фарси, Бай Лин, Эмма Сьоберг, Эдуард Монтут, Жан-Кристоф Бове, Леон-Пьер Мондини, Бернард Льопис, Жан-Луи Шлессер, Жан-Пьерр Мас, Мишель Нюгартен, Патрис Аббу', NULL, 'Банда Санта-Клаусов тероризує Марсель напередодні Різдва, обіцяючи обчистити місто вщент. Комісар поліції вже задумав провести великомасштабну операцію під кодовою назвою «Сніговик», до якої головна роль відведена таксисту Данієлю та поліцейському Емільєну. Але як би наші друзі не наробили куди більшої шкоди, ніж самі злочинці, адже щоб упіймати «мафію Дідів Морозів» друзі витворяють на своєму таксі таке!', 1, 74, NULL, 1, NULL, 2, 1, 0, NULL, '2024-02-05 22:20:29', '2024-02-05 22:20:30'),
(230, 'Таксі 4', 'taksi-4', 'Taxi 4', ' 91 хвилина (01:31)', 'Бернар Фарси, Эмма Сьоберг, Эдуард Монтут, Жан-Кристоф Буве, Жан-Люк Кучар, Франсуа Дамиенс, Морад Зегвенди, Джибрил Сиссе', NULL, 'Продовження знаменитої автомобільної саги. Через п\'ять років після подій третього фільму, Даніель та Емільєн знову разом і ми знову маємо можливість спостерігати за їхніми пригодами – цього разу на Лазурному березі. Злочинця № 1 транспортують із Бельгії до Конго… через Марсель. Лише кілька годин найнебезпечніша людина у світі, надійно запакована в скафандр і залізну клітку, має пробути в поліцейській дільниці комісара Жібера. Але стерегти злочинця довірили Емільєну… Петра запроториться у банду і зачарує лиходія, Жибер задасть спеку бандитам і покаже, як справжні французи грають у футбол. І, звичайно, поліцейським Марселя знову не обійтися без допомоги Даніеля та його реактивного таксі.', 1, 78, NULL, 1, NULL, 2, 1, 0, NULL, '2024-02-05 22:20:29', '2024-02-05 22:20:30'),
(231, 'Таксі 5', 'taksi-5', 'Taxi 5', '88 хвилин (01:28)', 'Малик Бенталха, Бернар Фарси, Сальваторе Эспозито, Эдуард Монтут, Сабрина Уазани, Сэнд Ван Рой, Ануар Тубали, Месье Пуп, Сисси Дюпарк', NULL, 'Екс-комісар Жибер, який став недолугим в історії міста мером Марселя, доручає переведеному зі столиці новобранцю Сільвану Маро розібратися з невловимою «бандою італійців» на Ferrari. Щоб зупинити їх, Маро, суперкопу та суперводію, доводиться об\'єднатися з племінником Даніеля. Хлопцеві дісталося знамените біле таксі дядька, але не його талант.', 1, 89, NULL, 1, NULL, 4, 1, 0, NULL, '2024-02-05 22:20:29', '2024-02-05 22:20:30'),
(232, 'Напад на 13-ту дільницю', 'napad-na-13-tu-dilniciu', 'Assault on Precinct 13', ' 109 хвилин (01:49)', 'Гэбриел Бирн, Мария Белло, Дреа де Маттео, Брайан Деннехи, Джа Рул, Карри Грэм, Аиша Хайндс, Мэтт Крэйвен, Фульвио Чечере, Питер Брайант, Ким Коутс, Хью Диллон', NULL, 'Рахований годинник залишається до закриття 13-ї поліцейської дільниці. Але поки його співробітники на чолі із сержантом Роуніком готуються до зустрічі Нового року, снігова буря розгортає до них спецавтобус із злочинцями. У тому числі і щойно захоплений гангстер Меріон Бішоп. Ніщо, здавалося б, не дозволить відвернути поліцейських від свята: поки що озброєні люди в масках не нападають на дільницю. І охоронці закону змушені об\'єднатися зі злочинцями, щоби вижити цієї ночі!', 1, 76, NULL, 1, NULL, 2, 1, 0, NULL, '2024-02-05 22:20:29', '2024-02-05 22:20:30'),
(233, 'Поліцейська академія', 'policeiska-akademiia', 'Police Academy', ' 96 хвилин (01:36)', 'Ким Кэттролл, Бубба Смит, Донован Скотт, Дэвид Граф, Джордж Гейнс, Эндрю Рубин, Лесли Истербрук, Майкл Уинслоу, Дебрали Скотт, Брюс Малер, Тед Росс, Скотт Томсон, Брант фон Хоффман, Мэрион Рэмси', NULL, 'Мирні жителіСША перебувають у небезпеці! Мер міста ухвалив новий закон - більше немає жодних обмежень при прийомі на службу до поліції. Вага, стать, зростання і слабкі розумові здібності нікому не завадять вступити до поліцейської академії. Прийомні комісії ломляться від товстунів, ботаніків та вуличних хуліганів. Викладачі академії шоковані і мають намір у будь-який спосіб позбутися студентів. Але іспити, фізпідготовка та гей-бари абсолютно не лякають новачків. Не таке бачили!', 1, 55, NULL, 1, NULL, 2, 1, 0, NULL, '2024-02-05 22:20:29', '2024-02-05 22:20:30'),
(234, 'Поліцейська академія 2: Перше завдання ', 'policeiska-akademiia-2-perse-zavdannia', 'Police Academy 2: Their First Assignment', '87 хвилин (01:27)', 'Бубба Смит, Дэвид Граф, Майкл Уинслоу, Брюс Малер, Мэрион Рэмси, Коллин Кэмп, Ховард Хессеман, Арт Метрано, Джордж Гейнс, Боб Голдтуэйт, Джули Браун, Питер Ван Норден, Тим Казурински, Эд Херлихи', NULL, 'Банда хуліганів творить неподобства по всьому місту та спустошує кишені всіх, хто перебуває з ними на одному тротуарі. Обережно! Коли увальни в блакитній формі вирішать розібратися з цими хлопцями, це закінчиться дивовижним сміхом.', 1, 56, NULL, 1, NULL, 2, 1, 0, NULL, '2024-02-05 22:20:29', '2024-02-05 22:20:30'),
(235, 'Поліцейська академія 3: Знову до навчання', 'policeiska-akademiia-3-znovu-do-navcannia', 'Police Academy 3: Back in Training', '83 хвилини (01:23)', 'Бубба Смит, Дэвид Граф, Майкл Уинслоу, Мэрион Рэмси, Лесли Истербрук, Арт Метрано, Тим Казурински, Боб Голдтуэйт, Джордж Гейнс, Шон Уэзерли, Скотт Томсон, Брант фон Хоффман, Брюс Малер, Эд Нельсон', NULL, 'Уряд заявив, що лише одна з двох поліцейських шкіл може продовжувати свою роботу. Починається жорстоке змагання на виживання – жодна з академій не бажає закриватися, у справу йдуть усі кошти. Махоні, Хайтауер, Теклберрі, Джонс, Хукс і Келлаген під командуванням незламного коменданта Лассарда мобілізують для порятунку своєї Альма Матер нову команду безнадійних рекрутів.', 1, 57, NULL, 1, NULL, 2, 1, 0, NULL, '2024-02-05 22:20:29', '2024-02-05 22:20:30'),
(236, 'Поліцейська академія 4: Квартальна охорона порядку ', 'policeiska-akademiia-4-kvartalna-oxorona-poriadku', 'Police Academy 4: Citizens on Patrol', ' 88 хвилин (01:28)', 'Шэрон Стоун, Бубба Смит, Майкл Уинслоу, Дэвид Граф, Тим Казурински, Лесли Истербрук, Мэрион Рэмси, Лэнс Кинси, Боб Голдтуэйт, Джордж Гейнс, Дерек МакГрат, Скотт Томсон, Билли Бёрд, Джордж Р. Робертсон', NULL, 'До поліцейської академії прибуває нове поповнення. І знову це звичайні громадяни, які абсолютно, на перший погляд, не підходять для роботи в поліції. Цього разу новачки проходять тренування у рамках програми \"Громадяни на патрулюванні\", яку вигадав комендант Лассард. Стара гвардія веде заняття, а конкуренти та заздрісники Лассарда роблять все можливе, щоб ця програма провалилася...', 1, 58, NULL, 1, NULL, 2, 1, 0, NULL, '2024-02-05 22:20:29', '2024-02-05 22:20:30'),
(237, 'Поліцейська академія 5: Операція Маямі-біч ', 'policeiska-akademiia-5-operaciia-maiami-bic', 'Police Academy 5: Assignment Miami Beach', '90 хвилин (01:30)', 'Мэтт МакКой, Бубба Смит, Дэвид Граф, Майкл Уинслоу, Лесли Истербрук, Мэрион Рэмси, Джанет Джонс, Лэнс Кинси, Мэтт МакКой, Дж. У. Бейли, Джордж Гейнс', NULL, 'Сонце, веселощі і красиві дівчата. Де всьому цьому бути, як не в Майамі Біч? На цьому п\'ятому святі сміху наші герої летять до Майамі на вшанування улюбленого коменданта Лассарда. Але злочинці не мають відпусток, коли відпочивають наші улюблені поліцейські. Лассарда викрадено. І навіть спокусливі пляжні вечірки не зможуть відвернути наших шалених бійців від запеклої спроби порятунку заручника.', 1, 59, NULL, 1, NULL, 2, 1, 0, NULL, '2024-02-05 22:20:29', '2024-02-05 22:20:30'),
(238, 'Поліцейська академія 6: Місто в облозі', 'policeiska-akademiia-6-misto-v-oblozi', 'Police Academy 6: City Under Siege', ' 84 хвилини (01:24)', 'Бубба Смит, Дэвид Граф, Майкл Уинслоу, Лесли Истербрук, Мэрион Рэмси, Лэнс Кинси, Брюс Малер, Дж. У. Бейли, Джордж Гейнс', NULL, 'Спалах кримінальної активності під кодовою назвою \"Операція Хаос\" може вимагати завіси для міста, що нічого не підозрює. Якої завіси: Залізної? Мереживного? Жалюзі? Не хвилюйтеся. Найкращі поліцейські фахівці з найуспішнішої та найпопулярнішої комедійної серії в історії кіно взялися до справи. З першого дня слухачів цієї академії діти охрестили клоунами свого покоління. Навіть тата і мами полюбили їх, бо зрозуміли, що придуркуваті поліцейські зможуть зайняти їхніх чад по суботах і зберегти батькам купу часу. Цей фільм зроблений у стилі вічних правил комедії, доповнених сучасними сучасними поворотами. Мені було дуже весело під час зйомок цього фільму, ніби всією родиною працювали, - сказав продюсер Пол Масланскі. Багато учасників постановки працювали зі мною довгі роки. Дивитися цей фільм також дуже весело. Ось чому в усьому світі безліч сімей глядачів теж не розлучалися з Масланськи довгі роки.', 1, 60, NULL, 1, NULL, 2, 1, 0, NULL, '2024-02-05 22:20:29', '2024-02-05 22:20:30'),
(239, 'Поліцейська академія 7: В Москві', 'policeiska-akademiia-7-v-moskvi', 'Police Academy: Mission to Moscow', ' 83 хвилини (01:23)', 'Кристофер Ли, Джордж Гейнс, Майкл Уинслоу, Дэвид Граф, Лесли Истербрук, Дж. У. Бейли, Клер Форлани, Чарли Шлэттер, Владимир Долинский, Валерий Ярёменко, Вадим Долгачёв, Александр Песков, Николай Иванов (III), Ричард Израэль', NULL, 'Поліцейська академія у Москві! Російський балет. Російська горілка. І російська мафія. Найнебезпечніша операція у житті поліцейських академіків! Чи зможуть вони повернутися живими?.. Новий мер Мері Сью Біл видала указ, який вимагає приймати до поліцейської академії всіх охочих, незалежно від фізичних даних. Тепер ні зростання, ні вага, ні стать, ні слабке здоров\'я не можуть бути перешкодою для вступу до Академії. Сотні людей, які мріяти про це не могли, записалися туди негайно. Поліція збентежилася. Одному з головних героїв, Кері Махоуні, пропонують вступати до поліцейської академії як альтернатива в\'язниці, куди б він потрапив, якби слідчий не був знайомий з його батьком. Махоуні погоджується на пропозицію, припускаючи, що його виженуть із академії відразу ж. Однак офіцери, які не згодні з рішенням мера, вирішують не виганяти курсантів, а довести їх до виходу з академії за власним бажанням. Починається справжнісіньке життя курсантів Академії.', 1, 65, NULL, 1, NULL, 2, 1, 0, NULL, '2024-02-05 22:20:29', '2024-02-05 22:20:30'),
(240, 'Рембо: Перша кров ', 'rembo-persa-krov', 'First Blood', '93 хвилини (01:33)', 'Ричард Кренна, Брайан Деннехи, Билл МакКинни, Джек Старретт, Майкл Толбот, Крис Малки, Джон МакЛиам, Альф Хамфриз, Дэвид Карузо, Дэвид Л. Кроули, Дон Маккэй, Чарльз А. Тамбурро, Дэвид Петерсен, Крэйг Хьюстон', NULL, 'Екранізація однойменного роману Девіда Морелла. Він – експерт. Експерт зі зброї, ножів та власного тіла. Він людина, спеціально навчена не помічати біль та погодні умови. У В\'єтнамі його завдання було знищувати ворожий особовий склад. Багато вбивати. Виснажувати сили ворога до повної перемоги. Рембо був найкращий. На війні він був героєм, а на батьківщині, в ім\'я якої поливалася кров, він нікому не потрібен. Не здатний пристосуватися до мирного життя Рембо подорожує автостопом містами Америки, зустрічаючись з однополчанами. Подорож припиняє провінційний шериф, який ненавидить волоцюг. Рембо, який потрапив у в\'язницю за хибним обвинуваченням, що скуштував принижень з боку адміністрації, оголошує війну. Війну існуючому ставленню до ветеранів, свавілля офіційних структур та голові місцевої поліції особисто.', 1, 53, NULL, 1, NULL, 2, 1, 0, NULL, '2024-02-05 22:20:29', '2024-02-05 22:20:30'),
(241, 'Назад у майбутнє ', 'nazad-u-maibutnje', 'Back to the Future', '116 хвилин (01:56)', 'Лиа Томпсон, Томас Ф. Уилсон, Клаудия Уэллс, Марк МакКлюр, Уэнди Джо Спербер, Джордж Дицензо, Фрэнсис Ли МакКейн', NULL, 'Підліток Марті за допомогою машини часу, спорудженої його другом професором доком Брауном, потрапляє з 80-х у далекі 50-ті. Там він зустрічається зі своїми майбутніми батьками, ще підлітками, та другом-професором, зовсім молодим. Він порушує природний перебіг подій минулого, чим викликає масу кумедних та драматичних ситуацій. Власна кмітливість і фантазія професора допомагають подолати всі перешкоди та благополучно повернутися до себе, свого часу.', 1, 56, NULL, 1, NULL, 5, 1, 0, NULL, '2024-02-05 22:20:29', '2024-02-05 22:20:30'),
(242, 'Назад у майбутнє. Частина друга', 'nazad-u-maibutnje-castina-druga', 'Back to the Future Part II', '108 хвилин (01:48)', 'Элайджа Вуд, Лиа Томпсон, Томас Ф. Уилсон, Элизабет Шу, Джеймс Толкан, Кэйси Семашко, Билли Зейн, Джейсон Скотт Ли', NULL, 'Продовження комедійної фантастичної історії про пригоди американського підлітка Марті у часі. На цей раз за допомогою модернізованої Доком машини часу з 80-х він потрапляє у майбутнє. Там усе погано з дітьми Марті, їх треба рятувати. Масу клопоту завдають розбірки зі лиходієм, який втрутився в хід часу і нашкодив у рідному містечку Марті так, що той його ледве дізнався, коли повернувся з майбутнього. Проте, покинувши трохи між часом, винахідливий тінейджер за допомогою друга-винахідника все-таки зводить кінці з кінцями, і, як і слід було очікувати, все закінчується добре.', 1, 60, NULL, 1, NULL, 5, 1, 0, NULL, '2024-02-05 22:20:29', '2024-02-05 22:20:30'),
(243, 'Назад у майбутнє. Частина 3', 'nazad-u-maibutnje-castina-3', 'Back to the Future Part III', ' 118 хвилин (01:58)', 'Мэри Стинберген, Томас Ф. Уилсон, Лиа Томпсон, Элизабет Шу, Джеймс Толкан, Мэтт Кларк, Ричард А. Дайсарт, Гарри Кэри мл.', NULL, 'Завершення трилогії про мандрівки у часі. Невтомний Марті МакФлай вирушає в 1885 на старий Дикий Захід ковбоїв та індіанців на пошуки свого друга-вченого. Він потрапляє до будинку, який, через десятиліття стане його рідним будинком, зустрічається там із своїми предками. Ситуація складається таким чином, що повернутися свого часу нашим героям майже неможливо: для машини часу потрібне паливо, якого ще не винайшли. Але немає неможливого для кмітливого Марті та геніального професора!', 1, 61, NULL, 1, NULL, 5, 1, 0, NULL, '2024-02-05 22:20:29', '2024-02-05 22:20:30'),
(244, 'Троя', 'troia', 'Troy', '163 хвилини (02:43)', 'Дайан Крюгер, Брайан Кокс, Брендан Глисон, Джули Кристи, Питер О`Тул, Роуз Бирн, Винсент Риган, Саффрон Берроуз, Джеймс Космо', NULL, '1193 до нашої ери. Троянський царевич Паріс закохується в заміжню царину спартанську Олену і відвозить її з собою. Обдурений чоловік Олени - Менелай поєднується зі своїм войовничим братом Агамемноном і, спорядивши тисячу кораблів, вирушає у похід на Трою. Полководець упевнений у перемозі, адже йому допомагає невразливий Ахіллес. Армія під проводом Ахіллеса підійшла до Трої і взяла місто в криваву облогу, що тривала десять років. Два мири воюватимуть за честь та владу. Тисячі помруть за славу. І за кохання нація згорить вщент.', 1, 75, NULL, 1, NULL, 2, 1, 0, NULL, '2024-02-05 22:20:29', '2024-02-05 22:20:30'),
(245, 'Джобс: Імперія спокуси ', 'dzobs-imperiia-spokusi', 'Jobs', ' 128 хвилин (02:08)', 'Дермот Малруни, Джош Гэд, Лукас Хаас, Лесли Энн Уоррен, Рон Элдард, Ана О`Райли, Джон Гец, Джеймс Вудс, Мэттью Модайн, Виктор Расук, Нельсон Франклин', NULL, 'Він був молодий, красивий і страшенно талановитий. Почавши з нуля, він зміг побудувати світову імперію спокуси. Про нього мріяли жінки. Йому заздрили чоловіки. Він спокусив мільйони. Його звали Стів Джобс. У картині будуть описані перемоги та невдачі, які були у житті відомого підприємця. Він почав свою кар\'єру в гаражі, без будь-якої відповідної освіти. Джобс зробив дуже багато, завдяки ньому у світі з\'явилися дивовижні пристрої, які мають величезний попит.', 1, 84, NULL, 1, NULL, 4, 1, 0, NULL, '2024-02-05 22:20:29', '2024-02-05 22:20:30'),
(246, 'Спецназ міста янголів ', 'specnaz-mista-iangoliv', 'S.W.A.T.', '117 хвилин (01:57)', 'Оливье Мартинес, Мішель Родріґес, ЛЛ Кул Джей, Джош Чарльз, Брайан Ван Холт, Рег Э. Кэти, Ларри Поиндекстер, Пейдж Кеннеди, Доменик Ломбардоззи, Джеймс ДюМонт, Денис Арндт, Линдси Гинтер', NULL, 'У поліціїСША існує безліч видів спецназу, але найкрутішим по праву вважається Особливий підрозділ, відбір до лав якого є справжнім випробуванням. Джима Стріта з лос-анджелеської поліції зараховують до складу Особливого підрозділу. Після навчання та тренувань молоде поповнення на чолі з командиром Хондо чекає на перше випробування — перевезення відомого наркобарона з в\'язниці до рук ФБР. Просте, на перший погляд, завдання ускладнюється тим, що багатий бранець призначає за своє звільнення неймовірний куш — 100 мільйонів доларів! Тому на всьому шляху слідування підрозділу належить відбивати безперервні атаки охочих отримати нагороду.', 1, 74, NULL, 1, NULL, 2, 1, 0, NULL, '2024-02-05 22:20:29', '2024-02-05 22:20:30'),
(247, 'Три ікси', 'tri-iksi', 'xXx', ' 124 хвилини (02:04)', 'Дэнни Трехо, Азия Ардженто, Мартон Чокаш, Джо Букаро-третий, ТиДжей Бойс, Ив, Пол Ландрес, Майкл Руф, Рихи Мюллер, Вернер Даен, Пётр Якл, Ян Павел Филипенски, Том Эверетт', NULL, 'Ксандер Кейдж - колишня зірка екстремальних видів спорту, справжній \"адреналіновий наркоман\". Він не уявляє собі життя без смертельного ризику та азарту. Він нігіліст, зневажає \"суспільство споживання\" і живе лише заради гострих відчуттів. Вирішивши довести, що він може зробити неможливе, Ксандер береться за особливе доручення агента спецслужб Гіббонса, якому потрібен шпигун нового типу, здатний в комп\'ютерну епоху битися з нещадним і винахідливим супротивником. Доля світу відтепер знаходиться в руках нового супермена - Ксандера Кейджа!', 1, 73, NULL, 1, NULL, 2, 3, 0, NULL, '2024-02-05 22:20:29', '2024-02-05 22:20:30'),
(248, 'Три ікси 2: Новий рівень', 'tri-iksi-2-novii-riven', 'xXx: State of the Union', '101 хвилина (01:41)', 'Уиллем Дефо, Питер Штраусс, Рамон Де Окампо, Майкл Руф, Санни Мабри, Нона Гэй, Джон Глисон Коннолли', NULL, 'Америка знову в небезпеці, і цього разу біда прийшла, звідки не чекали: удару по демократії було завдано зсередини! Група високопосадовців у білому будинку піднімає заколот із метою захоплення влади. Спецслужби безсилі - бунтівники розгромили Агентство Національної Безпеки (АНБ). Країна на межі хаосу і терору, але у офіцера АНБ Огастеса Гіббонса, що дивом вижив, залишається останній козир, здатний врятувати становище. Це Даріус Стоун, крутий і холоднокровний суперагент XXI століття, відібраний за надсекретною програмою \"Три Ікси\". Залишаючи після себе смерть і руйнування, ця людина-армія входить у битву, яка вирішить долю Америки та всього світу.', 1, 76, NULL, 1, NULL, 2, 3, 0, NULL, '2024-02-05 22:20:29', '2024-02-05 22:20:30'),
(249, 'Три ікси: Реактивізація ', 'tri-iksi-reaktivizaciia', 'xXx: Return of Xander Cage', '107 хвилин (01:47)', 'Нина Добрев, Донни Йен, Тони Джаа, Дипика Падукон, Крис У, Руби Роуз, Рори МакКанн, Тони Коллетт, , Айс Кьюб, Гермиона Корфилд, Тони Гонзалез, Майкл Биспинг, Ал Сапиенза', NULL, 'УрядСША доручає групі чистильників басейнів та іншим любителям екстремальних відчуттів знайти секретну зброю відплати під назвою \"Скринька Пандори\". На чолі команди стає Ксандер Кейдж, примусово повернутий із добровільної відпустки. Справа ускладнюється тим, що на пошуки таємничого устрою вже висунулися леткі загони паркурщиків, збірна запеклих скейтбордистів у важкій вазі та професійні художники стріт-арту.', 1, 88, NULL, 1, NULL, 2, 1, 0, NULL, '2024-02-05 22:20:29', '2024-02-05 22:20:30'),
(250, '100 дівчат і одна в ліфті ', '100-divcat-i-odna-v-lifti', '100 Girls', '94 хвилини (01:34)', 'Кэтрин Хейгл, Джонатан Такер, Эммануэль Шрики, Джеймс ДеБелло, Лариса Олейник, Марисса Рибизи, Джон Грин мл., Эйми Грэм, Эндж Биллман, Кристина Анапау, Рэйнбо Марс, Моника Уэрта, Рейли МакЛарен, Кристин Херольд', NULL, 'Метью, студент коледжу, знайомиться з дівчиною своєї мрії у ліфті. В чому проблема? У ліфті не було світла, натомість був класний секс! І прокинувшись уранці, Метью бачить, що електрика є, а дівчата немає. Він закохується в неї, не побачивши її обличчя. Все що відомо – вона одна зі 100 дівчат жіночого гуртожитку. Герой вирішує поринути туди і знайти її.', 1, 71, NULL, 1, NULL, 2, 1, 0, NULL, '2024-02-05 22:20:29', '2024-02-05 22:20:30'),
(251, 'Воїн ', 'voyin', 'Warrior', ' 140 хвилин (02:20)', 'Фрэнк Грилло, Дженнифер Моррисон, Кевин Данн, Максимилиано Эрнандес, Брайан Коллен, Гэвин О`Коннор, Сэм Шеридан, Фернандо Чиен, Джейк МакЛафлин, Ванесса Мартинес, Дензел Уитакер, Карлос Миранда', NULL, 'Томмі Конлон - молодий боєць, який повернувся додому після довгої відсутності, щоб приготуватися до участі у великому турнірі. Батько-пияка, у минулому талановитий боксер, береться тренувати сина. Однак на цьому шляху бійцю доведеться зіткнутися зі своїм старшим братом.', 1, 82, NULL, 1, NULL, 4, 1, 0, NULL, '2024-02-05 22:20:29', '2024-02-05 22:20:30'),
(252, 'Як одружитися з мільярдеркою', 'iak-odruzitisia-z-miliarderkoiu', 'How to Marry a Billionaire', ' 100 хвилини (01:40)', 'Джон Стамос, Кэрол Дэвис, Дори Бартон, Джошуа Малина', NULL, 'Троє молодих людей Том, Марк і Джейсон найбільше у житті хочуть розбагатіти. Причому швидко і зараз. І ось під час Різдвяних канікул, здобувши консультацію знаючих людей, вони розробляють геніальний план. Простіше не буває: треба зобразити із себе «крутих» голлівудських продюсерів. Це найкращий спосіб заманити в мережі привабливих і багатих жінок. Звичайно, є ризик, але гра коштує свічок!', 1, 71, NULL, 1, NULL, 2, 7, 0, NULL, '2024-02-05 22:20:29', '2024-02-05 22:20:30'),
(253, 'Юні Мутанти Черепашки Ніндзя', 'iuni-mutanti-cerepaski-nindzia', 'Teenage Mutant Ninja Turtles', ' 93 хвилини (01:33)', 'Джудит Хоаг, Элиас Котеас, Рэймонд Серра, Микелан Систи, Майкл Терни, Джеймс Сайто, Лейф Тилден, Луис Кантарини, Джэй Паттерсон, Джош Пэйс, Обата Тосиро, Китти Фитцгиббон, Дэвид Форман, Тосиро Обата, Джо Д`Онофрио', NULL, 'За коміксами Кевіна Істмана та Пітера Лейрда. Чотири черепашки і щур у каналізаційних трубах Нью-Йорка вляпалися в радіаційні відходи, мутували і перетворилися на людського зростання розумних черепашок, а щур, який раніше жив у японського майстра ніндзюцу, навчив їх бойовим мистецтвам. Черепашки Леонардо, Рафаель, Мікеланджело та Донателло потоваришували з тележурналісткою та допомогли зупинити зростання молодіжної злочинності.', 1, 61, NULL, 1, NULL, 4, 1, 0, NULL, '2024-02-05 22:20:29', '2024-02-05 22:20:30'),
(254, 'Юні Мутанти Черепашки Ніндзя II. Таємниця Препарату ', 'iuni-mutanti-cerepaski-nindzia-ii-tajemnicia-preparatu', 'Teenage Mutant Ninja Turtles II: The Secret of the Ooze', ' 88 хвилин (01:28)', 'Пейдж Турко, Мишлен Систи, Лейф Тильден, Кенн Скотт, Марк Казо, Кевин Клэш, Эрни Рейес мл., Франсуа Чау, Тосиро Обата', NULL, 'Вони знову борються із лиходіями з клану Футов та їх ватажком Шредером. Завдяки Ейпріл О`Ніл, професору Джордану Пері та рознощику піци Кено черепашкам вдається зупинити поширення речовини, що мутує, мутагена і врятувати жителів Нью-Йорка від страшних мутантів Токка і Разара.', 1, 62, NULL, 1, NULL, 4, 1, 0, NULL, '2024-02-05 22:20:29', '2024-02-05 22:20:30'),
(255, 'Юні черепашки Ніндзя 3 ', 'iuni-cerepaski-nindzia-3', 'Teenage Mutant Ninja Turtles III', ' 96 хвилин (01:36)', 'Пейдж Турко, Вивиан Ву, Джон Айлвард, Кори Фельдман, Глен Чин, Стюарт Уилсон, Тим Келлехер', NULL, 'Ейпріл купує в подарунок Сплінтеру древній японський скіпетр, але цей скіпетр виявляється зовсім не такий простий, як здавалося спочатку. Незабаром з\'ясовується, що він є своєрідним варіантом машини часу, який був придуманий японцями багато століть тому. Скіпетр переносить Ейпріл в середньовічну Японію, дізнавшись про це, черепашки вирішують вирушити за нею. Але замість того, щоб потрапити до храму, де має знаходитися Ейпріл, тунелі часу відправляють черепашок у саму гущу середньовічної битви.', 1, 64, NULL, 1, NULL, 4, 1, 0, NULL, '2024-02-05 22:20:29', '2024-02-05 22:20:30'),
(256, 'Божевільний професор', 'bozevilnii-profesor', 'The Nutty Professor', '95 хвилин (01:35)', 'Джада Пинкетт Смит, Джеймс Коберн, Ларри Миллер, Дэйв Шапелл, Джон Алес, Патриция Уилсон, Ямал Миксон, Николь МакОли, Хэмилтон Фон Уоттс', NULL, 'Кохання змушує професора Шермана Клампа, який страждає від надмірної повноти, провести над собою сміливий експеримент. Чудодійний препарат перетворює незграбного, але доброго та делікатного товстуна у нахабного джигуна-ловеласа. Дві іпостасі геніального вченого вступають у боротьбу право існування. Неконтрольовані метаморфози героя породжують безліч комічних ситуацій.', 1, 67, NULL, 1, NULL, 4, 1, 0, NULL, '2024-02-05 22:20:29', '2024-02-05 22:20:30'),
(257, 'Фільм 43 / Муві 43', 'film-43-muvi-43', 'Movie 43', '94 хвилини (01:34)', 'Річард Гір, Кріс Пратт, Наоми Уоттс, Кейт Уинслет, Джонни Ноксвилл, Ума Турман, Анна Фаріс, Терренс Говард, Хлоя Грейс Морец, Емма Стоун, Холли Берри, Кристен Белл, Элизабет Бэнкс, Бобби Каннавале', NULL, 'Візьміть прикольного режисера, додайте до нього чудовий акторський склад, змішайте з гарною порцією двозначних жартів, відполіруйте безбашенністю, і тихо відійдіть. Комедійний коктейль від одного з братів Фарреллі - режисера Пітера Фарреллі змітає всі межі дозволу. Це одна з найбільш шокуючих, оригінальних та гострих комедій, які коли-небудь були створені. 25 суперзірок першої величини – у комедійному проекті, який складається з двох десятків міні-новел з нескінченним потоком жартів, гегів, дотепів і пародій, про пристрасті та пристрасті людські.е?', 1, 84, NULL, 1, NULL, 1, 3, 0, NULL, '2024-02-05 22:20:29', '2024-02-05 22:20:30'),
(258, 'Мандрівка на захід: Нові пригоди Лакі Люка', 'mandrivka-na-zaxid-novi-prigodi-laki-liuka', 'Go West: A Lucky Luke Adventure / Tous à l\'Ouest: Une aventure de Lucky Luke', '90 хв. (01:30)', 'Ламбер Вильсон, Кловис Корнийяк, Франсуа Морел, Бернар Алан, Микаэль Лонсдаль, Титофф Жан Пиа, Ди Ди Бриджуотер', NULL, 'Дії пригодницького мультфільму «Мандрівка на захід: Нові пригоди Лакі Люка» розпочинаються наприкінці ХІХ століття у Нью-Йорку. Під час судового розгляду взяті під варту обвинувачені брати Дальтон втікають із в\'язниці. Опинившись на волі, четвірка відв\'язних грабіжників береться за старе і здыйснює низку зухвалих пограбувань банків у всьому місті. Поліція не може спіймати невловимих злочинців і тоді за справу береться відважний і швидкий наче блискавка ковбой Лакі Люк. Однак у протистояння між братами Дальтон і Лакі Люком втручається невелика група переселенців, яким необхідно дістатися Каліфорнії протягом вісімдесяти днів. Саме на ковбоя Лакі Люка вони покладають усі свої надії, адже він неодноразово подорожував по всій країні і знає яким шляхом провести людей через всю країну. Не втрачають нагоди втекти з Нью-Йорка і брати Дальтон, які сховали награбоване в одному з фургонів переселенців. Ось тільки в якому саме вони не запам\'ятали, тому тепер змушені вирушити у далеку подорож через Дикий Захід, а також непомітно обшукати всі фургони.', 3, 78, NULL, 1, NULL, 5, 3, 0, NULL, '2024-02-05 22:20:29', '2024-02-05 22:20:30'),
(259, 'Щасливчик Люк: Балада про Дальтонів', 'shhaslivcik-liuk-balada-pro-daltoniv', 'Lucky Luke. La ballade des Dalton', '82 хв. (01:22)', 'Роже Карель, Жорж Атлас, Даніель Секкальді, Жак Балютен, Ксав\'є Депра, Жак Дешам', NULL, '«Щасливчик Люк: Балада про Дальтонів» - злісні розбійники брати Далтони знову замишляють щось недобре. Ще недавно чотири злочинці начудили стільки всього в різних куточках країни, що потрапили під найсуворіший суд, який засудив їх на цілих 4200 років. Але навіть суворе буття тюремного ув\'язнення не змогло вплинути на лиходіїв і направити їх на істинний шлях.\n                            Продумавши до дрібниць план втечі, Четвірка Далтонів хитро вислизає зі злощасної в\'язниці. Вони знову на волі і надалі не мають наміру попадатися. Тепер їхня головна мета – отримати якусь спадщину і, звичайно ж, помститися одному самовпевненому детективу, який помістив їх за ґрати.\n                            Для цієї банди немає законів честі, вони не бояться наслідків і впевнені, що нікому не під силу їх зловити. Але тут на їхньому шляху встає найкращий шериф на всьому Дикому Заході, він найвлучніший стрілець і ворог номер один для всіх злочинців. Звати його Щасливчик Люк.\n                            Ось тепер і почнеться справжня гонка. Перестрілки, цікаві повороти, веселі моменти та захоплюючі пригоди, які не залишать глядача байдужим. Хто ж переможе цього разу: охоронець закону чи хитрі лиходії? Подивимося? ', 3, 49, NULL, 1, NULL, 5, 3, 0, NULL, '2024-02-05 22:20:29', '2024-02-05 22:20:30');
INSERT INTO `films` (`id`, `title`, `slug`, `origin_title`, `duration`, `other_actor`, `note`, `description`, `category_id`, `year_id`, `season_id`, `rating_id`, `status_id`, `age_id`, `quality_id`, `view`, `thumbnail`, `created_at`, `updated_at`) VALUES
(260, 'Щасливчик Люк: Дальтони на свободі', 'shhaslivcik-liuk-daltoni-na-svobodi', 'Lucky Luke. Les Dalton en cavale', '82 хв. (01:22)', 'Jacques Thébault, Роже Карель, П\'єр Трабо, Gérard Hernandez, Жак Балютен, П\'єр Торнад', NULL, 'Даний мультфільм - об\'єднаний із трьох частин мультиків про Лакі Люка - французького персонажа коміксів, який запам\'ятався багатьом глядачам. Його покликання - відстоювати закон та справедливість. Із цим завданням він добре порається. Проте, в якийсь момент на його шляху постає кумедна банда братів Далтон. Напротязі фільму їх чекають постійні погоні добра за злом та винахідливість сміливого ковбоя. Спочатку він розправиться з самою бандою. Далі йому доведеться впоратись з більш грізним противником - мамусею Далтон, а в кінці викрити банду знову, адже та попала під амністію. ', 3, 54, NULL, 1, NULL, 5, 1, 0, NULL, '2024-02-05 22:20:29', '2024-02-05 22:20:30'),
(261, 'Щасливчик Люк: Ромашка Таун / Дейзі Таун ', 'shhaslivcik-liuk-romaska-taun-deizi-taun', 'Daisy Town', '72 хв. (01:12)', 'Марсель Боззюффи, П\'єр Трабо, Жак Балютен, Jacques Jouanneau, П\'єр Торнад, Жан Бергер', NULL, 'Знаєте таку приказку: \"Київ не відразу будувався\"? Так ось - Америка теж. Найперші поселенці на Західному узбережжі і уявити собі не могли, які пригоди їх чекають і що їм доведеться пережити в цій безлюдній долині. На дикому заході панують дикі закони, а Щасливчик Люк не тільки шериф за посадою, а й єдина людина, яка здатна втілити ці закони в життя. І хоча його методи нетрадиційні, проте справляють дуже хорошу дію ... Мультфільм про легендарного персонажа минулих років, який не залишить вас байдужими. Переглядайте його рідною мовою! ', 3, 42, NULL, 1, NULL, 5, 3, 0, NULL, '2024-02-05 22:20:29', '2024-02-05 22:20:30'),
(262, 'Футурама: У дику зелену далич ', 'futurama-u-diku-zelenu-dalic', 'Futurama: Into the Wild Green Yonder', '89 хвилин (01:29)', 'Билли Уэст, Кэти Сагал, Джон Ди Маджио, Тресс МакНилл, Морис ЛаМарш, Фил ЛаМарр, Лорен Том, Дэвид Херман, Доун Льюис, Снуп Догг', NULL, 'У цій серії ФУТУРАМИ, атакують злі сили, віком старше за саму історію, щоб перешкодити настанню нової чудової Зеленої Ери. Більше того, Бендер закохується у заміжнього женоробота. Ліла намагається уникнути закону - закону самого Зепа Бранігана. Фрай, як завжди - остання надія всього всесвіту. І його вербують для ультра-понад секретного завдання. Невже це кінець команди Планетного Експресу?! Вирушаємо у Дикі Зелені Далі…!', 3, 80, NULL, 1, NULL, 4, 1, 0, NULL, '2024-02-05 22:20:29', '2024-02-05 22:20:30'),
(263, 'Футурама: Велика справа Бендера ', 'futurama-velika-sprava-bendera', 'Futurama: Bender\'s Big Score', '88 хв. (01:28)', 'Джон Ди Маджио, Билли Уэст, Кэти Сагал, Лорен Том, Фил ЛаМарр, Морис ЛаМарш, Тресс МакНилл, Дэвид Херман, Доун Льюис, Кэт Суси', NULL, 'На честь повернення planet express влаштували захід, на якому стався нещасний випадок. Через необережність Гермес відрубав собі голову, а тіло придавив космічним об\'єктом. На період відновлення, голову і тіло Гермеса помістили в біокамеру. Під час настільки незвичайної процедури Ліла знайомиться з фахівцем в області біокамер - Ларсом і закохується в нього. З лікарні команда направляється на спецзавдання. Вантаж потрібно доставити на нудистську планету з пляжами. Там у Фрая на сідницях виявили татуювання у вигляді голови Бендера. Крім усього іншого, інопланетяни-нудисти написали петицію під приводом захисту тварин і тим самим отримали доступ до електронних адрес героїв. ', 3, 78, NULL, 1, NULL, 4, 1, 0, NULL, '2024-02-05 22:20:29', '2024-02-05 22:20:30'),
(264, 'Футурама: Звір з мільярдом спин', 'futurama-zvir-z-miliardom-spin', 'Futurama: The Beast with a Billion Backs', '90 хв. (01:30)', 'Дэн Кастелланета, Дэвид Кросс, Джон Ди Маджио, Стефен Хаукинг, Дэвид Херман (I), Морис ЛаМарш, Фил ЛаМарр, Тресс МакНилл, Бриттани Мёрфи, Кэти Сагал', NULL, 'Хіба може відважна команда направити свій зореліт до якої-небудь далекої галактики і влаштувати собі невелику відпустку без всяких погонь і іншого? Звичайно ж ні! Не встигли відгриміти події попередньої частини, а головним героям знову доведеться взятися за старе і зануритися в океан пригод.\n                            Футурама: Звір з мільярдом спин мультфільм 2008 року. У всесвіті на одну планету стало більше. Тільки на відміну від своїх сусідів, новоспечена кулька більше схожа на жахливого монстра, розміри якого невідомі історії. Опинившись на Землі, чудовисько хапає Фрая і швидко робить його другим Ісусом. Тепер популярність молодого хлопця починає невблаганно зашкалювати, тому що він - батько нової релігії.', 3, 79, NULL, 1, NULL, 4, 1, 0, NULL, '2024-02-05 22:20:29', '2024-02-05 22:20:30'),
(265, 'Футурама: Гра Бендера', 'futurama-gra-bendera', 'Futurama: Bender\'s Game', '88 хв. (01:28)', 'Кэти Сагал, Джон Ди Маджио, Дэвид Херман (I), Морис ЛаМарш, Фил ЛаМарр, Рич Литтл, Тресс МакНилл, Кэт Суси, Джордж Такей, Лорен Том', NULL, 'На планеті наближається криза, адже паливо, яке раніше люди сприймали як звичайну річ, стало справжньою розкішшю. І тепер героям потрібно \"прогодувати\" себе, а точніше відправитися в єдине місце, де, на їхню думку, ще можна знайти пальне. Шлях сам по собі виявляється досить довгим, що вже говорити про сварки в дорозі. Але, тільки діставшись до місця, герої потрапляють в підземелля. І там, замість пального, виявляють цілу країну, під назвою Середньовіччя. Країна в підземеллі була б не такою дивною, якщо б не її жителі. Лицарі, їх друзі дракони, а так само добрі і злі маги, які постійно перебувають в стані наркотичного сп\'яніння. Як пояснити їм усім, що їх населення просто кишить дивними людьми, а єдине, що потрібно гостям - трохи палива? Чи може бути взагалі всьому цьому якесь логічне пояснення? ', 3, 79, NULL, 1, NULL, 4, 1, 0, NULL, '2024-02-05 22:20:29', '2024-02-05 22:20:30');

-- --------------------------------------------------------

--
-- Структура таблиці `film_genre`
--

CREATE TABLE `film_genre` (
  `id` int UNSIGNED NOT NULL,
  `genre_id` int UNSIGNED NOT NULL,
  `film_id` int UNSIGNED NOT NULL
) ENGINE=InnoDB DEFAULT CHARSET=utf8mb4 COLLATE=utf8mb4_unicode_ci;

--
-- Дамп даних таблиці `film_genre`
--

INSERT INTO `film_genre` (`id`, `genre_id`, `film_id`) VALUES
(1, 1, 1),
(2, 6, 1),
(3, 16, 1),
(4, 1, 2),
(5, 6, 2),
(6, 16, 2),
(7, 1, 3),
(8, 6, 3),
(9, 16, 3),
(10, 17, 3),
(11, 1, 4),
(12, 6, 4),
(13, 16, 4),
(14, 1, 5),
(15, 6, 5),
(16, 1, 6),
(17, 6, 6),
(18, 9, 6),
(19, 16, 6),
(20, 17, 6),
(21, 1, 7),
(22, 6, 7),
(23, 17, 7),
(24, 1, 8),
(25, 6, 8),
(26, 1, 9),
(27, 6, 9),
(28, 1, 10),
(29, 6, 10),
(30, 1, 11),
(31, 6, 11),
(32, 7, 11),
(33, 1, 12),
(34, 6, 12),
(35, 7, 12),
(36, 16, 13),
(37, 7, 13),
(38, 1, 14),
(39, 2, 14),
(40, 6, 14),
(41, 1, 15),
(42, 4, 15),
(43, 6, 15),
(44, 13, 15),
(45, 1, 16),
(46, 6, 16),
(47, 1, 17),
(48, 6, 17),
(49, 1, 18),
(50, 6, 18),
(51, 17, 18),
(52, 6, 19),
(53, 11, 19),
(54, 14, 19),
(55, 15, 19),
(56, 17, 19),
(57, 6, 20),
(58, 14, 20),
(59, 15, 20),
(60, 1, 21),
(61, 6, 21),
(62, 13, 21),
(63, 1, 22),
(64, 2, 22),
(65, 6, 22),
(66, 17, 22),
(67, 1, 23),
(68, 6, 23),
(69, 16, 23),
(70, 6, 24),
(71, 9, 24),
(72, 15, 24),
(73, 1, 25),
(74, 6, 25),
(75, 9, 25),
(76, 15, 25),
(77, 6, 26),
(78, 11, 26),
(79, 17, 26),
(80, 6, 27),
(81, 13, 27),
(82, 14, 27),
(83, 6, 28),
(84, 11, 28),
(85, 17, 28),
(86, 6, 29),
(87, 11, 29),
(88, 16, 29),
(89, 1, 30),
(90, 6, 30),
(91, 13, 30),
(92, 14, 30),
(93, 6, 31),
(94, 9, 31),
(95, 17, 31),
(96, 6, 32),
(97, 17, 32),
(98, 1, 33),
(99, 6, 33),
(100, 17, 33),
(101, 6, 34),
(102, 14, 34),
(103, 15, 34),
(104, 1, 35),
(105, 6, 35),
(106, 16, 35),
(107, 1, 36),
(108, 6, 36),
(109, 11, 36),
(110, 15, 36),
(111, 6, 37),
(112, 11, 37),
(113, 13, 37),
(114, 16, 37),
(115, 6, 38),
(116, 11, 38),
(117, 16, 38),
(118, 1, 39),
(119, 4, 39),
(120, 6, 39),
(121, 17, 39),
(122, 1, 40),
(123, 5, 40),
(124, 14, 40),
(125, 1, 41),
(126, 6, 42),
(127, 10, 42),
(128, 16, 42),
(129, 6, 43),
(130, 15, 43),
(131, 17, 43),
(132, 1, 44),
(133, 6, 44),
(134, 15, 44),
(135, 1, 45),
(136, 6, 45),
(137, 1, 46),
(138, 6, 46),
(139, 7, 46),
(140, 9, 47),
(141, 11, 47),
(142, 15, 47),
(143, 1, 48),
(144, 5, 48),
(145, 9, 48),
(146, 11, 48),
(147, 15, 48),
(148, 1, 49),
(149, 9, 49),
(150, 15, 49),
(151, 9, 50),
(152, 11, 50),
(153, 15, 50),
(154, 1, 51),
(155, 13, 51),
(156, 11, 52),
(157, 17, 52),
(158, 8, 53),
(159, 11, 53),
(160, 12, 53),
(161, 17, 53),
(162, 1, 54),
(163, 13, 54),
(164, 17, 54),
(165, 1, 55),
(166, 11, 55),
(167, 14, 55),
(168, 1, 56),
(169, 13, 56),
(170, 13, 57),
(171, 15, 57),
(172, 1, 58),
(173, 6, 58),
(174, 8, 58),
(175, 17, 58),
(176, 1, 59),
(177, 9, 59),
(178, 14, 59),
(179, 15, 59),
(180, 17, 59),
(181, 1, 60),
(182, 13, 60),
(183, 16, 60),
(184, 1, 61),
(185, 4, 61),
(186, 5, 61),
(187, 8, 62),
(188, 9, 62),
(189, 12, 62),
(190, 17, 62),
(191, 18, 62),
(192, 9, 63),
(193, 11, 63),
(194, 17, 63),
(195, 3, 64),
(196, 13, 64),
(197, 1, 65),
(198, 6, 65),
(199, 11, 65),
(200, 17, 65),
(201, 1, 66),
(202, 11, 66),
(203, 15, 66),
(204, 19, 67),
(205, 11, 67),
(206, 9, 68),
(207, 11, 68),
(208, 1, 69),
(209, 1, 70),
(210, 2, 70),
(211, 15, 70),
(212, 1, 71),
(213, 2, 71),
(214, 15, 71),
(215, 11, 72),
(216, 14, 72),
(217, 17, 72),
(218, 18, 72),
(219, 9, 73),
(220, 11, 73),
(221, 15, 73),
(222, 1, 74),
(223, 2, 74),
(224, 1, 75),
(225, 2, 75),
(226, 6, 75),
(227, 9, 75),
(228, 11, 75),
(229, 17, 75),
(230, 9, 76),
(231, 11, 76),
(232, 17, 76),
(233, 18, 76),
(234, 1, 77),
(235, 11, 77),
(236, 9, 78),
(237, 11, 78),
(238, 13, 78),
(239, 17, 78),
(240, 9, 79),
(241, 11, 79),
(242, 12, 79),
(243, 17, 79),
(244, 9, 80),
(245, 11, 80),
(246, 12, 80),
(247, 15, 80),
(248, 17, 80),
(249, 6, 81),
(250, 9, 81),
(251, 11, 81),
(252, 17, 81),
(253, 18, 81),
(254, 1, 82),
(255, 5, 82),
(256, 9, 82),
(257, 11, 82),
(258, 1, 83),
(259, 5, 83),
(260, 9, 83),
(261, 11, 83),
(262, 1, 84),
(263, 14, 84),
(264, 1, 85),
(265, 14, 85),
(266, 1, 86),
(267, 1, 87),
(268, 15, 87),
(269, 1, 88),
(270, 4, 88),
(271, 5, 88),
(272, 1, 89),
(273, 4, 89),
(274, 5, 89),
(275, 1, 90),
(276, 4, 90),
(277, 5, 90),
(278, 1, 91),
(279, 5, 91),
(280, 14, 91),
(281, 15, 91),
(282, 1, 92),
(283, 5, 92),
(284, 14, 92),
(285, 15, 92),
(286, 1, 93),
(287, 5, 93),
(288, 14, 93),
(289, 15, 93),
(290, 1, 94),
(291, 13, 94),
(292, 10, 95),
(293, 11, 95),
(294, 13, 95),
(295, 16, 95),
(296, 9, 96),
(297, 11, 96),
(298, 13, 96),
(299, 17, 96),
(300, 6, 97),
(301, 11, 97),
(302, 16, 97),
(303, 17, 97),
(304, 9, 98),
(305, 11, 98),
(306, 6, 99),
(307, 8, 99),
(308, 9, 99),
(309, 11, 99),
(310, 13, 99),
(311, 16, 99),
(312, 17, 99),
(313, 18, 99),
(314, 6, 100),
(315, 8, 100),
(316, 9, 100),
(317, 11, 100),
(318, 13, 100),
(319, 16, 100),
(320, 17, 100),
(321, 18, 100),
(322, 1, 101),
(323, 11, 101),
(324, 15, 101),
(325, 1, 102),
(326, 4, 102),
(327, 1, 103),
(328, 4, 103),
(329, 1, 104),
(330, 4, 104),
(331, 1, 105),
(332, 4, 105),
(333, 1, 106),
(334, 11, 106),
(335, 15, 106),
(336, 9, 107),
(337, 11, 107),
(338, 13, 107),
(339, 17, 107),
(340, 9, 108),
(341, 11, 108),
(342, 13, 108),
(343, 17, 108),
(344, 18, 108),
(345, 13, 109),
(346, 17, 109),
(347, 18, 109),
(348, 6, 110),
(349, 8, 110),
(350, 9, 110),
(351, 11, 110),
(352, 15, 110),
(353, 17, 110),
(354, 18, 110),
(355, 1, 111),
(356, 12, 111),
(357, 16, 111),
(358, 9, 112),
(359, 11, 112),
(360, 15, 112),
(361, 1, 113),
(362, 6, 113),
(363, 17, 113),
(364, 1, 114),
(365, 5, 114),
(366, 6, 114),
(367, 11, 114),
(368, 17, 114),
(369, 1, 115),
(370, 6, 115),
(371, 11, 115),
(372, 17, 115),
(373, 1, 116),
(374, 15, 116),
(375, 9, 117),
(376, 11, 117),
(377, 15, 117),
(378, 1, 118),
(379, 6, 118),
(380, 15, 118),
(381, 1, 119),
(382, 6, 119),
(383, 15, 119),
(384, 9, 120),
(385, 11, 120),
(386, 15, 120),
(387, 9, 121),
(388, 11, 121),
(389, 15, 121),
(390, 11, 122),
(391, 17, 122),
(392, 1, 123),
(393, 15, 123),
(394, 1, 124),
(395, 1, 125),
(396, 6, 125),
(397, 9, 125),
(398, 11, 125),
(399, 9, 126),
(400, 11, 126),
(401, 15, 126),
(402, 1, 127),
(403, 15, 127),
(404, 1, 128),
(405, 15, 128),
(406, 1, 129),
(407, 11, 129),
(408, 15, 129),
(409, 1, 130),
(410, 6, 130),
(411, 11, 130),
(412, 17, 130),
(413, 1, 131),
(414, 6, 131),
(415, 11, 131),
(416, 17, 131),
(417, 1, 132),
(418, 6, 132),
(419, 1, 133),
(420, 6, 133),
(421, 1, 134),
(422, 6, 134),
(423, 15, 134),
(424, 1, 135),
(425, 1, 136),
(426, 11, 136),
(427, 15, 136),
(428, 6, 137),
(429, 13, 137),
(430, 17, 137),
(431, 1, 138),
(432, 6, 138),
(433, 9, 138),
(434, 11, 138),
(435, 13, 138),
(436, 15, 138),
(437, 1, 139),
(438, 6, 139),
(439, 9, 139),
(440, 11, 139),
(441, 13, 139),
(442, 15, 139),
(443, 1, 140),
(444, 6, 140),
(445, 9, 140),
(446, 11, 140),
(447, 13, 140),
(448, 15, 140),
(449, 1, 141),
(450, 6, 141),
(451, 9, 141),
(452, 11, 141),
(453, 13, 141),
(454, 15, 141),
(455, 1, 142),
(456, 6, 142),
(457, 1, 143),
(458, 6, 143),
(459, 1, 144),
(460, 6, 144),
(461, 1, 145),
(462, 6, 145),
(463, 13, 145),
(464, 17, 145),
(465, 3, 146),
(466, 13, 146),
(467, 1, 147),
(468, 6, 147),
(469, 11, 147),
(470, 1, 148),
(471, 11, 148),
(472, 15, 148),
(473, 1, 149),
(474, 6, 149),
(475, 9, 149),
(476, 11, 149),
(477, 1, 150),
(478, 6, 150),
(479, 1, 151),
(480, 6, 151),
(481, 8, 151),
(482, 14, 151),
(483, 16, 151),
(484, 6, 152),
(485, 9, 152),
(486, 11, 152),
(487, 13, 152),
(488, 15, 152),
(489, 3, 153),
(490, 6, 153),
(491, 9, 153),
(492, 13, 153),
(493, 1, 154),
(494, 6, 154),
(495, 11, 154),
(496, 1, 155),
(497, 11, 155),
(498, 14, 155),
(499, 15, 155),
(500, 13, 156),
(501, 15, 156),
(502, 1, 157),
(503, 6, 157),
(504, 11, 157),
(505, 17, 157),
(506, 1, 158),
(507, 6, 158),
(508, 9, 158),
(509, 11, 158),
(510, 15, 158),
(511, 9, 159),
(512, 11, 159),
(513, 13, 159),
(514, 15, 159),
(515, 11, 160),
(516, 14, 160),
(517, 17, 160),
(518, 18, 160),
(519, 6, 161),
(520, 9, 161),
(521, 11, 161),
(522, 17, 161),
(523, 11, 162),
(524, 15, 162),
(525, 17, 162),
(526, 1, 163),
(527, 6, 163),
(528, 9, 163),
(529, 11, 163),
(530, 15, 163),
(531, 17, 163),
(532, 1, 164),
(533, 6, 164),
(534, 13, 164),
(535, 1, 165),
(536, 2, 165),
(537, 6, 165),
(538, 9, 165),
(539, 6, 166),
(540, 8, 166),
(541, 17, 166),
(542, 6, 167),
(543, 9, 167),
(544, 11, 167),
(545, 17, 167),
(546, 6, 168),
(547, 11, 168),
(548, 17, 168),
(549, 3, 169),
(550, 13, 169),
(551, 19, 169),
(552, 1, 170),
(553, 6, 170),
(554, 9, 170),
(555, 11, 170),
(556, 15, 170),
(557, 1, 171),
(558, 6, 171),
(559, 9, 171),
(560, 11, 171),
(561, 1, 172),
(562, 11, 172),
(563, 15, 172),
(564, 6, 173),
(565, 9, 173),
(566, 11, 173),
(567, 16, 173),
(568, 1, 174),
(569, 6, 174),
(570, 8, 175),
(571, 15, 175),
(572, 9, 176),
(573, 11, 176),
(574, 13, 176),
(575, 15, 176),
(576, 11, 177),
(577, 13, 177),
(578, 15, 177),
(579, 1, 178),
(580, 6, 178),
(581, 1, 179),
(582, 2, 179),
(583, 6, 179),
(584, 1, 180),
(585, 6, 180),
(586, 7, 180),
(587, 6, 181),
(588, 11, 181),
(589, 13, 181),
(590, 17, 181),
(591, 1, 182),
(592, 6, 182),
(593, 11, 182),
(594, 15, 182),
(595, 1, 183),
(596, 2, 183),
(597, 6, 183),
(598, 8, 183),
(599, 16, 183),
(600, 1, 184),
(601, 6, 184),
(602, 6, 185),
(603, 11, 185),
(604, 17, 185),
(605, 11, 186),
(606, 15, 186),
(607, 17, 186),
(608, 1, 187),
(609, 11, 187),
(610, 15, 187),
(611, 6, 188),
(612, 11, 188),
(613, 14, 188),
(614, 17, 188),
(615, 1, 189),
(616, 6, 189),
(617, 11, 189),
(618, 6, 190),
(619, 13, 190),
(620, 1, 191),
(621, 13, 191),
(622, 17, 191),
(623, 1, 192),
(624, 6, 192),
(625, 8, 192),
(626, 11, 192),
(627, 12, 192),
(628, 13, 192),
(629, 17, 192),
(630, 1, 193),
(631, 6, 193),
(632, 11, 193),
(633, 12, 193),
(634, 17, 193),
(635, 11, 194),
(636, 13, 194),
(637, 18, 194),
(638, 1, 195),
(639, 6, 195),
(640, 8, 195),
(641, 11, 195),
(642, 15, 195),
(643, 17, 195),
(644, 1, 196),
(645, 6, 196),
(646, 13, 196),
(647, 15, 196),
(648, 6, 197),
(649, 9, 197),
(650, 11, 197),
(651, 15, 197),
(652, 17, 197),
(653, 1, 198),
(654, 2, 198),
(655, 13, 198),
(656, 11, 199),
(657, 15, 199),
(658, 9, 200),
(659, 10, 200),
(660, 11, 200),
(661, 13, 200),
(662, 1, 201),
(663, 2, 201),
(664, 6, 201),
(665, 17, 201),
(666, 9, 202),
(667, 11, 202),
(668, 15, 202),
(669, 18, 202),
(670, 9, 203),
(671, 11, 203),
(672, 15, 203),
(673, 18, 203),
(674, 6, 204),
(675, 9, 204),
(676, 11, 204),
(677, 6, 205),
(678, 9, 205),
(679, 11, 205),
(680, 6, 206),
(681, 11, 206),
(682, 17, 206),
(683, 6, 207),
(684, 11, 207),
(685, 17, 207),
(686, 6, 208),
(687, 11, 208),
(688, 17, 208),
(689, 1, 209),
(690, 6, 209),
(691, 14, 209),
(692, 17, 209),
(693, 1, 210),
(694, 6, 210),
(695, 14, 210),
(696, 6, 211),
(697, 14, 211),
(698, 6, 212),
(699, 8, 212),
(700, 11, 212),
(701, 17, 212),
(702, 6, 213),
(703, 8, 213),
(704, 11, 213),
(705, 17, 213),
(706, 6, 214),
(707, 8, 214),
(708, 11, 214),
(709, 17, 214),
(710, 6, 215),
(711, 8, 215),
(712, 11, 215),
(713, 17, 215),
(714, 6, 216),
(715, 11, 216),
(716, 17, 216),
(717, 11, 217),
(718, 17, 217),
(719, 18, 217),
(720, 1, 218),
(721, 6, 218),
(722, 9, 218),
(723, 11, 218),
(724, 6, 219),
(725, 11, 219),
(726, 17, 219),
(727, 6, 220),
(728, 11, 220),
(729, 17, 220),
(730, 6, 221),
(731, 11, 221),
(732, 17, 221),
(733, 6, 222),
(734, 11, 222),
(735, 17, 222),
(736, 6, 223),
(737, 11, 223),
(738, 17, 223),
(739, 6, 224),
(740, 11, 224),
(741, 17, 224),
(742, 6, 225),
(743, 11, 225),
(744, 17, 225),
(745, 11, 226),
(746, 12, 226),
(747, 16, 226),
(748, 1, 227),
(749, 6, 227),
(750, 11, 227),
(751, 15, 227),
(752, 1, 228),
(753, 6, 228),
(754, 11, 228),
(755, 15, 228),
(756, 1, 229),
(757, 6, 229),
(758, 11, 229),
(759, 15, 229),
(760, 1, 230),
(761, 6, 230),
(762, 11, 230),
(763, 15, 230),
(764, 1, 231),
(765, 6, 231),
(766, 11, 231),
(767, 15, 231),
(768, 9, 232),
(769, 11, 232),
(770, 13, 232),
(771, 15, 232),
(772, 1, 233),
(773, 6, 233),
(774, 9, 233),
(775, 15, 233),
(776, 1, 234),
(777, 6, 234),
(778, 9, 234),
(779, 15, 234),
(780, 1, 235),
(781, 6, 235),
(782, 9, 235),
(783, 15, 235),
(784, 1, 236),
(785, 6, 236),
(786, 9, 236),
(787, 15, 236),
(788, 1, 237),
(789, 6, 237),
(790, 9, 237),
(791, 15, 237),
(792, 1, 238),
(793, 6, 238),
(794, 9, 238),
(795, 14, 238),
(796, 15, 238),
(797, 1, 239),
(798, 6, 239),
(799, 9, 239),
(800, 15, 239),
(801, 9, 240),
(802, 11, 240),
(803, 13, 240),
(804, 1, 241),
(805, 2, 241),
(806, 6, 241),
(807, 17, 241),
(808, 1, 242),
(809, 2, 242),
(810, 6, 242),
(811, 17, 242),
(812, 1, 243),
(813, 2, 243),
(814, 6, 243),
(815, 7, 243),
(816, 17, 243),
(817, 9, 244),
(818, 10, 244),
(819, 11, 244),
(820, 13, 244),
(821, 13, 245),
(822, 19, 245),
(823, 9, 246),
(824, 11, 246),
(825, 15, 246),
(826, 6, 247),
(827, 9, 247),
(828, 11, 247),
(829, 15, 247),
(830, 6, 248),
(831, 9, 248),
(832, 11, 248),
(833, 15, 248),
(834, 6, 249),
(835, 9, 249),
(836, 11, 249),
(837, 15, 249),
(838, 1, 250),
(839, 4, 250),
(840, 6, 250),
(841, 3, 251),
(842, 13, 251),
(843, 1, 252),
(844, 6, 252),
(845, 1, 253),
(846, 2, 253),
(847, 6, 253),
(848, 8, 253),
(849, 9, 253),
(850, 11, 253),
(851, 16, 253),
(852, 17, 253),
(853, 1, 254),
(854, 2, 254),
(855, 6, 254),
(856, 8, 254),
(857, 9, 254),
(858, 11, 254),
(859, 16, 254),
(860, 17, 254),
(861, 1, 255),
(862, 2, 255),
(863, 6, 255),
(864, 8, 255),
(865, 9, 255),
(866, 11, 255),
(867, 16, 255),
(868, 17, 255),
(869, 1, 256),
(870, 2, 256),
(871, 6, 256),
(872, 17, 256),
(873, 1, 257),
(874, 5, 257),
(875, 6, 257),
(876, 16, 257),
(877, 1, 258),
(878, 7, 258),
(879, 1, 259),
(880, 6, 259),
(881, 7, 259),
(882, 1, 260),
(883, 6, 260),
(884, 7, 260),
(885, 1, 261),
(886, 6, 261),
(887, 7, 261),
(888, 1, 262),
(889, 6, 262),
(890, 16, 262),
(891, 17, 262),
(892, 1, 263),
(893, 6, 263),
(894, 16, 263),
(895, 17, 263),
(896, 1, 264),
(897, 6, 264),
(898, 16, 264),
(899, 17, 264),
(900, 1, 265),
(901, 6, 265),
(902, 16, 265),
(903, 17, 265);

-- --------------------------------------------------------

--
-- Структура таблиці `film_language`
--

CREATE TABLE `film_language` (
  `id` int UNSIGNED NOT NULL,
  `language_id` int UNSIGNED NOT NULL,
  `film_id` int UNSIGNED NOT NULL
) ENGINE=InnoDB DEFAULT CHARSET=utf8mb4 COLLATE=utf8mb4_unicode_ci;

--
-- Дамп даних таблиці `film_language`
--

INSERT INTO `film_language` (`id`, `language_id`, `film_id`) VALUES
(1, 2, 1),
(2, 2, 2),
(3, 11, 3),
(4, 10, 3),
(5, 37, 3),
(6, 38, 3),
(7, 39, 3),
(8, 2, 4),
(9, 2, 7),
(10, 2, 8),
(11, 3, 8),
(12, 3, 11),
(13, 3, 12),
(14, 3, 13),
(15, 2, 14),
(16, 3, 14),
(17, 18, 15),
(18, 34, 16),
(19, 12, 17),
(20, 18, 17),
(21, 21, 17),
(22, 21, 18),
(23, 34, 18),
(24, 35, 18),
(25, 5, 19),
(26, 9, 20),
(27, 2, 21),
(28, 5, 22),
(29, 13, 23),
(30, 5, 24),
(31, 35, 25),
(32, 34, 25),
(33, 8, 26),
(34, 13, 27),
(35, 6, 27),
(36, 24, 27),
(37, 42, 28),
(38, 13, 29),
(39, 24, 29),
(40, 8, 30),
(41, 2, 31),
(42, 5, 32),
(43, 35, 33),
(44, 34, 33),
(45, 15, 34),
(46, 2, 35),
(47, 19, 36),
(48, 23, 36),
(49, 9, 37),
(50, 2, 38),
(51, 2, 39),
(52, 2, 40),
(53, 15, 41),
(54, 2, 42),
(55, 2, 43),
(56, 2, 44),
(57, 18, 45),
(58, 12, 45),
(59, 4, 45),
(60, 3, 46),
(61, 5, 47),
(62, 20, 48),
(63, 6, 49),
(64, 41, 50),
(65, 21, 51),
(66, 1, 52),
(67, 8, 53),
(68, 12, 54),
(69, 1, 55),
(70, 15, 56),
(71, 16, 57),
(72, 16, 58),
(73, 2, 59),
(74, 15, 60),
(75, 12, 61),
(76, 7, 62),
(77, 15, 63),
(78, 22, 64),
(79, 15, 65),
(80, 30, 65),
(81, 23, 66),
(82, 23, 67),
(83, 1, 68),
(84, 7, 69),
(85, 15, 70),
(86, 12, 70),
(87, 33, 70),
(88, 15, 71),
(89, 12, 71),
(90, 7, 72),
(91, 5, 73),
(92, 15, 74),
(93, 15, 75),
(94, 24, 76),
(95, 24, 77),
(96, 15, 78),
(97, 15, 79),
(98, 15, 80),
(99, 15, 81),
(100, 11, 81),
(101, 12, 82),
(102, 12, 83),
(103, 22, 84),
(104, 22, 85),
(105, 13, 86),
(106, 5, 87),
(107, 11, 88),
(108, 22, 88),
(109, 22, 89),
(110, 12, 90),
(111, 22, 90),
(112, 12, 91),
(113, 13, 92),
(114, 12, 93),
(115, 9, 94),
(116, 15, 95),
(117, 1, 96),
(118, 1, 97),
(119, 15, 98),
(120, 12, 99),
(121, 7, 100),
(122, 1, 101),
(123, 12, 102),
(124, 8, 103),
(125, 12, 104),
(126, 23, 105),
(127, 1, 106),
(128, 7, 107),
(129, 11, 108),
(130, 15, 109),
(131, 5, 110),
(132, 1, 111),
(133, 1, 112),
(134, 15, 113),
(135, 5, 114),
(136, 13, 114),
(137, 17, 115),
(138, 16, 116),
(139, 15, 117),
(140, 11, 118),
(141, 12, 119),
(142, 5, 120),
(143, 5, 121),
(144, 5, 122),
(145, 1, 123),
(146, 25, 124),
(147, 8, 125),
(148, 11, 126),
(149, 7, 127),
(150, 7, 128),
(151, 15, 129),
(152, 9, 130),
(153, 7, 131),
(154, 24, 132),
(155, 24, 133),
(156, 15, 134),
(157, 15, 135),
(158, 5, 136),
(159, 26, 137),
(160, 5, 138),
(161, 5, 139),
(162, 5, 140),
(163, 5, 141),
(164, 5, 142),
(165, 16, 143),
(166, 1, 144),
(167, 15, 145),
(168, 27, 146),
(169, 1, 147),
(170, 9, 148),
(171, 20, 149),
(172, 17, 149),
(173, 13, 150),
(174, 12, 151),
(175, 1, 152),
(176, 11, 153),
(177, 1, 154),
(178, 25, 155),
(179, 16, 156),
(180, 15, 157),
(181, 12, 158),
(182, 24, 159),
(183, 26, 160),
(184, 17, 161),
(185, 1, 162),
(186, 15, 163),
(187, 1, 164),
(188, 5, 165),
(189, 1, 166),
(190, 28, 167),
(191, 1, 168),
(192, 13, 169),
(193, 5, 170),
(194, 1, 171),
(195, 1, 172),
(196, 16, 173),
(197, 1, 174),
(198, 11, 175),
(199, 5, 176),
(200, 12, 176),
(201, 15, 177),
(202, 1, 178),
(203, 9, 179),
(204, 15, 180),
(205, 5, 181),
(206, 29, 182),
(207, 13, 183),
(208, 15, 184),
(209, 5, 185),
(210, 8, 186),
(211, 5, 187),
(212, 26, 188),
(213, 25, 189),
(214, 15, 190),
(215, 5, 191),
(216, 23, 192),
(217, 1, 193),
(218, 23, 194),
(219, 5, 195),
(220, 15, 196),
(221, 15, 197),
(222, 21, 198),
(223, 5, 199),
(224, 5, 200),
(225, 17, 200),
(226, 12, 201),
(227, 24, 202),
(228, 24, 203),
(229, 1, 204),
(230, 15, 204),
(231, 5, 205),
(232, 17, 205),
(233, 1, 206),
(234, 1, 207),
(235, 23, 208),
(236, 4, 209),
(237, 4, 210),
(238, 4, 211),
(239, 25, 212),
(240, 25, 213),
(241, 12, 214),
(242, 1, 215),
(243, 26, 216),
(244, 27, 217),
(245, 1, 218),
(246, 23, 219),
(247, 23, 220),
(248, 23, 221),
(249, 23, 222),
(250, 23, 223),
(251, 23, 224),
(252, 23, 225),
(253, 5, 226),
(254, 15, 227),
(255, 15, 228),
(256, 5, 229),
(257, 15, 230),
(258, 1, 231),
(259, 12, 232),
(260, 15, 233),
(261, 15, 234),
(262, 15, 235),
(263, 15, 236),
(264, 15, 237),
(265, 15, 238),
(266, 15, 239),
(267, 30, 240),
(268, 11, 241),
(269, 11, 242),
(270, 11, 243),
(271, 5, 244),
(272, 31, 245),
(273, 5, 246),
(274, 15, 247),
(275, 15, 248),
(276, 1, 249),
(277, 12, 250),
(278, 32, 251),
(279, 2, 252),
(280, 13, 253),
(281, 43, 253),
(282, 15, 254),
(283, 13, 254),
(284, 15, 255),
(285, 11, 256),
(286, 1, 257),
(287, 12, 258),
(288, 24, 259),
(289, 24, 260),
(290, 1, 261),
(291, 1, 262),
(292, 34, 263),
(293, 40, 263),
(294, 1, 264),
(295, 1, 265);

-- --------------------------------------------------------

--
-- Структура таблиці `film_producer`
--

CREATE TABLE `film_producer` (
  `id` int UNSIGNED NOT NULL,
  `producer_id` int UNSIGNED NOT NULL,
  `film_id` int UNSIGNED NOT NULL
) ENGINE=InnoDB DEFAULT CHARSET=utf8mb4 COLLATE=utf8mb4_unicode_ci;

--
-- Дамп даних таблиці `film_producer`
--

INSERT INTO `film_producer` (`id`, `producer_id`, `film_id`) VALUES
(1, 449, 1),
(2, 436, 2),
(3, 344, 3),
(4, 132, 3),
(5, 262, 3),
(6, 311, 3),
(7, 194, 3),
(8, 366, 3),
(9, 66, 3),
(10, 503, 3),
(11, 325, 3),
(12, 77, 3),
(13, 168, 3),
(14, 164, 3),
(15, 298, 3),
(16, 269, 3),
(17, 154, 4),
(18, 289, 5),
(19, 427, 5),
(20, 488, 5),
(21, 498, 5),
(22, 196, 5),
(23, 229, 5),
(24, 486, 5),
(25, 482, 5),
(26, 258, 6),
(27, 376, 6),
(28, 355, 7),
(29, 506, 8),
(30, 31, 8),
(31, 4, 8),
(32, 13, 8),
(33, 9, 9),
(34, 128, 10),
(35, 409, 10),
(36, 336, 11),
(37, 27, 12),
(38, 2, 12),
(39, 20, 12),
(40, 6, 13),
(41, 14, 13),
(42, 501, 14),
(43, 463, 14),
(44, 255, 15),
(45, 274, 15),
(46, 178, 16),
(47, 407, 17),
(48, 113, 17),
(49, 278, 18),
(50, 111, 19),
(51, 111, 20),
(52, 475, 20),
(53, 225, 20),
(54, 117, 21),
(55, 386, 22),
(56, 474, 22),
(57, 61, 22),
(58, 446, 22),
(59, 435, 23),
(60, 416, 23),
(61, 502, 23),
(62, 296, 23),
(63, 450, 24),
(64, 35, 25),
(65, 21, 25),
(66, 25, 25),
(67, 19, 25),
(68, 26, 25),
(69, 5, 25),
(70, 33, 25),
(71, 1, 25),
(72, 15, 25),
(73, 481, 26),
(74, 84, 27),
(75, 383, 28),
(76, 435, 29),
(77, 60, 29),
(78, 285, 29),
(79, 112, 30),
(80, 225, 31),
(81, 201, 32),
(82, 228, 32),
(83, 193, 32),
(84, 315, 33),
(85, 10, 33),
(86, 29, 33),
(87, 32, 33),
(88, 18, 33),
(89, 16, 33),
(90, 34, 33),
(91, 24, 33),
(92, 335, 34),
(93, 452, 34),
(94, 17, 35),
(95, 30, 35),
(96, 356, 36),
(97, 119, 37),
(98, 232, 38),
(99, 382, 38),
(100, 476, 39),
(101, 204, 39),
(102, 414, 39),
(103, 430, 39),
(104, 100, 39),
(105, 355, 40),
(106, 342, 41),
(107, 133, 41),
(108, 257, 41),
(109, 428, 42),
(110, 294, 42),
(111, 97, 43),
(112, 184, 43),
(113, 116, 43),
(114, 343, 44),
(115, 56, 44),
(116, 290, 44),
(117, 48, 44),
(118, 231, 44),
(119, 64, 44),
(120, 49, 44),
(121, 153, 44),
(122, 106, 44),
(123, 277, 44),
(124, 181, 44),
(125, 68, 45),
(126, 217, 45),
(127, 351, 46),
(128, 397, 46),
(129, 359, 47),
(130, 276, 47),
(131, 125, 47),
(132, 170, 48),
(133, 37, 48),
(134, 372, 48),
(135, 500, 49),
(136, 456, 50),
(137, 312, 50),
(138, 46, 51),
(139, 203, 51),
(140, 52, 51),
(141, 158, 51),
(142, 495, 52),
(143, 186, 52),
(144, 451, 52),
(145, 197, 53),
(146, 302, 53),
(147, 101, 54),
(148, 421, 54),
(149, 361, 55),
(150, 249, 55),
(151, 469, 55),
(152, 89, 56),
(153, 162, 56),
(154, 52, 57),
(155, 53, 57),
(156, 426, 57),
(157, 438, 57),
(158, 156, 58),
(159, 425, 58),
(160, 484, 58),
(161, 81, 58),
(162, 399, 59),
(163, 479, 60),
(164, 105, 60),
(165, 359, 61),
(166, 271, 62),
(167, 208, 62),
(168, 192, 63),
(169, 80, 64),
(170, 328, 64),
(171, 460, 65),
(172, 93, 65),
(173, 304, 65),
(174, 367, 66),
(175, 90, 66),
(176, 41, 66),
(177, 189, 66),
(178, 59, 67),
(179, 461, 67),
(180, 248, 67),
(181, 437, 68),
(182, 456, 68),
(183, 150, 69),
(184, 198, 70),
(185, 198, 71),
(186, 505, 72),
(187, 175, 72),
(188, 93, 72),
(189, 192, 73),
(190, 318, 74),
(191, 282, 74),
(192, 370, 74),
(193, 163, 74),
(194, 340, 74),
(195, 403, 74),
(196, 95, 74),
(197, 51, 75),
(198, 205, 75),
(199, 360, 75),
(200, 412, 75),
(201, 458, 75),
(202, 417, 75),
(203, 406, 76),
(204, 267, 76),
(205, 161, 77),
(206, 447, 77),
(207, 161, 78),
(208, 11, 78),
(209, 332, 78),
(210, 307, 79),
(211, 199, 79),
(212, 192, 79),
(213, 192, 80),
(214, 307, 80),
(215, 199, 80),
(216, 332, 81),
(217, 242, 81),
(218, 371, 82),
(219, 67, 82),
(220, 371, 83),
(221, 67, 83),
(222, 160, 84),
(223, 108, 84),
(224, 375, 84),
(225, 75, 84),
(226, 160, 85),
(227, 108, 85),
(228, 75, 85),
(229, 243, 85),
(230, 468, 86),
(231, 47, 86),
(232, 266, 87),
(233, 247, 87),
(234, 496, 88),
(235, 341, 88),
(236, 247, 88),
(237, 297, 88),
(238, 72, 89),
(239, 98, 89),
(240, 496, 89),
(241, 341, 89),
(242, 63, 89),
(243, 81, 89),
(244, 137, 90),
(245, 410, 90),
(246, 410, 91),
(247, 187, 91),
(248, 410, 92),
(249, 187, 92),
(250, 410, 93),
(251, 187, 93),
(252, 137, 93),
(253, 401, 94),
(254, 338, 95),
(255, 332, 96),
(256, 147, 96),
(257, 350, 96),
(258, 88, 96),
(259, 186, 96),
(260, 242, 96),
(261, 161, 97),
(262, 202, 97),
(263, 199, 98),
(264, 301, 99),
(265, 413, 99),
(266, 308, 100),
(267, 389, 101),
(268, 337, 101),
(269, 327, 101),
(270, 280, 102),
(271, 284, 102),
(272, 95, 102),
(273, 275, 102),
(274, 284, 103),
(275, 7, 103),
(276, 381, 103),
(277, 280, 103),
(278, 40, 103),
(279, 284, 104),
(280, 381, 104),
(281, 280, 104),
(282, 40, 104),
(283, 284, 105),
(284, 40, 105),
(285, 275, 105),
(286, 95, 105),
(287, 59, 106),
(288, 110, 106),
(289, 91, 106),
(290, 440, 106),
(291, 332, 107),
(292, 242, 107),
(293, 11, 108),
(294, 279, 109),
(295, 36, 109),
(296, 245, 109),
(297, 470, 110),
(298, 254, 110),
(299, 144, 110),
(300, 214, 111),
(301, 405, 111),
(302, 121, 111),
(303, 131, 111),
(304, 86, 112),
(305, 134, 112),
(306, 250, 112),
(307, 489, 112),
(308, 313, 112),
(309, 314, 113),
(310, 137, 114),
(311, 368, 115),
(312, 256, 116),
(313, 388, 116),
(314, 442, 116),
(315, 362, 116),
(316, 306, 116),
(317, 487, 116),
(318, 192, 117),
(319, 307, 117),
(320, 236, 118),
(321, 244, 118),
(322, 8, 119),
(323, 491, 120),
(324, 307, 120),
(325, 192, 120),
(326, 242, 121),
(327, 205, 121),
(328, 359, 122),
(329, 316, 122),
(330, 22, 122),
(331, 212, 123),
(332, 220, 123),
(333, 82, 123),
(334, 279, 124),
(335, 206, 124),
(336, 82, 124),
(337, 209, 124),
(338, 155, 124),
(339, 291, 125),
(340, 394, 125),
(341, 183, 126),
(342, 101, 126),
(343, 421, 126),
(344, 165, 127),
(345, 165, 128),
(346, 58, 128),
(347, 307, 129),
(348, 491, 129),
(349, 315, 130),
(350, 140, 130),
(351, 315, 131),
(352, 246, 131),
(353, 172, 131),
(354, 411, 132),
(355, 165, 132),
(356, 411, 133),
(357, 152, 133),
(358, 165, 133),
(359, 57, 134),
(360, 473, 134),
(361, 3, 134),
(362, 65, 135),
(363, 353, 136),
(364, 415, 136),
(365, 253, 137),
(366, 377, 137),
(367, 404, 138),
(368, 192, 138),
(369, 173, 138),
(370, 404, 139),
(371, 192, 139),
(372, 378, 139),
(373, 173, 139),
(374, 404, 140),
(375, 454, 140),
(376, 323, 140),
(377, 173, 140),
(378, 454, 140),
(379, 404, 141),
(380, 141, 141),
(381, 444, 141),
(382, 150, 142),
(383, 105, 142),
(384, 270, 142),
(385, 105, 143),
(386, 62, 144),
(387, 171, 145),
(388, 130, 146),
(389, 472, 146),
(390, 393, 146),
(391, 333, 146),
(392, 226, 146),
(393, 385, 146),
(394, 42, 147),
(395, 346, 148),
(396, 455, 148),
(397, 38, 149),
(398, 259, 149),
(399, 305, 150),
(400, 239, 150),
(401, 304, 151),
(402, 93, 151),
(403, 188, 151),
(404, 92, 152),
(405, 329, 152),
(406, 359, 152),
(407, 354, 153),
(408, 319, 154),
(409, 70, 154),
(410, 126, 154),
(411, 166, 155),
(412, 199, 155),
(413, 211, 155),
(414, 234, 156),
(415, 61, 157),
(416, 326, 157),
(417, 190, 157),
(418, 312, 158),
(419, 186, 159),
(420, 287, 160),
(421, 303, 160),
(422, 268, 160),
(423, 281, 160),
(424, 109, 160),
(425, 192, 161),
(426, 462, 161),
(427, 83, 161),
(428, 143, 161),
(429, 241, 161),
(430, 408, 162),
(431, 338, 162),
(432, 395, 162),
(433, 259, 162),
(434, 339, 163),
(435, 288, 163),
(436, 87, 164),
(437, 177, 164),
(438, 443, 164),
(439, 459, 164),
(440, 79, 165),
(441, 43, 165),
(442, 326, 165),
(443, 494, 165),
(444, 190, 165),
(445, 115, 165),
(446, 39, 166),
(447, 101, 166),
(448, 421, 166),
(449, 120, 167),
(450, 467, 167),
(451, 118, 167),
(452, 127, 168),
(453, 307, 168),
(454, 299, 168),
(455, 422, 169),
(456, 429, 170),
(457, 364, 171),
(458, 363, 171),
(459, 457, 172),
(460, 213, 172),
(461, 359, 172),
(462, 493, 172),
(463, 405, 173),
(464, 150, 174),
(465, 357, 174),
(466, 129, 174),
(467, 424, 174),
(468, 169, 174),
(469, 235, 175),
(470, 69, 175),
(471, 72, 175),
(472, 396, 176),
(473, 251, 176),
(474, 418, 176),
(475, 230, 176),
(476, 483, 176),
(477, 406, 176),
(478, 179, 177),
(479, 80, 178),
(480, 328, 178),
(481, 367, 179),
(482, 130, 179),
(483, 310, 180),
(484, 499, 180),
(485, 240, 181),
(486, 492, 181),
(487, 286, 181),
(488, 224, 182),
(489, 464, 182),
(490, 96, 182),
(491, 263, 183),
(492, 485, 183),
(493, 175, 183),
(494, 102, 183),
(495, 273, 183),
(496, 85, 183),
(497, 222, 183),
(498, 157, 183),
(499, 330, 183),
(500, 179, 184),
(501, 210, 185),
(502, 380, 186),
(503, 423, 186),
(504, 176, 186),
(505, 346, 187),
(506, 54, 188),
(507, 218, 188),
(508, 200, 188),
(509, 434, 188),
(510, 387, 189),
(511, 182, 189),
(512, 379, 189),
(513, 174, 189),
(514, 123, 190),
(515, 94, 190),
(516, 369, 190),
(517, 320, 191),
(518, 159, 191),
(519, 79, 191),
(520, 39, 192),
(521, 238, 192),
(522, 345, 192),
(523, 107, 193),
(524, 167, 194),
(525, 497, 194),
(526, 233, 194),
(527, 215, 194),
(528, 74, 195),
(529, 322, 196),
(530, 192, 197),
(531, 324, 197),
(532, 349, 198),
(533, 195, 198),
(534, 331, 198),
(535, 180, 199),
(536, 227, 200),
(537, 136, 200),
(538, 78, 200),
(539, 135, 201),
(540, 309, 201),
(541, 374, 202),
(542, 321, 202),
(543, 104, 202),
(544, 374, 203),
(545, 321, 203),
(546, 104, 203),
(547, 71, 204),
(548, 480, 204),
(549, 145, 204),
(550, 38, 204),
(551, 38, 205),
(552, 146, 205),
(553, 293, 205),
(554, 259, 205),
(555, 149, 206),
(556, 139, 206),
(557, 149, 207),
(558, 139, 207),
(559, 76, 207),
(560, 45, 207),
(561, 420, 207),
(562, 151, 208),
(563, 76, 208),
(564, 420, 208),
(565, 439, 209),
(566, 44, 209),
(567, 44, 210),
(568, 439, 211),
(569, 44, 211),
(570, 260, 212),
(571, 39, 213),
(572, 260, 213),
(573, 39, 214),
(574, 286, 214),
(575, 261, 214),
(576, 261, 215),
(577, 224, 216),
(578, 295, 217),
(579, 393, 217),
(580, 441, 217),
(581, 401, 218),
(582, 478, 218),
(583, 219, 218),
(584, 445, 218),
(585, 103, 219),
(586, 216, 219),
(587, 103, 220),
(588, 216, 220),
(589, 114, 221),
(590, 216, 221),
(591, 402, 222),
(592, 402, 223),
(593, 402, 224),
(594, 263, 225),
(595, 237, 225),
(596, 431, 225),
(597, 110, 226),
(598, 317, 226),
(599, 302, 226),
(600, 348, 227),
(601, 300, 227),
(602, 312, 228),
(603, 300, 228),
(604, 348, 228),
(605, 312, 229),
(606, 312, 230),
(607, 312, 231),
(608, 365, 232),
(609, 186, 232),
(610, 448, 232),
(611, 384, 233),
(612, 384, 234),
(613, 384, 235),
(614, 384, 236),
(615, 223, 236),
(616, 384, 237),
(617, 223, 237),
(618, 384, 238),
(619, 223, 238),
(620, 384, 239),
(621, 465, 239),
(622, 292, 239),
(623, 223, 239),
(624, 55, 240),
(625, 332, 240),
(626, 242, 240),
(627, 73, 241),
(628, 358, 241),
(629, 460, 241),
(630, 485, 241),
(631, 263, 241),
(632, 73, 242),
(633, 358, 242),
(634, 73, 243),
(635, 358, 243),
(636, 94, 244),
(637, 272, 244),
(638, 221, 244),
(639, 334, 245),
(640, 359, 246),
(641, 142, 246),
(642, 283, 246),
(643, 359, 247),
(644, 359, 248),
(645, 406, 248),
(646, 148, 248),
(647, 471, 248),
(648, 50, 248),
(649, 92, 249),
(650, 359, 249),
(651, 185, 249),
(652, 191, 249),
(653, 433, 249),
(654, 504, 250),
(655, 400, 250),
(656, 398, 250),
(657, 252, 250),
(658, 347, 250),
(659, 466, 250),
(660, 352, 250),
(661, 122, 251),
(662, 124, 251),
(663, 99, 252),
(664, 453, 252),
(665, 264, 252),
(666, 432, 253),
(667, 265, 253),
(668, 138, 253),
(669, 477, 254),
(670, 265, 254),
(671, 138, 254),
(672, 138, 255),
(673, 394, 255),
(674, 419, 255),
(675, 79, 256),
(676, 392, 256),
(677, 490, 257),
(678, 373, 257),
(679, 390, 257),
(680, 207, 257),
(681, 336, 258),
(682, 27, 259),
(683, 2, 259),
(684, 355, 260),
(685, 397, 261),
(686, 28, 261),
(687, 12, 261),
(688, 23, 261),
(689, 269, 262),
(690, 298, 262),
(691, 269, 263),
(692, 269, 264),
(693, 298, 264),
(694, 269, 265),
(695, 298, 265);

-- --------------------------------------------------------

--
-- Структура таблиці `film_selection`
--

CREATE TABLE `film_selection` (
  `id` int UNSIGNED NOT NULL,
  `selection_id` int UNSIGNED NOT NULL,
  `film_id` int UNSIGNED NOT NULL
) ENGINE=InnoDB DEFAULT CHARSET=utf8mb4 COLLATE=utf8mb4_unicode_ci;

-- --------------------------------------------------------

--
-- Структура таблиці `film_source`
--

CREATE TABLE `film_source` (
  `id` int UNSIGNED NOT NULL,
  `source_id` int UNSIGNED NOT NULL,
  `film_id` int UNSIGNED NOT NULL
) ENGINE=InnoDB DEFAULT CHARSET=utf8mb4 COLLATE=utf8mb4_unicode_ci;

-- --------------------------------------------------------

--
-- Структура таблиці `genres`
--

CREATE TABLE `genres` (
  `id` int UNSIGNED NOT NULL,
  `title` varchar(255) COLLATE utf8mb4_unicode_ci NOT NULL,
  `slug` varchar(255) COLLATE utf8mb4_unicode_ci NOT NULL,
  `created_at` timestamp NULL DEFAULT NULL,
  `updated_at` timestamp NULL DEFAULT NULL
) ENGINE=InnoDB DEFAULT CHARSET=utf8mb4 COLLATE=utf8mb4_unicode_ci;

--
-- Дамп даних таблиці `genres`
--

INSERT INTO `genres` (`id`, `title`, `slug`, `created_at`, `updated_at`) VALUES
(1, 'Комедія', 'komediia', '2024-09-08 23:10:28', '2024-09-08 23:10:28'),
(2, 'Сімейний', 'simeinii', '2024-09-08 23:10:28', '2024-09-08 23:10:28'),
(3, 'Спортивний', 'sportivnii', '2024-09-08 23:10:28', '2024-09-08 23:10:28'),
(4, 'Молодіжний', 'molodiznii', '2024-09-08 23:10:28', '2024-09-08 23:10:28'),
(5, 'Пародія', 'parodiia', '2024-09-08 23:10:28', '2024-09-08 23:10:28'),
(6, 'Пригоди', 'prigodi', '2024-09-08 23:10:28', '2024-09-08 23:10:28'),
(7, 'Вестерн', 'vestern', '2024-09-08 23:10:28', '2024-09-08 23:10:28'),
(8, 'Екранізація', 'ekranizaciia', '2024-09-08 23:10:28', '2024-09-08 23:10:28'),
(9, 'Бойовик', 'boiovik', '2024-09-08 23:10:28', '2024-09-08 23:10:28'),
(10, 'Історичний', 'istoricnii', '2024-09-08 23:10:28', '2024-09-08 23:10:28'),
(11, 'Екшн', 'eksn', '2024-09-08 23:10:28', '2024-09-08 23:10:28'),
(12, 'Жахи', 'zaxi', '2024-09-08 23:10:28', '2024-09-08 23:10:28'),
(13, 'Драма', 'drama', '2024-09-08 23:10:28', '2024-09-08 23:10:28'),
(14, 'Детектив', 'detektiv', '2024-09-08 23:10:28', '2024-09-08 23:10:28'),
(15, 'Кримінал', 'kriminal', '2024-09-08 23:10:28', '2024-09-08 23:10:28'),
(16, 'Фентезі', 'fentezi', '2024-09-08 23:10:28', '2024-09-08 23:10:28'),
(17, 'Фантастика', 'fantastika', '2024-09-08 23:10:28', '2024-09-08 23:10:28'),
(18, 'Трилер', 'triler', '2024-09-08 23:10:28', '2024-09-08 23:10:28'),
(19, 'Автобіографія', 'avtobiografiia', '2024-09-08 23:10:28', '2024-09-08 23:10:28');

-- --------------------------------------------------------

--
-- Структура таблиці `languages`
--

CREATE TABLE `languages` (
  `id` int UNSIGNED NOT NULL,
  `title` varchar(255) COLLATE utf8mb4_unicode_ci NOT NULL,
  `slug` varchar(255) COLLATE utf8mb4_unicode_ci NOT NULL,
  `created_at` timestamp NULL DEFAULT NULL,
  `updated_at` timestamp NULL DEFAULT NULL
) ENGINE=InnoDB DEFAULT CHARSET=utf8mb4 COLLATE=utf8mb4_unicode_ci;

--
-- Дамп даних таблиці `languages`
--

INSERT INTO `languages` (`id`, `title`, `slug`, `created_at`, `updated_at`) VALUES
(1, 'Українська', 'ukrayinska', '2024-09-08 23:10:28', '2024-09-08 23:10:28'),
(2, 'Російська', 'rosiiska', '2024-09-08 23:10:28', '2024-09-08 23:10:28'),
(3, 'Англійська', 'angliiska', '2024-09-08 23:10:28', '2024-09-08 23:10:28'),
(4, 'Українська (СТБ)', 'ukrayinska-stb', '2024-09-08 23:10:28', '2024-09-08 23:10:28'),
(5, 'Українська (ICTV)', 'ukrayinska-ictv', '2024-09-08 23:10:28', '2024-09-08 23:10:28'),
(6, 'Українська (НТН)', 'ukrayinska-ntn', '2024-09-08 23:10:28', '2024-09-08 23:10:28'),
(7, 'Українська (Інтер)', 'ukrayinska-inter', '2024-09-08 23:10:28', '2024-09-08 23:10:28'),
(8, 'Українська (ТРК Україна)', 'ukrayinska-trk-ukrayina', '2024-09-08 23:10:28', '2024-09-08 23:10:28'),
(9, 'Українська (ТЕТ)', 'ukrayinska-tet', '2024-09-08 23:10:28', '2024-09-08 23:10:28'),
(10, 'Українська (QTV)', 'ukrayinska-qtv', '2024-09-08 23:10:28', '2024-09-08 23:10:28'),
(11, 'Українська (НЛО TV)', 'ukrayinska-nlo-tv', '2024-09-08 23:10:28', '2024-09-08 23:10:28'),
(12, 'Українська (Новий канал)', 'ukrayinska-novii-kanal', '2024-09-08 23:10:28', '2024-09-08 23:10:28'),
(13, 'Українська (К1)', 'ukrayinska-k1', '2024-09-08 23:10:28', '2024-09-08 23:10:28'),
(14, 'Українська (М1)', 'ukrayinska-m1', '2024-09-08 23:10:28', '2024-09-08 23:10:28'),
(15, 'Українська (1+1)', 'ukrayinska-11', '2024-09-08 23:10:28', '2024-09-08 23:10:28'),
(16, 'Українська (2+2)', 'ukrayinska-22', '2024-09-08 23:10:28', '2024-09-08 23:10:28'),
(17, 'Українська (Cine+)', 'ukrayinska-cine', '2024-09-08 23:10:28', '2024-09-08 23:10:28'),
(18, 'Українська (Paramount Comedy)', 'ukrayinska-paramount-comedy', '2024-09-08 23:10:28', '2024-09-08 23:10:28'),
(19, 'Українська (Netflix)', 'ukrayinska-netflix', '2024-09-08 23:10:28', '2024-09-08 23:10:28'),
(20, 'Українська (Line-in)', 'ukrayinska-line-in', '2024-09-08 23:10:28', '2024-09-08 23:10:28'),
(21, 'Українська (Цікава Ідея)', 'ukrayinska-cikava-ideia', '2024-09-08 23:10:28', '2024-09-08 23:10:28'),
(22, 'Українська (AMC)', 'ukrayinska-amc', '2024-09-08 23:10:28', '2024-09-08 23:10:28'),
(23, 'Українська (LeDoyen)', 'ukrayinska-ledoyen', '2024-09-08 23:10:28', '2024-09-08 23:10:28'),
(24, 'Українська (ТакТребаПродакш)', 'ukrayinska-taktrebaprodaks', '2024-09-08 23:10:28', '2024-09-08 23:10:28'),
(25, 'Українська (Postmodern)', 'ukrayinska-postmodern', '2024-09-08 23:10:28', '2024-09-08 23:10:28'),
(26, 'Українська (Кіно)', 'ukrayinska-kino', '2024-09-08 23:10:28', '2024-09-08 23:10:28'),
(27, 'Українська (Tretyakoff production)', 'ukrayinska-tretyakoff-production', '2024-09-08 23:10:28', '2024-09-08 23:10:28'),
(28, 'Українська (AniUA)', 'ukrayinska-aniua', '2024-09-08 23:10:28', '2024-09-08 23:10:28'),
(29, 'Українська (Pie Post Production)', 'ukrayinska-pie-post-production', '2024-09-08 23:10:28', '2024-09-08 23:10:28'),
(30, 'Українська (Cinema Sound Production)', 'ukrayinska-cinema-sound-production', '2024-09-08 23:10:28', '2024-09-08 23:10:28'),
(31, 'Українська (КІТ)', 'ukrayinska-kit', '2024-09-08 23:10:28', '2024-09-08 23:10:28'),
(32, 'Українська (Омікрон(Hurtom))', 'ukrayinska-omikronhurtom', '2024-09-08 23:10:28', '2024-09-08 23:10:28'),
(33, 'Українська (SkomUA)', 'ukrayinska-skomua', '2024-09-08 23:10:28', '2024-09-08 23:10:28'),
(34, 'Українська (DniproFilm)', 'ukrayinska-dniprofilm', '2024-09-08 23:10:28', '2024-09-08 23:10:28'),
(35, 'Українська (HDrezka Studio)', 'ukrayinska-hdrezka-studio', '2024-09-08 23:10:28', '2024-09-08 23:10:28'),
(36, 'Українська (КІНОТА)', 'ukrayinska-kinota', '2024-09-08 23:10:28', '2024-09-08 23:10:28'),
(37, 'Українська (UATeam)', 'ukrayinska-uateam', '2024-09-08 23:10:28', '2024-09-08 23:10:28'),
(38, 'Українська ( simpsonsua.tv)', 'ukrayinska-simpsonsuatv', '2024-09-08 23:10:28', '2024-09-08 23:10:28'),
(39, 'Українська (Колодій)', 'ukrayinska-kolodii', '2024-09-08 23:10:28', '2024-09-08 23:10:28'),
(40, 'Українська (AAA-Sound)', 'ukrayinska-aaa-sound', '2024-09-08 23:10:28', '2024-09-08 23:10:28'),
(41, 'Українська (Багатоголосий закадровий)', 'ukrayinska-bagatogolosii-zakadrovii', '2024-09-08 23:10:28', '2024-09-08 23:10:28'),
(42, 'Українська (Двоголосий)', 'ukrayinska-dvogolosii', '2024-09-08 23:10:28', '2024-09-08 23:10:28'),
(43, 'Українська (Одноголосий)', 'ukrayinska-odnogolosii', '2024-09-08 23:10:28', '2024-09-08 23:10:28');

-- --------------------------------------------------------

--
-- Структура таблиці `migrations`
--

CREATE TABLE `migrations` (
  `id` int UNSIGNED NOT NULL,
  `migration` varchar(255) COLLATE utf8mb4_unicode_ci NOT NULL,
  `batch` int NOT NULL
) ENGINE=InnoDB DEFAULT CHARSET=utf8mb4 COLLATE=utf8mb4_unicode_ci;

--
-- Дамп даних таблиці `migrations`
--

INSERT INTO `migrations` (`id`, `migration`, `batch`) VALUES
(1, '2014_10_12_000000_create_users_table', 1),
(2, '2014_10_12_100000_create_password_reset_tokens_table', 1),
(3, '2019_08_19_000000_create_failed_jobs_table', 1),
(4, '2019_12_14_000001_create_personal_access_tokens_table', 1),
(5, '2023_12_21_131639_create_categories_table', 1),
(6, '2023_12_21_131640_create_years_table', 1),
(7, '2023_12_21_131642_create_seasons_table', 1),
(8, '2023_12_21_131645_create_ratings_table', 1),
(9, '2023_12_21_131648_create_directors_table', 1),
(10, '2023_12_21_131651_create_films_table', 1),
(11, '2023_12_21_131815_create_genres_table', 1),
(12, '2023_12_21_134403_create_actors_table', 1),
(13, '2023_12_21_135526_create_actor_film_table', 1),
(14, '2023_12_21_135603_create_film_genre_table', 1),
(15, '2023_12_21_141456_create_producers_table', 1),
(16, '2023_12_21_141601_create_countries_table', 1),
(17, '2023_12_21_142305_create_languages_table', 1),
(18, '2024_01_02_224722_create_film_producer_table', 1),
(19, '2024_01_02_232229_create_film_language_table', 1),
(20, '2024_01_04_001418_create_country_film_table', 1),
(21, '2024_01_05_035052_create_companies_table', 1),
(22, '2024_01_05_050715_create_captions_table', 1),
(23, '2024_01_05_050829_create_caption_film_table', 1),
(24, '2024_01_08_021204_create_statuses_table', 1),
(25, '2024_01_08_021240_create_selections_table', 1),
(26, '2024_01_08_021327_create_composers_table', 1),
(27, '2024_01_08_021445_create_ages_table', 1),
(28, '2024_01_08_224908_create_film_selection_table', 1),
(29, '2024_01_08_224921_create_film_source_table', 1),
(30, '2024_01_09_214639_create_qualities_table', 1),
(31, '2024_04_02_144407_create_director_film_table', 1),
(32, '2024_04_02_154556_create_composer_film_table', 1),
(33, '2024_04_02_154600_create_company_film_table', 1),
(34, '2024_08_02_230426_alter_table_films_add_index', 1),
(35, '2024_08_09_093017_create_states_table', 1),
(36, '2024_08_09_093112_create_comments_table', 1);

-- --------------------------------------------------------

--
-- Структура таблиці `password_reset_tokens`
--

CREATE TABLE `password_reset_tokens` (
  `email` varchar(255) COLLATE utf8mb4_unicode_ci NOT NULL,
  `token` varchar(255) COLLATE utf8mb4_unicode_ci NOT NULL,
  `created_at` timestamp NULL DEFAULT NULL
) ENGINE=InnoDB DEFAULT CHARSET=utf8mb4 COLLATE=utf8mb4_unicode_ci;

-- --------------------------------------------------------

--
-- Структура таблиці `personal_access_tokens`
--

CREATE TABLE `personal_access_tokens` (
  `id` bigint UNSIGNED NOT NULL,
  `tokenable_type` varchar(255) COLLATE utf8mb4_unicode_ci NOT NULL,
  `tokenable_id` bigint UNSIGNED NOT NULL,
  `name` varchar(255) COLLATE utf8mb4_unicode_ci NOT NULL,
  `token` varchar(64) COLLATE utf8mb4_unicode_ci NOT NULL,
  `abilities` text COLLATE utf8mb4_unicode_ci,
  `last_used_at` timestamp NULL DEFAULT NULL,
  `expires_at` timestamp NULL DEFAULT NULL,
  `created_at` timestamp NULL DEFAULT NULL,
  `updated_at` timestamp NULL DEFAULT NULL
) ENGINE=InnoDB DEFAULT CHARSET=utf8mb4 COLLATE=utf8mb4_unicode_ci;

-- --------------------------------------------------------

--
-- Структура таблиці `producers`
--

CREATE TABLE `producers` (
  `id` bigint UNSIGNED NOT NULL,
  `name` varchar(255) COLLATE utf8mb4_unicode_ci NOT NULL,
  `slug` varchar(255) COLLATE utf8mb4_unicode_ci NOT NULL,
  `created_at` timestamp NULL DEFAULT NULL,
  `updated_at` timestamp NULL DEFAULT NULL
) ENGINE=InnoDB DEFAULT CHARSET=utf8mb4 COLLATE=utf8mb4_unicode_ci;

--
-- Дамп даних таблиці `producers`
--

INSERT INTO `producers` (`id`, `name`, `slug`, `created_at`, `updated_at`) VALUES
(1, 'Andy Brereton', 'andy-brereton', '2024-09-08 23:10:28', '2024-09-08 23:10:28'),
(2, 'Art Scott', 'art-scott', '2024-09-08 23:10:28', '2024-09-08 23:10:28'),
(3, 'Barry Josephson', 'barry-josephson', '2024-09-08 23:10:28', '2024-09-08 23:10:28'),
(4, 'Blair Peters', 'blair-peters', '2024-09-08 23:10:28', '2024-09-08 23:10:28'),
(5, 'Brian Steinberg', 'brian-steinberg', '2024-09-08 23:10:28', '2024-09-08 23:10:28'),
(6, 'Bruno-René Huchez', 'bruno-rene-huchez', '2024-09-08 23:10:28', '2024-09-08 23:10:28'),
(7, 'Chris Bender', 'chris-bender', '2024-09-08 23:10:28', '2024-09-08 23:10:28'),
(8, 'David Bergstein', 'david-bergstein', '2024-09-08 23:10:28', '2024-09-08 23:10:28'),
(9, 'E. C. Segar', 'e-c-segar', '2024-09-08 23:10:28', '2024-09-08 23:10:28'),
(10, 'Ed Dyson', 'ed-dyson', '2024-09-08 23:10:28', '2024-09-08 23:10:28'),
(11, 'Gale Anne Hurd', 'gale-anne-hurd', '2024-09-08 23:10:28', '2024-09-08 23:10:28'),
(12, 'Gerard Dargaud', 'gerard-dargaud', '2024-09-08 23:10:28', '2024-09-08 23:10:28'),
(13, 'Greg Sullivan', 'greg-sullivan', '2024-09-08 23:10:28', '2024-09-08 23:10:28'),
(14, 'Hélène Fatou', 'helene-fatou', '2024-09-08 23:10:28', '2024-09-08 23:10:28'),
(15, 'James De Frond', 'james-de-frond', '2024-09-08 23:10:28', '2024-09-08 23:10:28'),
(16, 'Jason Weinberg', 'jason-weinberg', '2024-09-08 23:10:28', '2024-09-08 23:10:28'),
(17, 'Jill Lopez Danton', 'jill-lopez-danton', '2024-09-08 23:10:28', '2024-09-08 23:10:28'),
(18, 'John Lyons', 'john-lyons', '2024-09-08 23:10:28', '2024-09-08 23:10:28'),
(19, 'Jonathan Stern', 'jonathan-stern', '2024-09-08 23:10:28', '2024-09-08 23:10:28'),
(20, 'Kay Wright', 'kay-wright', '2024-09-08 23:10:28', '2024-09-08 23:10:28'),
(21, 'Krister Johnson', 'krister-johnson', '2024-09-08 23:10:28', '2024-09-08 23:10:28'),
(22, 'Laura Ziskin', 'laura-ziskin', '2024-09-08 23:10:28', '2024-09-08 23:10:28'),
(23, 'Leon Zuratas', 'leon-zuratas', '2024-09-08 23:10:28', '2024-09-08 23:10:28'),
(24, 'Lilly Burns', 'lilly-burns', '2024-09-08 23:10:28', '2024-09-08 23:10:28'),
(25, 'Marc Forman', 'marc-forman', '2024-09-08 23:10:28', '2024-09-08 23:10:28'),
(26, 'Peter Principato', 'peter-principato', '2024-09-08 23:10:28', '2024-09-08 23:10:28'),
(27, 'Philippe Landrot', 'philippe-landrot', '2024-09-08 23:10:28', '2024-09-08 23:10:28'),
(28, 'Raymond LeBlanc', 'raymond-leblanc', '2024-09-08 23:10:28', '2024-09-08 23:10:28'),
(29, 'Roger Drew', 'roger-drew', '2024-09-08 23:10:28', '2024-09-08 23:10:28'),
(30, 'Sheree Guitar', 'sheree-guitar', '2024-09-08 23:10:28', '2024-09-08 23:10:28'),
(31, 'Terry Klassen', 'terry-klassen', '2024-09-08 23:10:28', '2024-09-08 23:10:28'),
(32, 'Tim Kirkby', 'tim-kirkby', '2024-09-08 23:10:28', '2024-09-08 23:10:28'),
(33, 'Tom Davis', 'tom-davis', '2024-09-08 23:10:28', '2024-09-08 23:10:28'),
(34, 'Tony Hernandez', 'tony-hernandez', '2024-09-08 23:10:28', '2024-09-08 23:10:28'),
(35, 'Will Arnett', 'will-arnett', '2024-09-08 23:10:28', '2024-09-08 23:10:28'),
(36, 'А. Дж. Дикс', 'a-dz-diks', '2024-09-08 23:10:28', '2024-09-08 23:10:28'),
(37, 'Аарон Зельцер', 'aaron-zelcer', '2024-09-08 23:10:28', '2024-09-08 23:10:28'),
(38, 'Аве Лернер', 'ave-lerner', '2024-09-08 23:10:28', '2024-09-08 23:10:28'),
(39, 'Аві Арад', 'avi-arad', '2024-09-08 23:10:28', '2024-09-08 23:10:28'),
(40, 'Адам Герц', 'adam-gerc', '2024-09-08 23:10:28', '2024-09-08 23:10:28'),
(41, 'Адам МакКей', 'adam-makkei', '2024-09-08 23:10:28', '2024-09-08 23:10:28'),
(42, 'Адам Сендлер', 'adam-sendler', '2024-09-08 23:10:28', '2024-09-08 23:10:28'),
(43, 'Айвен Рейтман', 'aiven-reitman', '2024-09-08 23:10:28', '2024-09-08 23:10:28'),
(44, 'Алан Пуаре', 'alan-puare', '2024-09-08 23:10:28', '2024-09-08 23:10:28'),
(45, 'Алекс Куртцман', 'aleks-kurtcman', '2024-09-08 23:10:28', '2024-09-08 23:10:28'),
(46, 'Алехандро Г. Иньярриту', 'alexandro-g-iniarritu', '2024-09-08 23:10:28', '2024-09-08 23:10:28'),
(47, 'Альберт Беверідж', 'albert-beveridz', '2024-09-08 23:10:28', '2024-09-08 23:10:28'),
(48, 'Арне Салтан', 'arne-saltan', '2024-09-08 23:10:28', '2024-09-08 23:10:28'),
(49, 'Арни Розен', 'arni-rozen', '2024-09-08 23:10:28', '2024-09-08 23:10:28'),
(50, 'Арні Шмідт', 'arni-smidt', '2024-09-08 23:10:28', '2024-09-08 23:10:28'),
(51, 'Арнольд Шварценеггер', 'arnold-svarcenegger', '2024-09-08 23:10:28', '2024-09-08 23:10:28'),
(52, 'Арнон Мілчен', 'arnon-milcen', '2024-09-08 23:10:28', '2024-09-08 23:10:28'),
(53, 'Арт Лінсон', 'art-linson', '2024-09-08 23:10:28', '2024-09-08 23:10:28'),
(54, 'Ауреліо Де Лаурентіс', 'aurelio-de-laurentis', '2024-09-08 23:10:28', '2024-09-08 23:10:28'),
(55, 'Базз Фейтшанс', 'bazz-feitsans', '2024-09-08 23:10:28', '2024-09-08 23:10:28'),
(56, 'Бак Генри', 'bak-genri', '2024-09-08 23:10:28', '2024-09-08 23:10:28'),
(57, 'Баррі Зонненфельд', 'barri-zonnenfeld', '2024-09-08 23:10:28', '2024-09-08 23:10:28'),
(58, 'Баррі Левінсон', 'barri-levinson', '2024-09-08 23:10:28', '2024-09-08 23:10:28'),
(59, 'Бен Стіллер', 'ben-stiller', '2024-09-08 23:10:28', '2024-09-08 23:10:28'),
(60, 'Бернадетт Джойс', 'bernadett-dzois', '2024-09-08 23:10:28', '2024-09-08 23:10:28'),
(61, 'Берні Бріллштейн', 'berni-brillstein', '2024-09-08 23:10:28', '2024-09-08 23:10:28'),
(62, 'Беррі Бернарді', 'berri-bernardi', '2024-09-08 23:10:28', '2024-09-08 23:10:28'),
(63, 'Беррі Розенбуш', 'berri-rozenbus', '2024-09-08 23:10:28', '2024-09-08 23:10:28'),
(64, 'Берт Ноделла', 'bert-nodella', '2024-09-08 23:10:28', '2024-09-08 23:10:28'),
(65, 'Беті Томас', 'beti-tomas', '2024-09-08 23:10:28', '2024-09-08 23:10:28'),
(66, 'Билл Оденкирк', 'bill-odenkirk', '2024-09-08 23:10:28', '2024-09-08 23:10:28'),
(67, 'Білл Бадалато', 'bill-badalato', '2024-09-08 23:10:28', '2024-09-08 23:10:28'),
(68, 'Білл Лоуренс', 'bill-lourens', '2024-09-08 23:10:28', '2024-09-08 23:10:28'),
(69, 'Білл Скотт', 'bill-skott', '2024-09-08 23:10:28', '2024-09-08 23:10:28'),
(70, 'Бо Флін', 'bo-flin', '2024-09-08 23:10:28', '2024-09-08 23:10:28'),
(71, 'Боаз Дэвідсон', 'boaz-devidson', '2024-09-08 23:10:28', '2024-09-08 23:10:28'),
(72, 'Боб Вайнштейн', 'bob-vainstein', '2024-09-08 23:10:28', '2024-09-08 23:10:28'),
(73, 'Боб Ґейл', 'bob-geil', '2024-09-08 23:10:28', '2024-09-08 23:10:28'),
(74, 'Боб Енжелмен', 'bob-enzelmen', '2024-09-08 23:10:28', '2024-09-08 23:10:28'),
(75, 'Боб Ізраель', 'bob-izrael', '2024-09-08 23:10:28', '2024-09-08 23:10:28'),
(76, 'Брайан Берк', 'braian-berk', '2024-09-08 23:10:28', '2024-09-08 23:10:28'),
(77, 'Брайан Коуэн', 'braian-kouen', '2024-09-08 23:10:28', '2024-09-08 23:10:28'),
(78, 'Бранко Люстіґ', 'branko-liustig', '2024-09-08 23:10:28', '2024-09-08 23:10:28'),
(79, 'Браян Грейзер', 'braian-greizer', '2024-09-08 23:10:28', '2024-09-08 23:10:28'),
(80, 'Браян Роббінс', 'braian-robbins', '2024-09-08 23:10:28', '2024-09-08 23:10:28'),
(81, 'Бред Вестон', 'bred-veston', '2024-09-08 23:10:28', '2024-09-08 23:10:28'),
(82, 'Брет Ретнер', 'bret-retner', '2024-09-08 23:10:28', '2024-09-08 23:10:28'),
(83, 'Бродерік Джонсон', 'broderik-dzonson', '2024-09-08 23:10:28', '2024-09-08 23:10:28'),
(84, 'Бруно Геллер', 'bruno-geller', '2024-09-08 23:10:28', '2024-09-08 23:10:28'),
(85, 'Брюс Коен', 'brius-koen', '2024-09-08 23:10:28', '2024-09-08 23:10:28'),
(86, 'Василь Іваник', 'vasil-ivanik', '2024-09-08 23:10:28', '2024-09-08 23:10:28'),
(87, 'Вес Андерсон', 'ves-anderson', '2024-09-08 23:10:28', '2024-09-08 23:10:28'),
(88, 'Віктор Кубічек', 'viktor-kubicek', '2024-09-08 23:10:28', '2024-09-08 23:10:28'),
(89, 'Вілл Сміт', 'vill-smit', '2024-09-08 23:10:28', '2024-09-08 23:10:28'),
(90, 'Вілл Феррелл', 'vill-ferrell', '2024-09-08 23:10:28', '2024-09-08 23:10:28'),
(91, 'Вільям Блінн', 'viliam-blinn', '2024-09-08 23:10:28', '2024-09-08 23:10:28'),
(92, 'Він Дізель', 'vin-dizel', '2024-09-08 23:10:29', '2024-09-08 23:10:29'),
(93, 'Волтер Паркс', 'volter-parks', '2024-09-08 23:10:29', '2024-09-08 23:10:29'),
(94, 'Вольфганг Петерсен', 'volfgang-petersen', '2024-09-08 23:10:29', '2024-09-08 23:10:29'),
(95, 'Воррен Зайд', 'vorren-zaid', '2024-09-08 23:10:29', '2024-09-08 23:10:29'),
(96, 'Гала Эвэри', 'gala-everi', '2024-09-08 23:10:29', '2024-09-08 23:10:29'),
(97, 'Гарві Беннетт', 'garvi-bennett', '2024-09-08 23:10:29', '2024-09-08 23:10:29'),
(98, 'Гарві Вайнштайн', 'garvi-vainstain', '2024-09-08 23:10:29', '2024-09-08 23:10:29'),
(99, 'Гари Донтзиг', 'gari-dontzig', '2024-09-08 23:10:29', '2024-09-08 23:10:29'),
(100, 'Гари Ло', 'gari-lo', '2024-09-08 23:10:29', '2024-09-08 23:10:29'),
(101, 'Гарі Барбер', 'gari-barber', '2024-09-08 23:10:29', '2024-09-08 23:10:29'),
(102, 'Гарі Еделсон', 'gari-edelson', '2024-09-08 23:10:29', '2024-09-08 23:10:29'),
(103, 'Гарі Курц', 'gari-kurc', '2024-09-08 23:10:29', '2024-09-08 23:10:29'),
(104, 'Гарі Лучезі', 'gari-lucezi', '2024-09-08 23:10:29', '2024-09-08 23:10:29'),
(105, 'Гарольд Реміс', 'garold-remis', '2024-09-08 23:10:29', '2024-09-08 23:10:29'),
(106, 'Гарри Шерман', 'garri-serman', '2024-09-08 23:10:29', '2024-09-08 23:10:29'),
(107, 'Гевін Полоун', 'gevin-poloun', '2024-09-08 23:10:29', '2024-09-08 23:10:29'),
(108, 'Гері Барбер', 'geri-barber', '2024-09-08 23:10:29', '2024-09-08 23:10:29'),
(109, 'Гері Скотт Томпсон', 'geri-skott-tompson', '2024-09-08 23:10:29', '2024-09-08 23:10:29'),
(110, 'Гілберт Адлер', 'gilbert-adler', '2024-09-08 23:10:29', '2024-09-08 23:10:29'),
(111, 'Глен Ларсон', 'glen-larson', '2024-09-08 23:10:29', '2024-09-08 23:10:29'),
(112, 'Гленн Гордон Керон', 'glenn-gordon-keron', '2024-09-08 23:10:29', '2024-09-08 23:10:29'),
(113, 'Гленн Хоуэртон', 'glenn-xouerton', '2024-09-08 23:10:29', '2024-09-08 23:10:29'),
(114, 'Говард Казанян', 'govard-kazanian', '2024-09-08 23:10:29', '2024-09-08 23:10:29'),
(115, 'Гордон А. Вебб', 'gordon-a-vebb', '2024-09-08 23:10:29', '2024-09-08 23:10:29'),
(116, 'Грант Розенберг', 'grant-rozenberg', '2024-09-08 23:10:29', '2024-09-08 23:10:29'),
(117, 'Грег Гарсія', 'greg-garsiia', '2024-09-08 23:10:29', '2024-09-08 23:10:29'),
(118, 'Грег Кут', 'greg-kut', '2024-09-08 23:10:29', '2024-09-08 23:10:29'),
(119, 'Грегори Уайден', 'gregori-uaiden', '2024-09-08 23:10:29', '2024-09-08 23:10:29'),
(120, 'Грехем Бурк', 'grexem-burk', '2024-09-08 23:10:29', '2024-09-08 23:10:29'),
(121, 'Грехем Кінг', 'grexem-king', '2024-09-08 23:10:29', '2024-09-08 23:10:29'),
(122, 'Ґевін О\'Коннор', 'gevin-okonnor', '2024-09-08 23:10:29', '2024-09-08 23:10:29'),
(123, 'Ґейл Катц', 'geil-katc', '2024-09-08 23:10:29', '2024-09-08 23:10:29'),
(124, 'Ґреґ О\'Коннор', 'greg-okonnor', '2024-09-08 23:10:29', '2024-09-08 23:10:29'),
(125, 'Даг Клейборн', 'dag-kleiborn', '2024-09-08 23:10:29', '2024-09-08 23:10:29'),
(126, 'Двейн Джонсон', 'dvein-dzonson', '2024-09-08 23:10:29', '2024-09-08 23:10:29'),
(127, 'Дебора Снайдер', 'debora-snaider', '2024-09-08 23:10:29', '2024-09-08 23:10:29'),
(128, 'Девид Фейс', 'devid-feis', '2024-09-08 23:10:29', '2024-09-08 23:10:29'),
(129, 'Девід Бушвелл', 'devid-busvell', '2024-09-08 23:10:29', '2024-09-08 23:10:29'),
(130, 'Девід Гоберман', 'devid-goberman', '2024-09-08 23:10:29', '2024-09-08 23:10:29'),
(131, 'Девід Кеннеді', 'devid-kennedi', '2024-09-08 23:10:29', '2024-09-08 23:10:29'),
(132, 'Девід Коен', 'devid-koen', '2024-09-08 23:10:29', '2024-09-08 23:10:29'),
(133, 'Девід Крейн', 'devid-krein', '2024-09-08 23:10:29', '2024-09-08 23:10:29'),
(134, 'Девід Лейтч', 'devid-leitc', '2024-09-08 23:10:29', '2024-09-08 23:10:29'),
(135, 'Девід Фостер', 'devid-foster', '2024-09-08 23:10:29', '2024-09-08 23:10:29'),
(136, 'Девід Франзоні', 'devid-franzoni', '2024-09-08 23:10:29', '2024-09-08 23:10:29'),
(137, 'Девід Цукер', 'devid-cuker', '2024-09-08 23:10:29', '2024-09-08 23:10:29'),
(138, 'Девід Чан', 'devid-can', '2024-09-08 23:10:29', '2024-09-08 23:10:29'),
(139, 'Деймон Лінделоф', 'deimon-lindelof', '2024-09-08 23:10:29', '2024-09-08 23:10:29'),
(140, 'Демі Мур', 'demi-mur', '2024-09-08 23:10:29', '2024-09-08 23:10:29'),
(141, 'Ден Краччіоло', 'den-kracciolo', '2024-09-08 23:10:29', '2024-09-08 23:10:29'),
(142, 'Ден Холстед', 'den-xolsted', '2024-09-08 23:10:29', '2024-09-08 23:10:29'),
(143, 'Дензел Вашингтон', 'denzel-vasington', '2024-09-08 23:10:29', '2024-09-08 23:10:29'),
(144, 'Денис Ди Нови', 'denis-di-novi', '2024-09-08 23:10:29', '2024-09-08 23:10:29'),
(145, 'Денні Дімборт', 'denni-dimbort', '2024-09-08 23:10:29', '2024-09-08 23:10:29'),
(146, 'Денні Лернер', 'denni-lerner', '2024-09-08 23:10:29', '2024-09-08 23:10:29'),
(147, 'Дерек Андерсон', 'derek-anderson', '2024-09-08 23:10:29', '2024-09-08 23:10:29'),
(148, 'Дерек Дочі', 'derek-doci', '2024-09-08 23:10:29', '2024-09-08 23:10:29'),
(149, 'Дж. Дж. Абрамс', 'dz-dz-abrams', '2024-09-08 23:10:29', '2024-09-08 23:10:29'),
(150, 'Джадд Апатоу', 'dzadd-apatou', '2024-09-08 23:10:29', '2024-09-08 23:10:29'),
(151, 'Джей Джей Абрамс', 'dzei-dzei-abrams', '2024-09-08 23:10:29', '2024-09-08 23:10:29'),
(152, 'Джей Роуч', 'dzei-rouc', '2024-09-08 23:10:29', '2024-09-08 23:10:29'),
(153, 'Джей Сандрич', 'dzei-sandric', '2024-09-08 23:10:29', '2024-09-08 23:10:29'),
(154, 'Джей Уорд', 'dzei-uord', '2024-09-08 23:10:29', '2024-09-08 23:10:29'),
(155, 'Джей Штерн', 'dzei-stern', '2024-09-08 23:10:29', '2024-09-08 23:10:29'),
(156, 'Джейк Ебертс', 'dzeik-eberts', '2024-09-08 23:10:29', '2024-09-08 23:10:29'),
(157, 'Джеймс В. Гарт', 'dzeims-v-gart', '2024-09-08 23:10:29', '2024-09-08 23:10:29'),
(158, 'Джеймс В. Скотчдопоул', 'dzeims-v-skotcdopoul', '2024-09-08 23:10:29', '2024-09-08 23:10:29'),
(159, 'Джеймс Д. Брубейкер', 'dzeims-d-brubeiker', '2024-09-08 23:10:29', '2024-09-08 23:10:29'),
(160, 'Джеймс Дж. Робінсон', 'dzeims-dz-robinson', '2024-09-08 23:10:29', '2024-09-08 23:10:29'),
(161, 'Джеймс Кемерон', 'dzeims-kemeron', '2024-09-08 23:10:29', '2024-09-08 23:10:29'),
(162, 'Джеймс Лассітер', 'dzeims-lassiter', '2024-09-08 23:10:29', '2024-09-08 23:10:29'),
(163, 'Джеймс Малай', 'dzeims-malai', '2024-09-08 23:10:29', '2024-09-08 23:10:29'),
(164, 'Джейн О’Брайэн', 'dzein-obraien', '2024-09-08 23:10:29', '2024-09-08 23:10:29'),
(165, 'Джейн Розенталь', 'dzein-rozental', '2024-09-08 23:10:29', '2024-09-08 23:10:29'),
(166, 'Джейсон Бейтман', 'dzeison-beitman', '2024-09-08 23:10:29', '2024-09-08 23:10:29'),
(167, 'Джейсон Блум', 'dzeison-blum', '2024-09-08 23:10:29', '2024-09-08 23:10:29'),
(168, 'Джейсон Грод', 'dzeison-grod', '2024-09-08 23:10:29', '2024-09-08 23:10:29'),
(169, 'Джейсон Сігел', 'dzeison-sigel', '2024-09-08 23:10:29', '2024-09-08 23:10:29'),
(170, 'Джейсон Фридберг', 'dzeison-fridberg', '2024-09-08 23:10:29', '2024-09-08 23:10:29'),
(171, 'Джек Джіаррапуто', 'dzek-dziarraputo', '2024-09-08 23:10:29', '2024-09-08 23:10:29'),
(172, 'Дженіфер Тодд', 'dzenifer-todd', '2024-09-08 23:10:29', '2024-09-08 23:10:29'),
(173, 'Дженні Лью Тадженд', 'dzenni-liu-tadzend', '2024-09-08 23:10:29', '2024-09-08 23:10:29'),
(174, 'Дженно Топпінг', 'dzenno-topping', '2024-09-08 23:10:29', '2024-09-08 23:10:29'),
(175, 'Джеральд Молен', 'dzerald-molen', '2024-09-08 23:10:29', '2024-09-08 23:10:29'),
(176, 'Джеремі Болт', 'dzeremi-bolt', '2024-09-08 23:10:29', '2024-09-08 23:10:29'),
(177, 'Джеремі Довсон', 'dzeremi-dovson', '2024-09-08 23:10:29', '2024-09-08 23:10:29'),
(178, 'Джерри Вайнтрауб', 'dzerri-vaintraub', '2024-09-08 23:10:29', '2024-09-08 23:10:29'),
(179, 'Джеррі Брукгаймер', 'dzerri-brukgaimer', '2024-09-08 23:10:29', '2024-09-08 23:10:29'),
(180, 'Джеррі Вайнтрауб', 'dzerri-vaintraub-1', '2024-09-08 23:10:29', '2024-09-08 23:10:29'),
(181, 'Джесс Опенхаймер', 'dzess-openxaimer', '2024-09-08 23:10:29', '2024-09-08 23:10:29'),
(182, 'Джессі Хендерсон', 'dzessi-xenderson', '2024-09-08 23:10:29', '2024-09-08 23:10:29'),
(183, 'Джефф Еппл', 'dzeff-eppl', '2024-09-08 23:10:29', '2024-09-08 23:10:29'),
(184, 'Джеффри М. Хэйес', 'dzeffri-m-xeies', '2024-09-08 23:10:29', '2024-09-08 23:10:29'),
(185, 'Джеффрі Кірченбаум', 'dzeffri-kircenbaum', '2024-09-08 23:10:29', '2024-09-08 23:10:29'),
(186, 'Джеффрі Сільвер', 'dzeffri-silver', '2024-09-08 23:10:29', '2024-09-08 23:10:29'),
(187, 'Джим Абрахамс', 'dzim-abraxams', '2024-09-08 23:10:29', '2024-09-08 23:10:29'),
(188, 'Джим Ван Вік', 'dzim-van-vik', '2024-09-08 23:10:29', '2024-09-08 23:10:29'),
(189, 'Джиммі Міллер', 'dzimmi-miller', '2024-09-08 23:10:29', '2024-09-08 23:10:29'),
(190, 'Джо Медьяк', 'dzo-mediak', '2024-09-08 23:10:29', '2024-09-08 23:10:29'),
(191, 'Джо Рот', 'dzo-rot', '2024-09-08 23:10:29', '2024-09-08 23:10:29'),
(192, 'Джоел Сільвер', 'dzoel-silver', '2024-09-08 23:10:29', '2024-09-08 23:10:29'),
(193, 'Джозеф Майкл Стражинський', 'dzozef-maikl-strazinskii', '2024-09-08 23:10:29', '2024-09-08 23:10:29'),
(194, 'Джозеф Стюарт Барнс', 'dzozef-stiuart-barns', '2024-09-08 23:10:29', '2024-09-08 23:10:29'),
(195, 'Джон Бартнікі', 'dzon-bartniki', '2024-09-08 23:10:29', '2024-09-08 23:10:29'),
(196, 'Джон Бёртон ', 'dzon-berton', '2024-09-08 23:10:29', '2024-09-08 23:10:29'),
(197, 'Джон Веллс', 'dzon-vells', '2024-09-08 23:10:29', '2024-09-08 23:10:29'),
(198, 'Джон Г\'юз', 'dzon-giuz', '2024-09-08 23:10:29', '2024-09-08 23:10:29'),
(199, 'Джон Девіс', 'dzon-devis', '2024-09-08 23:10:29', '2024-09-08 23:10:29'),
(200, 'Джон Евнет', 'dzon-evnet', '2024-09-08 23:10:29', '2024-09-08 23:10:29'),
(201, 'Джон Коупленд', 'dzon-kouplend', '2024-09-08 23:10:29', '2024-09-08 23:10:29'),
(202, 'Джон Ландау', 'dzon-landau', '2024-09-08 23:10:29', '2024-09-08 23:10:29'),
(203, 'Джон Лешер', 'dzon-leser', '2024-09-08 23:10:29', '2024-09-08 23:10:29'),
(204, 'Джон Лэндис', 'dzon-lendis', '2024-09-08 23:10:29', '2024-09-08 23:10:29'),
(205, 'Джон МакТірнан', 'dzon-maktirnan', '2024-09-08 23:10:29', '2024-09-08 23:10:29'),
(206, 'Джон Морріс', 'dzon-morris', '2024-09-08 23:10:29', '2024-09-08 23:10:29'),
(207, 'Джон Пенотти', 'dzon-penotti', '2024-09-08 23:10:29', '2024-09-08 23:10:29'),
(208, 'Джон Питерс', 'dzon-piters', '2024-09-08 23:10:29', '2024-09-08 23:10:29'),
(209, 'Джон Рікард', 'dzon-rikard', '2024-09-08 23:10:29', '2024-09-08 23:10:29'),
(210, 'Джон Траволта', 'dzon-travolta', '2024-09-08 23:10:29', '2024-09-08 23:10:29'),
(211, 'Джон Фокс', 'dzon-foks', '2024-09-08 23:10:29', '2024-09-08 23:10:29'),
(212, 'Джон Чен', 'dzon-cen', '2024-09-08 23:10:29', '2024-09-08 23:10:29'),
(213, 'Джона Гілл', 'dzona-gill', '2024-09-08 23:10:29', '2024-09-08 23:10:29'),
(214, 'Джонні Депп', 'dzonni-depp', '2024-09-08 23:10:29', '2024-09-08 23:10:29'),
(215, 'Джордан Піл', 'dzordan-pil', '2024-09-08 23:10:29', '2024-09-08 23:10:29'),
(216, 'Джордж Лукас', 'dzordz-lukas', '2024-09-08 23:10:29', '2024-09-08 23:10:29'),
(217, 'Джош Байсел', 'dzos-baisel', '2024-09-08 23:10:29', '2024-09-08 23:10:29'),
(218, 'Джуд Лоу', 'dzud-lou', '2024-09-08 23:10:29', '2024-09-08 23:10:29'),
(219, 'Джуліс Делі', 'dzulis-deli', '2024-09-08 23:10:29', '2024-09-08 23:10:29'),
(220, 'Діана Покорни', 'diana-pokorni', '2024-09-08 23:10:29', '2024-09-08 23:10:29'),
(221, 'Діана Ратбан', 'diana-ratban', '2024-09-08 23:10:29', '2024-09-08 23:10:29'),
(222, 'Доді Файєд', 'dodi-faijed', '2024-09-08 23:10:29', '2024-09-08 23:10:29'),
(223, 'Дон Вест', 'don-vest', '2024-09-08 23:10:29', '2024-09-08 23:10:29'),
(224, 'Дон Кармоді', 'don-karmodi', '2024-09-08 23:10:29', '2024-09-08 23:10:29'),
(225, 'Дональд П. Беллисарио', 'donald-p-bellisario', '2024-09-08 23:10:29', '2024-09-08 23:10:29'),
(226, 'Дороті Офієро', 'doroti-ofijero', '2024-09-08 23:10:29', '2024-09-08 23:10:29'),
(227, 'Дуглас Вік', 'duglas-vik', '2024-09-08 23:10:29', '2024-09-08 23:10:29'),
(228, 'Дуглас Неттлер', 'duglas-nettler', '2024-09-08 23:10:29', '2024-09-08 23:10:29'),
(229, 'Дэвид Депати', 'devid-depati', '2024-09-08 23:10:29', '2024-09-08 23:10:29'),
(230, 'Дэвид Уинклер', 'devid-uinkler', '2024-09-08 23:10:29', '2024-09-08 23:10:29'),
(231, 'Дэйв Дэвис', 'deiv-devis', '2024-09-08 23:10:29', '2024-09-08 23:10:29'),
(232, 'Дэнни Билсон', 'denni-bilson', '2024-09-08 23:10:29', '2024-09-08 23:10:29'),
(233, 'Едвард Гемм-молодший', 'edvard-gemm-molodsii', '2024-09-08 23:10:29', '2024-09-08 23:10:29'),
(234, 'Едвард Прессман', 'edvard-pressman', '2024-09-08 23:10:29', '2024-09-08 23:10:29'),
(235, 'Елізабет Авеллан', 'elizabet-avellan', '2024-09-08 23:10:29', '2024-09-08 23:10:29'),
(236, 'Еллі Самаха', 'elli-samaxa', '2024-09-08 23:10:29', '2024-09-08 23:10:29'),
(237, 'Еллісон Шермур', 'ellison-sermur', '2024-09-08 23:10:29', '2024-09-08 23:10:29'),
(238, 'Емі Паскаль', 'emi-paskal', '2024-09-08 23:10:29', '2024-09-08 23:10:29'),
(239, 'Емі Хекерлінг', 'emi-xekerling', '2024-09-08 23:10:29', '2024-09-08 23:10:29'),
(240, 'Емма Томас', 'emma-tomas', '2024-09-08 23:10:29', '2024-09-08 23:10:29'),
(241, 'Ендрю А. Косов', 'endriu-a-kosov', '2024-09-08 23:10:29', '2024-09-08 23:10:29'),
(242, 'Ендрю Вайна', 'endriu-vaina', '2024-09-08 23:10:29', '2024-09-08 23:10:29'),
(243, 'Ендрю Дж. Ла Марка', 'endriu-dz-la-marka', '2024-09-08 23:10:29', '2024-09-08 23:10:29'),
(244, 'Ендрю Стівенс', 'endriu-stivens', '2024-09-08 23:10:29', '2024-09-08 23:10:29'),
(245, 'Ентоні Рулен', 'entoni-rulen', '2024-09-08 23:10:29', '2024-09-08 23:10:29'),
(246, 'Ервін Стофф', 'ervin-stoff', '2024-09-08 23:10:29', '2024-09-08 23:10:29'),
(247, 'Ерік Голд', 'erik-gold', '2024-09-08 23:10:29', '2024-09-08 23:10:29'),
(248, 'Ерік Маклеод', 'erik-makleod', '2024-09-08 23:10:29', '2024-09-08 23:10:29'),
(249, 'Ерік Фелнер', 'erik-felner', '2024-09-08 23:10:29', '2024-09-08 23:10:29'),
(250, 'Єва Лонгорія', 'jeva-longoriia', '2024-09-08 23:10:29', '2024-09-08 23:10:29'),
(251, 'Ирвин Уинклер', 'irvin-uinkler', '2024-09-08 23:10:29', '2024-09-08 23:10:29'),
(252, 'Ицхак Гинсберг', 'icxak-ginsberg', '2024-09-08 23:10:29', '2024-09-08 23:10:29'),
(253, 'Іра Дойчмен', 'ira-doicmen', '2024-09-08 23:10:29', '2024-09-08 23:10:29'),
(254, 'Йєн Брюс', 'ijen-brius', '2024-09-08 23:10:29', '2024-09-08 23:10:29'),
(255, 'Картер Бейз', 'karter-beiz', '2024-09-08 23:10:29', '2024-09-08 23:10:29'),
(256, 'Квентін Тарантіно', 'kventin-tarantino', '2024-09-08 23:10:29', '2024-09-08 23:10:29'),
(257, 'Кевін Брайт', 'kevin-brait', '2024-09-08 23:10:29', '2024-09-08 23:10:29'),
(258, 'Кевін Істмен', 'kevin-istmen', '2024-09-08 23:10:29', '2024-09-08 23:10:29'),
(259, 'Кевін Кінг Темплтон', 'kevin-king-templton', '2024-09-08 23:10:29', '2024-09-08 23:10:29'),
(260, 'Кевін Файгі', 'kevin-faigi', '2024-09-08 23:10:29', '2024-09-08 23:10:29'),
(261, 'Кевін Фейдж', 'kevin-feidz', '2024-09-08 23:10:29', '2024-09-08 23:10:29'),
(262, 'Кен Кілер', 'ken-kiler', '2024-09-08 23:10:29', '2024-09-08 23:10:29'),
(263, 'Кетлін Кеннеді', 'ketlin-kennedi', '2024-09-08 23:10:29', '2024-09-08 23:10:29'),
(264, 'Ким Моусес', 'kim-mouses', '2024-09-08 23:10:29', '2024-09-08 23:10:29'),
(265, 'Кім Доусон', 'kim-douson', '2024-09-08 23:10:29', '2024-09-08 23:10:29'),
(266, 'Кінен Айворі Веянс', 'kinen-aivori-veians', '2024-09-08 23:10:29', '2024-09-08 23:10:29'),
(267, 'Кіт Баріш', 'kit-baris', '2024-09-08 23:10:29', '2024-09-08 23:10:29'),
(268, 'Кіт Кейвел', 'kit-keivel', '2024-09-08 23:10:29', '2024-09-08 23:10:29'),
(269, 'Клаудия Кац', 'klaudiia-kac', '2024-09-08 23:10:29', '2024-09-08 23:10:29'),
(270, 'Клейтон Таунсенд', 'kleiton-taunsend', '2024-09-08 23:10:29', '2024-09-08 23:10:29'),
(271, 'Клинт Гольдман', 'klint-goldman', '2024-09-08 23:10:29', '2024-09-08 23:10:29'),
(272, 'Колін Вілсон', 'kolin-vilson', '2024-09-08 23:10:29', '2024-09-08 23:10:29'),
(273, 'Крейг Баумгартен', 'kreig-baumgarten', '2024-09-08 23:10:29', '2024-09-08 23:10:29'),
(274, 'Крейг Томас', 'kreig-tomas', '2024-09-08 23:10:29', '2024-09-08 23:10:29'),
(275, 'Крейґ Перрі', 'kreig-perri', '2024-09-08 23:10:29', '2024-09-08 23:10:29'),
(276, 'Крейтон Беллингер', 'kreiton-bellinger', '2024-09-08 23:10:29', '2024-09-08 23:10:29'),
(277, 'Крис Хайвард', 'kris-xaivard', '2024-09-08 23:10:30', '2024-09-08 23:10:30'),
(278, 'Крис Шеридан', 'kris-seridan', '2024-09-08 23:10:30', '2024-09-08 23:10:30'),
(279, 'Кріс Бендер', 'kris-bender', '2024-09-08 23:10:30', '2024-09-08 23:10:30'),
(280, 'Кріс Вайц', 'kris-vaic', '2024-09-08 23:10:30', '2024-09-08 23:10:30'),
(281, 'Кріс Генлі', 'kris-genli', '2024-09-08 23:10:30', '2024-09-08 23:10:30'),
(282, 'Кріс Коламбус', 'kris-kolambus', '2024-09-08 23:10:30', '2024-09-08 23:10:30'),
(283, 'Кріс Лі', 'kris-li', '2024-09-08 23:10:30', '2024-09-08 23:10:30'),
(284, 'Кріс Мур', 'kris-mur', '2024-09-08 23:10:30', '2024-09-08 23:10:30'),
(285, 'Крістіан Вільямс', 'kristian-viliams', '2024-09-08 23:10:30', '2024-09-08 23:10:30'),
(286, 'Ларрі Дж. Франко', 'larri-dz-franko', '2024-09-08 23:10:30', '2024-09-08 23:10:30'),
(287, 'Лаура Грегорі', 'laura-gregori', '2024-09-08 23:10:30', '2024-09-08 23:10:30'),
(288, 'Лейла Сміт', 'leila-smit', '2024-09-08 23:10:30', '2024-09-08 23:10:30'),
(289, 'Леон Шлезингер', 'leon-slezinger', '2024-09-08 23:10:30', '2024-09-08 23:10:30'),
(290, 'Леонард Стерн', 'leonard-stern', '2024-09-08 23:10:30', '2024-09-08 23:10:30'),
(291, 'Леонард Хо', 'leonard-xo', '2024-09-08 23:10:30', '2024-09-08 23:10:30'),
(292, 'Леонід Верещагін', 'leonid-vereshhagin', '2024-09-08 23:10:30', '2024-09-08 23:10:30'),
(293, 'Лес Велдон', 'les-veldon', '2024-09-08 23:10:30', '2024-09-08 23:10:30'),
(294, 'Лесли Джонс', 'lesli-dzons', '2024-09-08 23:10:30', '2024-09-08 23:10:30'),
(295, 'Леслі Діксон', 'lesli-dikson', '2024-09-08 23:10:30', '2024-09-08 23:10:30'),
(296, 'Лиз Фридман', 'liz-fridman', '2024-09-08 23:10:30', '2024-09-08 23:10:30'),
(297, 'Лі Меєс', 'li-mejes', '2024-09-08 23:10:30', '2024-09-08 23:10:30'),
(298, 'Лі Суперчинські', 'li-supercinski', '2024-09-08 23:10:30', '2024-09-08 23:10:30'),
(299, 'Ллойд Левін', 'lloid-levin', '2024-09-08 23:10:30', '2024-09-08 23:10:30'),
(300, 'Лоран Петен', 'loran-peten', '2024-09-08 23:10:30', '2024-09-08 23:10:30'),
(301, 'Лоренс Казаноф', 'lorens-kazanof', '2024-09-08 23:10:30', '2024-09-08 23:10:30'),
(302, 'Лоренцо ді Бонавентура', 'lorenco-di-bonaventura', '2024-09-08 23:10:30', '2024-09-08 23:10:30'),
(303, 'Лорі Борг', 'lori-borg', '2024-09-08 23:10:30', '2024-09-08 23:10:30'),
(304, 'Лорі Макдональд', 'lori-makdonald', '2024-09-08 23:10:30', '2024-09-08 23:10:30'),
(305, 'Лорні Майклс', 'lorni-maikls', '2024-09-08 23:10:30', '2024-09-08 23:10:30'),
(306, 'Лоуренс Бендер', 'lourens-bender', '2024-09-08 23:10:30', '2024-09-08 23:10:30'),
(307, 'Лоуренс Гордон', 'lourens-gordon', '2024-09-08 23:10:30', '2024-09-08 23:10:30'),
(308, 'Лоуренс Касанофф', 'lourens-kasanoff', '2024-09-08 23:10:30', '2024-09-08 23:10:30'),
(309, 'Лоуренс Турман', 'lourens-turman', '2024-09-08 23:10:30', '2024-09-08 23:10:30'),
(310, 'Лучио Бомпани', 'lucio-bompani', '2024-09-08 23:10:30', '2024-09-08 23:10:30'),
(311, 'Льюис Мортон', 'liuis-morton', '2024-09-08 23:10:30', '2024-09-08 23:10:30'),
(312, 'Люк Бессон', 'liuk-besson', '2024-09-08 23:10:30', '2024-09-08 23:10:30'),
(313, 'Майк Вітерілл', 'maik-viterill', '2024-09-08 23:10:30', '2024-09-08 23:10:30'),
(314, 'Майк Джадж', 'maik-dzadz', '2024-09-08 23:10:30', '2024-09-08 23:10:30'),
(315, 'Майк Маєрс', 'maik-majers', '2024-09-08 23:10:30', '2024-09-08 23:10:30'),
(316, 'Майк Медавой', 'maik-medavoi', '2024-09-08 23:10:30', '2024-09-08 23:10:30'),
(317, 'Майкл Агіляр', 'maikl-agiliar', '2024-09-08 23:10:30', '2024-09-08 23:10:30'),
(318, 'Майкл Барнатан', 'maikl-barnatan', '2024-09-08 23:10:30', '2024-09-08 23:10:30'),
(319, 'Майкл Берк', 'maikl-berk', '2024-09-08 23:10:30', '2024-09-08 23:10:30'),
(320, 'Майкл Бостік', 'maikl-bostik', '2024-09-08 23:10:30', '2024-09-08 23:10:30'),
(321, 'Майкл Девіс', 'maikl-devis', '2024-09-08 23:10:30', '2024-09-08 23:10:30'),
(322, 'Майкл Дуглас', 'maikl-duglas', '2024-09-08 23:10:30', '2024-09-08 23:10:30'),
(323, 'Майкл Класторін', 'maikl-klastorin', '2024-09-08 23:10:30', '2024-09-08 23:10:30'),
(324, 'Майкл Леві', 'maikl-levi', '2024-09-08 23:10:30', '2024-09-08 23:10:30'),
(325, 'Майкл Роу', 'maikl-rou', '2024-09-08 23:10:30', '2024-09-08 23:10:30'),
(326, 'Майкл С. Гросс', 'maikl-s-gross', '2024-09-08 23:10:30', '2024-09-08 23:10:30'),
(327, 'Майкл Тедросс', 'maikl-tedross', '2024-09-08 23:10:30', '2024-09-08 23:10:30'),
(328, 'Майкл Толлін', 'maikl-tollin', '2024-09-08 23:10:30', '2024-09-08 23:10:30'),
(329, 'Майкл Фоттрел', 'maikl-fottrel', '2024-09-08 23:10:30', '2024-09-08 23:10:30'),
(330, 'Малія Скотч Мармо', 'maliia-skotc-marmo', '2024-09-08 23:10:30', '2024-09-08 23:10:30'),
(331, 'Марина Беспалов', 'marina-bespalov', '2024-09-08 23:10:30', '2024-09-08 23:10:30'),
(332, 'Маріо Кассар', 'mario-kassar', '2024-09-08 23:10:30', '2024-09-08 23:10:30'),
(333, 'Марк Волберг', 'mark-volberg', '2024-09-08 23:10:30', '2024-09-08 23:10:30'),
(334, 'Марк Галмі', 'mark-galmi', '2024-09-08 23:10:30', '2024-09-08 23:10:30'),
(335, 'Марк Гэтисс', 'mark-getiss', '2024-09-08 23:10:30', '2024-09-08 23:10:30'),
(336, 'Марк дю Понтавік', 'mark-diu-pontavik', '2024-09-08 23:10:30', '2024-09-08 23:10:30'),
(337, 'Марк Е. Платт', 'mark-e-platt', '2024-09-08 23:10:30', '2024-09-08 23:10:30'),
(338, 'Марк Кантон', 'mark-kanton', '2024-09-08 23:10:30', '2024-09-08 23:10:30'),
(339, 'Марк Ліберт', 'mark-libert', '2024-09-08 23:10:30', '2024-09-08 23:10:30'),
(340, 'Марк Редкліфф', 'mark-redkliff', '2024-09-08 23:10:30', '2024-09-08 23:10:30'),
(341, 'Марлон Веянс', 'marlon-veians', '2024-09-08 23:10:30', '2024-09-08 23:10:30'),
(342, 'Марта Кауффман', 'marta-kauffman', '2024-09-08 23:10:30', '2024-09-08 23:10:30'),
(343, 'Мел Брукс', 'mel-bruks', '2024-09-08 23:10:30', '2024-09-08 23:10:30'),
(344, 'Метт Ґрейнінґ', 'mett-greining', '2024-09-08 23:10:30', '2024-09-08 23:10:30'),
(345, 'Метт Толмач', 'mett-tolmac', '2024-09-08 23:10:30', '2024-09-08 23:10:30'),
(346, 'Метью Вон', 'metiu-von', '2024-09-08 23:10:30', '2024-09-08 23:10:30'),
(347, 'Мишель Липкин', 'misel-lipkin', '2024-09-08 23:10:30', '2024-09-08 23:10:30'),
(348, 'Мішель Петен', 'misel-peten', '2024-09-08 23:10:30', '2024-09-08 23:10:30'),
(349, 'Моллі Аллен', 'molli-allen', '2024-09-08 23:10:30', '2024-09-08 23:10:30'),
(350, 'Моріц Борман', 'moric-borman', '2024-09-08 23:10:30', '2024-09-08 23:10:30'),
(351, 'Морріс', 'morris', '2024-09-08 23:10:30', '2024-09-08 23:10:30'),
(352, 'Моше Питербург', 'mose-piterburg', '2024-09-08 23:10:30', '2024-09-08 23:10:30'),
(353, 'Мэйс Нойфелд', 'meis-noifeld', '2024-09-08 23:10:30', '2024-09-08 23:10:30'),
(354, 'Нг Сіюень', 'ng-siiuen', '2024-09-08 23:10:30', '2024-09-08 23:10:30'),
(355, 'Невідомо', 'nevidomo', '2024-09-08 23:10:30', '2024-09-08 23:10:30'),
(356, 'Нік Сантора', 'nik-santora', '2024-09-08 23:10:30', '2024-09-08 23:10:30'),
(357, 'Ніколас Столлер', 'nikolas-stoller', '2024-09-08 23:10:30', '2024-09-08 23:10:30'),
(358, 'Ніл Кентон', 'nil-kenton', '2024-09-08 23:10:30', '2024-09-08 23:10:30'),
(359, 'Ніл Моріц', 'nil-moric', '2024-09-08 23:10:30', '2024-09-08 23:10:30'),
(360, 'Ніл Нордлінгер', 'nil-nordlinger', '2024-09-08 23:10:30', '2024-09-08 23:10:30'),
(361, 'Ніра Парк', 'nira-park', '2024-09-08 23:10:30', '2024-09-08 23:10:30'),
(362, 'Олександр Роквелл', 'oleksandr-rokvell', '2024-09-08 23:10:30', '2024-09-08 23:10:30'),
(363, 'Оліас Барко ', 'olias-barko', '2024-09-08 23:10:30', '2024-09-08 23:10:30'),
(364, 'Олів\'є Альбу ', 'olivje-albu', '2024-09-08 23:10:30', '2024-09-08 23:10:30'),
(365, 'Паскаль Кочето', 'paskal-koceto', '2024-09-08 23:10:30', '2024-09-08 23:10:30'),
(366, 'Патрик Веррон', 'patrik-verron', '2024-09-08 23:10:30', '2024-09-08 23:10:30'),
(367, 'Патрік Кровлі', 'patrik-krovli', '2024-09-08 23:10:30', '2024-09-08 23:10:30'),
(368, 'Патріс Леду', 'patris-ledu', '2024-09-08 23:10:30', '2024-09-08 23:10:30'),
(369, 'Паула Вайнштайн', 'paula-vainstain', '2024-09-08 23:10:30', '2024-09-08 23:10:30'),
(370, 'Паула Дюпре Песмен', 'paula-diupre-pesmen', '2024-09-08 23:10:30', '2024-09-08 23:10:30'),
(371, 'Пет Профт', 'pet-proft', '2024-09-08 23:10:30', '2024-09-08 23:10:30'),
(372, 'Питер Сафран', 'piter-safran', '2024-09-08 23:10:30', '2024-09-08 23:10:30'),
(373, 'Питер Фаррелли', 'piter-farrelli', '2024-09-08 23:10:30', '2024-09-08 23:10:30'),
(374, 'Пітер Блок', 'piter-blok', '2024-09-08 23:10:30', '2024-09-08 23:10:30'),
(375, 'Пітер Богарт', 'piter-bogart', '2024-09-08 23:10:30', '2024-09-08 23:10:30'),
(376, 'Пітер Лерд', 'piter-lerd', '2024-09-08 23:10:30', '2024-09-08 23:10:30'),
(377, 'Пітер Ньюмен', 'piter-niumen', '2024-09-08 23:10:30', '2024-09-08 23:10:30'),
(378, 'Пітер Франкфурт', 'piter-frankfurt', '2024-09-08 23:10:30', '2024-09-08 23:10:30'),
(379, 'Пітер Чернін', 'piter-cernin', '2024-09-08 23:10:30', '2024-09-08 23:10:30'),
(380, 'Пол В. С. Андерсон ', 'pol-v-s-anderson', '2024-09-08 23:10:30', '2024-09-08 23:10:30'),
(381, 'Пол Вайц', 'pol-vaic', '2024-09-08 23:10:30', '2024-09-08 23:10:30'),
(382, 'Пол Де Мео', 'pol-de-meo', '2024-09-08 23:10:30', '2024-09-08 23:10:30'),
(383, 'Пол Донован', 'pol-donovan', '2024-09-08 23:10:30', '2024-09-08 23:10:30'),
(384, 'Пол Масланський', 'pol-maslanskii', '2024-09-08 23:10:30', '2024-09-08 23:10:30'),
(385, 'Пол Тамасі', 'pol-tamasi', '2024-09-08 23:10:30', '2024-09-08 23:10:30'),
(386, 'Пол Фаско', 'pol-fasko', '2024-09-08 23:10:30', '2024-09-08 23:10:30'),
(387, 'Пол Фіг', 'pol-fig', '2024-09-08 23:10:30', '2024-09-08 23:10:30'),
(388, 'Пол Хеллерман', 'pol-xellerman', '2024-09-08 23:10:30', '2024-09-08 23:10:30'),
(389, 'Поллі Коен', 'polli-koen', '2024-09-08 23:10:30', '2024-09-08 23:10:30'),
(390, 'Райан Каванах', 'raian-kavanax', '2024-09-08 23:10:30', '2024-09-08 23:10:30'),
(391, 'Раймонд Чоу', 'raimond-cou', '2024-09-08 23:10:30', '2024-09-08 23:10:30'),
(392, 'Расселл Сіммонс', 'rassell-simmons', '2024-09-08 23:10:30', '2024-09-08 23:10:30'),
(393, 'Раян Кавано', 'raian-kavano', '2024-09-08 23:10:30', '2024-09-08 23:10:30'),
(394, 'Реймонд Чоу', 'reimond-cou', '2024-09-08 23:10:30', '2024-09-08 23:10:30'),
(395, 'Рендалл Емметт', 'rendall-emmett', '2024-09-08 23:10:30', '2024-09-08 23:10:30'),
(396, 'Рене Бессон', 'rene-besson', '2024-09-08 23:10:30', '2024-09-08 23:10:30'),
(397, 'Рене Госіні', 'rene-gosini', '2024-09-08 23:10:30', '2024-09-08 23:10:30'),
(398, 'Ричард Б.Л. Флеминг', 'ricard-bl-fleming', '2024-09-08 23:10:30', '2024-09-08 23:10:30'),
(399, 'Ричард Гилберт Абрамсон', 'ricard-gilbert-abramson', '2024-09-08 23:10:30', '2024-09-08 23:10:30'),
(400, 'Ричард Финни', 'ricard-finni', '2024-09-08 23:10:30', '2024-09-08 23:10:30'),
(401, 'Рідлі Скотт', 'ridli-skott', '2024-09-08 23:10:30', '2024-09-08 23:10:30'),
(402, 'Рік Маккаллум', 'rik-makkallum', '2024-09-08 23:10:30', '2024-09-08 23:10:30'),
(403, 'Річард Вейн', 'ricard-vein', '2024-09-08 23:10:30', '2024-09-08 23:10:30'),
(404, 'Річард Доннер', 'ricard-donner', '2024-09-08 23:10:30', '2024-09-08 23:10:30'),
(405, 'Річард Занук', 'ricard-zanuk', '2024-09-08 23:10:30', '2024-09-08 23:10:30'),
(406, 'Роб Коен', 'rob-koen', '2024-09-08 23:10:30', '2024-09-08 23:10:30'),
(407, 'Роб Макэлхенни', 'rob-makelxenni', '2024-09-08 23:10:30', '2024-09-08 23:10:30'),
(408, 'Роббі Бреннер', 'robbi-brenner', '2024-09-08 23:10:30', '2024-09-08 23:10:30'),
(409, 'Роберт Альварез', 'robert-alvarez', '2024-09-08 23:10:30', '2024-09-08 23:10:30'),
(410, 'Роберт Вайсс', 'robert-vaiss', '2024-09-08 23:10:30', '2024-09-08 23:10:30'),
(411, 'Роберт Де Ніро', 'robert-de-niro', '2024-09-08 23:10:30', '2024-09-08 23:10:30'),
(412, 'Роберт Е. Реліа', 'robert-e-relia', '2024-09-08 23:10:30', '2024-09-08 23:10:30'),
(413, 'Роберт Енгельман', 'robert-engelman', '2024-09-08 23:10:30', '2024-09-08 23:10:30'),
(414, 'Роберт Ллойд Льюис', 'robert-lloid-liuis', '2024-09-08 23:10:30', '2024-09-08 23:10:30'),
(415, 'Роберт Реми', 'robert-remi', '2024-09-08 23:10:30', '2024-09-08 23:10:30'),
(416, 'Роберт Таперт', 'robert-tapert', '2024-09-08 23:10:30', '2024-09-08 23:10:30'),
(417, 'Роберт Х. Лемер', 'robert-x-lemer', '2024-09-08 23:10:30', '2024-09-08 23:10:30'),
(418, 'Роберт Чартофф', 'robert-cartoff', '2024-09-08 23:10:30', '2024-09-08 23:10:30'),
(419, 'Роберта Чоу', 'roberta-cou', '2024-09-08 23:10:30', '2024-09-08 23:10:30'),
(420, 'Роберто Орсі', 'roberto-orsi', '2024-09-08 23:10:30', '2024-09-08 23:10:30'),
(421, 'Роджер Бірнбаум', 'rodzer-birnbaum', '2024-09-08 23:10:30', '2024-09-08 23:10:30'),
(422, 'Роджер Дональдсон', 'rodzer-donaldson', '2024-09-08 23:10:30', '2024-09-08 23:10:30'),
(423, 'Роджер Корман', 'rodzer-korman', '2024-09-08 23:10:30', '2024-09-08 23:10:30'),
(424, 'Родні Ротман', 'rodni-rotman', '2024-09-08 23:10:30', '2024-09-08 23:10:30'),
(425, 'Ролан Жоффе', 'rolan-zoffe', '2024-09-08 23:10:30', '2024-09-08 23:10:30'),
(426, 'Росс Ґрейсон Белл', 'ross-greison-bell', '2024-09-08 23:10:30', '2024-09-08 23:10:30'),
(427, 'Рудольф Айзинг ', 'rudolf-aizing', '2024-09-08 23:10:30', '2024-09-08 23:10:30'),
(428, 'Рэймонд Томпсон', 'reimond-tompson', '2024-09-08 23:10:30', '2024-09-08 23:10:30'),
(429, 'Рэймонд Фанг', 'reimond-fang', '2024-09-08 23:10:30', '2024-09-08 23:10:30'),
(430, 'Рэнди Нельсон', 'rendi-nelson', '2024-09-08 23:10:30', '2024-09-08 23:10:30'),
(431, 'Саймон Емануел', 'saimon-emanuel', '2024-09-08 23:10:30', '2024-09-08 23:10:30'),
(432, 'Саймон Філдс', 'saimon-filds', '2024-09-08 23:10:30', '2024-09-08 23:10:30'),
(433, 'Саманта Вінсент', 'samanta-vinsent', '2024-09-08 23:10:30', '2024-09-08 23:10:30'),
(434, 'Сейді Фрост', 'seidi-frost', '2024-09-08 23:10:30', '2024-09-08 23:10:30'),
(435, 'Сем Реймі', 'sem-reimi', '2024-09-08 23:10:30', '2024-09-08 23:10:30'),
(436, 'Сигэру Миямото', 'sigeru-miiamoto', '2024-09-08 23:10:30', '2024-09-08 23:10:30'),
(437, 'Сігуржон Сігватссон', 'sigurzon-sigvatsson', '2024-09-08 23:10:30', '2024-09-08 23:10:30'),
(438, 'Сін Шаффен', 'sin-saffen', '2024-09-08 23:10:30', '2024-09-08 23:10:30'),
(439, 'Сіріл Гріз', 'siril-griz', '2024-09-08 23:10:30', '2024-09-08 23:10:30'),
(440, 'Скотт Буднік ', 'skott-budnik', '2024-09-08 23:10:30', '2024-09-08 23:10:30'),
(441, 'Скотт Крупф', 'skott-krupf', '2024-09-08 23:10:30', '2024-09-08 23:10:30'),
(442, 'Скотт Ламберт', 'skott-lambert', '2024-09-08 23:10:30', '2024-09-08 23:10:30'),
(443, 'Скотт Рудін ', 'skott-rudin', '2024-09-08 23:10:30', '2024-09-08 23:10:30'),
(444, 'Спенсер Франклін', 'spenser-franklin', '2024-09-08 23:10:30', '2024-09-08 23:10:30'),
(445, 'Стефан Конелл', 'stefan-konell', '2024-09-08 23:10:30', '2024-09-08 23:10:30'),
(446, 'Стефани Хейген', 'stefani-xeigen', '2024-09-08 23:10:30', '2024-09-08 23:10:30'),
(447, 'Стефані Остін', 'stefani-ostin', '2024-09-08 23:10:30', '2024-09-08 23:10:30'),
(448, 'Стефані Сперрі', 'stefani-sperri', '2024-09-08 23:10:30', '2024-09-08 23:10:30'),
(449, 'Стив Байндер', 'stiv-bainder', '2024-09-08 23:10:30', '2024-09-08 23:10:30'),
(450, 'Стивен Кеннелл', 'stiven-kennell', '2024-09-08 23:10:30', '2024-09-08 23:10:30'),
(451, 'Стивен Лисбергер', 'stiven-lisberger', '2024-09-08 23:10:30', '2024-09-08 23:10:30'),
(452, 'Стивен Моффат', 'stiven-moffat', '2024-09-08 23:10:30', '2024-09-08 23:10:30'),
(453, 'Стивен Питерман', 'stiven-piterman', '2024-09-08 23:10:30', '2024-09-08 23:10:30'),
(454, 'Стів Перрі', 'stiv-perri', '2024-09-08 23:10:30', '2024-09-08 23:10:30'),
(455, 'Стів Тіш', 'stiv-tis', '2024-09-08 23:10:30', '2024-09-08 23:10:30'),
(456, 'Стів Чесман', 'stiv-cesman', '2024-09-08 23:10:30', '2024-09-08 23:10:30'),
(457, 'Стівен Дж. Каннелл', 'stiven-dz-kannell', '2024-09-08 23:10:30', '2024-09-08 23:10:30'),
(458, 'Стівен Дж. Рот', 'stiven-dz-rot', '2024-09-08 23:10:30', '2024-09-08 23:10:30'),
(459, 'Стівен М. Рейлс', 'stiven-m-reils', '2024-09-08 23:10:30', '2024-09-08 23:10:30'),
(460, 'Стівен Спілберг', 'stiven-spilberg', '2024-09-08 23:10:30', '2024-09-08 23:10:30'),
(461, 'Стюарт Корнфелд', 'stiuart-kornfeld', '2024-09-08 23:10:30', '2024-09-08 23:10:30'),
(462, 'Сьюзен Дауні', 'siuzen-dauni', '2024-09-08 23:10:30', '2024-09-08 23:10:30'),
(463, 'Сьюзэн Боровиц', 'siuzen-borovic', '2024-09-08 23:10:30', '2024-09-08 23:10:30'),
(464, 'Сэмюэл Хадида', 'semiuel-xadida', '2024-09-08 23:10:30', '2024-09-08 23:10:30'),
(465, 'Сюзанн Лорі', 'siuzann-lori', '2024-09-08 23:10:30', '2024-09-08 23:10:30'),
(466, 'Теренс Майкл', 'terens-maikl', '2024-09-08 23:10:30', '2024-09-08 23:10:30'),
(467, 'Теренс Райан ', 'terens-raian', '2024-09-08 23:10:30', '2024-09-08 23:10:30'),
(468, 'Террі Остін', 'terri-ostin', '2024-09-08 23:10:30', '2024-09-08 23:10:30'),
(469, 'Тім Беван', 'tim-bevan', '2024-09-08 23:10:30', '2024-09-08 23:10:30'),
(470, 'Тім Бертон', 'tim-berton', '2024-09-08 23:10:30', '2024-09-08 23:10:30'),
(471, 'Тодд Гарнер', 'todd-garner', '2024-09-08 23:10:30', '2024-09-08 23:10:30'),
(472, 'Тодд Ліберман', 'todd-liberman', '2024-09-08 23:10:30', '2024-09-08 23:10:30'),
(473, 'Том Джейкобсон', 'tom-dzeikobson', '2024-09-08 23:10:30', '2024-09-08 23:10:30'),
(474, 'Том Патчет', 'tom-patcet', '2024-09-08 23:10:30', '2024-09-08 23:10:30'),
(475, 'Том Селлек', 'tom-sellek', '2024-09-08 23:10:30', '2024-09-08 23:10:30'),
(476, 'Том Спеціалі', 'tom-speciali', '2024-09-08 23:10:30', '2024-09-08 23:10:30'),
(477, 'Томас К. Грей', 'tomas-k-grei', '2024-09-08 23:10:30', '2024-09-08 23:10:30'),
(478, 'Тоні Скотт', 'toni-skott', '2024-09-08 23:10:30', '2024-09-08 23:10:30'),
(479, 'Тревор Альберт', 'trevor-albert', '2024-09-08 23:10:30', '2024-09-08 23:10:30'),
(480, 'Тревор Шорт', 'trevor-sort', '2024-09-08 23:10:30', '2024-09-08 23:10:30'),
(481, 'Трейсі Торм', 'treisi-torm', '2024-09-08 23:10:30', '2024-09-08 23:10:30'),
(482, 'Уильям Хендрикс', 'uiliam-xendriks', '2024-09-08 23:10:30', '2024-09-08 23:10:30'),
(483, 'Уильям Чартофф', 'uiliam-cartoff', '2024-09-08 23:10:30', '2024-09-08 23:10:30'),
(484, 'Фред С. Карузо', 'fred-s-karuzo', '2024-09-08 23:10:30', '2024-09-08 23:10:30'),
(485, 'Френк Маршалл', 'frenk-marsall', '2024-09-08 23:10:30', '2024-09-08 23:10:30'),
(486, 'Фриц Фреленг ', 'fric-freleng', '2024-09-08 23:10:30', '2024-09-08 23:10:30'),
(487, 'Хайди Фогель', 'xaidi-fogel', '2024-09-08 23:10:30', '2024-09-08 23:10:30'),
(488, 'Хью Харман ', 'xiu-xarman', '2024-09-08 23:10:30', '2024-09-08 23:10:30'),
(489, 'Чад Стахельскі', 'cad-staxelski', '2024-09-08 23:10:31', '2024-09-08 23:10:31'),
(490, 'Чарльз Б. Уэсслер', 'carlz-b-uessler', '2024-09-08 23:10:31', '2024-09-08 23:10:31'),
(491, 'Чарльз Гордон', 'carlz-gordon', '2024-09-08 23:10:31', '2024-09-08 23:10:31'),
(492, 'Чарльз Ровен', 'carlz-roven', '2024-09-08 23:10:31', '2024-09-08 23:10:31'),
(493, 'Ченнінг Татум', 'cenning-tatum', '2024-09-08 23:10:31', '2024-09-08 23:10:31'),
(494, 'Шелдон Кан', 'seldon-kan', '2024-09-08 23:10:31', '2024-09-08 23:10:31'),
(495, 'Шон Бэйли', 'son-beili', '2024-09-08 23:10:31', '2024-09-08 23:10:31'),
(496, 'Шон Веянс', 'son-veians', '2024-09-08 23:10:31', '2024-09-08 23:10:31'),
(497, 'Шон Маккітрік', 'son-makkitrik', '2024-09-08 23:10:31', '2024-09-08 23:10:31'),
(498, 'Эдди Зелцер', 'eddi-zelcer', '2024-09-08 23:10:31', '2024-09-08 23:10:31'),
(499, 'Эдоардо Маргерити', 'edoardo-margeriti', '2024-09-08 23:10:31', '2024-09-08 23:10:31'),
(500, 'Эли Самаха', 'eli-samaxa', '2024-09-08 23:10:31', '2024-09-08 23:10:31'),
(501, 'Энди Боровиц', 'endi-borovic', '2024-09-08 23:10:31', '2024-09-08 23:10:31'),
(502, 'Эрик Грюндеманн', 'erik-griundemann', '2024-09-08 23:10:31', '2024-09-08 23:10:31'),
(503, 'Эрик Каплан', 'erik-kaplan', '2024-09-08 23:10:31', '2024-09-08 23:10:31'),
(504, 'Эхуд Блайберг', 'exud-blaiberg', '2024-09-08 23:10:31', '2024-09-08 23:10:31'),
(505, 'Ян де Бонт', 'ian-de-bont', '2024-09-08 23:10:31', '2024-09-08 23:10:31');

-- --------------------------------------------------------

--
-- Структура таблиці `qualities`
--

CREATE TABLE `qualities` (
  `id` int UNSIGNED NOT NULL,
  `title` varchar(255) COLLATE utf8mb4_unicode_ci NOT NULL,
  `slug` varchar(255) COLLATE utf8mb4_unicode_ci NOT NULL,
  `created_at` timestamp NULL DEFAULT NULL,
  `updated_at` timestamp NULL DEFAULT NULL
) ENGINE=InnoDB DEFAULT CHARSET=utf8mb4 COLLATE=utf8mb4_unicode_ci;

--
-- Дамп даних таблиці `qualities`
--

INSERT INTO `qualities` (`id`, `title`, `slug`, `created_at`, `updated_at`) VALUES
(1, '1080p', '1080p', '2024-09-08 23:10:31', '2024-09-08 23:10:31'),
(2, '480p', '480p', '2024-09-08 23:10:31', '2024-09-08 23:10:31'),
(3, 'HD 720p', 'hd-720p', '2024-09-08 23:10:31', '2024-09-08 23:10:31'),
(4, '360p', '360p', '2024-09-08 23:10:31', '2024-09-08 23:10:31'),
(5, 'BDRip', 'bdrip', '2024-09-08 23:10:31', '2024-09-08 23:10:31'),
(6, 'TVRip (720x576)', 'tvrip-720x576', '2024-09-08 23:10:31', '2024-09-08 23:10:31'),
(7, 'Невідомо', 'nevidomo', '2024-09-08 23:10:31', '2024-09-08 23:10:31');

-- --------------------------------------------------------

--
-- Структура таблиці `ratings`
--

CREATE TABLE `ratings` (
  `id` int UNSIGNED NOT NULL,
  `title` int NOT NULL,
  `slug` varchar(255) COLLATE utf8mb4_unicode_ci NOT NULL,
  `created_at` timestamp NULL DEFAULT NULL,
  `updated_at` timestamp NULL DEFAULT NULL
) ENGINE=InnoDB DEFAULT CHARSET=utf8mb4 COLLATE=utf8mb4_unicode_ci;

--
-- Дамп даних таблиці `ratings`
--

INSERT INTO `ratings` (`id`, `title`, `slug`, `created_at`, `updated_at`) VALUES
(1, 4040, '4040', '2024-09-08 23:10:21', '2024-09-08 23:10:21'),
(2, 5040, '5040', '2024-09-08 23:10:21', '2024-09-08 23:10:21'),
(3, 1000, '1000', '2024-09-08 23:10:21', '2024-09-08 23:10:21');

-- --------------------------------------------------------

--
-- Структура таблиці `seasons`
--

CREATE TABLE `seasons` (
  `id` int UNSIGNED NOT NULL,
  `title` varchar(255) COLLATE utf8mb4_unicode_ci NOT NULL,
  `slug` varchar(255) COLLATE utf8mb4_unicode_ci NOT NULL,
  `created_at` timestamp NULL DEFAULT NULL,
  `updated_at` timestamp NULL DEFAULT NULL
) ENGINE=InnoDB DEFAULT CHARSET=utf8mb4 COLLATE=utf8mb4_unicode_ci;

--
-- Дамп даних таблиці `seasons`
--

INSERT INTO `seasons` (`id`, `title`, `slug`, `created_at`, `updated_at`) VALUES
(1, 'Сезон 1', 'sezon-1', '2024-09-08 23:10:21', '2024-09-08 23:10:21'),
(2, 'Сезон 1-2', 'sezon-1-2', '2024-09-08 23:10:21', '2024-09-08 23:10:21'),
(3, 'Сезон 1-3', 'sezon-1-3', '2024-09-08 23:10:21', '2024-09-08 23:10:21'),
(4, 'Сезон 1-4', 'sezon-1-4', '2024-09-08 23:10:21', '2024-09-08 23:10:21'),
(5, 'Сезон 1-5', 'sezon-1-5', '2024-09-08 23:10:21', '2024-09-08 23:10:21'),
(6, 'Сезон 1-6', 'sezon-1-6', '2024-09-08 23:10:21', '2024-09-08 23:10:21'),
(7, 'Сезон 1-7', 'sezon-1-7', '2024-09-08 23:10:21', '2024-09-08 23:10:21'),
(8, 'Сезон 1-8', 'sezon-1-8', '2024-09-08 23:10:21', '2024-09-08 23:10:21'),
(9, 'Сезон 1-9', 'sezon-1-9', '2024-09-08 23:10:21', '2024-09-08 23:10:21'),
(10, 'Сезон 1-10', 'sezon-1-10', '2024-09-08 23:10:21', '2024-09-08 23:10:21'),
(11, 'Сезон 1-11', 'sezon-1-11', '2024-09-08 23:10:21', '2024-09-08 23:10:21'),
(12, 'Сезон 1-12', 'sezon-1-12', '2024-09-08 23:10:21', '2024-09-08 23:10:21'),
(13, 'Сезон 1-13', 'sezon-1-13', '2024-09-08 23:10:21', '2024-09-08 23:10:21'),
(14, 'Сезон 1-14', 'sezon-1-14', '2024-09-08 23:10:21', '2024-09-08 23:10:21'),
(15, 'Сезон 1-15', 'sezon-1-15', '2024-09-08 23:10:21', '2024-09-08 23:10:21'),
(16, 'Сезон 1-16', 'sezon-1-16', '2024-09-08 23:10:21', '2024-09-08 23:10:21'),
(17, 'Сезон 1-17', 'sezon-1-17', '2024-09-08 23:10:21', '2024-09-08 23:10:21'),
(18, 'Сезон 1-18', 'sezon-1-18', '2024-09-08 23:10:21', '2024-09-08 23:10:21'),
(19, 'Сезон 1-19', 'sezon-1-19', '2024-09-08 23:10:21', '2024-09-08 23:10:21'),
(20, 'Сезон 1-20', 'sezon-1-20', '2024-09-08 23:10:21', '2024-09-08 23:10:21');

-- --------------------------------------------------------

--
-- Структура таблиці `selections`
--

CREATE TABLE `selections` (
  `id` int UNSIGNED NOT NULL,
  `title` varchar(255) COLLATE utf8mb4_unicode_ci NOT NULL,
  `slug` varchar(255) COLLATE utf8mb4_unicode_ci NOT NULL,
  `created_at` timestamp NULL DEFAULT NULL,
  `updated_at` timestamp NULL DEFAULT NULL
) ENGINE=InnoDB DEFAULT CHARSET=utf8mb4 COLLATE=utf8mb4_unicode_ci;

--
-- Дамп даних таблиці `selections`
--

INSERT INTO `selections` (`id`, `title`, `slug`, `created_at`, `updated_at`) VALUES
(1, 'Зимові', 'zimovi', '2024-09-08 23:10:31', '2024-09-08 23:10:31'),
(2, 'Тачки', 'tacki', '2024-09-08 23:10:31', '2024-09-08 23:10:31'),
(3, 'Поліція', 'policiia', '2024-09-08 23:10:31', '2024-09-08 23:10:31'),
(4, 'Спок', 'spok', '2024-09-08 23:10:31', '2024-09-08 23:10:31'),
(5, 'Шпигуни', 'spiguni', '2024-09-08 23:10:31', '2024-09-08 23:10:31'),
(6, 'Супергерої', 'supergeroyi', '2024-09-08 23:10:31', '2024-09-08 23:10:31'),
(7, 'Космічні', 'kosmicni', '2024-09-08 23:10:31', '2024-09-08 23:10:31'),
(8, 'Французькі', 'francuzki', '2024-09-08 23:10:31', '2024-09-08 23:10:31');

-- --------------------------------------------------------

--
-- Структура таблиці `states`
--

CREATE TABLE `states` (
  `id` int UNSIGNED NOT NULL,
  `likes` int NOT NULL,
  `vviews` int NOT NULL,
  `film_id` int NOT NULL
) ENGINE=InnoDB DEFAULT CHARSET=utf8mb4 COLLATE=utf8mb4_unicode_ci;

--
-- Дамп даних таблиці `states`
--

INSERT INTO `states` (`id`, `likes`, `vviews`, `film_id`) VALUES
(1, 1, 90, 1),
(2, 18, 82, 2),
(3, 14, 53, 3),
(4, 10, 47, 4),
(5, 17, 63, 5),
(6, 6, 32, 6),
(7, 6, 43, 7),
(8, 18, 49, 8),
(9, 18, 86, 9),
(10, 3, 66, 10),
(11, 10, 41, 11),
(12, 9, 76, 12),
(13, 18, 46, 13),
(14, 10, 49, 14),
(15, 12, 91, 15),
(16, 20, 93, 16),
(17, 15, 29, 17),
(18, 14, 57, 18),
(19, 5, 80, 19),
(20, 15, 81, 20),
(21, 11, 36, 21),
(22, 10, 77, 22),
(23, 2, 90, 23),
(24, 2, 45, 24),
(25, 1, 85, 25),
(26, 12, 28, 26),
(27, 6, 99, 27),
(28, 10, 70, 28),
(29, 6, 30, 29),
(30, 3, 29, 30),
(31, 7, 36, 31),
(32, 19, 91, 32),
(33, 10, 48, 33),
(34, 1, 96, 34),
(35, 3, 63, 35),
(36, 13, 34, 36),
(37, 14, 23, 37),
(38, 7, 56, 38),
(39, 17, 85, 39),
(40, 19, 88, 40),
(41, 14, 62, 41),
(42, 14, 58, 42),
(43, 1, 71, 43),
(44, 7, 94, 44),
(45, 13, 41, 45),
(46, 12, 50, 46),
(47, 14, 62, 47),
(48, 1, 87, 48),
(49, 4, 85, 49),
(50, 4, 60, 50),
(51, 16, 37, 51),
(52, 16, 37, 52),
(53, 1, 80, 53),
(54, 14, 84, 54),
(55, 10, 76, 55),
(56, 16, 97, 56),
(57, 13, 81, 57),
(58, 20, 25, 58),
(59, 3, 93, 59),
(60, 2, 83, 60),
(61, 1, 50, 61),
(62, 7, 69, 62),
(63, 18, 83, 63),
(64, 2, 28, 64),
(65, 6, 31, 65),
(66, 15, 92, 66),
(67, 18, 47, 67),
(68, 9, 98, 68),
(69, 15, 56, 69),
(70, 5, 38, 70),
(71, 19, 27, 71),
(72, 15, 39, 72),
(73, 3, 89, 73),
(74, 4, 26, 74),
(75, 8, 65, 75),
(76, 7, 68, 76),
(77, 19, 92, 77),
(78, 16, 39, 78),
(79, 7, 66, 79),
(80, 8, 80, 80),
(81, 12, 26, 81),
(82, 12, 81, 82),
(83, 8, 82, 83),
(84, 18, 43, 84),
(85, 6, 61, 85),
(86, 9, 80, 86),
(87, 8, 85, 87),
(88, 7, 83, 88),
(89, 5, 67, 89),
(90, 7, 37, 90),
(91, 1, 74, 91),
(92, 7, 24, 92),
(93, 9, 61, 93),
(94, 19, 54, 94),
(95, 13, 89, 95),
(96, 18, 33, 96),
(97, 19, 39, 97),
(98, 3, 74, 98),
(99, 12, 89, 99),
(100, 7, 51, 100),
(101, 10, 79, 101),
(102, 10, 75, 102),
(103, 8, 31, 103),
(104, 7, 39, 104),
(105, 1, 52, 105),
(106, 17, 70, 106),
(107, 15, 60, 107),
(108, 11, 92, 108),
(109, 1, 93, 109),
(110, 13, 92, 110),
(111, 15, 29, 111),
(112, 11, 89, 112),
(113, 18, 57, 113),
(114, 3, 49, 114),
(115, 11, 84, 115),
(116, 16, 29, 116),
(117, 19, 25, 117),
(118, 13, 62, 118),
(119, 1, 86, 119),
(120, 2, 66, 120),
(121, 17, 54, 121),
(122, 5, 54, 122),
(123, 19, 85, 123),
(124, 19, 24, 124),
(125, 16, 50, 125),
(126, 10, 56, 126),
(127, 3, 48, 127),
(128, 20, 36, 128),
(129, 5, 48, 129),
(130, 12, 51, 130),
(131, 12, 50, 131),
(132, 3, 23, 132),
(133, 16, 21, 133),
(134, 3, 52, 134),
(135, 4, 95, 135),
(136, 4, 68, 136),
(137, 4, 76, 137),
(138, 6, 23, 138),
(139, 16, 56, 139),
(140, 9, 47, 140),
(141, 4, 37, 141),
(142, 11, 22, 142),
(143, 12, 55, 143),
(144, 5, 69, 144),
(145, 11, 99, 145),
(146, 2, 21, 146),
(147, 4, 84, 147),
(148, 7, 27, 148),
(149, 9, 67, 149),
(150, 6, 43, 150),
(151, 15, 73, 151),
(152, 10, 43, 152),
(153, 10, 95, 153),
(154, 6, 87, 154),
(155, 10, 64, 155),
(156, 10, 37, 156),
(157, 6, 41, 157),
(158, 6, 62, 158),
(159, 7, 100, 159),
(160, 13, 39, 160),
(161, 14, 37, 161),
(162, 8, 56, 162),
(163, 2, 81, 163),
(164, 1, 92, 164),
(165, 18, 56, 165),
(166, 1, 23, 166),
(167, 12, 40, 167),
(168, 10, 28, 168),
(169, 4, 41, 169),
(170, 1, 61, 170),
(171, 18, 65, 171),
(172, 10, 41, 172),
(173, 19, 35, 173),
(174, 13, 41, 174),
(175, 20, 96, 175),
(176, 7, 90, 176),
(177, 13, 46, 177),
(178, 14, 75, 178),
(179, 18, 65, 179),
(180, 5, 67, 180),
(181, 17, 92, 181),
(182, 9, 93, 182),
(183, 13, 75, 183),
(184, 14, 61, 184),
(185, 11, 28, 185),
(186, 5, 100, 186),
(187, 3, 86, 187),
(188, 13, 53, 188),
(189, 19, 63, 189),
(190, 4, 59, 190),
(191, 6, 67, 191),
(192, 16, 84, 192),
(193, 2, 90, 193),
(194, 5, 87, 194),
(195, 7, 100, 195),
(196, 3, 75, 196),
(197, 17, 22, 197),
(198, 7, 52, 198),
(199, 12, 96, 199),
(200, 9, 42, 200),
(201, 15, 50, 201),
(202, 7, 38, 202),
(203, 19, 63, 203),
(204, 14, 29, 204),
(205, 9, 46, 205),
(206, 20, 38, 206),
(207, 13, 25, 207),
(208, 11, 81, 208),
(209, 13, 96, 209),
(210, 3, 22, 210),
(211, 7, 69, 211),
(212, 11, 99, 212),
(213, 20, 72, 213),
(214, 20, 86, 214),
(215, 6, 96, 215),
(216, 9, 84, 216),
(217, 8, 86, 217),
(218, 16, 41, 218),
(219, 8, 57, 219),
(220, 2, 79, 220),
(221, 9, 24, 221),
(222, 2, 21, 222),
(223, 4, 89, 223),
(224, 17, 44, 224),
(225, 2, 49, 225),
(226, 4, 24, 226),
(227, 7, 45, 227),
(228, 19, 86, 228),
(229, 5, 86, 229),
(230, 1, 64, 230),
(231, 4, 98, 231),
(232, 13, 81, 232),
(233, 17, 83, 233),
(234, 12, 43, 234),
(235, 14, 36, 235),
(236, 18, 69, 236),
(237, 10, 81, 237),
(238, 13, 75, 238),
(239, 5, 52, 239),
(240, 16, 71, 240),
(241, 12, 30, 241),
(242, 18, 35, 242),
(243, 5, 61, 243),
(244, 15, 72, 244),
(245, 16, 88, 245),
(246, 19, 44, 246),
(247, 19, 69, 247),
(248, 10, 83, 248),
(249, 14, 66, 249),
(250, 4, 81, 250),
(251, 17, 44, 251),
(252, 10, 41, 252),
(253, 9, 95, 253),
(254, 20, 54, 254),
(255, 12, 76, 255),
(256, 5, 47, 256),
(257, 5, 41, 257),
(258, 6, 62, 258),
(259, 3, 90, 259),
(260, 20, 53, 260),
(261, 3, 93, 261),
(262, 10, 43, 262),
(263, 16, 90, 263),
(264, 15, 76, 264),
(265, 7, 36, 265);

-- --------------------------------------------------------

--
-- Структура таблиці `statuses`
--

CREATE TABLE `statuses` (
  `id` int UNSIGNED NOT NULL,
  `title` varchar(255) COLLATE utf8mb4_unicode_ci NOT NULL,
  `slug` varchar(255) COLLATE utf8mb4_unicode_ci NOT NULL,
  `created_at` timestamp NULL DEFAULT NULL,
  `updated_at` timestamp NULL DEFAULT NULL
) ENGINE=InnoDB DEFAULT CHARSET=utf8mb4 COLLATE=utf8mb4_unicode_ci;

--
-- Дамп даних таблиці `statuses`
--

INSERT INTO `statuses` (`id`, `title`, `slug`, `created_at`, `updated_at`) VALUES
(1, 'Завершений', 'zaversenii', '2024-09-08 23:10:31', '2024-09-08 23:10:31'),
(2, 'Незавершений', 'nezaversenii', '2024-09-08 23:10:31', '2024-09-08 23:10:31'),
(3, 'Невідомо', 'nevidomo', '2024-09-08 23:10:31', '2024-09-08 23:10:31');

-- --------------------------------------------------------

--
-- Структура таблиці `users`
--

CREATE TABLE `users` (
  `id` bigint UNSIGNED NOT NULL,
  `name` varchar(255) COLLATE utf8mb4_unicode_ci NOT NULL,
  `email` varchar(255) COLLATE utf8mb4_unicode_ci NOT NULL,
  `email_verified_at` timestamp NULL DEFAULT NULL,
  `password` varchar(255) COLLATE utf8mb4_unicode_ci NOT NULL,
  `remember_token` varchar(100) COLLATE utf8mb4_unicode_ci DEFAULT NULL,
  `created_at` timestamp NULL DEFAULT NULL,
  `updated_at` timestamp NULL DEFAULT NULL
) ENGINE=InnoDB DEFAULT CHARSET=utf8mb4 COLLATE=utf8mb4_unicode_ci;

-- --------------------------------------------------------

--
-- Структура таблиці `years`
--

CREATE TABLE `years` (
  `id` int UNSIGNED NOT NULL,
  `title` int NOT NULL,
  `slug` varchar(255) COLLATE utf8mb4_unicode_ci NOT NULL,
  `created_at` timestamp NULL DEFAULT NULL,
  `updated_at` timestamp NULL DEFAULT NULL
) ENGINE=InnoDB DEFAULT CHARSET=utf8mb4 COLLATE=utf8mb4_unicode_ci;

--
-- Дамп даних таблиці `years`
--

INSERT INTO `years` (`id`, `title`, `slug`, `created_at`, `updated_at`) VALUES
(2, 1931, '1931', '2024-09-08 23:10:31', '2024-09-08 23:10:31'),
(3, 1932, '1932', '2024-09-08 23:10:31', '2024-09-08 23:10:31'),
(4, 1933, '1933', '2024-09-08 23:10:31', '2024-09-08 23:10:31'),
(5, 1934, '1934', '2024-09-08 23:10:31', '2024-09-08 23:10:31'),
(6, 1935, '1935', '2024-09-08 23:10:31', '2024-09-08 23:10:31'),
(7, 1936, '1936', '2024-09-08 23:10:31', '2024-09-08 23:10:31'),
(8, 1937, '1937', '2024-09-08 23:10:31', '2024-09-08 23:10:31'),
(9, 1938, '1938', '2024-09-08 23:10:31', '2024-09-08 23:10:31'),
(10, 1939, '1939', '2024-09-08 23:10:31', '2024-09-08 23:10:31'),
(11, 1940, '1940', '2024-09-08 23:10:31', '2024-09-08 23:10:31'),
(12, 1941, '1941', '2024-09-08 23:10:31', '2024-09-08 23:10:31'),
(13, 1942, '1942', '2024-09-08 23:10:31', '2024-09-08 23:10:31'),
(14, 1943, '1943', '2024-09-08 23:10:31', '2024-09-08 23:10:31'),
(15, 1944, '1944', '2024-09-08 23:10:31', '2024-09-08 23:10:31'),
(16, 1945, '1945', '2024-09-08 23:10:31', '2024-09-08 23:10:31'),
(17, 1946, '1946', '2024-09-08 23:10:31', '2024-09-08 23:10:31'),
(18, 1947, '1947', '2024-09-08 23:10:31', '2024-09-08 23:10:31'),
(19, 1948, '1948', '2024-09-08 23:10:31', '2024-09-08 23:10:31'),
(20, 1949, '1949', '2024-09-08 23:10:31', '2024-09-08 23:10:31'),
(21, 1950, '1950', '2024-09-08 23:10:31', '2024-09-08 23:10:31'),
(22, 1951, '1951', '2024-09-08 23:10:31', '2024-09-08 23:10:31'),
(23, 1952, '1952', '2024-09-08 23:10:31', '2024-09-08 23:10:31'),
(24, 1953, '1953', '2024-09-08 23:10:31', '2024-09-08 23:10:31'),
(25, 1954, '1954', '2024-09-08 23:10:31', '2024-09-08 23:10:31'),
(26, 1955, '1955', '2024-09-08 23:10:31', '2024-09-08 23:10:31'),
(27, 1956, '1956', '2024-09-08 23:10:31', '2024-09-08 23:10:31'),
(28, 1957, '1957', '2024-09-08 23:10:31', '2024-09-08 23:10:31'),
(29, 1958, '1958', '2024-09-08 23:10:31', '2024-09-08 23:10:31'),
(30, 1959, '1959', '2024-09-08 23:10:31', '2024-09-08 23:10:31'),
(31, 1960, '1960', '2024-09-08 23:10:31', '2024-09-08 23:10:31'),
(32, 1961, '1961', '2024-09-08 23:10:31', '2024-09-08 23:10:31'),
(33, 1962, '1962', '2024-09-08 23:10:31', '2024-09-08 23:10:31'),
(34, 1963, '1963', '2024-09-08 23:10:31', '2024-09-08 23:10:31'),
(35, 1964, '1964', '2024-09-08 23:10:31', '2024-09-08 23:10:31'),
(36, 1965, '1965', '2024-09-08 23:10:31', '2024-09-08 23:10:31'),
(37, 1966, '1966', '2024-09-08 23:10:31', '2024-09-08 23:10:31'),
(38, 1967, '1967', '2024-09-08 23:10:31', '2024-09-08 23:10:31'),
(39, 1968, '1968', '2024-09-08 23:10:31', '2024-09-08 23:10:31'),
(40, 1969, '1969', '2024-09-08 23:10:31', '2024-09-08 23:10:31'),
(41, 1970, '1970', '2024-09-08 23:10:31', '2024-09-08 23:10:31'),
(42, 1971, '1971', '2024-09-08 23:10:31', '2024-09-08 23:10:31'),
(43, 1972, '1972', '2024-09-08 23:10:31', '2024-09-08 23:10:31'),
(44, 1973, '1973', '2024-09-08 23:10:31', '2024-09-08 23:10:31'),
(45, 1974, '1974', '2024-09-08 23:10:31', '2024-09-08 23:10:31'),
(46, 1975, '1975', '2024-09-08 23:10:31', '2024-09-08 23:10:31'),
(47, 1976, '1976', '2024-09-08 23:10:31', '2024-09-08 23:10:31'),
(48, 1977, '1977', '2024-09-08 23:10:31', '2024-09-08 23:10:31'),
(49, 1978, '1978', '2024-09-08 23:10:31', '2024-09-08 23:10:31'),
(50, 1979, '1979', '2024-09-08 23:10:31', '2024-09-08 23:10:31'),
(51, 1980, '1980', '2024-09-08 23:10:31', '2024-09-08 23:10:31'),
(52, 1981, '1981', '2024-09-08 23:10:31', '2024-09-08 23:10:31'),
(53, 1982, '1982', '2024-09-08 23:10:31', '2024-09-08 23:10:31'),
(54, 1983, '1983', '2024-09-08 23:10:31', '2024-09-08 23:10:31'),
(55, 1984, '1984', '2024-09-08 23:10:31', '2024-09-08 23:10:31'),
(56, 1985, '1985', '2024-09-08 23:10:31', '2024-09-08 23:10:31'),
(57, 1986, '1986', '2024-09-08 23:10:31', '2024-09-08 23:10:31'),
(58, 1987, '1987', '2024-09-08 23:10:31', '2024-09-08 23:10:31'),
(59, 1988, '1988', '2024-09-08 23:10:31', '2024-09-08 23:10:31'),
(60, 1989, '1989', '2024-09-08 23:10:31', '2024-09-08 23:10:31'),
(61, 1990, '1990', '2024-09-08 23:10:31', '2024-09-08 23:10:31'),
(62, 1991, '1991', '2024-09-08 23:10:31', '2024-09-08 23:10:31'),
(63, 1992, '1992', '2024-09-08 23:10:31', '2024-09-08 23:10:31'),
(64, 1993, '1993', '2024-09-08 23:10:31', '2024-09-08 23:10:31'),
(65, 1994, '1994', '2024-09-08 23:10:31', '2024-09-08 23:10:31'),
(66, 1995, '1995', '2024-09-08 23:10:31', '2024-09-08 23:10:31'),
(67, 1996, '1996', '2024-09-08 23:10:31', '2024-09-08 23:10:31'),
(68, 1997, '1997', '2024-09-08 23:10:31', '2024-09-08 23:10:31'),
(69, 1998, '1998', '2024-09-08 23:10:31', '2024-09-08 23:10:31'),
(70, 1999, '1999', '2024-09-08 23:10:31', '2024-09-08 23:10:31'),
(71, 2000, '2000', '2024-09-08 23:10:31', '2024-09-08 23:10:31'),
(72, 2001, '2001', '2024-09-08 23:10:31', '2024-09-08 23:10:31'),
(73, 2002, '2002', '2024-09-08 23:10:31', '2024-09-08 23:10:31'),
(74, 2003, '2003', '2024-09-08 23:10:31', '2024-09-08 23:10:31'),
(75, 2004, '2004', '2024-09-08 23:10:31', '2024-09-08 23:10:31'),
(76, 2005, '2005', '2024-09-08 23:10:31', '2024-09-08 23:10:31'),
(77, 2006, '2006', '2024-09-08 23:10:31', '2024-09-08 23:10:31'),
(78, 2007, '2007', '2024-09-08 23:10:31', '2024-09-08 23:10:31'),
(79, 2008, '2008', '2024-09-08 23:10:31', '2024-09-08 23:10:31'),
(80, 2009, '2009', '2024-09-08 23:10:31', '2024-09-08 23:10:31'),
(81, 2010, '2010', '2024-09-08 23:10:31', '2024-09-08 23:10:31'),
(82, 2011, '2011', '2024-09-08 23:10:31', '2024-09-08 23:10:31'),
(83, 2012, '2012', '2024-09-08 23:10:31', '2024-09-08 23:10:31'),
(84, 2013, '2013', '2024-09-08 23:10:31', '2024-09-08 23:10:31'),
(85, 2014, '2014', '2024-09-08 23:10:31', '2024-09-08 23:10:31'),
(86, 2015, '2015', '2024-09-08 23:10:31', '2024-09-08 23:10:31'),
(87, 2016, '2016', '2024-09-08 23:10:31', '2024-09-08 23:10:31'),
(88, 2017, '2017', '2024-09-08 23:10:31', '2024-09-08 23:10:31'),
(89, 2018, '2018', '2024-09-08 23:10:31', '2024-09-08 23:10:31'),
(90, 2019, '2019', '2024-09-08 23:10:31', '2024-09-08 23:10:31'),
(91, 2020, '2020', '2024-09-08 23:10:31', '2024-09-08 23:10:31'),
(92, 2021, '2021', '2024-09-08 23:10:31', '2024-09-08 23:10:31'),
(93, 2022, '2022', '2024-09-08 23:10:31', '2024-09-08 23:10:31'),
(94, 2023, '2023', '2024-09-08 23:10:31', '2024-09-08 23:10:31'),
(95, 3, '3', '2024-09-08 23:22:26', '2024-09-08 23:22:26'),
(96, 4, '4', '2024-09-08 23:25:31', '2024-09-08 23:25:31'),
(97, 6, '6', '2024-09-08 23:30:38', '2024-09-08 23:30:38');

--
-- Індекси збережених таблиць
--

--
-- Індекси таблиці `actors`
--
ALTER TABLE `actors`
  ADD PRIMARY KEY (`id`),
  ADD UNIQUE KEY `actors_name_unique` (`name`),
  ADD UNIQUE KEY `actors_slug_unique` (`slug`);

--
-- Індекси таблиці `actor_film`
--
ALTER TABLE `actor_film`
  ADD PRIMARY KEY (`id`);

--
-- Індекси таблиці `ages`
--
ALTER TABLE `ages`
  ADD PRIMARY KEY (`id`),
  ADD UNIQUE KEY `ages_title_unique` (`title`),
  ADD UNIQUE KEY `ages_slug_unique` (`slug`);

--
-- Індекси таблиці `captions`
--
ALTER TABLE `captions`
  ADD PRIMARY KEY (`id`),
  ADD UNIQUE KEY `captions_title_unique` (`title`),
  ADD UNIQUE KEY `captions_slug_unique` (`slug`);

--
-- Індекси таблиці `caption_film`
--
ALTER TABLE `caption_film`
  ADD PRIMARY KEY (`id`);

--
-- Індекси таблиці `categories`
--
ALTER TABLE `categories`
  ADD PRIMARY KEY (`id`),
  ADD UNIQUE KEY `categories_title_unique` (`title`),
  ADD UNIQUE KEY `categories_slug_unique` (`slug`);

--
-- Індекси таблиці `comments`
--
ALTER TABLE `comments`
  ADD PRIMARY KEY (`id`);

--
-- Індекси таблиці `companies`
--
ALTER TABLE `companies`
  ADD PRIMARY KEY (`id`),
  ADD UNIQUE KEY `companies_title_unique` (`title`),
  ADD UNIQUE KEY `companies_slug_unique` (`slug`);

--
-- Індекси таблиці `company_film`
--
ALTER TABLE `company_film`
  ADD PRIMARY KEY (`id`);

--
-- Індекси таблиці `composers`
--
ALTER TABLE `composers`
  ADD PRIMARY KEY (`id`),
  ADD UNIQUE KEY `composers_name_unique` (`name`),
  ADD UNIQUE KEY `composers_slug_unique` (`slug`);

--
-- Індекси таблиці `composer_film`
--
ALTER TABLE `composer_film`
  ADD PRIMARY KEY (`id`);

--
-- Індекси таблиці `countries`
--
ALTER TABLE `countries`
  ADD PRIMARY KEY (`id`),
  ADD UNIQUE KEY `countries_title_unique` (`title`),
  ADD UNIQUE KEY `countries_slug_unique` (`slug`);

--
-- Індекси таблиці `country_film`
--
ALTER TABLE `country_film`
  ADD PRIMARY KEY (`id`);

--
-- Індекси таблиці `directors`
--
ALTER TABLE `directors`
  ADD PRIMARY KEY (`id`),
  ADD UNIQUE KEY `directors_name_unique` (`name`),
  ADD UNIQUE KEY `directors_slug_unique` (`slug`);

--
-- Індекси таблиці `director_film`
--
ALTER TABLE `director_film`
  ADD PRIMARY KEY (`id`);

--
-- Індекси таблиці `failed_jobs`
--
ALTER TABLE `failed_jobs`
  ADD PRIMARY KEY (`id`),
  ADD UNIQUE KEY `failed_jobs_uuid_unique` (`uuid`);

--
-- Індекси таблиці `films`
--
ALTER TABLE `films`
  ADD PRIMARY KEY (`id`),
  ADD UNIQUE KEY `films_slug_unique` (`slug`),
  ADD KEY `films_title_index` (`title`);

--
-- Індекси таблиці `film_genre`
--
ALTER TABLE `film_genre`
  ADD PRIMARY KEY (`id`);

--
-- Індекси таблиці `film_language`
--
ALTER TABLE `film_language`
  ADD PRIMARY KEY (`id`);

--
-- Індекси таблиці `film_producer`
--
ALTER TABLE `film_producer`
  ADD PRIMARY KEY (`id`);

--
-- Індекси таблиці `film_selection`
--
ALTER TABLE `film_selection`
  ADD PRIMARY KEY (`id`);

--
-- Індекси таблиці `film_source`
--
ALTER TABLE `film_source`
  ADD PRIMARY KEY (`id`);

--
-- Індекси таблиці `genres`
--
ALTER TABLE `genres`
  ADD PRIMARY KEY (`id`),
  ADD UNIQUE KEY `genres_title_unique` (`title`),
  ADD UNIQUE KEY `genres_slug_unique` (`slug`);

--
-- Індекси таблиці `languages`
--
ALTER TABLE `languages`
  ADD PRIMARY KEY (`id`),
  ADD UNIQUE KEY `languages_title_unique` (`title`),
  ADD UNIQUE KEY `languages_slug_unique` (`slug`);

--
-- Індекси таблиці `migrations`
--
ALTER TABLE `migrations`
  ADD PRIMARY KEY (`id`);

--
-- Індекси таблиці `password_reset_tokens`
--
ALTER TABLE `password_reset_tokens`
  ADD PRIMARY KEY (`email`);

--
-- Індекси таблиці `personal_access_tokens`
--
ALTER TABLE `personal_access_tokens`
  ADD PRIMARY KEY (`id`),
  ADD UNIQUE KEY `personal_access_tokens_token_unique` (`token`),
  ADD KEY `personal_access_tokens_tokenable_type_tokenable_id_index` (`tokenable_type`,`tokenable_id`);

--
-- Індекси таблиці `producers`
--
ALTER TABLE `producers`
  ADD PRIMARY KEY (`id`),
  ADD UNIQUE KEY `producers_name_unique` (`name`),
  ADD UNIQUE KEY `producers_slug_unique` (`slug`);

--
-- Індекси таблиці `qualities`
--
ALTER TABLE `qualities`
  ADD PRIMARY KEY (`id`),
  ADD UNIQUE KEY `qualities_title_unique` (`title`),
  ADD UNIQUE KEY `qualities_slug_unique` (`slug`);

--
-- Індекси таблиці `ratings`
--
ALTER TABLE `ratings`
  ADD PRIMARY KEY (`id`),
  ADD UNIQUE KEY `ratings_title_unique` (`title`),
  ADD UNIQUE KEY `ratings_slug_unique` (`slug`);

--
-- Індекси таблиці `seasons`
--
ALTER TABLE `seasons`
  ADD PRIMARY KEY (`id`),
  ADD UNIQUE KEY `seasons_title_unique` (`title`),
  ADD UNIQUE KEY `seasons_slug_unique` (`slug`);

--
-- Індекси таблиці `selections`
--
ALTER TABLE `selections`
  ADD PRIMARY KEY (`id`),
  ADD UNIQUE KEY `selections_title_unique` (`title`),
  ADD UNIQUE KEY `selections_slug_unique` (`slug`);

--
-- Індекси таблиці `states`
--
ALTER TABLE `states`
  ADD PRIMARY KEY (`id`);

--
-- Індекси таблиці `statuses`
--
ALTER TABLE `statuses`
  ADD PRIMARY KEY (`id`),
  ADD UNIQUE KEY `statuses_title_unique` (`title`),
  ADD UNIQUE KEY `statuses_slug_unique` (`slug`);

--
-- Індекси таблиці `users`
--
ALTER TABLE `users`
  ADD PRIMARY KEY (`id`),
  ADD UNIQUE KEY `users_email_unique` (`email`);

--
-- Індекси таблиці `years`
--
ALTER TABLE `years`
  ADD PRIMARY KEY (`id`),
  ADD UNIQUE KEY `years_title_unique` (`title`),
  ADD UNIQUE KEY `years_slug_unique` (`slug`);

--
-- AUTO_INCREMENT для збережених таблиць
--

--
-- AUTO_INCREMENT для таблиці `actors`
--
ALTER TABLE `actors`
  MODIFY `id` int UNSIGNED NOT NULL AUTO_INCREMENT, AUTO_INCREMENT=287;

--
-- AUTO_INCREMENT для таблиці `actor_film`
--
ALTER TABLE `actor_film`
  MODIFY `id` int UNSIGNED NOT NULL AUTO_INCREMENT, AUTO_INCREMENT=599;

--
-- AUTO_INCREMENT для таблиці `ages`
--
ALTER TABLE `ages`
  MODIFY `id` int UNSIGNED NOT NULL AUTO_INCREMENT, AUTO_INCREMENT=15;

--
-- AUTO_INCREMENT для таблиці `captions`
--
ALTER TABLE `captions`
  MODIFY `id` int UNSIGNED NOT NULL AUTO_INCREMENT, AUTO_INCREMENT=6;

--
-- AUTO_INCREMENT для таблиці `caption_film`
--
ALTER TABLE `caption_film`
  MODIFY `id` int UNSIGNED NOT NULL AUTO_INCREMENT, AUTO_INCREMENT=573;

--
-- AUTO_INCREMENT для таблиці `categories`
--
ALTER TABLE `categories`
  MODIFY `id` int UNSIGNED NOT NULL AUTO_INCREMENT, AUTO_INCREMENT=5;

--
-- AUTO_INCREMENT для таблиці `comments`
--
ALTER TABLE `comments`
  MODIFY `id` int UNSIGNED NOT NULL AUTO_INCREMENT, AUTO_INCREMENT=796;

--
-- AUTO_INCREMENT для таблиці `companies`
--
ALTER TABLE `companies`
  MODIFY `id` int UNSIGNED NOT NULL AUTO_INCREMENT, AUTO_INCREMENT=422;

--
-- AUTO_INCREMENT для таблиці `company_film`
--
ALTER TABLE `company_film`
  MODIFY `id` int UNSIGNED NOT NULL AUTO_INCREMENT, AUTO_INCREMENT=795;

--
-- AUTO_INCREMENT для таблиці `composers`
--
ALTER TABLE `composers`
  MODIFY `id` int UNSIGNED NOT NULL AUTO_INCREMENT, AUTO_INCREMENT=170;

--
-- AUTO_INCREMENT для таблиці `composer_film`
--
ALTER TABLE `composer_film`
  MODIFY `id` int UNSIGNED NOT NULL AUTO_INCREMENT, AUTO_INCREMENT=307;

--
-- AUTO_INCREMENT для таблиці `countries`
--
ALTER TABLE `countries`
  MODIFY `id` int UNSIGNED NOT NULL AUTO_INCREMENT, AUTO_INCREMENT=22;

--
-- AUTO_INCREMENT для таблиці `country_film`
--
ALTER TABLE `country_film`
  MODIFY `id` int UNSIGNED NOT NULL AUTO_INCREMENT, AUTO_INCREMENT=352;

--
-- AUTO_INCREMENT для таблиці `directors`
--
ALTER TABLE `directors`
  MODIFY `id` bigint UNSIGNED NOT NULL AUTO_INCREMENT, AUTO_INCREMENT=345;

--
-- AUTO_INCREMENT для таблиці `director_film`
--
ALTER TABLE `director_film`
  MODIFY `id` int UNSIGNED NOT NULL AUTO_INCREMENT, AUTO_INCREMENT=420;

--
-- AUTO_INCREMENT для таблиці `failed_jobs`
--
ALTER TABLE `failed_jobs`
  MODIFY `id` bigint UNSIGNED NOT NULL AUTO_INCREMENT;

--
-- AUTO_INCREMENT для таблиці `films`
--
ALTER TABLE `films`
  MODIFY `id` int UNSIGNED NOT NULL AUTO_INCREMENT, AUTO_INCREMENT=266;

--
-- AUTO_INCREMENT для таблиці `film_genre`
--
ALTER TABLE `film_genre`
  MODIFY `id` int UNSIGNED NOT NULL AUTO_INCREMENT, AUTO_INCREMENT=904;

--
-- AUTO_INCREMENT для таблиці `film_language`
--
ALTER TABLE `film_language`
  MODIFY `id` int UNSIGNED NOT NULL AUTO_INCREMENT, AUTO_INCREMENT=296;

--
-- AUTO_INCREMENT для таблиці `film_producer`
--
ALTER TABLE `film_producer`
  MODIFY `id` int UNSIGNED NOT NULL AUTO_INCREMENT, AUTO_INCREMENT=696;

--
-- AUTO_INCREMENT для таблиці `film_selection`
--
ALTER TABLE `film_selection`
  MODIFY `id` int UNSIGNED NOT NULL AUTO_INCREMENT;

--
-- AUTO_INCREMENT для таблиці `film_source`
--
ALTER TABLE `film_source`
  MODIFY `id` int UNSIGNED NOT NULL AUTO_INCREMENT;

--
-- AUTO_INCREMENT для таблиці `genres`
--
ALTER TABLE `genres`
  MODIFY `id` int UNSIGNED NOT NULL AUTO_INCREMENT, AUTO_INCREMENT=20;

--
-- AUTO_INCREMENT для таблиці `languages`
--
ALTER TABLE `languages`
  MODIFY `id` int UNSIGNED NOT NULL AUTO_INCREMENT, AUTO_INCREMENT=44;

--
-- AUTO_INCREMENT для таблиці `migrations`
--
ALTER TABLE `migrations`
  MODIFY `id` int UNSIGNED NOT NULL AUTO_INCREMENT, AUTO_INCREMENT=37;

--
-- AUTO_INCREMENT для таблиці `personal_access_tokens`
--
ALTER TABLE `personal_access_tokens`
  MODIFY `id` bigint UNSIGNED NOT NULL AUTO_INCREMENT;

--
-- AUTO_INCREMENT для таблиці `producers`
--
ALTER TABLE `producers`
  MODIFY `id` bigint UNSIGNED NOT NULL AUTO_INCREMENT, AUTO_INCREMENT=506;

--
-- AUTO_INCREMENT для таблиці `qualities`
--
ALTER TABLE `qualities`
  MODIFY `id` int UNSIGNED NOT NULL AUTO_INCREMENT, AUTO_INCREMENT=8;

--
-- AUTO_INCREMENT для таблиці `ratings`
--
ALTER TABLE `ratings`
  MODIFY `id` int UNSIGNED NOT NULL AUTO_INCREMENT, AUTO_INCREMENT=4;

--
-- AUTO_INCREMENT для таблиці `seasons`
--
ALTER TABLE `seasons`
  MODIFY `id` int UNSIGNED NOT NULL AUTO_INCREMENT, AUTO_INCREMENT=21;

--
-- AUTO_INCREMENT для таблиці `selections`
--
ALTER TABLE `selections`
  MODIFY `id` int UNSIGNED NOT NULL AUTO_INCREMENT, AUTO_INCREMENT=9;

--
-- AUTO_INCREMENT для таблиці `states`
--
ALTER TABLE `states`
  MODIFY `id` int UNSIGNED NOT NULL AUTO_INCREMENT, AUTO_INCREMENT=266;

--
-- AUTO_INCREMENT для таблиці `statuses`
--
ALTER TABLE `statuses`
  MODIFY `id` int UNSIGNED NOT NULL AUTO_INCREMENT, AUTO_INCREMENT=4;

--
-- AUTO_INCREMENT для таблиці `users`
--
ALTER TABLE `users`
  MODIFY `id` bigint UNSIGNED NOT NULL AUTO_INCREMENT;

--
-- AUTO_INCREMENT для таблиці `years`
--
ALTER TABLE `years`
  MODIFY `id` int UNSIGNED NOT NULL AUTO_INCREMENT, AUTO_INCREMENT=98;
COMMIT;

/*!40101 SET CHARACTER_SET_CLIENT=@OLD_CHARACTER_SET_CLIENT */;
/*!40101 SET CHARACTER_SET_RESULTS=@OLD_CHARACTER_SET_RESULTS */;
/*!40101 SET COLLATION_CONNECTION=@OLD_COLLATION_CONNECTION */;
