-- phpMyAdmin SQL Dump
-- version 5.2.1
-- https://www.phpmyadmin.net/
--
-- Хост: localhost
-- Час створення: Квт 15 2024 р., 21:17
-- Версія сервера: 8.0.31-0ubuntu0.20.04.2
-- Версія PHP: 8.2.13

SET SQL_MODE = "NO_AUTO_VALUE_ON_ZERO";
START TRANSACTION;
SET time_zone = "+00:00";


/*!40101 SET @OLD_CHARACTER_SET_CLIENT=@@CHARACTER_SET_CLIENT */;
/*!40101 SET @OLD_CHARACTER_SET_RESULTS=@@CHARACTER_SET_RESULTS */;
/*!40101 SET @OLD_COLLATION_CONNECTION=@@COLLATION_CONNECTION */;
/*!40101 SET NAMES utf8mb4 */;

--
-- База даних: `kino`
--

-- --------------------------------------------------------

--
-- Структура таблиці `actors`
--

CREATE TABLE `actors` (
  `id` int UNSIGNED NOT NULL,
  `name` varchar(255) COLLATE utf8mb4_unicode_ci NOT NULL,
  `slug` varchar(255) COLLATE utf8mb4_unicode_ci NOT NULL,
  `created_at` timestamp NULL DEFAULT NULL,
  `updated_at` timestamp NULL DEFAULT NULL
) ENGINE=InnoDB DEFAULT CHARSET=utf8mb4 COLLATE=utf8mb4_unicode_ci;

--
-- Дамп даних таблиці `actors`
--

INSERT INTO `actors` (`id`, `name`, `slug`, `created_at`, `updated_at`) VALUES
(1, 'Джефф Бриджес', 'dzeff-bridzes', '2024-04-15 05:15:37', '2024-04-15 05:15:37'),
(2, 'Тим Роббинс', 'tim-robbins', '2024-04-15 05:15:37', '2024-04-15 05:15:37'),
(3, 'Брюс Дэвисон', 'brius-devison', '2024-04-15 05:15:37', '2024-04-15 05:15:37'),
(4, 'Гэбриел Луна', 'gebriel-luna', '2024-04-15 05:15:37', '2024-04-15 05:15:37'),
(5, 'Джонатан Такер', 'dzonatan-taker', '2024-04-15 05:15:37', '2024-04-15 05:15:37'),
(6, 'Мэтт МакКой', 'mett-makkoi', '2024-04-15 05:15:37', '2024-04-15 05:15:37'),
(7, 'Эдвард Платт', 'edvard-platt', '2024-04-15 05:15:37', '2024-04-15 05:15:37'),
(8, 'Адам Сэндлер', 'adam-sendler', '2024-04-15 05:15:37', '2024-04-15 05:15:37'),
(9, 'Айс Кьюб', 'ais-kiub', '2024-04-15 05:15:37', '2024-04-15 05:15:37'),
(10, 'Алан Тьюдик', 'alan-tiudik', '2024-04-15 05:15:37', '2024-04-15 05:15:37'),
(11, 'Алекс Ашбаух', 'aleks-asbaux', '2024-04-15 05:15:37', '2024-04-15 05:15:37'),
(12, 'Аль Пачино', 'al-pacino', '2024-04-15 05:15:37', '2024-04-15 05:15:37'),
(13, 'Альфонсо Рибейро', 'alfonso-ribeiro', '2024-04-15 05:15:37', '2024-04-15 05:15:37'),
(14, 'Аманда Пит', 'amanda-pit', '2024-04-15 05:15:37', '2024-04-15 05:15:37'),
(15, 'Анджелина Джоли', 'andzelina-dzoli', '2024-04-15 05:15:37', '2024-04-15 05:15:37'),
(16, 'Антонио Бандерас', 'antonio-banderas', '2024-04-15 05:15:37', '2024-04-15 05:15:37'),
(17, 'Арнольд Шварценеггер', 'arnold-svarcenegger', '2024-04-15 05:15:37', '2024-04-15 05:15:37'),
(18, 'Барбра Стрейзанд', 'barbra-streizand', '2024-04-15 05:15:37', '2024-04-15 05:15:37'),
(19, 'Бен Аффлек', 'ben-afflek', '2024-04-15 05:15:37', '2024-04-15 05:15:37'),
(20, 'Бен Стиллер', 'ben-stiller', '2024-04-15 05:15:37', '2024-04-15 05:15:37'),
(21, 'Бен Фостер', 'ben-foster', '2024-04-15 05:15:37', '2024-04-15 05:15:37'),
(22, 'Бенедикт Камбербэтч', 'benedikt-kamberbetc', '2024-04-15 05:15:37', '2024-04-15 05:15:37'),
(23, 'Бенисио Дель Торо', 'benisio-del-toro', '2024-04-15 05:15:37', '2024-04-15 05:15:37'),
(24, 'Билл Мюррей', 'bill-miurrei', '2024-04-15 05:15:37', '2024-04-15 05:15:37'),
(25, 'Билли Кристал', 'billi-kristal', '2024-04-15 05:15:37', '2024-04-15 05:15:37'),
(26, 'Боб Хоскинс', 'bob-xoskins', '2024-04-15 05:15:37', '2024-04-15 05:15:37'),
(27, 'Брендан Фрейзер', 'brendan-freizer', '2024-04-15 05:15:37', '2024-04-15 05:15:37'),
(28, 'Брэд Питт', 'bred-pitt', '2024-04-15 05:15:37', '2024-04-15 05:15:37'),
(29, 'Брэдли Купер', 'bredli-kuper', '2024-04-15 05:15:37', '2024-04-15 05:15:37'),
(30, 'Брюс Бокслейтнер', 'brius-boksleitner', '2024-04-15 05:15:37', '2024-04-15 05:15:37'),
(31, 'Брюс Уиллис', 'brius-uillis', '2024-04-15 05:15:37', '2024-04-15 05:15:37'),
(32, 'Бэрри Пеппер', 'berri-pepper', '2024-04-15 05:15:37', '2024-04-15 05:15:37'),
(33, 'Винни Джонс', 'vinni-dzons', '2024-04-15 05:15:37', '2024-04-15 05:15:37'),
(34, 'Винс Вон', 'vins-von', '2024-04-15 05:15:37', '2024-04-15 05:15:37'),
(35, 'Винсент Д`Онофрио', 'vinsent-donofrio', '2024-04-15 05:15:37', '2024-04-15 05:15:37'),
(36, 'Він Дізель', 'vin-dizel', '2024-04-15 05:15:37', '2024-04-15 05:15:37'),
(37, 'Вуди Харрельсон', 'vudi-xarrelson', '2024-04-15 05:15:37', '2024-04-15 05:15:37'),
(38, 'Вупи Голдберг', 'vupi-goldberg', '2024-04-15 05:15:37', '2024-04-15 05:15:37'),
(39, 'Гай Пирс', 'gai-pirs', '2024-04-15 05:15:37', '2024-04-15 05:15:37'),
(40, 'Гаррет Хедлунд', 'garret-xedlund', '2024-04-15 05:15:37', '2024-04-15 05:15:37'),
(41, 'Гленн Хоуертон', 'glenn-xouerton', '2024-04-15 05:15:37', '2024-04-15 05:15:37'),
(42, 'Гэвин Россдэйл', 'gevin-rossdeil', '2024-04-15 05:15:37', '2024-04-15 05:15:37'),
(43, 'Давид Белль', 'david-bell', '2024-04-15 05:15:37', '2024-04-15 05:15:37'),
(44, 'Дастин Хоффман', 'dastin-xoffman', '2024-04-15 05:15:37', '2024-04-15 05:15:37'),
(45, 'Дензел Вашингтон', 'denzel-vasington', '2024-04-15 05:15:37', '2024-04-15 05:15:37'),
(46, 'Денніс Квейд', 'dennis-kveid', '2024-04-15 05:15:37', '2024-04-15 05:15:37'),
(47, 'Дж.К. Симмонс', 'dzk-simmons', '2024-04-15 05:15:37', '2024-04-15 05:15:37'),
(48, 'Джаред Лето', 'dzared-leto', '2024-04-15 05:15:37', '2024-04-15 05:15:37'),
(49, 'Джастін Лонг', 'dzastin-long', '2024-04-15 05:15:37', '2024-04-15 05:15:37'),
(50, 'Джейми Фокс', 'dzeimi-foks', '2024-04-15 05:15:37', '2024-04-15 05:15:37'),
(51, 'Джеймі Преслі', 'dzeimi-presli', '2024-04-15 05:15:37', '2024-04-15 05:15:37'),
(52, 'Джеймс Белуши', 'dzeims-belusi', '2024-04-15 05:15:37', '2024-04-15 05:15:37'),
(53, 'Джеймс Марсден', 'dzeims-marsden', '2024-04-15 05:15:37', '2024-04-15 05:15:37'),
(54, 'Джеймс Эйври', 'dzeims-eivri', '2024-04-15 05:15:37', '2024-04-15 05:15:37'),
(55, 'Джейсон Бейтмен', 'dzeison-beitmen', '2024-04-15 05:15:37', '2024-04-15 05:15:37'),
(56, 'Джейсон Биггз', 'dzeison-biggz', '2024-04-15 05:15:37', '2024-04-15 05:15:37'),
(57, 'Джейсон Ли', 'dzeison-li', '2024-04-15 05:15:37', '2024-04-15 05:15:37'),
(58, 'Джейсон Сигел', 'dzeison-sigel', '2024-04-15 05:15:37', '2024-04-15 05:15:37'),
(59, 'Джейсон Стэйтем', 'dzeison-steitem', '2024-04-15 05:15:37', '2024-04-15 05:15:37'),
(60, 'Джейсон Судейкіс', 'dzeison-sudeikis', '2024-04-15 05:15:37', '2024-04-15 05:15:37'),
(61, 'Джейсон Флеминг', 'dzeison-fleming', '2024-04-15 05:15:37', '2024-04-15 05:15:37'),
(62, 'Джек Блэк', 'dzek-blek', '2024-04-15 05:15:37', '2024-04-15 05:15:37'),
(63, 'Джеки Чан', 'dzeki-can', '2024-04-15 05:15:37', '2024-04-15 05:15:37'),
(64, 'Дженнифер Энистон', 'dzennifer-eniston', '2024-04-15 05:15:37', '2024-04-15 05:15:37'),
(65, 'Джерард Батлер', 'dzerard-batler', '2024-04-15 05:15:37', '2024-04-15 05:15:37'),
(66, 'Джереми Айронс', 'dzeremi-airons', '2024-04-15 05:15:37', '2024-04-15 05:15:37'),
(67, 'Джереми Реннер', 'dzeremi-renner', '2024-04-15 05:15:37', '2024-04-15 05:15:37'),
(68, 'Джеремі Аллен Вайт', 'dzeremi-allen-vait', '2024-04-15 05:15:37', '2024-04-15 05:15:37'),
(69, 'Джерри О`Коннелл', 'dzerri-okonnell', '2024-04-15 05:15:37', '2024-04-15 05:15:37'),
(70, 'Джесси Айзенберг', 'dzessi-aizenberg', '2024-04-15 05:15:37', '2024-04-15 05:15:37'),
(71, 'Джет Ли', 'dzet-li', '2024-04-15 05:15:37', '2024-04-15 05:15:37'),
(72, 'Джим Керри', 'dzim-kerri', '2024-04-15 05:15:38', '2024-04-15 05:15:38'),
(73, 'Джо Пеши', 'dzo-pesi', '2024-04-15 05:15:38', '2024-04-15 05:15:38'),
(74, 'Джон К. МакГинли', 'dzon-k-makginli', '2024-04-15 05:15:38', '2024-04-15 05:15:38'),
(75, 'Джон Кэнди', 'dzon-kendi', '2024-04-15 05:15:38', '2024-04-15 05:15:38'),
(76, 'Джон Легуизамо', 'dzon-leguizamo', '2024-04-15 05:15:38', '2024-04-15 05:15:38'),
(77, 'Джон Литгоу', 'dzon-litgou', '2024-04-15 05:15:38', '2024-04-15 05:15:38'),
(78, 'Джон Мэллори Ашер', 'dzon-mellori-aser', '2024-04-15 05:15:38', '2024-04-15 05:15:38'),
(79, 'Джон Рис-Дэвис', 'dzon-ris-devis', '2024-04-15 05:15:38', '2024-04-15 05:15:38'),
(80, 'Джон Траволта', 'dzon-travolta', '2024-04-15 05:15:38', '2024-04-15 05:15:38'),
(81, 'Джон Уэсли Шипп', 'dzon-uesli-sipp', '2024-04-15 05:15:38', '2024-04-15 05:15:38'),
(82, 'Джон Фавро', 'dzon-favro', '2024-04-15 05:15:38', '2024-04-15 05:15:38'),
(83, 'Джона Хилл', 'dzona-xill', '2024-04-15 05:15:38', '2024-04-15 05:15:38'),
(84, 'Джонни Депп', 'dzonni-depp', '2024-04-15 05:15:38', '2024-04-15 05:15:38'),
(85, 'Джордж Клуни', 'dzordz-kluni', '2024-04-15 05:15:38', '2024-04-15 05:15:38'),
(86, 'Джош Лукас', 'dzos-lukas', '2024-04-15 05:15:38', '2024-04-15 05:15:38'),
(87, 'Джош Рэднор', 'dzos-rednor', '2024-04-15 05:15:38', '2024-04-15 05:15:38'),
(88, 'Джош Хартнетт', 'dzos-xartnett', '2024-04-15 05:15:38', '2024-04-15 05:15:38'),
(89, 'Джоэл Эдгертон', 'dzoel-edgerton', '2024-04-15 05:15:38', '2024-04-15 05:15:38'),
(90, 'Джуд Лоу', 'dzud-lou', '2024-04-15 05:15:38', '2024-04-15 05:15:38'),
(91, 'Дин o`Горман', 'din-ogorman', '2024-04-15 05:15:38', '2024-04-15 05:15:38'),
(92, 'Дольф Лундгрен', 'dolf-lundgren', '2024-04-15 05:15:38', '2024-04-15 05:15:38'),
(93, 'Доминик Пёрселл', 'dominik-persell', '2024-04-15 05:15:38', '2024-04-15 05:15:38'),
(94, 'Дон Адамс', 'don-adams', '2024-04-15 05:15:38', '2024-04-15 05:15:38'),
(95, 'Дональд Сазерленд', 'donald-sazerlend', '2024-04-15 05:15:38', '2024-04-15 05:15:38'),
(96, 'Дуэйн Джонсон', 'duein-dzonson', '2024-04-15 05:15:38', '2024-04-15 05:15:38'),
(97, 'Дэвид Кросс', 'devid-kross', '2024-04-15 05:15:38', '2024-04-15 05:15:38'),
(98, 'Дэвид Спейд', 'devid-speid', '2024-04-15 05:15:38', '2024-04-15 05:15:38'),
(99, 'Дэвид Хорнсби', 'devid-xornsbi', '2024-04-15 05:15:38', '2024-04-15 05:15:38'),
(100, 'Дэвид Хэсселхофф', 'devid-xesselxoff', '2024-04-15 05:15:38', '2024-04-15 05:15:38'),
(101, 'Дэвид Швиммер', 'devid-svimmer', '2024-04-15 05:15:38', '2024-04-15 05:15:38'),
(102, 'Дэйл Мидкифф', 'deil-midkiff', '2024-04-15 05:15:38', '2024-04-15 05:15:38'),
(103, 'Дэйл Павински', 'deil-pavinski', '2024-04-15 05:15:38', '2024-04-15 05:15:38'),
(104, 'Дэймон Уайанс мл.', 'deimon-uaians-ml', '2024-04-15 05:15:38', '2024-04-15 05:15:38'),
(105, 'Дэкс Шепард', 'deks-separd', '2024-04-15 05:15:38', '2024-04-15 05:15:38'),
(106, 'Дэн Эйкройд', 'den-eikroid', '2024-04-15 05:15:38', '2024-04-15 05:15:38'),
(107, 'Дэниэл Калуя', 'deniel-kaluia', '2024-04-15 05:15:38', '2024-04-15 05:15:38'),
(108, 'Дэниэл Стерн', 'deniel-stern', '2024-04-15 05:15:38', '2024-04-15 05:15:38'),
(109, 'Дэнни Гловер', 'denni-glover', '2024-04-15 05:15:38', '2024-04-15 05:15:38'),
(110, 'Дэнни ДеВито', 'denni-devito', '2024-04-15 05:15:38', '2024-04-15 05:15:38'),
(111, 'Ентоні Андерсон', 'entoni-anderson', '2024-04-15 05:15:38', '2024-04-15 05:15:38'),
(112, 'Євгеній Кошовий', 'jevgenii-kosovii', '2024-04-15 05:15:38', '2024-04-15 05:15:38'),
(113, 'Жан Марэ', 'zan-mare', '2024-04-15 05:15:38', '2024-04-15 05:15:38'),
(114, 'Жан-Клод Ван Дамм', 'zan-klod-van-damm', '2024-04-15 05:15:38', '2024-04-15 05:15:38'),
(115, 'Зак Брафф', 'zak-braff', '2024-04-15 05:15:38', '2024-04-15 05:15:38'),
(116, 'Зак Галифианакис', 'zak-galifianakis', '2024-04-15 05:15:38', '2024-04-15 05:15:38'),
(117, 'Зак Эфрон', 'zak-efron', '2024-04-15 05:15:38', '2024-04-15 05:15:38'),
(118, 'Идрис Эльба', 'idris-elba', '2024-04-15 05:15:38', '2024-04-15 05:15:38'),
(119, 'Иксзибит', 'ikszibit', '2024-04-15 05:15:38', '2024-04-15 05:15:38'),
(120, 'Итэн Хоук', 'iten-xouk', '2024-04-15 05:15:38', '2024-04-15 05:15:38'),
(121, 'Карл Урбан', 'karl-urban', '2024-04-15 05:15:38', '2024-04-15 05:15:38'),
(122, 'Кевин Джеймс', 'kevin-dzeims', '2024-04-15 05:15:38', '2024-04-15 05:15:38'),
(123, 'Кевин Сорбо', 'kevin-sorbo', '2024-04-15 05:15:38', '2024-04-15 05:15:38'),
(124, 'Кевін Гарт', 'kevin-gart', '2024-04-15 05:15:38', '2024-04-15 05:15:38'),
(125, 'Кен Дженкинс', 'ken-dzenkins', '2024-04-15 05:15:38', '2024-04-15 05:15:38'),
(126, 'Кёртис Армстронг', 'kertis-armstrong', '2024-04-15 05:15:38', '2024-04-15 05:15:38'),
(127, 'Киану Ривз', 'kianu-rivz', '2024-04-15 05:15:38', '2024-04-15 05:15:38'),
(128, 'Кинен Айвори Уайанс', 'kinen-aivori-uaians', '2024-04-15 05:15:38', '2024-04-15 05:15:38'),
(129, 'Кирен Хатчинсон', 'kiren-xatcinson', '2024-04-15 05:15:38', '2024-04-15 05:15:38'),
(130, 'Кіран Калкін', 'kiran-kalkin', '2024-04-15 05:15:38', '2024-04-15 05:15:38'),
(131, 'Клайв Оуэн', 'klaiv-ouen', '2024-04-15 05:15:38', '2024-04-15 05:15:38'),
(132, 'Колин Фаррелл', 'kolin-farrell', '2024-04-15 05:15:38', '2024-04-15 05:15:38'),
(133, 'Крис Конрад', 'kris-konrad', '2024-04-15 05:15:38', '2024-04-15 05:15:38'),
(134, 'Крис Кэттэн', 'kris-ketten', '2024-04-15 05:15:38', '2024-04-15 05:15:38'),
(135, 'Крис Пайн', 'kris-pain', '2024-04-15 05:15:38', '2024-04-15 05:15:38'),
(136, 'Крис Рок', 'kris-rok', '2024-04-15 05:15:38', '2024-04-15 05:15:38'),
(137, 'Крис Такер', 'kris-taker', '2024-04-15 05:15:38', '2024-04-15 05:15:38'),
(138, 'Крис Хемсворт', 'kris-xemsvort', '2024-04-15 05:15:38', '2024-04-15 05:15:38'),
(139, 'Крис Эванс', 'kris-evans', '2024-04-15 05:15:38', '2024-04-15 05:15:38'),
(140, 'Криспин Гловер', 'krispin-glover', '2024-04-15 05:15:38', '2024-04-15 05:15:38'),
(141, 'Кристиан Бэйл', 'kristian-beil', '2024-04-15 05:15:38', '2024-04-15 05:15:38'),
(142, 'Кристоф Вальц', 'kristof-valc', '2024-04-15 05:15:38', '2024-04-15 05:15:38'),
(143, 'Кристофер Ламберт', 'kristofer-lambert', '2024-04-15 05:15:38', '2024-04-15 05:15:38'),
(144, 'Кристофер Ллойд', 'kristofer-lloid', '2024-04-15 05:15:38', '2024-04-15 05:15:38'),
(145, 'Кристофер Минц-Плассе', 'kristofer-minc-plasse', '2024-04-15 05:15:38', '2024-04-15 05:15:38'),
(146, 'Кэри Элвес', 'keri-elves', '2024-04-15 05:15:38', '2024-04-15 05:15:38'),
(147, 'Кэри-Хироюки Тагава', 'keri-xiroiuki-tagava', '2024-04-15 05:15:38', '2024-04-15 05:15:38'),
(148, 'Леслі Нільсен', 'lesli-nilsen', '2024-04-15 05:15:38', '2024-04-15 05:15:38'),
(149, 'Ли Тергесен', 'li-tergesen', '2024-04-15 05:15:38', '2024-04-15 05:15:38'),
(150, 'Лиам Нисон', 'liam-nison', '2024-04-15 05:15:38', '2024-04-15 05:15:38'),
(151, 'Лиам Хемсворт', 'liam-xemsvort', '2024-04-15 05:15:38', '2024-04-15 05:15:38'),
(152, 'Линда Хэмилтон', 'linda-xemilton', '2024-04-15 05:15:38', '2024-04-15 05:15:38'),
(153, 'Линден Эшби', 'linden-esbi', '2024-04-15 05:15:38', '2024-04-15 05:15:38'),
(154, 'Лієв Шрайбер', 'lijev-sraiber', '2024-04-15 05:15:38', '2024-04-15 05:15:38'),
(155, 'Лоренцо Ламас', 'lorenco-lamas', '2024-04-15 05:15:38', '2024-04-15 05:15:38'),
(156, 'Лоуренс Фишборн', 'lourens-fisborn', '2024-04-15 05:15:38', '2024-04-15 05:15:38'),
(157, 'Луи де Фюнес', 'lui-de-fiunes', '2024-04-15 05:15:39', '2024-04-15 05:15:39'),
(158, 'Люк Брейси', 'liuk-breisi', '2024-04-15 05:15:39', '2024-04-15 05:15:39'),
(159, 'Люк Уилсон', 'liuk-uilson', '2024-04-15 05:15:39', '2024-04-15 05:15:39'),
(160, 'Мадс Миккельсен', 'mads-mikkelsen', '2024-04-15 05:15:39', '2024-04-15 05:15:39'),
(161, 'Майк Маєрс', 'maik-majers', '2024-04-15 05:15:39', '2024-04-15 05:15:39'),
(162, 'Майкл Б. Джордан', 'maikl-b-dzordan', '2024-04-15 05:15:39', '2024-04-15 05:15:39'),
(163, 'Майкл Бин', 'maikl-bin', '2024-04-15 05:15:39', '2024-04-15 05:15:39'),
(164, 'Майкл Дж. Уайт', 'maikl-dz-uait', '2024-04-15 05:15:39', '2024-04-15 05:15:39'),
(165, 'Майкл Дж. Фокс', 'maikl-dz-foks', '2024-04-15 05:15:39', '2024-04-15 05:15:39'),
(166, 'Майкл Дуглас', 'maikl-duglas', '2024-04-15 05:15:39', '2024-04-15 05:15:39'),
(167, 'Майкл Китон', 'maikl-kiton', '2024-04-15 05:15:39', '2024-04-15 05:15:39'),
(168, 'Майкл МакМанус', 'maikl-makmanus', '2024-04-15 05:15:39', '2024-04-15 05:15:39'),
(169, 'Майкл Манассери', 'maikl-manasseri', '2024-04-15 05:15:39', '2024-04-15 05:15:39'),
(170, 'Майкл Сера', 'maikl-sera', '2024-04-15 05:15:39', '2024-04-15 05:15:39'),
(171, 'Майкл Фассбендер', 'maikl-fassbender', '2024-04-15 05:15:39', '2024-04-15 05:15:39'),
(172, 'Маколей Калкин', 'makolei-kalkin', '2024-04-15 05:15:39', '2024-04-15 05:15:39'),
(173, 'Макс Райт', 'maks-rait', '2024-04-15 05:15:39', '2024-04-15 05:15:39'),
(174, 'Малкольм МакДауэлл', 'malkolm-makdauell', '2024-04-15 05:15:39', '2024-04-15 05:15:39'),
(175, 'Марк Дакаскос', 'mark-dakaskos', '2024-04-15 05:15:39', '2024-04-15 05:15:39'),
(176, 'Марк Уолберг', 'mark-uolberg', '2024-04-15 05:15:39', '2024-04-15 05:15:39'),
(177, 'Марк Хэмилл', 'mark-xemill', '2024-04-15 05:15:39', '2024-04-15 05:15:39'),
(178, 'Марлон Веянс', 'marlon-veians', '2024-04-15 05:15:39', '2024-04-15 05:15:39'),
(179, 'Мартин Лоуренс', 'martin-lourens', '2024-04-15 05:15:39', '2024-04-15 05:15:39'),
(180, 'Мартин Фриман', 'martin-friman', '2024-04-15 05:15:39', '2024-04-15 05:15:39'),
(181, 'Мартін Шин', 'martin-sin', '2024-04-15 05:15:39', '2024-04-15 05:15:39'),
(182, 'Мелисса МакКарти', 'melissa-makkarti', '2024-04-15 05:15:39', '2024-04-15 05:15:39'),
(183, 'Микки Рурк', 'mikki-rurk', '2024-04-15 05:15:39', '2024-04-15 05:15:39'),
(184, 'Милла Йовович', 'milla-iovovic', '2024-04-15 05:15:39', '2024-04-15 05:15:39'),
(185, 'Морган Фримен', 'morgan-frimen', '2024-04-15 05:15:39', '2024-04-15 05:15:39'),
(186, 'Мэл Гибсон', 'mel-gibson', '2024-04-15 05:15:39', '2024-04-15 05:15:39'),
(187, 'Мэтт Дэймон', 'mett-deimon', '2024-04-15 05:15:39', '2024-04-15 05:15:39'),
(188, 'Мэтт ЛеБлан', 'mett-leblan', '2024-04-15 05:15:39', '2024-04-15 05:15:39'),
(189, 'Мэтт Шульц', 'mett-sulc', '2024-04-15 05:15:39', '2024-04-15 05:15:39'),
(190, 'Мэттью Лиллард', 'mettiu-lillard', '2024-04-15 05:15:39', '2024-04-15 05:15:39'),
(191, 'Мэттью МакКонахи', 'mettiu-makkonaxi', '2024-04-15 05:15:39', '2024-04-15 05:15:39'),
(192, 'Мэттью Перри', 'mettiu-perri', '2024-04-15 05:15:39', '2024-04-15 05:15:39'),
(193, 'Ник Нолти', 'nik-nolti', '2024-04-15 05:15:39', '2024-04-15 05:15:39'),
(194, 'Ник Стал', 'nik-stal', '2024-04-15 05:15:39', '2024-04-15 05:15:39'),
(195, 'Ник Фрост', 'nik-frost', '2024-04-15 05:15:39', '2024-04-15 05:15:39'),
(196, 'Николас Кейдж', 'nikolas-keidz', '2024-04-15 05:15:39', '2024-04-15 05:15:39'),
(197, 'Нил Патрик Харрис', 'nil-patrik-xarris', '2024-04-15 05:15:39', '2024-04-15 05:15:39'),
(198, 'Овайн Йомэн', 'ovain-iomen', '2024-04-15 05:15:39', '2024-04-15 05:15:39'),
(199, 'Олена Кравець', 'olena-kravec', '2024-04-15 05:15:39', '2024-04-15 05:15:39'),
(200, 'Орландо Блум', 'orlando-blum', '2024-04-15 05:15:39', '2024-04-15 05:15:39'),
(201, 'Оуэн Уилсон', 'ouen-uilson', '2024-04-15 05:15:39', '2024-04-15 05:15:39'),
(202, 'Патрик Уилсон', 'patrik-uilson', '2024-04-15 05:15:40', '2024-04-15 05:15:40'),
(203, 'Питер Уэллер', 'piter-ueller', '2024-04-15 05:15:40', '2024-04-15 05:15:40'),
(204, 'Пол Вокер', 'pol-voker', '2024-04-15 05:15:40', '2024-04-15 05:15:40'),
(205, 'Пол Радд', 'pol-radd', '2024-04-15 05:15:40', '2024-04-15 05:15:40'),
(206, 'Райан Гослинг', 'raian-gosling', '2024-04-15 05:15:40', '2024-04-15 05:15:40'),
(207, 'Расселл Брэнд', 'rassell-brend', '2024-04-15 05:15:40', '2024-04-15 05:15:40'),
(208, 'Расселл Кроу', 'rassell-krou', '2024-04-15 05:15:40', '2024-04-15 05:15:40'),
(209, 'Роб МакЭлхенни', 'rob-makelxenni', '2024-04-15 05:15:40', '2024-04-15 05:15:40'),
(210, 'Роб Шнайдер', 'rob-snaider', '2024-04-15 05:15:40', '2024-04-15 05:15:40'),
(211, 'Роберт Дауни мл.', 'robert-dauni-ml', '2024-04-15 05:15:40', '2024-04-15 05:15:40'),
(212, 'Роберт Де Ниро', 'robert-de-niro', '2024-04-15 05:15:40', '2024-04-15 05:15:40'),
(213, 'Робин Уильямс', 'robin-uiliams', '2024-04-15 05:15:40', '2024-04-15 05:15:40'),
(214, 'Робин Шоу', 'robin-sou', '2024-04-15 05:15:40', '2024-04-15 05:15:40'),
(215, 'Рон Перлман', 'ron-perlman', '2024-04-15 05:15:40', '2024-04-15 05:15:40'),
(216, 'Роуэн Аткинсон', 'rouen-atkinson', '2024-04-15 05:15:40', '2024-04-15 05:15:40'),
(217, 'Рутгер Хауэр', 'rutger-xauer', '2024-04-15 05:15:40', '2024-04-15 05:15:40'),
(218, 'Саймон Бэйкер', 'saimon-beiker', '2024-04-15 05:15:40', '2024-04-15 05:15:40'),
(219, 'Саймон Пегг', 'saimon-pegg', '2024-04-15 05:15:40', '2024-04-15 05:15:40'),
(220, 'Саймон Рекс', 'saimon-reks', '2024-04-15 05:15:40', '2024-04-15 05:15:40'),
(221, 'Сами Насери', 'sami-naseri', '2024-04-15 05:15:40', '2024-04-15 05:15:40'),
(222, 'Сильвестр Сталлоне', 'silvestr-stallone', '2024-04-15 05:15:40', '2024-04-15 05:15:40'),
(223, 'Синбад', 'sinbad', '2024-04-15 05:15:40', '2024-04-15 05:15:40'),
(224, 'Сирил Раффаэлли', 'siril-raffaelli', '2024-04-15 05:15:40', '2024-04-15 05:15:40'),
(225, 'Скотт Спидман', 'skott-spidman', '2024-04-15 05:15:40', '2024-04-15 05:15:40'),
(226, 'Снуп Догг', 'snup-dogg', '2024-04-15 05:15:40', '2024-04-15 05:15:40'),
(227, 'Степан Казанін', 'stepan-kazanin', '2024-04-15 05:15:40', '2024-04-15 05:15:40'),
(228, 'Стив Бушеми', 'stiv-busemi', '2024-04-15 05:15:40', '2024-04-15 05:15:40'),
(229, 'Стив Гуттенберг', 'stiv-guttenberg', '2024-04-15 05:15:40', '2024-04-15 05:15:40'),
(230, 'Стив Карелл', 'stiv-karell', '2024-04-15 05:15:40', '2024-04-15 05:15:40'),
(231, 'Стэн Кирш', 'sten-kirs', '2024-04-15 05:15:40', '2024-04-15 05:15:40'),
(232, 'Стэнли Туччи', 'stenli-tucci', '2024-04-15 05:15:40', '2024-04-15 05:15:40'),
(233, 'Сэм Уортингтон', 'sem-uortington', '2024-04-15 05:15:40', '2024-04-15 05:15:40'),
(234, 'Сэм Эллиотт', 'sem-elliott', '2024-04-15 05:15:40', '2024-04-15 05:15:40'),
(235, 'Сэмюэл Л. Джексон', 'semiuel-l-dzekson', '2024-04-15 05:15:40', '2024-04-15 05:15:40'),
(236, 'Тайриз Гибсон', 'tairiz-gibson', '2024-04-15 05:15:40', '2024-04-15 05:15:40'),
(237, 'Теренс Хілл', 'terens-xill', '2024-04-15 05:15:40', '2024-04-15 05:15:40'),
(238, 'Терри Крюс', 'terri-krius', '2024-04-15 05:15:40', '2024-04-15 05:15:40'),
(239, 'Тим Рот', 'tim-rot', '2024-04-15 05:15:40', '2024-04-15 05:15:40'),
(240, 'Тимоти Далтон', 'timoti-dalton', '2024-04-15 05:15:40', '2024-04-15 05:15:40'),
(241, 'Том Беренджер', 'tom-berendzer', '2024-04-15 05:15:40', '2024-04-15 05:15:40'),
(242, 'Том Круз', 'tom-kruz', '2024-04-15 05:15:40', '2024-04-15 05:15:40'),
(243, 'Том Селлек', 'tom-sellek', '2024-04-15 05:15:40', '2024-04-15 05:15:40'),
(244, 'Том Харди', 'tom-xardi', '2024-04-15 05:15:40', '2024-04-15 05:15:40'),
(245, 'Том Хэнкс', 'tom-xenks', '2024-04-15 05:15:40', '2024-04-15 05:15:40'),
(246, 'Томас Иэн Гриффит', 'tomas-ien-griffit', '2024-04-15 05:15:40', '2024-04-15 05:15:40'),
(247, 'Томми Ли Джонс', 'tommi-li-dzons', '2024-04-15 05:15:40', '2024-04-15 05:15:40'),
(248, 'Трэйси Морган', 'treisi-morgan', '2024-04-15 05:15:40', '2024-04-15 05:15:40'),
(249, 'Уилл Арнетт', 'uill-arnett', '2024-04-15 05:15:40', '2024-04-15 05:15:40'),
(250, 'Уилл Смит', 'uill-smit', '2024-04-15 05:15:40', '2024-04-15 05:15:40'),
(251, 'Уилл Феррелл', 'uill-ferrell', '2024-04-15 05:15:40', '2024-04-15 05:15:40'),
(252, 'Уэсли Снайпс', 'uesli-snaips', '2024-04-15 05:15:40', '2024-04-15 05:15:40'),
(253, 'Форест Уитакер', 'forest-uitaker', '2024-04-15 05:15:40', '2024-04-15 05:15:40'),
(254, 'Франк Гастамбид', 'frank-gastambid', '2024-04-15 05:15:40', '2024-04-15 05:15:40'),
(255, 'Фредерик Дифенталь', 'frederik-difental', '2024-04-15 05:15:40', '2024-04-15 05:15:40'),
(256, 'Харрисон Форд', 'xarrison-ford', '2024-04-15 05:15:40', '2024-04-15 05:15:40'),
(257, 'Хью Джекман', 'xiu-dzekman', '2024-04-15 05:15:40', '2024-04-15 05:15:40'),
(258, 'Хьюго Уивинг', 'xiugo-uiving', '2024-04-15 05:15:40', '2024-04-15 05:15:40'),
(259, 'Чак Норрис', 'cak-norris', '2024-04-15 05:15:40', '2024-04-15 05:15:40'),
(260, 'Чарли Дэй', 'carli-dei', '2024-04-15 05:15:40', '2024-04-15 05:15:40'),
(261, 'Чарли Шин', 'carli-sin', '2024-04-15 05:15:40', '2024-04-15 05:15:40'),
(262, 'Ченнинг Татум', 'cenning-tatum', '2024-04-15 05:15:40', '2024-04-15 05:15:40'),
(263, 'Честер Беннінгтон', 'cester-bennington', '2024-04-15 05:15:40', '2024-04-15 05:15:40'),
(264, 'Шайа ЛаБаф', 'saia-labaf', '2024-04-15 05:15:40', '2024-04-15 05:15:40'),
(265, 'Шемар Мур', 'semar-mur', '2024-04-15 05:15:40', '2024-04-15 05:15:40'),
(266, 'Шон «Пи Дидди» Комбс', 'son-pi-diddi-kombs', '2024-04-15 05:15:40', '2024-04-15 05:15:40'),
(267, 'Шон Бин', 'son-bin', '2024-04-15 05:15:40', '2024-04-15 05:15:40'),
(268, 'Шон Веянс', 'son-veians', '2024-04-15 05:15:40', '2024-04-15 05:15:40'),
(269, 'Шонн Уильям Скотт', 'sonn-uiliam-skott', '2024-04-15 05:15:41', '2024-04-15 05:15:41'),
(270, 'Эван МакГрегор', 'evan-makgregor', '2024-04-15 05:15:41', '2024-04-15 05:15:41'),
(271, 'Эдвард Нортон', 'edvard-norton', '2024-04-15 05:15:41', '2024-04-15 05:15:41'),
(272, 'Эдди Мёрфи', 'eddi-merfi', '2024-04-15 05:15:41', '2024-04-15 05:15:41'),
(273, 'Эдриан Пол', 'edrian-pol', '2024-04-15 05:15:41', '2024-04-15 05:15:41'),
(274, 'Элиас Котеас', 'elias-koteas', '2024-04-15 05:15:41', '2024-04-15 05:15:41'),
(275, 'Энди Гарсиа', 'endi-garsia', '2024-04-15 05:15:41', '2024-04-15 05:15:41'),
(276, 'Энтони Андерсон', 'entoni-anderson-1', '2024-04-15 05:15:41', '2024-04-15 05:15:41'),
(277, 'Энтони Хопкинс', 'entoni-xopkins', '2024-04-15 05:15:41', '2024-04-15 05:15:41'),
(278, 'Эрик Бана', 'erik-bana', '2024-04-15 05:15:41', '2024-04-15 05:15:41'),
(279, 'Эштон Кутчер', 'eston-kutcer', '2024-04-15 05:15:41', '2024-04-15 05:15:41'),
(280, 'Юджин Леви', 'iudzin-levi', '2024-04-15 05:15:41', '2024-04-15 05:15:41'),
(281, 'Юрій Крапов', 'iurii-krapov', '2024-04-15 05:15:41', '2024-04-15 05:15:41'),
(282, 'Ян-Майкл Винсент', 'ian-maikl-vinsent', '2024-04-15 05:15:41', '2024-04-15 05:15:41'),
(283, 'Невідомо', 'nevidomo', '2024-04-15 05:15:41', '2024-04-15 05:15:41'),
(284, 'Ніл Данкен', 'nil-danken', '2024-04-15 05:15:41', '2024-04-15 05:15:41'),
(285, 'Девід Ворнер', 'devid-vorner', '2024-04-15 05:15:41', '2024-04-15 05:15:41');

-- --------------------------------------------------------

--
-- Структура таблиці `actor_film`
--

CREATE TABLE `actor_film` (
  `id` int UNSIGNED NOT NULL,
  `actor_id` int UNSIGNED NOT NULL,
  `film_id` int UNSIGNED NOT NULL
) ENGINE=InnoDB DEFAULT CHARSET=utf8mb4 COLLATE=utf8mb4_unicode_ci;

--
-- Дамп даних таблиці `actor_film`
--

INSERT INTO `actor_film` (`id`, `actor_id`, `film_id`) VALUES
(1, 250, 14),
(2, 54, 14),
(3, 13, 14),
(4, 87, 15),
(5, 58, 15),
(6, 197, 15),
(7, 62, 16),
(8, 2, 16),
(9, 260, 17),
(10, 41, 17),
(11, 209, 17),
(12, 110, 17),
(13, 99, 17),
(14, 10, 18),
(15, 100, 19),
(16, 243, 20),
(17, 57, 21),
(18, 51, 21),
(19, 173, 22),
(20, 206, 23),
(21, 133, 23),
(22, 91, 23),
(23, 155, 24),
(24, 249, 25),
(25, 69, 26),
(26, 79, 26),
(27, 218, 27),
(28, 198, 27),
(29, 168, 28),
(30, 217, 28),
(31, 123, 29),
(32, 31, 30),
(33, 126, 30),
(34, 282, 31),
(35, 30, 32),
(36, 161, 33),
(37, 66, 33),
(38, 22, 34),
(39, 180, 34),
(40, 3, 35),
(41, 17, 36),
(42, 4, 36),
(43, 273, 37),
(44, 231, 37),
(45, 143, 37),
(46, 81, 38),
(47, 169, 39),
(48, 78, 39),
(49, 149, 39),
(50, 112, 40),
(51, 281, 40),
(52, 227, 40),
(53, 199, 40),
(54, 64, 41),
(55, 192, 41),
(56, 101, 41),
(57, 188, 41),
(58, 205, 41),
(59, 129, 42),
(60, 102, 43),
(61, 94, 44),
(62, 7, 44),
(63, 115, 45),
(64, 74, 45),
(65, 125, 45),
(66, 237, 46),
(67, 204, 47),
(68, 36, 47),
(69, 189, 47),
(70, 11, 48),
(71, 103, 48),
(72, 246, 49),
(73, 95, 49),
(74, 77, 49),
(75, 59, 50),
(76, 189, 50),
(77, 167, 51),
(78, 271, 51),
(79, 116, 51),
(80, 1, 52),
(81, 40, 52),
(82, 30, 52),
(83, 96, 53),
(84, 121, 53),
(85, 72, 54),
(86, 185, 54),
(87, 64, 54),
(88, 230, 54),
(89, 219, 55),
(90, 195, 55),
(91, 240, 55),
(92, 180, 55),
(93, 250, 56),
(94, 122, 56),
(95, 271, 57),
(96, 28, 57),
(97, 48, 57),
(98, 26, 58),
(99, 76, 58),
(100, 38, 59),
(101, 24, 60),
(102, 139, 61),
(103, 51, 61),
(104, 87, 61),
(105, 164, 62),
(106, 76, 62),
(107, 181, 62),
(108, 127, 63),
(109, 156, 63),
(110, 258, 63),
(111, 127, 64),
(112, 162, 64),
(113, 250, 65),
(114, 247, 65),
(115, 35, 65),
(116, 251, 66),
(117, 176, 66),
(118, 167, 66),
(119, 104, 66),
(120, 235, 66),
(121, 96, 66),
(122, 20, 67),
(123, 211, 67),
(124, 62, 67),
(125, 242, 67),
(126, 191, 67),
(127, 193, 67),
(128, 59, 68),
(129, 131, 68),
(130, 212, 68),
(131, 93, 68),
(132, 251, 69),
(133, 205, 69),
(134, 230, 69),
(135, 34, 69),
(136, 172, 70),
(137, 73, 70),
(138, 75, 70),
(139, 108, 70),
(140, 130, 70),
(141, 172, 71),
(142, 73, 71),
(143, 108, 71),
(144, 130, 71),
(145, 242, 72),
(146, 132, 72),
(147, 17, 73),
(148, 17, 74),
(149, 52, 74),
(150, 223, 74),
(151, 17, 75),
(152, 17, 76),
(153, 17, 77),
(154, 17, 78),
(155, 152, 78),
(156, 17, 79),
(157, 109, 80),
(158, 17, 81),
(159, 261, 82),
(160, 146, 82),
(161, 261, 83),
(162, 216, 83),
(163, 181, 83),
(164, 72, 84),
(165, 72, 85),
(166, 178, 86),
(167, 98, 86),
(168, 190, 86),
(169, 268, 87),
(170, 178, 87),
(171, 128, 87),
(172, 268, 88),
(173, 178, 88),
(174, 178, 89),
(175, 268, 89),
(176, 97, 89),
(177, 261, 90),
(178, 220, 90),
(179, 148, 90),
(180, 111, 90),
(181, 124, 90),
(182, 148, 91),
(183, 148, 92),
(184, 148, 93),
(185, 208, 94),
(186, 65, 95),
(187, 171, 95),
(188, 141, 96),
(189, 233, 96),
(190, 233, 97),
(191, 201, 98),
(192, 214, 99),
(193, 153, 99),
(194, 143, 99),
(195, 147, 99),
(196, 214, 100),
(197, 31, 101),
(198, 248, 101),
(199, 269, 101),
(200, 56, 102),
(201, 269, 102),
(202, 280, 102),
(203, 56, 103),
(204, 269, 103),
(205, 280, 103),
(206, 56, 104),
(207, 269, 104),
(208, 280, 104),
(209, 56, 105),
(210, 269, 105),
(211, 280, 105),
(212, 20, 106),
(213, 201, 106),
(214, 226, 106),
(215, 34, 106),
(216, 55, 106),
(217, 17, 107),
(218, 194, 107),
(219, 17, 108),
(220, 163, 108),
(221, 152, 108),
(222, 279, 109),
(223, 167, 110),
(224, 110, 110),
(225, 84, 111),
(226, 127, 112),
(227, 76, 112),
(228, 159, 113),
(229, 105, 113),
(230, 238, 113),
(231, 49, 113),
(232, 148, 114),
(233, 31, 115),
(234, 184, 115),
(235, 137, 115),
(236, 239, 116),
(237, 16, 116),
(238, 31, 116),
(239, 31, 117),
(240, 31, 118),
(241, 192, 118),
(242, 14, 118),
(243, 31, 119),
(244, 192, 119),
(245, 14, 119),
(246, 31, 120),
(247, 31, 121),
(248, 235, 121),
(249, 66, 121),
(250, 86, 122),
(251, 50, 122),
(252, 55, 123),
(253, 260, 123),
(254, 60, 123),
(255, 64, 123),
(256, 132, 123),
(257, 50, 123),
(258, 95, 123),
(259, 55, 124),
(260, 60, 124),
(261, 260, 124),
(262, 135, 124),
(263, 64, 124),
(264, 142, 124),
(265, 50, 124),
(266, 63, 125),
(267, 12, 126),
(268, 132, 126),
(269, 25, 127),
(270, 212, 127),
(271, 212, 128),
(272, 25, 128),
(273, 52, 129),
(274, 161, 130),
(275, 161, 131),
(276, 212, 132),
(277, 20, 132),
(278, 201, 132),
(279, 212, 133),
(280, 20, 133),
(281, 44, 133),
(282, 18, 133),
(283, 201, 133),
(284, 245, 134),
(285, 47, 134),
(286, 178, 134),
(287, 19, 135),
(288, 272, 136),
(289, 53, 137),
(290, 165, 137),
(291, 144, 137),
(292, 186, 138),
(293, 109, 138),
(294, 186, 139),
(295, 109, 139),
(296, 73, 139),
(297, 186, 140),
(298, 109, 140),
(299, 73, 140),
(300, 186, 141),
(301, 109, 141),
(302, 73, 141),
(303, 136, 141),
(304, 71, 141),
(305, 62, 142),
(306, 170, 142),
(307, 97, 142),
(308, 145, 142),
(309, 33, 142),
(310, 205, 142),
(311, 27, 143),
(312, 8, 144),
(313, 122, 144),
(314, 136, 144),
(315, 98, 144),
(316, 210, 144),
(317, 228, 144),
(318, 8, 145),
(319, 100, 145),
(320, 83, 145),
(321, 176, 146),
(322, 141, 146),
(323, 8, 147),
(324, 210, 147),
(325, 59, 148),
(326, 61, 148),
(327, 33, 148),
(328, 222, 149),
(329, 59, 149),
(330, 71, 149),
(331, 16, 149),
(332, 252, 149),
(333, 92, 149),
(334, 186, 149),
(335, 256, 149),
(336, 17, 149),
(337, 251, 150),
(338, 134, 150),
(339, 72, 151),
(340, 90, 151),
(341, 36, 152),
(342, 204, 152),
(343, 114, 153),
(344, 96, 154),
(345, 117, 154),
(346, 55, 155),
(347, 166, 156),
(348, 261, 156),
(349, 181, 156),
(350, 24, 157),
(351, 106, 157),
(352, 224, 158),
(353, 43, 158),
(354, 45, 159),
(355, 120, 159),
(356, 241, 159),
(357, 226, 159),
(358, 217, 160),
(359, 284, 160),
(360, 45, 161),
(361, 174, 161),
(362, 222, 162),
(363, 17, 162),
(364, 33, 162),
(365, 35, 162),
(366, 39, 163),
(367, 90, 164),
(368, 271, 164),
(369, 17, 165),
(370, 196, 166),
(371, 234, 166),
(372, 143, 167),
(373, 202, 168),
(374, 277, 169),
(375, 114, 170),
(376, 210, 170),
(377, 114, 171),
(378, 83, 172),
(379, 262, 172),
(380, 9, 172),
(381, 141, 173),
(382, 191, 173),
(383, 65, 173),
(384, 83, 174),
(385, 207, 174),
(386, 266, 174),
(387, 31, 175),
(388, 131, 175),
(389, 183, 175),
(390, 23, 175),
(391, 217, 175),
(392, 88, 175),
(393, 59, 176),
(394, 21, 176),
(395, 95, 176),
(396, 250, 177),
(397, 80, 178),
(398, 179, 178),
(399, 204, 179),
(400, 56, 179),
(401, 237, 180),
(402, 141, 181),
(403, 150, 181),
(404, 217, 181),
(405, 185, 181),
(406, 158, 182),
(407, 140, 182),
(408, 175, 182),
(409, 213, 183),
(410, 44, 183),
(411, 69, 184),
(412, 276, 184),
(413, 80, 185),
(414, 32, 185),
(415, 253, 185),
(416, 59, 186),
(417, 236, 186),
(418, 214, 186),
(419, 59, 187),
(420, 28, 187),
(421, 23, 187),
(422, 33, 187),
(423, 61, 187),
(424, 90, 188),
(425, 15, 188),
(426, 182, 189),
(427, 59, 189),
(428, 90, 189),
(429, 85, 190),
(430, 176, 190),
(431, 72, 191),
(432, 146, 191),
(433, 244, 192),
(434, 37, 192),
(435, 37, 193),
(436, 70, 193),
(437, 24, 193),
(438, 107, 194),
(439, 72, 195),
(440, 166, 196),
(441, 110, 196),
(442, 222, 197),
(443, 252, 197),
(444, 82, 198),
(445, 76, 198),
(446, 44, 198),
(447, 211, 198),
(448, 85, 199),
(449, 28, 199),
(450, 187, 199),
(451, 275, 199),
(452, 208, 200),
(453, 229, 201),
(454, 59, 202),
(455, 41, 202),
(456, 263, 202),
(457, 59, 203),
(458, 41, 203),
(459, 263, 203),
(460, 222, 204),
(461, 59, 204),
(462, 71, 204),
(463, 92, 204),
(464, 238, 204),
(465, 183, 204),
(466, 222, 205),
(467, 59, 205),
(468, 114, 205),
(469, 92, 205),
(470, 238, 205),
(471, 31, 205),
(472, 71, 205),
(473, 17, 205),
(474, 259, 205),
(475, 135, 206),
(476, 278, 206),
(477, 121, 206),
(478, 219, 206),
(479, 135, 207),
(480, 121, 207),
(481, 22, 207),
(482, 219, 207),
(483, 203, 207),
(484, 135, 208),
(485, 219, 208),
(486, 121, 208),
(487, 118, 208),
(488, 113, 209),
(489, 157, 209),
(490, 113, 210),
(491, 157, 210),
(492, 113, 211),
(493, 157, 211),
(494, 139, 212),
(495, 258, 212),
(496, 247, 212),
(497, 232, 212),
(498, 211, 213),
(499, 1, 213),
(500, 278, 214),
(501, 234, 214),
(502, 86, 214),
(503, 193, 214),
(504, 138, 215),
(505, 277, 215),
(506, 118, 215),
(507, 127, 216),
(508, 92, 216),
(509, 29, 217),
(510, 212, 217),
(511, 150, 218),
(512, 29, 218),
(513, 202, 218),
(514, 177, 219),
(515, 256, 219),
(516, 177, 220),
(517, 256, 220),
(518, 177, 221),
(519, 256, 221),
(520, 150, 222),
(521, 270, 222),
(522, 270, 223),
(523, 235, 223),
(524, 270, 224),
(525, 235, 224),
(526, 10, 225),
(527, 160, 225),
(528, 253, 225),
(529, 127, 226),
(530, 264, 226),
(531, 42, 226),
(532, 221, 227),
(533, 255, 227),
(534, 221, 228),
(535, 255, 228),
(536, 221, 229),
(537, 255, 229),
(538, 222, 229),
(539, 221, 230),
(540, 255, 230),
(541, 254, 231),
(542, 120, 232),
(543, 156, 232),
(544, 76, 232),
(545, 229, 233),
(546, 229, 234),
(547, 229, 235),
(548, 229, 236),
(549, 6, 237),
(550, 6, 238),
(551, 215, 239),
(552, 222, 240),
(553, 165, 241),
(554, 144, 241),
(555, 140, 241),
(556, 165, 242),
(557, 144, 242),
(558, 165, 243),
(559, 144, 243),
(560, 28, 244),
(561, 278, 244),
(562, 200, 244),
(563, 267, 244),
(564, 40, 244),
(565, 198, 244),
(566, 279, 245),
(567, 47, 245),
(568, 235, 246),
(569, 132, 246),
(570, 67, 246),
(571, 36, 247),
(572, 235, 247),
(573, 9, 248),
(574, 235, 248),
(575, 225, 248),
(576, 119, 248),
(577, 36, 249),
(578, 235, 249),
(579, 5, 250),
(580, 51, 250),
(581, 89, 251),
(582, 244, 251),
(583, 193, 251),
(584, 265, 252),
(585, 274, 253),
(586, 285, 254),
(587, 274, 255),
(588, 272, 256),
(589, 65, 257),
(590, 257, 257),
(591, 145, 257),
(592, 269, 257),
(593, 49, 257),
(594, 60, 257),
(595, 130, 257),
(596, 154, 257),
(597, 68, 257),
(598, 46, 257);

-- --------------------------------------------------------

--
-- Структура таблиці `ages`
--

CREATE TABLE `ages` (
  `id` int UNSIGNED NOT NULL,
  `title` varchar(255) COLLATE utf8mb4_unicode_ci DEFAULT NULL,
  `slug` varchar(255) COLLATE utf8mb4_unicode_ci DEFAULT NULL,
  `created_at` timestamp NULL DEFAULT NULL,
  `updated_at` timestamp NULL DEFAULT NULL
) ENGINE=InnoDB DEFAULT CHARSET=utf8mb4 COLLATE=utf8mb4_unicode_ci;

--
-- Дамп даних таблиці `ages`
--

INSERT INTO `ages` (`id`, `title`, `slug`, `created_at`, `updated_at`) VALUES
(1, '18+', '18', '2024-04-15 05:15:41', '2024-04-15 05:15:41'),
(2, '16+', '16', '2024-04-15 05:15:41', '2024-04-15 05:15:41'),
(3, '14+', '14', '2024-04-15 05:15:41', '2024-04-15 05:15:41'),
(4, '12+', '12', '2024-04-15 05:15:41', '2024-04-15 05:15:41'),
(5, '6+', '6', '2024-04-15 05:15:41', '2024-04-15 05:15:41'),
(6, '3+', '3', '2024-04-15 05:15:41', '2024-04-15 05:15:41'),
(7, '0+', '0', '2024-04-15 05:15:41', '2024-04-15 05:15:41'),
(8, 'R', 'r', '2024-04-15 05:15:41', '2024-04-15 05:15:41'),
(9, 'TV-14', 'tv-14', '2024-04-15 05:15:41', '2024-04-15 05:15:41'),
(10, 'TV-MA', 'tv-ma', '2024-04-15 05:15:41', '2024-04-15 05:15:41'),
(11, 'TV-PG', 'tv-pg', '2024-04-15 05:15:41', '2024-04-15 05:15:41'),
(12, 'TV-G', 'tv-g', '2024-04-15 05:15:41', '2024-04-15 05:15:41'),
(13, 'PG', 'pg', '2024-04-15 05:15:41', '2024-04-15 05:15:41'),
(14, 'Невідомо', 'nevidomo', '2024-04-15 05:15:41', '2024-04-15 05:15:41');

-- --------------------------------------------------------

--
-- Структура таблиці `captions`
--

CREATE TABLE `captions` (
  `id` int UNSIGNED NOT NULL,
  `title` varchar(255) COLLATE utf8mb4_unicode_ci NOT NULL,
  `slug` varchar(255) COLLATE utf8mb4_unicode_ci NOT NULL,
  `created_at` timestamp NULL DEFAULT NULL,
  `updated_at` timestamp NULL DEFAULT NULL
) ENGINE=InnoDB DEFAULT CHARSET=utf8mb4 COLLATE=utf8mb4_unicode_ci;

--
-- Дамп даних таблиці `captions`
--

INSERT INTO `captions` (`id`, `title`, `slug`, `created_at`, `updated_at`) VALUES
(1, 'Англійські', 'angliiski', '2024-04-15 05:15:41', '2024-04-15 05:15:41'),
(2, 'Українські', 'ukrayinski', '2024-04-15 05:15:41', '2024-04-15 05:15:41'),
(3, 'Російські', 'rosiiski', '2024-04-15 05:15:41', '2024-04-15 05:15:41'),
(4, 'Ютуб', 'iutub', '2024-04-15 05:15:41', '2024-04-15 05:15:41'),
(5, 'Немає', 'nemaje', '2024-04-15 05:15:41', '2024-04-15 05:15:41');

-- --------------------------------------------------------

--
-- Структура таблиці `caption_film`
--

CREATE TABLE `caption_film` (
  `id` int UNSIGNED NOT NULL,
  `caption_id` int UNSIGNED NOT NULL,
  `film_id` int UNSIGNED NOT NULL
) ENGINE=InnoDB DEFAULT CHARSET=utf8mb4 COLLATE=utf8mb4_unicode_ci;

--
-- Дамп даних таблиці `caption_film`
--

INSERT INTO `caption_film` (`id`, `caption_id`, `film_id`) VALUES
(1, 4, 1),
(2, 4, 2),
(3, 1, 3),
(4, 3, 3),
(5, 4, 4),
(6, 1, 5),
(7, 3, 5),
(8, 1, 6),
(9, 4, 7),
(10, 4, 8),
(11, 4, 9),
(12, 4, 10),
(13, 4, 11),
(14, 4, 12),
(15, 4, 13),
(16, 1, 14),
(17, 2, 14),
(18, 3, 14),
(19, 1, 15),
(20, 3, 15),
(21, 1, 16),
(22, 3, 16),
(23, 1, 17),
(24, 3, 17),
(25, 1, 18),
(26, 3, 18),
(27, 5, 19),
(28, 3, 20),
(29, 1, 21),
(30, 1, 22),
(31, 3, 22),
(32, 5, 23),
(33, 5, 24),
(34, 1, 25),
(35, 2, 25),
(36, 3, 25),
(37, 5, 26),
(38, 1, 27),
(39, 3, 27),
(40, 5, 28),
(41, 5, 29),
(42, 1, 30),
(43, 3, 30),
(44, 3, 31),
(45, 1, 32),
(46, 3, 32),
(47, 1, 33),
(48, 2, 33),
(49, 3, 33),
(50, 1, 34),
(51, 3, 34),
(52, 1, 35),
(53, 1, 36),
(54, 3, 36),
(55, 5, 37),
(56, 1, 38),
(57, 3, 38),
(58, 5, 39),
(59, 4, 40),
(60, 1, 41),
(61, 2, 41),
(62, 3, 41),
(63, 1, 42),
(64, 5, 43),
(65, 1, 44),
(66, 1, 45),
(67, 3, 45),
(68, 4, 46),
(69, 1, 47),
(70, 3, 47),
(71, 1, 48),
(72, 5, 49),
(73, 1, 50),
(74, 3, 50),
(75, 1, 51),
(76, 2, 51),
(77, 3, 51),
(78, 1, 52),
(79, 3, 52),
(80, 1, 53),
(81, 3, 53),
(82, 1, 54),
(83, 3, 54),
(84, 1, 55),
(85, 3, 55),
(86, 1, 56),
(87, 3, 56),
(88, 1, 57),
(89, 2, 57),
(90, 3, 57),
(91, 1, 58),
(92, 3, 58),
(93, 5, 59),
(94, 1, 60),
(95, 2, 60),
(96, 3, 60),
(97, 1, 61),
(98, 3, 61),
(99, 1, 62),
(100, 3, 62),
(101, 1, 63),
(102, 2, 63),
(103, 3, 63),
(104, 1, 64),
(105, 3, 64),
(106, 1, 65),
(107, 2, 65),
(108, 3, 65),
(109, 1, 66),
(110, 2, 66),
(111, 3, 66),
(112, 1, 67),
(113, 2, 67),
(114, 3, 67),
(115, 1, 68),
(116, 3, 68),
(117, 1, 69),
(118, 3, 69),
(119, 1, 70),
(120, 2, 70),
(121, 3, 70),
(122, 1, 71),
(123, 3, 71),
(124, 1, 72),
(125, 2, 72),
(126, 3, 72),
(127, 1, 73),
(128, 3, 73),
(129, 1, 74),
(130, 3, 74),
(131, 1, 75),
(132, 3, 75),
(133, 1, 76),
(134, 3, 76),
(135, 1, 77),
(136, 2, 77),
(137, 3, 77),
(138, 1, 78),
(139, 2, 78),
(140, 3, 78),
(141, 1, 79),
(142, 2, 79),
(143, 3, 79),
(144, 1, 80),
(145, 3, 80),
(146, 1, 81),
(147, 2, 81),
(148, 3, 81),
(149, 1, 82),
(150, 2, 82),
(151, 3, 82),
(152, 1, 83),
(153, 2, 83),
(154, 3, 83),
(155, 1, 84),
(156, 3, 84),
(157, 1, 85),
(158, 3, 85),
(159, 1, 86),
(160, 2, 86),
(161, 3, 86),
(162, 1, 87),
(163, 3, 87),
(164, 1, 88),
(165, 3, 88),
(166, 1, 89),
(167, 3, 89),
(168, 1, 90),
(169, 3, 90),
(170, 1, 91),
(171, 3, 91),
(172, 1, 92),
(173, 3, 92),
(174, 1, 93),
(175, 3, 93),
(176, 1, 94),
(177, 2, 94),
(178, 3, 94),
(179, 1, 95),
(180, 2, 95),
(181, 3, 95),
(182, 1, 96),
(183, 2, 96),
(184, 3, 96),
(185, 1, 97),
(186, 2, 97),
(187, 3, 97),
(188, 1, 98),
(189, 3, 98),
(190, 1, 99),
(191, 3, 99),
(192, 1, 100),
(193, 3, 100),
(194, 1, 101),
(195, 3, 101),
(196, 1, 102),
(197, 3, 102),
(198, 1, 103),
(199, 3, 103),
(200, 5, 104),
(201, 1, 105),
(202, 3, 105),
(203, 1, 106),
(204, 3, 106),
(205, 1, 107),
(206, 3, 107),
(207, 1, 108),
(208, 2, 108),
(209, 3, 108),
(210, 1, 109),
(211, 2, 109),
(212, 3, 109),
(213, 1, 110),
(214, 2, 110),
(215, 3, 110),
(216, 1, 111),
(217, 3, 111),
(218, 1, 112),
(219, 2, 112),
(220, 3, 112),
(221, 1, 113),
(222, 3, 113),
(223, 1, 114),
(224, 3, 114),
(225, 1, 115),
(226, 2, 115),
(227, 3, 115),
(228, 1, 116),
(229, 3, 116),
(230, 1, 117),
(231, 2, 117),
(232, 3, 117),
(233, 1, 118),
(234, 3, 118),
(235, 1, 119),
(236, 3, 119),
(237, 1, 120),
(238, 2, 120),
(239, 3, 120),
(240, 1, 121),
(241, 2, 121),
(242, 3, 121),
(243, 1, 122),
(244, 3, 122),
(245, 1, 123),
(246, 2, 123),
(247, 3, 123),
(248, 1, 124),
(249, 3, 124),
(250, 1, 125),
(251, 2, 125),
(252, 3, 125),
(253, 1, 126),
(254, 3, 126),
(255, 1, 127),
(256, 3, 127),
(257, 1, 128),
(258, 3, 128),
(259, 1, 129),
(260, 3, 129),
(261, 1, 130),
(262, 3, 130),
(263, 1, 131),
(264, 3, 131),
(265, 1, 132),
(266, 2, 132),
(267, 3, 132),
(268, 1, 133),
(269, 2, 133),
(270, 3, 133),
(271, 1, 134),
(272, 3, 134),
(273, 1, 135),
(274, 2, 135),
(275, 3, 135),
(276, 1, 136),
(277, 3, 136),
(278, 1, 137),
(279, 3, 137),
(280, 1, 138),
(281, 3, 138),
(282, 1, 139),
(283, 3, 139),
(284, 1, 140),
(285, 3, 140),
(286, 1, 141),
(287, 3, 141),
(288, 1, 142),
(289, 2, 142),
(290, 1, 143),
(291, 3, 143),
(292, 1, 144),
(293, 3, 144),
(294, 1, 145),
(295, 2, 145),
(296, 3, 145),
(297, 1, 146),
(298, 2, 146),
(299, 3, 146),
(300, 1, 147),
(301, 2, 147),
(302, 3, 147),
(303, 1, 148),
(304, 3, 148),
(305, 1, 149),
(306, 3, 149),
(307, 1, 150),
(308, 3, 150),
(309, 1, 151),
(310, 3, 151),
(311, 1, 152),
(312, 3, 152),
(313, 1, 153),
(314, 3, 153),
(315, 1, 154),
(316, 2, 154),
(317, 3, 154),
(318, 1, 155),
(319, 2, 155),
(320, 3, 155),
(321, 1, 156),
(322, 3, 156),
(323, 1, 157),
(324, 2, 157),
(325, 3, 157),
(326, 1, 158),
(327, 3, 158),
(328, 1, 159),
(329, 2, 159),
(330, 3, 159),
(331, 1, 160),
(332, 3, 160),
(333, 1, 161),
(334, 3, 161),
(335, 1, 162),
(336, 3, 162),
(337, 1, 163),
(338, 2, 163),
(339, 3, 163),
(340, 1, 164),
(341, 2, 164),
(342, 3, 164),
(343, 1, 165),
(344, 2, 165),
(345, 3, 165),
(346, 1, 166),
(347, 2, 166),
(348, 3, 166),
(349, 1, 167),
(350, 3, 167),
(351, 1, 168),
(352, 2, 168),
(353, 3, 168),
(354, 1, 169),
(355, 3, 169),
(356, 1, 170),
(357, 3, 170),
(358, 1, 171),
(359, 2, 171),
(360, 3, 171),
(361, 1, 172),
(362, 2, 172),
(363, 3, 172),
(364, 1, 173),
(365, 3, 173),
(366, 1, 174),
(367, 3, 174),
(368, 1, 175),
(369, 2, 175),
(370, 3, 175),
(371, 1, 176),
(372, 3, 176),
(373, 1, 177),
(374, 2, 177),
(375, 3, 177),
(376, 1, 178),
(377, 3, 178),
(378, 1, 179),
(379, 3, 179),
(380, 5, 180),
(381, 1, 181),
(382, 3, 181),
(383, 1, 182),
(384, 2, 182),
(385, 1, 183),
(386, 3, 183),
(387, 1, 184),
(388, 2, 184),
(389, 3, 184),
(390, 1, 185),
(391, 3, 185),
(392, 1, 186),
(393, 2, 186),
(394, 3, 186),
(395, 1, 187),
(396, 2, 187),
(397, 3, 187),
(398, 1, 188),
(399, 3, 188),
(400, 1, 189),
(401, 2, 189),
(402, 3, 189),
(403, 1, 190),
(404, 3, 190),
(405, 1, 191),
(406, 2, 191),
(407, 3, 191),
(408, 1, 192),
(409, 2, 192),
(410, 3, 192),
(411, 1, 193),
(412, 2, 193),
(413, 3, 193),
(414, 1, 194),
(415, 3, 194),
(416, 1, 195),
(417, 2, 195),
(418, 3, 195),
(419, 1, 196),
(420, 2, 196),
(421, 3, 196),
(422, 1, 197),
(423, 3, 197),
(424, 1, 198),
(425, 3, 198),
(426, 1, 199),
(427, 2, 199),
(428, 3, 199),
(429, 1, 200),
(430, 2, 200),
(431, 3, 200),
(432, 1, 201),
(433, 3, 201),
(434, 1, 202),
(435, 3, 202),
(436, 1, 203),
(437, 2, 203),
(438, 3, 203),
(439, 1, 204),
(440, 2, 204),
(441, 3, 204),
(442, 1, 205),
(443, 3, 205),
(444, 1, 206),
(445, 2, 206),
(446, 3, 206),
(447, 1, 207),
(448, 2, 207),
(449, 3, 207),
(450, 1, 208),
(451, 2, 208),
(452, 3, 208),
(453, 1, 209),
(454, 3, 209),
(455, 1, 210),
(456, 3, 210),
(457, 1, 211),
(458, 3, 211),
(459, 1, 212),
(460, 2, 212),
(461, 3, 212),
(462, 1, 213),
(463, 2, 213),
(464, 3, 213),
(465, 1, 214),
(466, 2, 214),
(467, 3, 214),
(468, 1, 215),
(469, 2, 215),
(470, 3, 215),
(471, 1, 216),
(472, 3, 216),
(473, 1, 217),
(474, 2, 217),
(475, 3, 217),
(476, 1, 218),
(477, 3, 218),
(478, 1, 219),
(479, 2, 219),
(480, 3, 219),
(481, 1, 220),
(482, 2, 220),
(483, 3, 220),
(484, 1, 221),
(485, 2, 221),
(486, 3, 221),
(487, 1, 222),
(488, 2, 222),
(489, 3, 222),
(490, 1, 223),
(491, 2, 223),
(492, 3, 223),
(493, 1, 224),
(494, 2, 224),
(495, 3, 224),
(496, 1, 225),
(497, 2, 225),
(498, 3, 225),
(499, 1, 226),
(500, 3, 226),
(501, 1, 227),
(502, 3, 227),
(503, 1, 228),
(504, 3, 228),
(505, 1, 229),
(506, 3, 229),
(507, 1, 230),
(508, 3, 230),
(509, 1, 231),
(510, 1, 232),
(511, 3, 232),
(512, 1, 233),
(513, 3, 233),
(514, 1, 234),
(515, 3, 234),
(516, 1, 235),
(517, 1, 236),
(518, 1, 237),
(519, 1, 238),
(520, 1, 239),
(521, 3, 239),
(522, 1, 240),
(523, 3, 240),
(524, 1, 241),
(525, 2, 241),
(526, 3, 241),
(527, 1, 242),
(528, 2, 242),
(529, 3, 242),
(530, 1, 243),
(531, 2, 243),
(532, 3, 243),
(533, 1, 244),
(534, 2, 244),
(535, 3, 244),
(536, 1, 245),
(537, 1, 246),
(538, 3, 246),
(539, 1, 247),
(540, 3, 247),
(541, 1, 248),
(542, 3, 248),
(543, 1, 249),
(544, 2, 249),
(545, 3, 249),
(546, 1, 250),
(547, 3, 250),
(548, 1, 251),
(549, 3, 251),
(550, 1, 252),
(551, 1, 253),
(552, 3, 253),
(553, 1, 254),
(554, 3, 254),
(555, 1, 255),
(556, 3, 255),
(557, 1, 256),
(558, 3, 256),
(559, 1, 257),
(560, 3, 257),
(561, 5, 258),
(562, 4, 259),
(563, 5, 260),
(564, 4, 261),
(565, 1, 262),
(566, 3, 262),
(567, 1, 263),
(568, 3, 263),
(569, 1, 264),
(570, 3, 264),
(571, 1, 265),
(572, 3, 265);

-- --------------------------------------------------------

--
-- Структура таблиці `categories`
--

CREATE TABLE `categories` (
  `id` int UNSIGNED NOT NULL,
  `title` varchar(255) COLLATE utf8mb4_unicode_ci NOT NULL,
  `slug` varchar(255) COLLATE utf8mb4_unicode_ci NOT NULL,
  `created_at` timestamp NULL DEFAULT NULL,
  `updated_at` timestamp NULL DEFAULT NULL
) ENGINE=InnoDB DEFAULT CHARSET=utf8mb4 COLLATE=utf8mb4_unicode_ci;

--
-- Дамп даних таблиці `categories`
--

INSERT INTO `categories` (`id`, `title`, `slug`, `created_at`, `updated_at`) VALUES
(1, 'Фільми', 'filmi', '2024-04-15 05:15:36', '2024-04-15 05:15:36'),
(2, 'Серіали', 'seriali', '2024-04-15 05:15:36', '2024-04-15 05:15:36'),
(3, 'Мультсеріали', 'multseriali', '2024-04-15 05:15:36', '2024-04-15 05:15:36'),
(4, 'Мультики', 'multiki', '2024-04-15 05:15:36', '2024-04-15 05:15:36');

-- --------------------------------------------------------

--
-- Структура таблиці `companies`
--

CREATE TABLE `companies` (
  `id` int UNSIGNED NOT NULL,
  `title` varchar(255) COLLATE utf8mb4_unicode_ci NOT NULL,
  `slug` varchar(255) COLLATE utf8mb4_unicode_ci NOT NULL,
  `created_at` timestamp NULL DEFAULT NULL,
  `updated_at` timestamp NULL DEFAULT NULL
) ENGINE=InnoDB DEFAULT CHARSET=utf8mb4 COLLATE=utf8mb4_unicode_ci;

--
-- Дамп даних таблиці `companies`
--

INSERT INTO `companies` (`id`, `title`, `slug`, `created_at`, `updated_at`) VALUES
(1, '1492 Pictures', '1492-pictures', '2024-04-15 05:15:41', '2024-04-15 05:15:41'),
(2, '20th Century Fox', '20th-century-fox', '2024-04-15 05:15:41', '2024-04-15 05:15:41'),
(3, '3 Arts Entertainment', '3-arts-entertainment', '2024-04-15 05:15:41', '2024-04-15 05:15:41'),
(4, '3 in the Box', '3-in-the-box', '2024-04-15 05:15:41', '2024-04-15 05:15:41'),
(5, '5150 Action', '5150-action', '2024-04-15 05:15:41', '2024-04-15 05:15:41'),
(6, '87Eleven', '87eleven', '2024-04-15 05:15:41', '2024-04-15 05:15:41'),
(7, 'A Band Apart', 'a-band-apart', '2024-04-15 05:15:41', '2024-04-15 05:15:41'),
(8, 'AAC Kids', 'aac-kids', '2024-04-15 05:15:41', '2024-04-15 05:15:41'),
(9, 'ABC', 'abc', '2024-04-15 05:15:41', '2024-04-15 05:15:41'),
(10, 'Abominable Pictures', 'abominable-pictures', '2024-04-15 05:15:41', '2024-04-15 05:15:41'),
(11, 'AFG Talons Productions', 'afg-talons-productions', '2024-04-15 05:15:41', '2024-04-15 05:15:41'),
(12, 'Aggregate Films', 'aggregate-films', '2024-04-15 05:15:41', '2024-04-15 05:15:41'),
(13, 'Alcon Entertainment', 'alcon-entertainment', '2024-04-15 05:15:41', '2024-04-15 05:15:41'),
(14, 'Aldamisa Entertainment', 'aldamisa-entertainment', '2024-04-15 05:15:41', '2024-04-15 05:15:41'),
(15, 'Alien Productions', 'alien-productions', '2024-04-15 05:15:41', '2024-04-15 05:15:41'),
(16, 'Alliance Communications Corporation', 'alliance-communications-corporation', '2024-04-15 05:15:41', '2024-04-15 05:15:41'),
(17, 'Allied Filmmakers', 'allied-filmmakers', '2024-04-15 05:15:41', '2024-04-15 05:15:41'),
(18, 'Allison Shearmur Productions', 'allison-shearmur-productions', '2024-04-15 05:15:41', '2024-04-15 05:15:41'),
(19, 'Ambience Entertainment', 'ambience-entertainment', '2024-04-15 05:15:41', '2024-04-15 05:15:41'),
(20, 'Amblin', 'amblin', '2024-04-15 05:15:41', '2024-04-15 05:15:41'),
(21, 'Amercent Films', 'amercent-films', '2024-04-15 05:15:41', '2024-04-15 05:15:41'),
(22, 'American Empirical Pictures', 'american-empirical-pictures', '2024-04-15 05:15:41', '2024-04-15 05:15:41'),
(23, 'American Entertainment Partners L.P.', 'american-entertainment-partners-lp', '2024-04-15 05:15:41', '2024-04-15 05:15:41'),
(24, 'Amigos de Garcia Productions', 'amigos-de-garcia-productions', '2024-04-15 05:15:42', '2024-04-15 05:15:42'),
(25, 'Anabasis N.V.', 'anabasis-nv', '2024-04-15 05:15:42', '2024-04-15 05:15:42'),
(26, 'Andrzej Bartkowiak Films', 'andrzej-bartkowiak-films', '2024-04-15 05:15:42', '2024-04-15 05:15:42'),
(27, 'Apatow Productions', 'apatow-productions', '2024-04-15 05:15:42', '2024-04-15 05:15:42'),
(28, 'Apipoulai', 'apipoulai', '2024-04-15 05:15:42', '2024-04-15 05:15:42'),
(29, 'ARP Selection', 'arp-selection', '2024-04-15 05:15:42', '2024-04-15 05:15:42'),
(30, 'Artistes Associés', 'artistes-associes', '2024-04-15 05:15:42', '2024-04-15 05:15:42'),
(31, 'Artists First', 'artists-first', '2024-04-15 05:15:42', '2024-04-15 05:15:42'),
(32, 'AR-TL', 'ar-tl', '2024-04-15 05:15:42', '2024-04-15 05:15:42'),
(33, 'Astral Programming Enterprises', 'astral-programming-enterprises', '2024-04-15 05:15:42', '2024-04-15 05:15:42'),
(34, 'Atman Entertainment', 'atman-entertainment', '2024-04-15 05:15:42', '2024-04-15 05:15:42'),
(35, 'Atmosphere Entertainment MM', 'atmosphere-entertainment-mm', '2024-04-15 05:15:42', '2024-04-15 05:15:42'),
(36, 'Avary', 'avary', '2024-04-15 05:15:42', '2024-04-15 05:15:42'),
(37, 'Avi Arad Productions', 'avi-arad-productions', '2024-04-15 05:15:42', '2024-04-15 05:15:42'),
(38, 'Babylonian Productions', 'babylonian-productions', '2024-04-15 05:15:42', '2024-04-15 05:15:42'),
(39, 'Bad Robot', 'bad-robot', '2024-04-15 05:15:42', '2024-04-15 05:15:42'),
(40, 'Balcor Film Investors', 'balcor-film-investors', '2024-04-15 05:15:42', '2024-04-15 05:15:42'),
(41, 'Baltimore Pictures', 'baltimore-pictures', '2024-04-15 05:15:42', '2024-04-15 05:15:42'),
(42, 'Baltimore Spring Creek Productions', 'baltimore-spring-creek-productions', '2024-04-15 05:15:42', '2024-04-15 05:15:42'),
(43, 'Battlefield Productions LLC', 'battlefield-productions-llc', '2024-04-15 05:15:42', '2024-04-15 05:15:42'),
(44, 'Bays Thomas Productions', 'bays-thomas-productions', '2024-04-15 05:15:42', '2024-04-15 05:15:42'),
(45, 'BBC Wales', 'bbc-wales', '2024-04-15 05:15:42', '2024-04-15 05:15:42'),
(46, 'Belisarius Productions', 'belisarius-productions', '2024-04-15 05:15:42', '2024-04-15 05:15:42'),
(47, 'Belvision', 'belvision', '2024-04-15 05:15:42', '2024-04-15 05:15:42'),
(48, 'BenderSpink', 'benderspink', '2024-04-15 05:15:42', '2024-04-15 05:15:42'),
(49, 'Black Hangar Studios', 'black-hangar-studios', '2024-04-15 05:15:42', '2024-04-15 05:15:42'),
(50, 'Black Rhino Productions', 'black-rhino-productions', '2024-04-15 05:15:42', '2024-04-15 05:15:42'),
(51, 'Blackjack Films', 'blackjack-films', '2024-04-15 05:15:42', '2024-04-15 05:15:42'),
(52, 'Blue Tulip Productions', 'blue-tulip-productions', '2024-04-15 05:15:42', '2024-04-15 05:15:42'),
(53, 'Bluebush Productions', 'bluebush-productions', '2024-04-15 05:15:42', '2024-04-15 05:15:42'),
(54, 'Blumhouse Productions', 'blumhouse-productions', '2024-04-15 05:15:42', '2024-04-15 05:15:42'),
(55, 'Boies/Schiller Film Group', 'boiesschiller-film-group', '2024-04-15 05:15:42', '2024-04-15 05:15:42'),
(56, 'Boy of the Year', 'boy-of-the-year', '2024-04-15 05:15:42', '2024-04-15 05:15:42'),
(57, 'BPS Babelsberg Production ', 'bps-babelsberg-production', '2024-04-15 05:15:42', '2024-04-15 05:15:42'),
(58, 'Brad Grey Pictures', 'brad-grey-pictures', '2024-04-15 05:15:42', '2024-04-15 05:15:42'),
(59, 'Braveworld Productions', 'braveworld-productions', '2024-04-15 05:15:42', '2024-04-15 05:15:42'),
(60, 'Bright/Kauffman/Crane Productions', 'brightkauffmancrane-productions', '2024-04-15 05:15:42', '2024-04-15 05:15:42'),
(61, 'Brillstein-Grey Entertainment', 'brillstein-grey-entertainment', '2024-04-15 05:15:42', '2024-04-15 05:15:42'),
(62, 'Broadway Pictures', 'broadway-pictures', '2024-04-15 05:15:42', '2024-04-15 05:15:42'),
(63, 'Brooklyn Films II', 'brooklyn-films-ii', '2024-04-15 05:15:42', '2024-04-15 05:15:42'),
(64, 'C-2 Pictures', 'c-2-pictures', '2024-04-15 05:15:42', '2024-04-15 05:15:42'),
(65, 'Camelot Pictures', 'camelot-pictures', '2024-04-15 05:15:42', '2024-04-15 05:15:42'),
(66, 'Canal+', 'canal', '2024-04-15 05:15:42', '2024-04-15 05:15:42'),
(67, 'Capella International', 'capella-international', '2024-04-15 05:15:43', '2024-04-15 05:15:43'),
(68, 'Carolco Pictures', 'carolco-pictures', '2024-04-15 05:15:43', '2024-04-15 05:15:43'),
(69, 'Cartoon Network Studios', 'cartoon-network-studios', '2024-04-15 05:15:43', '2024-04-15 05:15:43'),
(70, 'Castle Rock Entertainment', 'castle-rock-entertainment', '2024-04-15 05:15:43', '2024-04-15 05:15:43'),
(71, 'CBS', 'cbs', '2024-04-15 05:15:43', '2024-04-15 05:15:43'),
(72, 'Centre national du cinéma et de l’image animée (CNC)', 'centre-national-du-cinema-et-de-limage-animee-cnc', '2024-04-15 05:15:43', '2024-04-15 05:15:43'),
(73, 'Challenge Film Corporation Entertainment', 'challenge-film-corporation-entertainment', '2024-04-15 05:15:43', '2024-04-15 05:15:43'),
(74, 'Cheyenne Enterprises', 'cheyenne-enterprises', '2024-04-15 05:15:43', '2024-04-15 05:15:43'),
(75, 'Chris Lee Productions', 'chris-lee-productions', '2024-04-15 05:15:43', '2024-04-15 05:15:43'),
(76, 'Chum Television', 'chum-television', '2024-04-15 05:15:43', '2024-04-15 05:15:43'),
(77, 'CINAR', 'cinar', '2024-04-15 05:15:43', '2024-04-15 05:15:43'),
(78, 'Ciné+', 'cine', '2024-04-15 05:15:43', '2024-04-15 05:15:43'),
(79, 'Cinema 84', 'cinema-84', '2024-04-15 05:15:43', '2024-04-15 05:15:43'),
(80, 'Cinergi Pictures Entertainment Inc.', 'cinergi-pictures-entertainment-inc', '2024-04-15 05:15:43', '2024-04-15 05:15:43'),
(81, 'Cinevent', 'cinevent', '2024-04-15 05:15:43', '2024-04-15 05:15:43'),
(82, 'Cinevision', 'cinevision', '2024-04-15 05:15:43', '2024-04-15 05:15:43'),
(83, 'Circus Production', 'circus-production', '2024-04-15 05:15:43', '2024-04-15 05:15:43'),
(84, 'Clearwater Holdings', 'clearwater-holdings', '2024-04-15 05:15:43', '2024-04-15 05:15:43'),
(85, 'Cloud Nine Entertainment', 'cloud-nine-entertainment', '2024-04-15 05:15:43', '2024-04-15 05:15:43'),
(86, 'Cold Spring Pictures', 'cold-spring-pictures', '2024-04-15 05:15:43', '2024-04-15 05:15:43'),
(87, 'Columbia Pictures', 'columbia-pictures', '2024-04-15 05:15:43', '2024-04-15 05:15:43'),
(88, 'Contrafilm', 'contrafilm', '2024-04-15 05:15:43', '2024-04-15 05:15:43'),
(89, 'Cruel and Unusual Films', 'cruel-and-unusual-films', '2024-04-15 05:15:43', '2024-04-15 05:15:43'),
(90, 'Cruise/Wagner Productions', 'cruisewagner-productions', '2024-04-15 05:15:43', '2024-04-15 05:15:43'),
(91, 'Crystal Sky Pictures', 'crystal-sky-pictures', '2024-04-15 05:15:43', '2024-04-15 05:15:43'),
(92, 'Curiosity Company', 'curiosity-company', '2024-04-15 05:15:43', '2024-04-15 05:15:43'),
(93, 'Current Entertainment', 'current-entertainment', '2024-04-15 05:15:43', '2024-04-15 05:15:43'),
(94, 'Da Ma Produzione', 'da-ma-produzione', '2024-04-15 05:15:43', '2024-04-15 05:15:43'),
(95, 'Dakota Pictures', 'dakota-pictures', '2024-04-15 05:15:43', '2024-04-15 05:15:43'),
(96, 'Dan Curtis Productions', 'dan-curtis-productions', '2024-04-15 05:15:43', '2024-04-15 05:15:43'),
(97, 'Dargaud', 'dargaud', '2024-04-15 05:15:43', '2024-04-15 05:15:43'),
(98, 'Dark Horse Entertainment', 'dark-horse-entertainment', '2024-04-15 05:15:43', '2024-04-15 05:15:43'),
(99, 'Davis Entertainment', 'davis-entertainment', '2024-04-15 05:15:43', '2024-04-15 05:15:43'),
(100, 'Davis-Films', 'davis-films', '2024-04-15 05:15:43', '2024-04-15 05:15:43'),
(101, 'Davis-Panzer Productions', 'davis-panzer-productions', '2024-04-15 05:15:43', '2024-04-15 05:15:43'),
(102, 'DC Comics', 'dc-comics', '2024-04-15 05:15:43', '2024-04-15 05:15:43'),
(103, 'DefyNite Films', 'defynite-films', '2024-04-15 05:15:43', '2024-04-15 05:15:43'),
(104, 'Delphi', 'delphi', '2024-04-15 05:15:43', '2024-04-15 05:15:43'),
(105, 'Dentsu', 'dentsu', '2024-04-15 05:15:43', '2024-04-15 05:15:43'),
(106, 'Di Bonaventura Pictures', 'di-bonaventura-pictures', '2024-04-15 05:15:43', '2024-04-15 05:15:43'),
(107, 'DIC Entertainment', 'dic-entertainment', '2024-04-15 05:15:43', '2024-04-15 05:15:43'),
(108, 'Digital Factory', 'digital-factory', '2024-04-15 05:15:43', '2024-04-15 05:15:43'),
(109, 'Dimension Films', 'dimension-films', '2024-04-15 05:15:43', '2024-04-15 05:15:43'),
(110, 'Distant Planet Productions Ltd.', 'distant-planet-productions-ltd', '2024-04-15 05:15:43', '2024-04-15 05:15:43'),
(111, 'Don Carmody Productions', 'don-carmody-productions', '2024-04-15 05:15:43', '2024-04-15 05:15:43'),
(112, 'Donners Company', 'donners-company', '2024-04-15 05:15:43', '2024-04-15 05:15:43'),
(113, 'Doom Productions Ltd.', 'doom-productions-ltd', '2024-04-15 05:15:43', '2024-04-15 05:15:43'),
(114, 'Doozer Productions', 'doozer-productions', '2024-04-15 05:15:43', '2024-04-15 05:15:43'),
(115, 'Dream Entertainment', 'dream-entertainment', '2024-04-15 05:15:43', '2024-04-15 05:15:43'),
(116, 'DreamWorks', 'dreamworks', '2024-04-15 05:15:43', '2024-04-15 05:15:43'),
(117, 'Dune Entertainment', 'dune-entertainment', '2024-04-15 05:15:43', '2024-04-15 05:15:43'),
(118, 'Eclipse Catering', 'eclipse-catering', '2024-04-15 05:15:43', '2024-04-15 05:15:43'),
(119, 'Eddie Murphy Productions', 'eddie-murphy-productions', '2024-04-15 05:15:43', '2024-04-15 05:15:43'),
(120, 'El Corazon Producciones S.A.', 'el-corazon-producciones-sa', '2024-04-15 05:15:43', '2024-04-15 05:15:43'),
(121, 'Elcajo Productions', 'elcajo-productions', '2024-04-15 05:15:43', '2024-04-15 05:15:43'),
(122, 'Electric Avenue', 'electric-avenue', '2024-04-15 05:15:43', '2024-04-15 05:15:43'),
(123, 'EM.TV & Merchandising AG', 'emtv-merchandising-ag', '2024-04-15 05:15:43', '2024-04-15 05:15:43'),
(124, 'Emmett/Furla/Oasis Films (EFO Films)', 'emmettfurlaoasis-films-efo-films', '2024-04-15 05:15:43', '2024-04-15 05:15:43'),
(125, 'Envision Entertainment Corporation', 'envision-entertainment-corporation', '2024-04-15 05:15:43', '2024-04-15 05:15:43'),
(126, 'Epsilon Motion Pictures', 'epsilon-motion-pictures', '2024-04-15 05:15:43', '2024-04-15 05:15:43'),
(127, 'Erics Boy', 'erics-boy', '2024-04-15 05:15:43', '2024-04-15 05:15:43'),
(128, 'ESC Entertainment', 'esc-entertainment', '2024-04-15 05:15:44', '2024-04-15 05:15:44'),
(129, 'Euro Film Funding', 'euro-film-funding', '2024-04-15 05:15:44', '2024-04-15 05:15:44'),
(130, 'EuropaCorp', 'europacorp', '2024-04-15 05:15:44', '2024-04-15 05:15:44'),
(131, 'Everyman Pictures', 'everyman-pictures', '2024-04-15 05:15:44', '2024-04-15 05:15:44'),
(132, 'Extrafilm Produktion', 'extrafilm-produktion', '2024-04-15 05:15:44', '2024-04-15 05:15:44'),
(133, 'Fair Film', 'fair-film', '2024-04-15 05:15:44', '2024-04-15 05:15:44'),
(134, 'Fairview Entertainment', 'fairview-entertainment', '2024-04-15 05:15:44', '2024-04-15 05:15:44'),
(135, 'Famous Studios', 'famous-studios', '2024-04-15 05:15:44', '2024-04-15 05:15:44'),
(136, 'Feigco Entertainment', 'feigco-entertainment', '2024-04-15 05:15:44', '2024-04-15 05:15:44'),
(137, 'Film Workshop', 'film-workshop', '2024-04-15 05:15:44', '2024-04-15 05:15:44'),
(138, 'Filmauro', 'filmauro', '2024-04-15 05:15:44', '2024-04-15 05:15:44'),
(139, 'FilmDistrict', 'filmdistrict', '2024-04-15 05:15:44', '2024-04-15 05:15:44'),
(140, 'FilmEngine', 'filmengine', '2024-04-15 05:15:44', '2024-04-15 05:15:44'),
(141, 'Filmline International Inc.', 'filmline-international-inc', '2024-04-15 05:15:44', '2024-04-15 05:15:44'),
(142, 'Filmtribe', 'filmtribe', '2024-04-15 05:15:44', '2024-04-15 05:15:44'),
(143, 'Fireworks Entertainment', 'fireworks-entertainment', '2024-04-15 05:15:44', '2024-04-15 05:15:44'),
(144, 'Fireworks Pictures', 'fireworks-pictures', '2024-04-15 05:15:44', '2024-04-15 05:15:44'),
(145, 'Five Star Feature Films', 'five-star-feature-films', '2024-04-15 05:15:44', '2024-04-15 05:15:44'),
(146, 'Flynn Picture Company', 'flynn-picture-company', '2024-04-15 05:15:44', '2024-04-15 05:15:44'),
(147, 'Forecast Pictures', 'forecast-pictures', '2024-04-15 05:15:44', '2024-04-15 05:15:44'),
(148, 'FPT Group', 'fpt-group', '2024-04-15 05:15:44', '2024-04-15 05:15:44'),
(149, 'FR3', 'fr3', '2024-04-15 05:15:44', '2024-04-15 05:15:44'),
(150, 'France 2 (FR2)', 'france-2-fr2', '2024-04-15 05:15:44', '2024-04-15 05:15:44'),
(151, 'France 3', 'france-3', '2024-04-15 05:15:44', '2024-04-15 05:15:44'),
(152, 'Franchise Pictures', 'franchise-pictures', '2024-04-15 05:15:44', '2024-04-15 05:15:44'),
(153, 'Fred Wolf Films', 'fred-wolf-films', '2024-04-15 05:15:44', '2024-04-15 05:15:44'),
(154, 'Fremantle Productions', 'fremantle-productions', '2024-04-15 05:15:44', '2024-04-15 05:15:44'),
(155, 'Gary Nardino Productions', 'gary-nardino-productions', '2024-04-15 05:15:44', '2024-04-15 05:15:44'),
(156, 'Gary Sanchez Productions', 'gary-sanchez-productions', '2024-04-15 05:15:44', '2024-04-15 05:15:44'),
(157, 'Gaumont', 'gaumont', '2024-04-15 05:15:44', '2024-04-15 05:15:44'),
(158, 'Gene Deitch Associates', 'gene-deitch-associates', '2024-04-15 05:15:44', '2024-04-15 05:15:44'),
(159, 'Gerald Ray Studios', 'gerald-ray-studios', '2024-04-15 05:15:44', '2024-04-15 05:15:44'),
(160, 'GHS Productions KG', 'ghs-productions-kg', '2024-04-15 05:15:44', '2024-04-15 05:15:44'),
(161, 'GK Films', 'gk-films', '2024-04-15 05:15:44', '2024-04-15 05:15:44'),
(162, 'Glen A. Larson Productions', 'glen-a-larson-productions', '2024-04-15 05:15:44', '2024-04-15 05:15:44'),
(163, 'Gold/Miller Productions', 'goldmiller-productions', '2024-04-15 05:15:44', '2024-04-15 05:15:44'),
(164, 'Goldcrest Pictures', 'goldcrest-pictures', '2024-04-15 05:15:44', '2024-04-15 05:15:44'),
(165, 'Golden Harvest Company Ltd.', 'golden-harvest-company-ltd', '2024-04-15 05:15:44', '2024-04-15 05:15:44'),
(166, 'Good Machine', 'good-machine', '2024-04-15 05:15:44', '2024-04-15 05:15:44'),
(167, 'Gordon Company', 'gordon-company', '2024-04-15 05:15:44', '2024-04-15 05:15:44'),
(168, 'GreeneStreet Films Inc.', 'greenestreet-films-inc', '2024-04-15 05:15:44', '2024-04-15 05:15:44'),
(169, 'Grouper Production', 'grouper-production', '2024-04-15 05:15:44', '2024-04-15 05:15:44'),
(170, 'H2S2 Filmproduktionsgesellschaft', 'h2s2-filmproduktionsgesellschaft', '2024-04-15 05:15:44', '2024-04-15 05:15:44'),
(171, 'Handmade Films Ltd.', 'handmade-films-ltd', '2024-04-15 05:15:44', '2024-04-15 05:15:44'),
(172, 'Hanna–Barbera', 'hanna-barbera', '2024-04-15 05:15:44', '2024-04-15 05:15:44'),
(173, 'Happy Madison', 'happy-madison', '2024-04-15 05:15:44', '2024-04-15 05:15:44'),
(174, 'Hartswood Films', 'hartswood-films', '2024-04-15 05:15:44', '2024-04-15 05:15:44'),
(175, 'HBO', 'hbo', '2024-04-15 05:15:44', '2024-04-15 05:15:44'),
(176, 'Helena Productions', 'helena-productions', '2024-04-15 05:15:44', '2024-04-15 05:15:44'),
(177, 'Helkon Media AG', 'helkon-media-ag', '2024-04-15 05:15:44', '2024-04-15 05:15:44'),
(178, 'Hemdale', 'hemdale', '2024-04-15 05:15:44', '2024-04-15 05:15:44'),
(179, 'Herzog-Cowen Entertainment', 'herzog-cowen-entertainment', '2024-04-15 05:15:44', '2024-04-15 05:15:44'),
(180, 'Hollywood Gang Productions', 'hollywood-gang-productions', '2024-04-15 05:15:44', '2024-04-15 05:15:44'),
(181, 'Hollywood Pictures', 'hollywood-pictures', '2024-04-15 05:15:44', '2024-04-15 05:15:44'),
(182, 'Hong Ying Animation Inc.', 'hong-ying-animation-inc', '2024-04-15 05:15:44', '2024-04-15 05:15:44'),
(183, 'Huayi Brothers Media', 'huayi-brothers-media', '2024-04-15 05:15:44', '2024-04-15 05:15:44'),
(184, 'Hughes Entertainment', 'hughes-entertainment', '2024-04-15 05:15:44', '2024-04-15 05:15:44'),
(185, 'IDDH', 'iddh', '2024-04-15 05:15:44', '2024-04-15 05:15:44'),
(186, 'IF Entertainment', 'if-entertainment', '2024-04-15 05:15:44', '2024-04-15 05:15:44'),
(187, 'Imagine Entertainment', 'imagine-entertainment', '2024-04-15 05:15:44', '2024-04-15 05:15:44'),
(188, 'Indian Paintbrush', 'indian-paintbrush', '2024-04-15 05:15:44', '2024-04-15 05:15:44'),
(189, 'Infinitum Nihil', 'infinitum-nihil', '2024-04-15 05:15:44', '2024-04-15 05:15:44'),
(190, 'Ingenious', 'ingenious', '2024-04-15 05:15:44', '2024-04-15 05:15:44'),
(191, 'Intermedia', 'intermedia', '2024-04-15 05:15:44', '2024-04-15 05:15:44'),
(192, 'InterStar', 'interstar', '2024-04-15 05:15:44', '2024-04-15 05:15:44'),
(193, 'Island Pictures', 'island-pictures', '2024-04-15 05:15:44', '2024-04-15 05:15:44'),
(194, 'Ivory Way Productions', 'ivory-way-productions', '2024-04-15 05:15:44', '2024-04-15 05:15:44'),
(195, 'J&M Entertainment', 'jm-entertainment', '2024-04-15 05:15:44', '2024-04-15 05:15:44'),
(196, 'Jack Kinney Productions', 'jack-kinney-productions', '2024-04-15 05:15:44', '2024-04-15 05:15:44'),
(197, 'Jax Media', 'jax-media', '2024-04-15 05:15:44', '2024-04-15 05:15:44'),
(198, 'Jay Ward Productions', 'jay-ward-productions', '2024-04-15 05:15:45', '2024-04-15 05:15:45'),
(199, 'Jerry Bruckheimer Films', 'jerry-bruckheimer-films', '2024-04-15 05:15:45', '2024-04-15 05:15:45'),
(200, 'Jerry Weintraub Productions', 'jerry-weintraub-productions', '2024-04-15 05:15:45', '2024-04-15 05:15:45'),
(201, 'Jocko Productions', 'jocko-productions', '2024-04-15 05:15:45', '2024-04-15 05:15:45'),
(202, 'John Wells Productions,', 'john-wells-productions', '2024-04-15 05:15:45', '2024-04-15 05:15:45'),
(203, 'JTP Films', 'jtp-films', '2024-04-15 05:15:45', '2024-04-15 05:15:45'),
(204, 'Judgemental Films', 'judgemental-films', '2024-04-15 05:15:45', '2024-04-15 05:15:45'),
(205, 'Katalyst Films', 'katalyst-films', '2024-04-15 05:15:45', '2024-04-15 05:15:45'),
(206, 'Keith Barish Productions', 'keith-barish-productions', '2024-04-15 05:15:45', '2024-04-15 05:15:45'),
(207, 'Kennedy/Marshall', 'kennedymarshall', '2024-04-15 05:15:45', '2024-04-15 05:15:45'),
(208, 'King Features Syndicate', 'king-features-syndicate', '2024-04-15 05:15:45', '2024-04-15 05:15:45'),
(209, 'Knickerbocker Films', 'knickerbocker-films', '2024-04-15 05:15:45', '2024-04-15 05:15:45'),
(210, 'Knock Films A.V.V.', 'knock-films-avv', '2024-04-15 05:15:45', '2024-04-15 05:15:45'),
(211, 'Kurtzman/Orci', 'kurtzmanorci', '2024-04-15 05:15:45', '2024-04-15 05:15:45'),
(212, 'Lakeshore Entertainment', 'lakeshore-entertainment', '2024-04-15 05:15:45', '2024-04-15 05:15:45'),
(213, 'Larry Harmon Pictures', 'larry-harmon-pictures', '2024-04-15 05:15:45', '2024-04-15 05:15:45'),
(214, 'Latina Pictures', 'latina-pictures', '2024-04-15 05:15:45', '2024-04-15 05:15:45'),
(215, 'Laura Ziskin Productions', 'laura-ziskin-productions', '2024-04-15 05:15:45', '2024-04-15 05:15:45'),
(216, 'Lawrence Gordon Productions ', 'lawrence-gordon-productions', '2024-04-15 05:15:45', '2024-04-15 05:15:45'),
(217, 'Le Grisbi Productions', 'le-grisbi-productions', '2024-04-15 05:15:45', '2024-04-15 05:15:45'),
(218, 'Leeloo Productions', 'leeloo-productions', '2024-04-15 05:15:45', '2024-04-15 05:15:45'),
(219, 'Legendary Pictures', 'legendary-pictures', '2024-04-15 05:15:45', '2024-04-15 05:15:45'),
(220, 'Les Productions ', 'les-productions', '2024-04-15 05:15:45', '2024-04-15 05:15:45'),
(221, 'Les studios Idéfix', 'les-studios-idefix', '2024-04-15 05:15:45', '2024-04-15 05:15:45'),
(222, 'Lightstorm Entertainment', 'lightstorm-entertainment', '2024-04-15 05:15:45', '2024-04-15 05:15:45'),
(223, 'Linson Films', 'linson-films', '2024-04-15 05:15:45', '2024-04-15 05:15:45'),
(224, 'Lionsgate', 'lionsgate', '2024-04-15 05:15:45', '2024-04-15 05:15:45'),
(225, 'LivePlanet', 'liveplanet', '2024-04-15 05:15:45', '2024-04-15 05:15:45'),
(226, 'Lorimar Television', 'lorimar-television', '2024-04-15 05:15:45', '2024-04-15 05:15:45'),
(227, 'Loumolo GmbH & Co. KG', 'loumolo-gmbh-co-kg', '2024-04-15 05:15:45', '2024-04-15 05:15:45'),
(228, 'Lucasfilm', 'lucasfilm', '2024-04-15 05:15:45', '2024-04-15 05:15:45'),
(229, 'Lucky Comics', 'lucky-comics', '2024-04-15 05:15:45', '2024-04-15 05:15:45'),
(230, 'M Prods', 'm-prods', '2024-04-15 05:15:45', '2024-04-15 05:15:45'),
(231, 'Magnolia Pictures', 'magnolia-pictures', '2024-04-15 05:15:45', '2024-04-15 05:15:45'),
(232, 'Major Studio Partners', 'major-studio-partners', '2024-04-15 05:15:45', '2024-04-15 05:15:45'),
(233, 'Mandeville Films', 'mandeville-films', '2024-04-15 05:15:45', '2024-04-15 05:15:45'),
(234, 'Many Rivers Productions', 'many-rivers-productions', '2024-04-15 05:15:45', '2024-04-15 05:15:45'),
(235, 'Maple Cage Productions', 'maple-cage-productions', '2024-04-15 05:15:45', '2024-04-15 05:15:45'),
(236, 'Marc Platt Productions', 'marc-platt-productions', '2024-04-15 05:15:45', '2024-04-15 05:15:45'),
(237, 'Mark Canton Productions', 'mark-canton-productions', '2024-04-15 05:15:45', '2024-04-15 05:15:45'),
(238, 'Marvel', 'marvel', '2024-04-15 05:15:45', '2024-04-15 05:15:45'),
(239, 'Masterpiece Theatre', 'masterpiece-theatre', '2024-04-15 05:15:45', '2024-04-15 05:15:45'),
(240, 'MCA Television', 'mca-television', '2024-04-15 05:15:45', '2024-04-15 05:15:45'),
(241, 'MDP Worldwide', 'mdp-worldwide', '2024-04-15 05:15:45', '2024-04-15 05:15:45'),
(242, 'Mediastream Film GmbH & Co. Productions KG', 'mediastream-film-gmbh-co-productions-kg', '2024-04-15 05:15:45', '2024-04-15 05:15:45'),
(243, 'Metro-Goldwyn-Mayer', 'metro-goldwyn-mayer', '2024-04-15 05:15:45', '2024-04-15 05:15:45'),
(244, 'MHF Zweite Academy Film', 'mhf-zweite-academy-film', '2024-04-15 05:15:45', '2024-04-15 05:15:45'),
(245, 'Michael/Finney Productions', 'michaelfinney-productions', '2024-04-15 05:15:45', '2024-04-15 05:15:45'),
(246, 'Midway Games', 'midway-games', '2024-04-15 05:15:45', '2024-04-15 05:15:45'),
(247, 'Mike Zoss Productions', 'mike-zoss-productions', '2024-04-15 05:15:45', '2024-04-15 05:15:45'),
(248, 'Millennium Films', 'millennium-films', '2024-04-15 05:15:45', '2024-04-15 05:15:45'),
(249, 'Mimran Schur Pictures', 'mimran-schur-pictures', '2024-04-15 05:15:45', '2024-04-15 05:15:45'),
(250, 'Mirage', 'mirage', '2024-04-15 05:15:45', '2024-04-15 05:15:45'),
(251, 'Miramax Films', 'miramax-films', '2024-04-15 05:15:45', '2024-04-15 05:15:45'),
(252, 'MJW Films', 'mjw-films', '2024-04-15 05:15:45', '2024-04-15 05:15:45'),
(253, 'Monkeypaw Productions', 'monkeypaw-productions', '2024-04-15 05:15:45', '2024-04-15 05:15:45'),
(254, 'Morgan Creek', 'morgan-creek', '2024-04-15 05:15:45', '2024-04-15 05:15:45'),
(255, 'Mosaic Media Group', 'mosaic-media-group', '2024-04-15 05:15:45', '2024-04-15 05:15:45'),
(256, 'Mostow Liberman Production', 'mostow-liberman-production', '2024-04-15 05:15:46', '2024-04-15 05:15:46'),
(257, 'Moving Pictures', 'moving-pictures', '2024-04-15 05:15:46', '2024-04-15 05:15:46'),
(258, 'Muse Productions', 'muse-productions', '2024-04-15 05:15:46', '2024-04-15 05:15:46'),
(259, 'Nancy Tenenbaum Films', 'nancy-tenenbaum-films', '2024-04-15 05:15:46', '2024-04-15 05:15:46'),
(260, 'NBCUniversal', 'nbcuniversal', '2024-04-15 05:15:46', '2024-04-15 05:15:46'),
(261, 'Neal H. Moritz Productions', 'neal-h-moritz-productions', '2024-04-15 05:15:46', '2024-04-15 05:15:46'),
(262, 'New Line Cinema', 'new-line-cinema', '2024-04-15 05:15:46', '2024-04-15 05:15:46'),
(263, 'New Regency Pictures', 'new-regency-pictures', '2024-04-15 05:15:46', '2024-04-15 05:15:46'),
(264, 'New World Pictures', 'new-world-pictures', '2024-04-15 05:15:46', '2024-04-15 05:15:46'),
(265, 'New Zealand Film Production Fund', 'new-zealand-film-production-fund', '2024-04-15 05:15:46', '2024-04-15 05:15:46'),
(266, 'Newmarket Capital Group LLC', 'newmarket-capital-group-llc', '2024-04-15 05:15:46', '2024-04-15 05:15:46'),
(267, 'Nickelodeon Movies', 'nickelodeon-movies', '2024-04-15 05:15:46', '2024-04-15 05:15:46'),
(268, 'Nimar Studios', 'nimar-studios', '2024-04-15 05:15:46', '2024-04-15 05:15:46'),
(269, 'Nina Saxon Film Design', 'nina-saxon-film-design', '2024-04-15 05:15:46', '2024-04-15 05:15:46'),
(270, 'Nintendo of America', 'nintendo-of-america', '2024-04-15 05:15:46', '2024-04-15 05:15:46'),
(271, 'NPV Entertainment', 'npv-entertainment', '2024-04-15 05:15:46', '2024-04-15 05:15:46'),
(272, 'Nu Boyana Film Studios', 'nu-boyana-film-studios', '2024-04-15 05:15:46', '2024-04-15 05:15:46'),
(273, 'Nu Image', 'nu-image', '2024-04-15 05:15:46', '2024-04-15 05:15:46'),
(274, 'O Entertainment', 'o-entertainment', '2024-04-15 05:15:46', '2024-04-15 05:15:46'),
(275, 'Oak Productions', 'oak-productions', '2024-04-15 05:15:46', '2024-04-15 05:15:46'),
(276, 'Ocean Pictures', 'ocean-pictures', '2024-04-15 05:15:46', '2024-04-15 05:15:46'),
(277, 'OLC / Rights Entertainment', 'olc-rights-entertainment', '2024-04-15 05:15:46', '2024-04-15 05:15:46'),
(278, 'Omnilab Media', 'omnilab-media', '2024-04-15 05:15:46', '2024-04-15 05:15:46'),
(279, 'One Race', 'one-race', '2024-04-15 05:15:46', '2024-04-15 05:15:46'),
(280, 'Open Road Films', 'open-road-films', '2024-04-15 05:15:46', '2024-04-15 05:15:46'),
(281, 'Original Film', 'original-film', '2024-04-15 05:15:46', '2024-04-15 05:15:46'),
(282, 'Orion Pictures', 'orion-pictures', '2024-04-15 05:15:46', '2024-04-15 05:15:46'),
(283, 'Other Angle Pictures', 'other-angle-pictures', '2024-04-15 05:15:46', '2024-04-15 05:15:46'),
(284, 'Outlaw Productions', 'outlaw-productions', '2024-04-15 05:15:46', '2024-04-15 05:15:46'),
(285, 'Overbrook Entertainment', 'overbrook-entertainment', '2024-04-15 05:15:46', '2024-04-15 05:15:46'),
(286, 'P.A.C.', 'pac', '2024-04-15 05:15:46', '2024-04-15 05:15:46'),
(287, 'P.C.M. Film', 'pcm-film', '2024-04-15 05:15:46', '2024-04-15 05:15:46'),
(288, 'Pacific Renaissance Pictures Ltd.', 'pacific-renaissance-pictures-ltd', '2024-04-15 05:15:46', '2024-04-15 05:15:46'),
(289, 'Pacific Western Productions', 'pacific-western-productions', '2024-04-15 05:15:46', '2024-04-15 05:15:46'),
(290, 'Paloma Films', 'paloma-films', '2024-04-15 05:15:46', '2024-04-15 05:15:46'),
(291, 'Palomar Pictures', 'palomar-pictures', '2024-04-15 05:15:46', '2024-04-15 05:15:46'),
(292, 'Paragon Films Ltd.', 'paragon-films-ltd', '2024-04-15 05:15:46', '2024-04-15 05:15:46'),
(293, 'Paramount', 'paramount', '2024-04-15 05:15:46', '2024-04-15 05:15:46'),
(294, 'Pariah', 'pariah', '2024-04-15 05:15:46', '2024-04-15 05:15:46'),
(295, 'Parkes/MacDonald Productions', 'parkesmacdonald-productions', '2024-04-15 05:15:46', '2024-04-15 05:15:46'),
(296, 'Patalex III Productions Limited', 'patalex-iii-productions-limited', '2024-04-15 05:15:46', '2024-04-15 05:15:46'),
(297, 'Perfect Storm Entertainment', 'perfect-storm-entertainment', '2024-04-15 05:15:46', '2024-04-15 05:15:46'),
(298, 'Pet Fly Productions', 'pet-fly-productions', '2024-04-15 05:15:46', '2024-04-15 05:15:46'),
(299, 'Phoenician Films', 'phoenician-films', '2024-04-15 05:15:46', '2024-04-15 05:15:46'),
(300, 'Phoenix Pictures', 'phoenix-pictures', '2024-04-15 05:15:46', '2024-04-15 05:15:46'),
(301, 'Picturemaker Productions', 'picturemaker-productions', '2024-04-15 05:15:46', '2024-04-15 05:15:46'),
(302, 'Pit Bull Productions', 'pit-bull-productions', '2024-04-15 05:15:46', '2024-04-15 05:15:46'),
(303, 'Plan B Entertainment', 'plan-b-entertainment', '2024-04-15 05:15:46', '2024-04-15 05:15:46'),
(304, 'Playmates Toys', 'playmates-toys', '2024-04-15 05:15:46', '2024-04-15 05:15:46'),
(305, 'Police Academy Productions', 'police-academy-productions', '2024-04-15 05:15:46', '2024-04-15 05:15:46'),
(306, 'PolyGram FB286:B326ilmed Entertainment', 'polygram-fb286b326ilmed-entertainment', '2024-04-15 05:15:46', '2024-04-15 05:15:46'),
(307, 'Practical Pictures', 'practical-pictures', '2024-04-15 05:15:46', '2024-04-15 05:15:46'),
(308, 'Primrose Hill Productions', 'primrose-hill-productions', '2024-04-15 05:15:46', '2024-04-15 05:15:46'),
(309, 'Producers Sales Organization', 'producers-sales-organization', '2024-04-15 05:15:46', '2024-04-15 05:15:46'),
(310, 'QC Entertainment', 'qc-entertainment', '2024-04-15 05:15:46', '2024-04-15 05:15:46'),
(311, 'Quincy Jones Entertainment', 'quincy-jones-entertainment', '2024-04-15 05:15:46', '2024-04-15 05:15:46'),
(312, 'Quincy Jones-David Salzman Entertainment', 'quincy-jones-david-salzman-entertainment', '2024-04-15 05:15:46', '2024-04-15 05:15:46'),
(313, 'Radiant Productions', 'radiant-productions', '2024-04-15 05:15:46', '2024-04-15 05:15:46'),
(314, 'Rat Entertainment', 'rat-entertainment', '2024-04-15 05:15:47', '2024-04-15 05:15:47'),
(315, 'RatPac-Dune Entertainment', 'ratpac-dune-entertainment', '2024-04-15 05:15:47', '2024-04-15 05:15:47'),
(316, 'RCH', 'rch', '2024-04-15 05:15:47', '2024-04-15 05:15:47'),
(317, 'Reaper Productions LLC', 'reaper-productions-llc', '2024-04-15 05:15:47', '2024-04-15 05:15:47'),
(318, 'Red Hour Films', 'red-hour-films', '2024-04-15 05:15:47', '2024-04-15 05:15:47'),
(319, 'Redeemable Features', 'redeemable-features', '2024-04-15 05:15:47', '2024-04-15 05:15:47'),
(320, 'Regency', 'regency', '2024-04-15 05:15:47', '2024-04-15 05:15:47'),
(321, 'Relativity Media', 'relativity-media', '2024-04-15 05:15:47', '2024-04-15 05:15:47'),
(322, 'Rembrandt Films/Halas and Batchelor', 'rembrandt-filmshalas-and-batchelor', '2024-04-15 05:15:47', '2024-04-15 05:15:47'),
(323, 'Renaissance Pictures', 'renaissance-pictures', '2024-04-15 05:15:47', '2024-04-15 05:15:47'),
(324, 'Reteitalia', 'reteitalia', '2024-04-15 05:15:47', '2024-04-15 05:15:47'),
(325, 'Revolution Studios', 'revolution-studios', '2024-04-15 05:15:47', '2024-04-15 05:15:47'),
(326, 'Riff Raff Film Productions', 'riff-raff-film-productions', '2024-04-15 05:15:47', '2024-04-15 05:15:47'),
(327, 'Rocket Science VFX', 'rocket-science-vfx', '2024-04-15 05:15:47', '2024-04-15 05:15:47'),
(328, 'Rogue', 'rogue', '2024-04-15 05:15:47', '2024-04-15 05:15:47'),
(329, 'Roth Kirschenbaum Films', 'roth-kirschenbaum-films', '2024-04-15 05:15:47', '2024-04-15 05:15:47'),
(330, 'Rough Draft Studios', 'rough-draft-studios', '2024-04-15 05:15:47', '2024-04-15 05:15:47'),
(331, 'Rox Productions', 'rox-productions', '2024-04-15 05:15:47', '2024-04-15 05:15:47'),
(332, 'Rysher Entertainment', 'rysher-entertainment', '2024-04-15 05:15:47', '2024-04-15 05:15:47'),
(333, 'Safran Company', 'safran-company', '2024-04-15 05:15:47', '2024-04-15 05:15:47'),
(334, 'Salter Street Films International', 'salter-street-films-international', '2024-04-15 05:15:47', '2024-04-15 05:15:47'),
(335, 'Scott Free Productions', 'scott-free-productions', '2024-04-15 05:15:47', '2024-04-15 05:15:47'),
(336, 'Scott Rudin Productions', 'scott-rudin-productions', '2024-04-15 05:15:47', '2024-04-15 05:15:47'),
(337, 'Sean Bailey Productions', 'sean-bailey-productions', '2024-04-15 05:15:47', '2024-04-15 05:15:47'),
(338, 'Seasonal Film Corporation', 'seasonal-film-corporation', '2024-04-15 05:15:47', '2024-04-15 05:15:47'),
(339, 'Section Eight', 'section-eight', '2024-04-15 05:15:47', '2024-04-15 05:15:47'),
(340, 'Services GmbH', 'services-gmbh', '2024-04-15 05:15:47', '2024-04-15 05:15:47'),
(341, 'Seven Arts Pictures', 'seven-arts-pictures', '2024-04-15 05:15:47', '2024-04-15 05:15:47'),
(342, 'Seven Bucks Productions', 'seven-bucks-productions', '2024-04-15 05:15:47', '2024-04-15 05:15:47'),
(343, 'Shady Acres Entertainment', 'shady-acres-entertainment', '2024-04-15 05:15:47', '2024-04-15 05:15:47'),
(344, 'Shooting Star Entertainment', 'shooting-star-entertainment', '2024-04-15 05:15:48', '2024-04-15 05:15:48'),
(345, 'Sidley Wright & Associates', 'sidley-wright-associates', '2024-04-15 05:15:48', '2024-04-15 05:15:48'),
(346, 'Silver Pictures', 'silver-pictures', '2024-04-15 05:15:48', '2024-04-15 05:15:48'),
(347, 'Silverlight Ltd.', 'silverlight-ltd', '2024-04-15 05:15:48', '2024-04-15 05:15:48'),
(348, 'SKA Films', 'ska-films', '2024-04-15 05:15:48', '2024-04-15 05:15:48'),
(349, 'Skydance', 'skydance', '2024-04-15 05:15:48', '2024-04-15 05:15:48'),
(350, 'SLM Production Group', 'slm-production-group', '2024-04-15 05:15:48', '2024-04-15 05:15:48'),
(351, 'Sneaky Shark', 'sneaky-shark', '2024-04-15 05:15:48', '2024-04-15 05:15:48'),
(352, 'SNL Studios', 'snl-studios', '2024-04-15 05:15:48', '2024-04-15 05:15:48'),
(353, 'Societe Nouvelle des Etablissements Gaumont (SNEG)', 'societe-nouvelle-des-etablissements-gaumont-sneg', '2024-04-15 05:15:48', '2024-04-15 05:15:48'),
(354, 'Solaris', 'solaris', '2024-04-15 05:15:48', '2024-04-15 05:15:48'),
(355, 'Sony Pictures Entertainment', 'sony-pictures-entertainment', '2024-04-15 05:15:48', '2024-04-15 05:15:48'),
(356, 'Spyglass Entertainment', 'spyglass-entertainment', '2024-04-15 05:15:48', '2024-04-15 05:15:48'),
(357, 'St. Clare Entertainment', 'st-clare-entertainment', '2024-04-15 05:15:48', '2024-04-15 05:15:48'),
(358, 'Stephen J. Cannell Productions', 'stephen-j-cannell-productions', '2024-04-15 05:15:48', '2024-04-15 05:15:48'),
(359, 'Stillking Films SRO', 'stillking-films-sro', '2024-04-15 05:15:48', '2024-04-15 05:15:48'),
(360, 'Story Film', 'story-film', '2024-04-15 05:15:48', '2024-04-15 05:15:48'),
(361, 'Stu Segall Productions', 'stu-segall-productions', '2024-04-15 05:15:48', '2024-04-15 05:15:48'),
(362, 'Studio B production', 'studio-b-production', '2024-04-15 05:15:48', '2024-04-15 05:15:48'),
(363, 'Studio Babelsberg', 'studio-babelsberg', '2024-04-15 05:15:48', '2024-04-15 05:15:48'),
(364, 'StudioCanal', 'studiocanal', '2024-04-15 05:15:48', '2024-04-15 05:15:48'),
(365, 'Studios USA Television', 'studios-usa-television', '2024-04-15 05:15:48', '2024-04-15 05:15:48'),
(366, 'Summit Entertainment', 'summit-entertainment', '2024-04-15 05:15:48', '2024-04-15 05:15:48'),
(367, 'Sunny Television Productions', 'sunny-television-productions', '2024-04-15 05:15:48', '2024-04-15 05:15:48'),
(368, 'Surge Licensing', 'surge-licensing', '2024-04-15 05:15:48', '2024-04-15 05:15:48'),
(369, 'Syncopy', 'syncopy', '2024-04-15 05:15:48', '2024-04-15 05:15:48'),
(370, 'T Asset Acquisition Company LLC', 't-asset-acquisition-company-llc', '2024-04-15 05:15:48', '2024-04-15 05:15:48'),
(371, 'T5 Production', 't5-production', '2024-04-15 05:15:48', '2024-04-15 05:15:48'),
(372, 'TAFT Entertainment Pictures', 'taft-entertainment-pictures', '2024-04-15 05:15:48', '2024-04-15 05:15:48'),
(373, 'Talent Associates Ltd.', 'talent-associates-ltd', '2024-04-15 05:15:48', '2024-04-15 05:15:48'),
(374, 'Tall Trees Productions', 'tall-trees-productions', '2024-04-15 05:15:48', '2024-04-15 05:15:48'),
(375, 'Tanlay', 'tanlay', '2024-04-15 05:15:48', '2024-04-15 05:15:48'),
(376, 'Team Todd', 'team-todd', '2024-04-15 05:15:48', '2024-04-15 05:15:48'),
(377, 'Ternion Pictures', 'ternion-pictures', '2024-04-15 05:15:48', '2024-04-15 05:15:48'),
(378, 'TF1 Films Production', 'tf1-films-production', '2024-04-15 05:15:48', '2024-04-15 05:15:48'),
(379, 'The Halcyon Company', 'the-halcyon-company', '2024-04-15 05:15:48', '2024-04-15 05:15:48'),
(380, 'The Ladd Company', 'the-ladd-company', '2024-04-15 05:15:48', '2024-04-15 05:15:48'),
(381, 'The Montecito Picture Company', 'the-montecito-picture-company', '2024-04-15 05:15:48', '2024-04-15 05:15:48'),
(382, 'The Turman-Foster Company', 'the-turman-foster-company', '2024-04-15 05:15:48', '2024-04-15 05:15:48'),
(383, 'The ULULU Company', 'the-ululu-company', '2024-04-15 05:15:48', '2024-04-15 05:15:48'),
(384, 'The Weinstein Company', 'the-weinstein-company', '2024-04-15 05:15:48', '2024-04-15 05:15:48'),
(385, 'Threshold Entertainment', 'threshold-entertainment', '2024-04-15 05:15:48', '2024-04-15 05:15:48'),
(386, 'Thunder Road Pictures', 'thunder-road-pictures', '2024-04-15 05:15:48', '2024-04-15 05:15:48'),
(387, 'TiMe Film- und TV-Produktions', 'time-film-und-tv-produktions', '2024-04-15 05:15:48', '2024-04-15 05:15:48'),
(388, 'Todd McFarlane Entertainment', 'todd-mcfarlane-entertainment', '2024-04-15 05:15:48', '2024-04-15 05:15:48'),
(389, 'Tollin/Robbins Productions', 'tollinrobbins-productions', '2024-04-15 05:15:48', '2024-04-15 05:15:48'),
(390, 'Tooncan', 'tooncan', '2024-04-15 05:15:48', '2024-04-15 05:15:48'),
(391, 'Touchstone', 'touchstone', '2024-04-15 05:15:48', '2024-04-15 05:15:48'),
(392, 'TriBeCa Productions', 'tribeca-productions', '2024-04-15 05:15:48', '2024-04-15 05:15:48'),
(393, 'TriStar Pictures', 'tristar-pictures', '2024-04-15 05:15:48', '2024-04-15 05:15:48'),
(394, 'Troublemaker Studios', 'troublemaker-studios', '2024-04-15 05:15:48', '2024-04-15 05:15:48'),
(395, 'TSG Entertainment', 'tsg-entertainment', '2024-04-15 05:15:48', '2024-04-15 05:15:48'),
(396, 'U-Drive Productions', 'u-drive-productions', '2024-04-15 05:15:48', '2024-04-15 05:15:48'),
(397, 'USA Network', 'usa-network', '2024-04-15 05:15:48', '2024-04-15 05:15:48'),
(398, 'Valhalla Motion Pictures', 'valhalla-motion-pictures', '2024-04-15 05:15:48', '2024-04-15 05:15:48'),
(399, 'Vengeance Productions Pty. Ltd.', 'vengeance-productions-pty-ltd', '2024-04-15 05:15:48', '2024-04-15 05:15:48'),
(400, 'Viacom', 'viacom', '2024-04-15 05:15:48', '2024-04-15 05:15:48'),
(401, 'Victory Film', 'victory-film', '2024-04-15 05:15:48', '2024-04-15 05:15:48'),
(402, 'Village Roadshow Pictures', 'village-roadshow-pictures', '2024-04-15 05:15:48', '2024-04-15 05:15:48'),
(403, 'Virgin Produced', 'virgin-produced', '2024-04-15 05:15:48', '2024-04-15 05:15:48'),
(404, 'Walt Disney Pictures', 'walt-disney-pictures', '2024-04-15 05:15:48', '2024-04-15 05:15:48'),
(405, 'Warner Bros.', 'warner-bros', '2024-04-15 05:15:48', '2024-04-15 05:15:48'),
(406, 'Wayans Bros. Entertainment', 'wayans-bros-entertainment', '2024-04-15 05:15:48', '2024-04-15 05:15:48'),
(407, 'Wessler Entertainment', 'wessler-entertainment', '2024-04-15 05:15:48', '2024-04-15 05:15:48'),
(408, 'Wild Hogs Productions', 'wild-hogs-productions', '2024-04-15 05:15:48', '2024-04-15 05:15:48'),
(409, 'Wintergreen Productions', 'wintergreen-productions', '2024-04-15 05:15:48', '2024-04-15 05:15:48'),
(410, 'Wonderland Sound and Vision', 'wonderland-sound-and-vision', '2024-04-15 05:15:48', '2024-04-15 05:15:48'),
(411, 'Working Title Films', 'working-title-films', '2024-04-15 05:15:48', '2024-04-15 05:15:48'),
(412, 'World 2000 Entertainment', 'world-2000-entertainment', '2024-04-15 05:15:48', '2024-04-15 05:15:48'),
(413, 'Worldview Entertainment', 'worldview-entertainment', '2024-04-15 05:15:48', '2024-04-15 05:15:48'),
(414, 'WV Films II', 'wv-films-ii', '2024-04-15 05:15:48', '2024-04-15 05:15:48'),
(415, 'Xilam Animation', 'xilam-animation', '2024-04-15 05:15:48', '2024-04-15 05:15:48'),
(416, 'XYZ Funding N.V.', 'xyz-funding-nv', '2024-04-15 05:15:48', '2024-04-15 05:15:48'),
(417, 'Yitzak Ginzberg/Ehud Bleiberg Production', 'yitzak-ginzbergehud-bleiberg-production', '2024-04-15 05:15:49', '2024-04-15 05:15:49'),
(418, 'Zide-Perry Productions', 'zide-perry-productions', '2024-04-15 05:15:49', '2024-04-15 05:15:49'),
(419, 'Zoe Pictures', 'zoe-pictures', '2024-04-15 05:15:49', '2024-04-15 05:15:49'),
(420, 'Студія 95 квартал', 'studiia-95-kvartal', '2024-04-15 05:15:49', '2024-04-15 05:15:49'),
(421, 'Невідомо', 'nevidomo', '2024-04-15 05:15:49', '2024-04-15 05:15:49');

-- --------------------------------------------------------

--
-- Структура таблиці `company_film`
--

CREATE TABLE `company_film` (
  `id` int UNSIGNED NOT NULL,
  `company_id` int UNSIGNED NOT NULL,
  `film_id` int UNSIGNED NOT NULL
) ENGINE=InnoDB DEFAULT CHARSET=utf8mb4 COLLATE=utf8mb4_unicode_ci;

--
-- Дамп даних таблиці `company_film`
--

INSERT INTO `company_film` (`id`, `company_id`, `film_id`) VALUES
(1, 400, 1),
(2, 270, 1),
(3, 107, 1),
(4, 95, 1),
(5, 77, 1),
(6, 362, 1),
(7, 332, 2),
(8, 270, 2),
(9, 107, 2),
(10, 95, 2),
(11, 2, 3),
(12, 92, 3),
(13, 198, 4),
(14, 405, 5),
(15, 250, 6),
(16, 153, 6),
(17, 304, 6),
(18, 368, 6),
(19, 72, 7),
(20, 150, 7),
(21, 151, 7),
(22, 123, 7),
(23, 8, 8),
(24, 182, 8),
(25, 208, 9),
(26, 135, 9),
(27, 158, 9),
(28, 213, 9),
(29, 322, 9),
(30, 159, 9),
(31, 196, 9),
(32, 293, 9),
(33, 172, 9),
(34, 293, 9),
(35, 172, 10),
(36, 69, 10),
(37, 229, 11),
(38, 390, 11),
(39, 229, 12),
(40, 132, 12),
(41, 172, 12),
(42, 97, 13),
(43, 185, 13),
(44, 149, 13),
(45, 260, 14),
(46, 311, 14),
(47, 312, 14),
(48, 2, 15),
(49, 44, 15),
(50, 175, 16),
(51, 131, 16),
(52, 200, 16),
(53, 3, 17),
(54, 316, 17),
(55, 367, 17),
(56, 53, 17),
(57, 260, 18),
(58, 98, 18),
(59, 20, 18),
(60, 201, 18),
(61, 162, 19),
(62, 260, 19),
(63, 71, 20),
(64, 2, 21),
(65, 24, 21),
(66, 15, 22),
(67, 323, 23),
(68, 240, 23),
(69, 358, 24),
(70, 122, 25),
(71, 10, 25),
(72, 31, 25),
(73, 357, 26),
(74, 365, 26),
(75, 260, 26),
(76, 405, 27),
(77, 308, 27),
(78, 405, 27),
(79, 76, 28),
(80, 334, 28),
(81, 347, 28),
(82, 387, 28),
(83, 397, 29),
(84, 323, 29),
(85, 288, 29),
(86, 240, 29),
(87, 9, 30),
(88, 301, 30),
(89, 46, 31),
(90, 260, 31),
(91, 38, 32),
(92, 197, 33),
(93, 45, 34),
(94, 239, 34),
(95, 174, 34),
(96, 20, 35),
(97, 51, 36),
(98, 349, 36),
(99, 101, 37),
(100, 141, 37),
(101, 157, 37),
(102, 405, 38),
(103, 298, 38),
(104, 405, 38),
(105, 357, 39),
(106, 420, 40),
(107, 405, 41),
(108, 60, 41),
(109, 405, 41),
(110, 85, 42),
(111, 405, 43),
(112, 155, 43),
(113, 226, 43),
(114, 405, 43),
(115, 373, 44),
(116, 9, 45),
(117, 114, 45),
(118, 391, 45),
(119, 421, 46),
(120, 260, 47),
(121, 242, 47),
(122, 281, 47),
(123, 4, 48),
(124, 333, 48),
(125, 33, 49),
(126, 299, 49),
(127, 273, 49),
(128, 141, 49),
(129, 66, 50),
(130, 93, 50),
(131, 378, 50),
(132, 130, 50),
(133, 395, 51),
(134, 217, 51),
(135, 230, 51),
(136, 263, 51),
(137, 413, 51),
(138, 2, 51),
(139, 2, 51),
(140, 404, 52),
(141, 337, 52),
(142, 202, 53),
(143, 106, 53),
(144, 113, 53),
(145, 359, 53),
(146, 57, 53),
(147, 340, 53),
(148, 317, 53),
(149, 110, 53),
(150, 26, 53),
(151, 260, 54),
(152, 302, 54),
(153, 343, 54),
(154, 356, 54),
(155, 411, 55),
(156, 364, 55),
(157, 87, 56),
(158, 285, 56),
(159, 2, 57),
(160, 209, 57),
(161, 34, 57),
(162, 223, 57),
(163, 320, 57),
(164, 2, 57),
(165, 181, 58),
(166, 17, 58),
(167, 80, 58),
(168, 195, 59),
(169, 344, 59),
(170, 87, 60),
(171, 281, 61),
(172, 388, 62),
(173, 405, 63),
(174, 402, 63),
(175, 346, 63),
(176, 293, 64),
(177, 144, 64),
(178, 160, 64),
(179, 20, 65),
(180, 87, 66),
(181, 156, 66),
(182, 255, 66),
(183, 321, 66),
(184, 409, 66),
(185, 116, 67),
(186, 164, 67),
(187, 318, 67),
(188, 278, 68),
(189, 93, 68),
(190, 19, 68),
(191, 291, 68),
(192, 116, 69),
(193, 355, 69),
(194, 179, 69),
(195, 27, 69),
(196, 184, 70),
(197, 184, 71),
(198, 2, 72),
(199, 116, 72),
(200, 90, 72),
(201, 20, 72),
(202, 52, 72),
(203, 2, 73),
(204, 346, 73),
(205, 350, 73),
(206, 2, 74),
(207, 1, 74),
(208, 87, 75),
(209, 275, 75),
(210, 393, 76),
(211, 59, 76),
(212, 175, 76),
(213, 206, 76),
(214, 372, 76),
(215, 2, 77),
(216, 222, 77),
(217, 393, 78),
(218, 222, 78),
(219, 289, 78),
(220, 68, 78),
(221, 364, 78),
(222, 260, 79),
(223, 2, 79),
(224, 148, 79),
(225, 99, 79),
(226, 216, 79),
(227, 346, 79),
(228, 2, 80),
(229, 99, 80),
(230, 216, 80),
(231, 346, 80),
(232, 68, 81),
(233, 68, 81),
(234, 2, 82),
(235, 345, 82),
(236, 2, 83),
(237, 345, 83),
(238, 254, 84),
(239, 254, 85),
(240, 274, 85),
(241, 405, 86),
(242, 109, 86),
(243, 163, 86),
(244, 233, 86),
(245, 251, 87),
(246, 193, 87),
(247, 194, 87),
(248, 109, 88),
(249, 406, 88),
(250, 163, 88),
(251, 58, 88),
(252, 109, 89),
(253, 406, 89),
(254, 61, 89),
(255, 163, 89),
(256, 109, 90),
(257, 58, 90),
(258, 293, 91),
(259, 293, 92),
(260, 293, 93),
(261, 2, 94),
(262, 335, 94),
(263, 117, 94),
(264, 190, 94),
(265, 232, 94),
(266, 2, 94),
(267, 405, 95),
(268, 219, 95),
(269, 89, 95),
(270, 180, 95),
(271, 35, 95),
(272, 268, 95),
(273, 379, 96),
(274, 370, 96),
(275, 410, 96),
(276, 2, 97),
(277, 315, 97),
(278, 222, 97),
(279, 190, 97),
(280, 2, 98),
(281, 99, 98),
(282, 262, 99),
(283, 246, 99),
(284, 385, 99),
(285, 262, 100),
(286, 246, 100),
(287, 385, 100),
(288, 405, 101),
(289, 236, 101),
(290, 260, 102),
(291, 366, 102),
(292, 266, 102),
(293, 418, 102),
(294, 260, 103),
(295, 225, 103),
(296, 418, 103),
(297, 260, 104),
(298, 225, 104),
(299, 418, 104),
(300, 227, 104),
(301, 260, 105),
(302, 307, 105),
(303, 321, 105),
(304, 419, 105),
(305, 405, 106),
(306, 109, 106),
(307, 32, 106),
(308, 405, 107),
(309, 256, 107),
(310, 64, 107),
(311, 191, 107),
(312, 79, 108),
(313, 129, 108),
(314, 178, 108),
(315, 289, 108),
(316, 282, 108),
(317, 48, 109),
(318, 140, 109),
(319, 205, 109),
(320, 405, 110),
(321, 306, 110),
(322, 405, 111),
(323, 96, 111),
(324, 161, 111),
(325, 189, 111),
(326, 402, 111),
(327, 366, 112),
(328, 224, 112),
(329, 103, 112),
(330, 183, 112),
(331, 386, 112),
(332, 6, 112),
(333, 252, 112),
(334, 327, 112),
(335, 2, 113),
(336, 204, 113),
(337, 377, 113),
(338, 81, 114),
(339, 177, 114),
(340, 87, 115),
(341, 157, 115),
(342, 251, 116),
(343, 7, 116),
(344, 2, 117),
(345, 167, 117),
(346, 346, 117),
(347, 254, 118),
(348, 152, 118),
(349, 152, 119),
(350, 74, 119),
(351, 118, 119),
(352, 244, 119),
(353, 2, 120),
(354, 167, 120),
(355, 346, 120),
(356, 2, 121),
(357, 80, 121),
(358, 281, 122),
(359, 11, 122),
(360, 87, 122),
(361, 215, 122),
(362, 300, 122),
(363, 262, 123),
(364, 314, 123),
(365, 262, 124),
(366, 48, 124),
(367, 315, 124),
(368, 165, 125),
(369, 292, 125),
(370, 391, 126),
(371, 356, 126),
(372, 126, 126),
(373, 402, 127),
(374, 392, 127),
(375, 271, 127),
(376, 41, 127),
(377, 402, 128),
(378, 392, 128),
(379, 260, 129),
(380, 167, 129),
(381, 262, 130),
(382, 67, 130),
(383, 262, 131),
(384, 127, 131),
(385, 257, 131),
(386, 376, 131),
(387, 116, 132),
(388, 259, 132),
(389, 392, 132),
(390, 260, 132),
(391, 116, 133),
(392, 259, 133),
(393, 392, 133),
(394, 391, 134),
(395, 128, 134),
(396, 247, 134),
(397, 116, 135),
(398, 225, 135),
(399, 374, 135),
(400, 293, 136),
(401, 119, 136),
(402, 143, 137),
(403, 319, 137),
(404, 341, 137),
(405, 405, 138),
(406, 346, 138),
(407, 405, 139),
(408, 346, 139),
(409, 405, 140),
(410, 346, 140),
(411, 405, 141),
(412, 346, 141),
(413, 112, 141),
(414, 87, 142),
(415, 27, 142),
(416, 276, 142),
(417, 2, 143),
(418, 320, 143),
(419, 173, 144),
(420, 281, 145),
(421, 87, 145),
(422, 325, 145),
(423, 321, 146),
(424, 384, 146),
(425, 233, 146),
(426, 173, 147),
(427, 321, 147),
(428, 366, 148),
(429, 171, 148),
(430, 306, 148),
(431, 348, 148),
(432, 224, 149),
(433, 248, 149),
(434, 100, 149),
(435, 273, 149),
(436, 272, 149),
(437, 293, 150),
(438, 62, 150),
(439, 352, 150),
(440, 267, 151),
(441, 116, 151),
(442, 293, 151),
(443, 336, 151),
(444, 295, 151),
(445, 260, 152),
(446, 281, 152),
(447, 321, 152),
(448, 279, 152),
(449, 261, 152),
(450, 105, 152),
(451, 40, 153),
(452, 264, 153),
(453, 338, 153),
(454, 293, 154),
(455, 146, 154),
(456, 154, 154),
(457, 86, 154),
(458, 88, 154),
(459, 381, 154),
(460, 342, 154),
(461, 349, 154),
(462, 262, 155),
(463, 12, 155),
(464, 99, 155),
(465, 2, 156),
(466, 21, 156),
(467, 23, 156),
(468, 87, 157),
(469, 50, 157),
(470, 104, 157),
(471, 66, 158),
(472, 130, 158),
(473, 378, 158),
(474, 405, 159),
(475, 402, 159),
(476, 271, 159),
(477, 284, 159),
(478, 414, 159),
(479, 175, 160),
(480, 192, 160),
(481, 73, 160),
(482, 258, 160),
(483, 416, 160),
(484, 346, 161),
(485, 13, 161),
(486, 237, 162),
(487, 124, 162),
(488, 125, 162),
(489, 35, 162),
(490, 55, 162),
(491, 130, 163),
(492, 139, 163),
(493, 66, 163),
(494, 78, 163),
(495, 2, 164),
(496, 188, 164),
(497, 363, 164),
(498, 336, 164),
(499, 22, 164),
(500, 2, 164),
(501, 260, 165),
(502, 187, 165),
(503, 87, 166),
(504, 109, 166),
(505, 238, 166),
(506, 321, 166),
(507, 91, 166),
(508, 399, 166),
(509, 402, 167),
(510, 99, 167),
(511, 405, 168),
(512, 293, 168),
(513, 219, 168),
(514, 102, 168),
(515, 89, 168),
(516, 231, 169),
(517, 277, 169),
(518, 375, 169),
(519, 265, 169),
(520, 210, 170),
(521, 241, 170),
(522, 137, 170),
(523, 147, 171),
(524, 283, 171),
(525, 87, 172),
(526, 281, 172),
(527, 321, 172),
(528, 243, 172),
(529, 358, 172),
(530, 356, 173),
(531, 391, 173),
(532, 412, 173),
(533, 260, 174),
(534, 356, 174),
(535, 321, 174),
(536, 27, 174),
(537, 109, 175),
(538, 394, 175),
(539, 248, 176),
(540, 273, 176),
(541, 391, 177),
(542, 199, 177),
(543, 391, 178),
(544, 389, 178),
(545, 408, 178),
(546, 404, 179),
(547, 356, 179),
(548, 233, 179),
(549, 207, 179),
(550, 290, 180),
(551, 324, 180),
(552, 405, 181),
(553, 219, 181),
(554, 102, 181),
(555, 296, 181),
(556, 369, 181),
(557, 224, 182),
(558, 36, 182),
(559, 100, 182),
(560, 111, 182),
(561, 393, 183),
(562, 20, 183),
(563, 405, 184),
(564, 199, 184),
(565, 70, 184),
(566, 43, 185),
(567, 152, 185),
(568, 203, 185),
(569, 254, 185),
(570, 260, 186),
(571, 90, 186),
(572, 170, 186),
(573, 87, 187),
(574, 348, 187),
(575, 293, 188),
(576, 138, 188),
(577, 63, 188),
(578, 326, 188),
(579, 2, 189),
(580, 136, 189),
(581, 405, 190),
(582, 42, 190),
(583, 313, 190),
(584, 260, 191),
(585, 187, 191),
(586, 87, 192),
(587, 238, 192),
(588, 355, 192),
(589, 37, 192),
(590, 87, 193),
(591, 321, 193),
(592, 294, 193),
(593, 260, 194),
(594, 54, 194),
(595, 310, 194),
(596, 253, 194),
(597, 262, 195),
(598, 98, 195),
(599, 2, 196),
(600, 120, 196),
(601, 269, 196),
(602, 405, 197),
(603, 346, 197),
(604, 14, 198),
(605, 134, 198),
(606, 405, 199),
(607, 402, 199),
(608, 271, 199),
(609, 200, 199),
(610, 339, 199),
(611, 414, 199),
(612, 116, 200),
(613, 260, 200),
(614, 335, 200),
(615, 382, 201),
(616, 309, 201),
(617, 224, 202),
(618, 212, 202),
(619, 168, 202),
(620, 224, 203),
(621, 212, 203),
(622, 248, 204),
(623, 224, 204),
(624, 224, 205),
(625, 248, 205),
(626, 273, 205),
(627, 293, 206),
(628, 39, 206),
(629, 356, 206),
(630, 293, 207),
(631, 39, 207),
(632, 211, 207),
(633, 349, 207),
(634, 293, 208),
(635, 39, 208),
(636, 297, 208),
(637, 349, 208),
(638, 351, 208),
(639, 5, 208),
(640, 353, 209),
(641, 286, 209),
(642, 287, 209),
(643, 353, 210),
(644, 286, 210),
(645, 94, 210),
(646, 360, 210),
(647, 401, 210),
(648, 157, 211),
(649, 286, 211),
(650, 133, 211),
(651, 238, 212),
(652, 293, 212),
(653, 238, 213),
(654, 134, 213),
(655, 260, 214),
(656, 238, 214),
(657, 398, 214),
(658, 166, 214),
(659, 238, 215),
(660, 293, 215),
(661, 393, 216),
(662, 16, 216),
(663, 82, 216),
(664, 321, 217),
(665, 191, 217),
(666, 234, 217),
(667, 403, 217),
(668, 328, 217),
(669, 56, 217),
(670, 2, 218),
(671, 117, 218),
(672, 228, 219),
(673, 2, 219),
(674, 228, 220),
(675, 228, 221),
(676, 228, 222),
(677, 228, 223),
(678, 228, 224),
(679, 228, 225),
(680, 18, 225),
(681, 49, 225),
(682, 405, 226),
(683, 102, 226),
(684, 402, 226),
(685, 112, 226),
(686, 3, 226),
(687, 29, 227),
(688, 66, 227),
(689, 130, 227),
(690, 378, 227),
(693, 29, 228),
(694, 364, 228),
(695, 218, 228),
(696, 378, 228),
(697, 130, 228),
(698, 130, 229),
(699, 29, 229),
(700, 364, 229),
(701, 378, 229),
(702, 130, 230),
(703, 28, 230),
(704, 29, 230),
(705, 364, 230),
(706, 78, 230),
(707, 108, 230),
(708, 130, 231),
(709, 371, 231),
(710, 29, 231),
(711, 328, 232),
(712, 405, 233),
(713, 380, 233),
(714, 405, 234),
(715, 380, 234),
(716, 405, 235),
(717, 305, 235),
(718, 405, 236),
(719, 405, 237),
(720, 405, 238),
(721, 405, 239),
(722, 25, 240),
(723, 121, 240),
(724, 260, 241),
(725, 20, 241),
(726, 396, 241),
(727, 260, 242),
(728, 20, 242),
(729, 396, 242),
(730, 260, 243),
(731, 20, 243),
(732, 396, 243),
(733, 405, 244),
(734, 303, 244),
(735, 176, 244),
(736, 214, 244),
(737, 280, 245),
(738, 145, 245),
(739, 186, 245),
(740, 87, 246),
(741, 281, 246),
(742, 75, 246),
(743, 65, 246),
(744, 325, 247),
(745, 281, 247),
(746, 325, 248),
(747, 281, 248),
(748, 281, 249),
(749, 325, 249),
(750, 279, 249),
(751, 329, 249),
(752, 235, 249),
(753, 331, 249),
(754, 115, 250),
(755, 245, 250),
(756, 417, 250),
(757, 224, 251),
(758, 249, 251),
(759, 354, 251),
(760, 142, 251),
(761, 2, 252),
(762, 320, 252),
(763, 361, 252),
(764, 262, 253),
(765, 250, 253),
(766, 165, 253),
(767, 262, 254),
(768, 165, 254),
(769, 84, 255),
(770, 165, 255),
(771, 260, 256),
(772, 187, 256),
(773, 403, 257),
(774, 168, 257),
(775, 407, 257),
(776, 97, 258),
(777, 229, 258),
(778, 415, 258),
(779, 221, 259),
(780, 172, 260),
(781, 157, 260),
(782, 97, 260),
(783, 47, 261),
(784, 97, 261),
(785, 220, 261),
(786, 30, 261),
(787, 2, 262),
(788, 2, 263),
(789, 2, 264),
(790, 92, 264),
(791, 330, 264),
(792, 2, 265),
(793, 383, 265),
(794, 2, 265);

-- --------------------------------------------------------

--
-- Структура таблиці `composers`
--

CREATE TABLE `composers` (
  `id` int UNSIGNED NOT NULL,
  `name` varchar(255) COLLATE utf8mb4_unicode_ci NOT NULL,
  `slug` varchar(255) COLLATE utf8mb4_unicode_ci NOT NULL,
  `created_at` timestamp NULL DEFAULT NULL,
  `updated_at` timestamp NULL DEFAULT NULL
) ENGINE=InnoDB DEFAULT CHARSET=utf8mb4 COLLATE=utf8mb4_unicode_ci;

--
-- Дамп даних таблиці `composers`
--

INSERT INTO `composers` (`id`, `name`, `slug`, `created_at`, `updated_at`) VALUES
(1, 'Aaron Schroeder', 'aaron-schroeder', '2024-04-15 05:15:49', '2024-04-15 05:15:49'),
(2, 'Akhenaton', 'akhenaton', '2024-04-15 05:15:49', '2024-04-15 05:15:49'),
(3, 'Al Khemiya', 'al-khemiya', '2024-04-15 05:15:49', '2024-04-15 05:15:49'),
(4, 'B (Брайан Уэйн Трансо)', 'b-braian-uein-transo', '2024-04-15 05:15:49', '2024-04-15 05:15:49'),
(5, 'BT', 'bt', '2024-04-15 05:15:49', '2024-04-15 05:15:49'),
(6, 'Claude Bolling', 'claude-bolling', '2024-04-15 05:15:49', '2024-04-15 05:15:49'),
(7, 'Claude Foisy', 'claude-foisy', '2024-04-15 05:15:49', '2024-04-15 05:15:49'),
(8, 'Daft Punk', 'daft-punk', '2024-04-15 05:15:49', '2024-04-15 05:15:49'),
(9, 'David Grover', 'david-grover', '2024-04-15 05:15:49', '2024-04-15 05:15:49'),
(10, 'David Hughes', 'david-hughes', '2024-04-15 05:15:49', '2024-04-15 05:15:49'),
(11, 'Dj Kore', 'dj-kore', '2024-04-15 05:15:49', '2024-04-15 05:15:49'),
(12, 'Doudou Masta', 'doudou-masta', '2024-04-15 05:15:49', '2024-04-15 05:15:49'),
(13, 'Dust Brothers', 'dust-brothers', '2024-04-15 05:15:49', '2024-04-15 05:15:49'),
(14, 'George S. Clinton', 'george-s-clinton', '2024-04-15 05:15:49', '2024-04-15 05:15:49'),
(15, 'Haim Saban', 'haim-saban', '2024-04-15 05:15:49', '2024-04-15 05:15:49'),
(16, 'Hal Foxton Beckett', 'hal-foxton-beckett', '2024-04-15 05:15:49', '2024-04-15 05:15:49'),
(17, 'Hervé Lavandier', 'herve-lavandier', '2024-04-15 05:15:49', '2024-04-15 05:15:49'),
(18, 'Irving Szathmary', 'irving-szathmary', '2024-04-15 05:15:49', '2024-04-15 05:15:49'),
(19, 'John Barnes', 'john-barnes', '2024-04-15 05:15:49', '2024-04-15 05:15:49'),
(20, 'Kore & Skalp', 'kore-skalp', '2024-04-15 05:15:49', '2024-04-15 05:15:49'),
(21, 'Ramon Pipin', 'ramon-pipin', '2024-04-15 05:15:49', '2024-04-15 05:15:49'),
(22, 'Shuki Levy', 'shuki-levy', '2024-04-15 05:15:49', '2024-04-15 05:15:49'),
(23, 'Tomandandy', 'tomandandy', '2024-04-15 05:15:49', '2024-04-15 05:15:49'),
(24, 'Аарон Шрёдер', 'aaron-sreder', '2024-04-15 05:15:49', '2024-04-15 05:15:49'),
(25, 'Айра Ньюборн', 'aira-niuborn', '2024-04-15 05:15:49', '2024-04-15 05:15:49'),
(26, 'Алан Сільвестрі', 'alan-silvestri', '2024-04-15 05:15:49', '2024-04-15 05:15:49'),
(27, 'Алекс Вурман', 'aleks-vurman', '2024-04-15 05:15:49', '2024-04-15 05:15:49'),
(28, 'Алекс Геффелс', 'aleks-geffels', '2024-04-15 05:15:49', '2024-04-15 05:15:49'),
(29, 'Александр Деспла', 'aleksandr-despla', '2024-04-15 05:15:49', '2024-04-15 05:15:49'),
(30, 'Альф Клаузен', 'alf-klauzen', '2024-04-15 05:15:49', '2024-04-15 05:15:49'),
(31, 'Антонио Санчес', 'antonio-sances', '2024-04-15 05:15:49', '2024-04-15 05:15:49'),
(32, 'Аттікус Росс', 'attikus-ross', '2024-04-15 05:15:49', '2024-04-15 05:15:49'),
(33, 'Бад Грін', 'bad-grin', '2024-04-15 05:15:49', '2024-04-15 05:15:49'),
(34, 'Безіл Поледуріс', 'bezil-poleduris', '2024-04-15 05:15:49', '2024-04-15 05:15:49'),
(35, 'Бен Гомер', 'ben-gomer', '2024-04-15 05:15:49', '2024-04-15 05:15:49'),
(36, 'Блейк Нілі', 'bleik-nili', '2024-04-15 05:15:49', '2024-04-15 05:15:49'),
(37, 'Борис Бланк', 'boris-blank', '2024-04-15 05:15:49', '2024-04-15 05:15:49'),
(38, 'Брам Венгер', 'bram-venger', '2024-04-15 05:15:49', '2024-04-15 05:15:49'),
(39, 'Браян Тайлер', 'braian-tailer', '2024-04-15 05:15:49', '2024-04-15 05:15:49'),
(40, 'Бред Вагнер', 'bred-vagner', '2024-04-15 05:15:49', '2024-04-15 05:15:49'),
(41, 'Бред Фідель', 'bred-fidel', '2024-04-15 05:15:49', '2024-04-15 05:15:49'),
(42, 'Гай Мун', 'gai-mun', '2024-04-15 05:15:49', '2024-04-15 05:15:49'),
(43, 'Ганс Ціммер', 'gans-cimmer', '2024-04-15 05:15:49', '2024-04-15 05:15:49'),
(44, 'Гарольд Фальтермаєр', 'garold-faltermajer', '2024-04-15 05:15:49', '2024-04-15 05:15:49'),
(45, 'Гарри МакДональд', 'garri-makdonald', '2024-04-15 05:15:49', '2024-04-15 05:15:49'),
(46, 'Гаррі Грегсон-Вільямс', 'garri-gregson-viliams', '2024-04-15 05:15:49', '2024-04-15 05:15:49'),
(47, 'Говард Шор', 'govard-sor', '2024-04-15 05:15:49', '2024-04-15 05:15:49'),
(48, 'Грем Ревелл', 'grem-revell', '2024-04-15 05:15:49', '2024-04-15 05:15:49'),
(49, 'Да Октопусс', 'da-oktopuss', '2024-04-15 05:15:49', '2024-04-15 05:15:49'),
(50, 'Девід Арнольд', 'devid-arnold', '2024-04-15 05:15:49', '2024-04-15 05:15:49'),
(51, 'Девід Ванакор', 'devid-vanakor', '2024-04-15 05:15:49', '2024-04-15 05:15:49'),
(52, 'Девід Голмс', 'devid-golms', '2024-04-15 05:15:49', '2024-04-15 05:15:49'),
(53, 'Девід Кітай', 'devid-kitai', '2024-04-15 05:15:49', '2024-04-15 05:15:49'),
(54, 'Девід Нессім Ловренс', 'devid-nessim-lovrens', '2024-04-15 05:15:49', '2024-04-15 05:15:49'),
(55, 'Девід Ньюман', 'devid-niuman', '2024-04-15 05:15:49', '2024-04-15 05:15:49'),
(56, 'Девід Сарді', 'devid-sardi', '2024-04-15 05:15:49', '2024-04-15 05:15:49'),
(57, 'Девід Сенборн', 'devid-senborn', '2024-04-15 05:15:49', '2024-04-15 05:15:49'),
(58, 'Девід Шир', 'devid-sir', '2024-04-15 05:15:49', '2024-04-15 05:15:49'),
(59, 'Демієн Рок', 'demijen-rok', '2024-04-15 05:15:49', '2024-04-15 05:15:49'),
(60, 'Денні Ельфман', 'denni-elfman', '2024-04-15 05:15:49', '2024-04-15 05:15:49'),
(61, 'Денні Люкс', 'denni-liuks', '2024-04-15 05:15:49', '2024-04-15 05:15:49'),
(62, 'Денніс Ч. Браун', 'dennis-c-braun', '2024-04-15 05:15:49', '2024-04-15 05:15:49'),
(63, 'Джеймс Вінебл', 'dzeims-vinebl', '2024-04-15 05:15:49', '2024-04-15 05:15:49'),
(64, 'Джеймс Горнер', 'dzeims-gorner', '2024-04-15 05:15:49', '2024-04-15 05:15:49'),
(65, 'Джеймс Ньютон Говард', 'dzeims-niuton-govard', '2024-04-15 05:15:49', '2024-04-15 05:15:49'),
(66, 'Джеррі Голдсміт', 'dzerri-goldsmit', '2024-04-15 05:15:49', '2024-04-15 05:15:49'),
(67, 'Джин Мак-Даніел ', 'dzin-mak-daniel', '2024-04-15 05:15:49', '2024-04-15 05:15:49'),
(68, 'Джоел Дж. Річард', 'dzoel-dz-ricard', '2024-04-15 05:15:49', '2024-04-15 05:15:49'),
(69, 'Джозеф ЛоДука', 'dzozef-loduka', '2024-04-15 05:15:49', '2024-04-15 05:15:49'),
(70, 'Джон Бріон', 'dzon-brion', '2024-04-15 05:15:49', '2024-04-15 05:15:49'),
(71, 'Джон Вільямс', 'dzon-viliams', '2024-04-15 05:15:50', '2024-04-15 05:15:50'),
(72, 'Джон Дебні', 'dzon-debni', '2024-04-15 05:15:50', '2024-04-15 05:15:50'),
(73, 'Джон Дю През', 'dzon-diu-prez', '2024-04-15 05:15:50', '2024-04-15 05:15:50'),
(74, 'Джон Мерфі', 'dzon-merfi', '2024-04-15 05:15:50', '2024-04-15 05:15:50'),
(75, 'Джон Пітер Робінсон', 'dzon-piter-robinson', '2024-04-15 05:15:50', '2024-04-15 05:15:50'),
(76, 'Джон Свайхарт', 'dzon-svaixart', '2024-04-15 05:15:50', '2024-04-15 05:15:50'),
(77, 'Джонні Клаймек', 'dzonni-klaimek', '2024-04-15 05:15:50', '2024-04-15 05:15:50'),
(78, 'Джордж С. Клінтон', 'dzordz-s-klinton', '2024-04-15 05:15:50', '2024-04-15 05:15:50'),
(79, 'Джордж Фентон', 'dzordz-fenton', '2024-04-15 05:15:50', '2024-04-15 05:15:50'),
(80, 'Дон Девіс', 'don-devis', '2024-04-15 05:15:50', '2024-04-15 05:15:50'),
(81, 'Дэвид Гроувер', 'devid-grouver', '2024-04-15 05:15:50', '2024-04-15 05:15:50'),
(82, 'Дэн Стадни', 'den-stadni', '2024-04-15 05:15:50', '2024-04-15 05:15:50'),
(83, 'Едвард Шермур', 'edvard-sermur', '2024-04-15 05:15:50', '2024-04-15 05:15:50'),
(84, 'Еліот Голденталь', 'eliot-goldental', '2024-04-15 05:15:50', '2024-04-15 05:15:50'),
(85, 'Елмер Бернстайн', 'elmer-bernstain', '2024-04-15 05:15:50', '2024-04-15 05:15:50'),
(86, 'Ерве Левандьє', 'erve-levandje', '2024-04-15 05:15:50', '2024-04-15 05:15:50'),
(87, 'Ерік Клептон', 'erik-klepton', '2024-04-15 05:15:50', '2024-04-15 05:15:50'),
(88, 'Ерік Серра', 'erik-serra', '2024-04-15 05:15:50', '2024-04-15 05:15:50'),
(89, 'Ілля Кмірал', 'illia-kmiral', '2024-04-15 05:15:50', '2024-04-15 05:15:50'),
(90, 'Карл Сталлинг', 'karl-stalling', '2024-04-15 05:15:50', '2024-04-15 05:15:50'),
(91, 'Картер Бервелл', 'karter-bervell', '2024-04-15 05:15:50', '2024-04-15 05:15:50'),
(92, 'Керол Кінг', 'kerol-king', '2024-04-15 05:15:50', '2024-04-15 05:15:50'),
(93, 'Клаус Бадельт', 'klaus-badelt', '2024-04-15 05:15:50', '2024-04-15 05:15:50'),
(94, 'Клінт Менселл', 'klint-mensell', '2024-04-15 05:15:50', '2024-04-15 05:15:50'),
(95, 'Кліфф Мартінес', 'kliff-martines', '2024-04-15 05:15:50', '2024-04-15 05:15:50'),
(96, 'Комбасчібл Едісон', 'kombascibl-edison', '2024-04-15 05:15:50', '2024-04-15 05:15:50'),
(97, 'Кріс Бабіда', 'kris-babida', '2024-04-15 05:15:50', '2024-04-15 05:15:50'),
(98, 'Крістоф Бек', 'kristof-bek', '2024-04-15 05:15:50', '2024-04-15 05:15:50'),
(99, 'Крістофер Леннерц', 'kristofer-lennerc', '2024-04-15 05:15:50', '2024-04-15 05:15:50'),
(100, 'Крістофер Тінг', 'kristofer-ting', '2024-04-15 05:15:50', '2024-04-15 05:15:50'),
(101, 'Крістофер Янг', 'kristofer-iang', '2024-04-15 05:15:50', '2024-04-15 05:15:50'),
(102, 'Куинси Джонс', 'kuinsi-dzons', '2024-04-15 05:15:50', '2024-04-15 05:15:50'),
(103, 'Лайл Воркмен', 'lail-vorkmen', '2024-04-15 05:15:50', '2024-04-15 05:15:50'),
(104, 'Лес Браун', 'les-braun', '2024-04-15 05:15:50', '2024-04-15 05:15:50'),
(105, 'Лі Голдрідж', 'li-goldridz', '2024-04-15 05:15:50', '2024-04-15 05:15:50'),
(106, 'Ліза Джеррард', 'liza-dzerrard', '2024-04-15 05:15:50', '2024-04-15 05:15:50'),
(107, 'Лори Стоун', 'lori-stoun', '2024-04-15 05:15:50', '2024-04-15 05:15:50'),
(108, 'Людвіг Йоранссон', 'liudvig-ioransson', '2024-04-15 05:15:50', '2024-04-15 05:15:50'),
(109, 'Майк Паттон', 'maik-patton', '2024-04-15 05:15:50', '2024-04-15 05:15:50'),
(110, 'Майк Пост', 'maik-post', '2024-04-15 05:15:50', '2024-04-15 05:15:50'),
(111, 'Майкл Абелс', 'maikl-abels', '2024-04-15 05:15:50', '2024-04-15 05:15:50'),
(112, 'Майкл Брук', 'maikl-bruk', '2024-04-15 05:15:50', '2024-04-15 05:15:50'),
(113, 'Майкл Джаккіно', 'maikl-dzakkino', '2024-04-15 05:15:50', '2024-04-15 05:15:50'),
(114, 'Майкл Кеймен', 'maikl-keimen', '2024-04-15 05:15:50', '2024-04-15 05:15:50'),
(115, 'Майкл Прайс', 'maikl-prais', '2024-04-15 05:15:50', '2024-04-15 05:15:50'),
(116, 'Майкл Субі', 'maikl-subi', '2024-04-15 05:15:50', '2024-04-15 05:15:50'),
(117, 'Майкл Тавера', 'maikl-tavera', '2024-04-15 05:15:50', '2024-04-15 05:15:50'),
(118, 'Майлз Гудман', 'mailz-gudman', '2024-04-15 05:15:50', '2024-04-15 05:15:50'),
(119, 'Марк Айшем', 'mark-aisem', '2024-04-15 05:15:50', '2024-04-15 05:15:50'),
(120, 'Марк Ішем', 'mark-isem', '2024-04-15 05:15:50', '2024-04-15 05:15:50'),
(121, 'Марк Мазесбо', 'mark-mazesbo', '2024-04-15 05:15:50', '2024-04-15 05:15:50'),
(122, 'Марк МакГрес', 'mark-makgres', '2024-04-15 05:15:50', '2024-04-15 05:15:50'),
(123, 'Марк Мансіна', 'mark-mansina', '2024-04-15 05:15:50', '2024-04-15 05:15:50'),
(124, 'Марк Стрейтенфелд', 'mark-streitenfeld', '2024-04-15 05:15:50', '2024-04-15 05:15:50'),
(125, 'Марко Белтрамі', 'marko-beltrami', '2024-04-15 05:15:50', '2024-04-15 05:15:50'),
(126, 'Милт Франклин ', 'milt-franklin', '2024-04-15 05:15:50', '2024-04-15 05:15:50'),
(127, 'Мішель Мань', 'misel-man', '2024-04-15 05:15:50', '2024-04-15 05:15:50'),
(128, 'Найл Роджерс', 'nail-rodzers', '2024-04-15 05:15:50', '2024-04-15 05:15:50'),
(129, 'Олександр Азарія', 'oleksandr-azariia', '2024-04-15 05:15:50', '2024-04-15 05:15:50'),
(130, 'Патрік Дойл', 'patrik-doil', '2024-04-15 05:15:50', '2024-04-15 05:15:50'),
(131, 'Пит Карпентер', 'pit-karpenter', '2024-04-15 05:15:50', '2024-04-15 05:15:50'),
(132, 'Питер Бернштейн', 'piter-bernstein', '2024-04-15 05:15:50', '2024-04-15 05:15:50'),
(133, 'Пол Гаслінгер', 'pol-gaslinger', '2024-04-15 05:15:50', '2024-04-15 05:15:50'),
(134, 'Пол Гілріт', 'pol-gilrit', '2024-04-15 05:15:50', '2024-04-15 05:15:50'),
(135, 'Пол Леонард-Морґан', 'pol-leonard-morgan', '2024-04-15 05:15:50', '2024-04-15 05:15:50'),
(136, 'Пол Ребджонс', 'pol-rebdzons', '2024-04-15 05:15:50', '2024-04-15 05:15:50'),
(137, 'Пол Хаслінгер', 'pol-xaslinger', '2024-04-15 05:15:50', '2024-04-15 05:15:50'),
(138, 'Рамін Джаваді', 'ramin-dzavadi', '2024-04-15 05:15:50', '2024-04-15 05:15:50'),
(139, 'Рассел Мэйл', 'rassel-meil', '2024-04-15 05:15:50', '2024-04-15 05:15:50'),
(140, 'Ренді Едельман', 'rendi-edelman', '2024-04-15 05:15:50', '2024-04-15 05:15:50'),
(141, 'Ренді Ньюман', 'rendi-niuman', '2024-04-15 05:15:50', '2024-04-15 05:15:50'),
(142, 'Ричард Ашер', 'ricard-aser', '2024-04-15 05:15:51', '2024-04-15 05:15:51'),
(143, 'Роберт Лайдекер', 'robert-laideker', '2024-04-15 05:15:51', '2024-04-15 05:15:51'),
(144, 'Роберт Родрігес', 'robert-rodriges', '2024-04-15 05:15:51', '2024-04-15 05:15:51'),
(145, 'Роберт Фолк', 'robert-folk', '2024-04-15 05:15:51', '2024-04-15 05:15:51'),
(146, 'Роджер Беллон', 'rodzer-bellon', '2024-04-15 05:15:51', '2024-04-15 05:15:51'),
(147, 'Рон Мэйл', 'ron-meil', '2024-04-15 05:15:51', '2024-04-15 05:15:51'),
(148, 'Руперт Грегсон-Вільямс', 'rupert-gregson-viliams', '2024-04-15 05:15:51', '2024-04-15 05:15:51'),
(149, 'Сільвестр Левай', 'silvestr-levai', '2024-04-15 05:15:51', '2024-04-15 05:15:51'),
(150, 'Стефен В. Парсонс', 'stefen-v-parsons', '2024-04-15 05:15:51', '2024-04-15 05:15:51'),
(151, 'Стівен Ендельман', 'stiven-endelman', '2024-04-15 05:15:51', '2024-04-15 05:15:51'),
(152, 'Стэнли Кларк', 'stenli-klark', '2024-04-15 05:15:51', '2024-04-15 05:15:51'),
(153, 'Стюарт Коупленд', 'stiuart-kouplend', '2024-04-15 05:15:51', '2024-04-15 05:15:51'),
(154, 'Тайлер Бейтс', 'tailer-beits', '2024-04-15 05:15:51', '2024-04-15 05:15:51'),
(155, 'Тедді Кастелуччі', 'teddi-kastelucci', '2024-04-15 05:15:51', '2024-04-15 05:15:51'),
(156, 'Теодор Шапіро', 'teodor-sapiro', '2024-04-15 05:15:51', '2024-04-15 05:15:51'),
(157, 'Тим Уинн', 'tim-uinn', '2024-04-15 05:15:51', '2024-04-15 05:15:51'),
(158, 'Томас Ньюман', 'tomas-niuman', '2024-04-15 05:15:51', '2024-04-15 05:15:51'),
(159, 'Тревор Рабін', 'trevor-rabin', '2024-04-15 05:15:51', '2024-04-15 05:15:51'),
(160, 'Уильям Лэйва', 'uiliam-leiva', '2024-04-15 05:15:51', '2024-04-15 05:15:51'),
(161, 'Фред Стейнер', 'fred-steiner', '2024-04-15 05:15:51', '2024-04-15 05:15:51'),
(162, 'Фред Фідель', 'fred-fidel', '2024-04-15 05:15:51', '2024-04-15 05:15:51'),
(163, 'Фредерік Талгорн', 'frederik-talgorn', '2024-04-15 05:15:51', '2024-04-15 05:15:51'),
(164, 'Френсіс Гайнс', 'frensis-gains', '2024-04-15 05:15:51', '2024-04-15 05:15:51'),
(165, 'Фрибайрн-Смит', 'fribairn-smit', '2024-04-15 05:15:51', '2024-04-15 05:15:51'),
(166, 'Хуан Гарсія Есківель', 'xuan-garsiia-eskivel', '2024-04-15 05:15:51', '2024-04-15 05:15:51'),
(167, 'Чак Лоррі', 'cak-lorri', '2024-04-15 05:15:51', '2024-04-15 05:15:51'),
(168, 'Ян Стівенс', 'ian-stivens', '2024-04-15 05:15:51', '2024-04-15 05:15:51'),
(169, 'Невідомо', 'nevidomo', '2024-04-15 05:15:51', '2024-04-15 05:15:51');

-- --------------------------------------------------------

--
-- Структура таблиці `composer_film`
--

CREATE TABLE `composer_film` (
  `id` int UNSIGNED NOT NULL,
  `composer_id` int UNSIGNED NOT NULL,
  `film_id` int UNSIGNED NOT NULL
) ENGINE=InnoDB DEFAULT CHARSET=utf8mb4 COLLATE=utf8mb4_unicode_ci;

--
-- Дамп даних таблиці `composer_film`
--

INSERT INTO `composer_film` (`id`, `composer_id`, `film_id`) VALUES
(1, 129, 1),
(2, 117, 2),
(3, 100, 3),
(4, 162, 4),
(5, 90, 5),
(6, 126, 5),
(7, 161, 5),
(8, 168, 6),
(9, 62, 6),
(10, 129, 7),
(11, 16, 8),
(12, 129, 9),
(13, 42, 10),
(14, 21, 11),
(15, 17, 11),
(16, 6, 12),
(17, 22, 12),
(18, 15, 12),
(19, 6, 13),
(20, 102, 14),
(21, 76, 15),
(22, 129, 16),
(23, 129, 17),
(24, 129, 18),
(25, 129, 19),
(26, 110, 20),
(27, 132, 20),
(28, 166, 20),
(29, 61, 21),
(30, 30, 22),
(31, 69, 23),
(32, 51, 24),
(33, 129, 25),
(34, 61, 26),
(35, 36, 27),
(36, 129, 28),
(37, 69, 29),
(38, 105, 30),
(39, 150, 31),
(40, 129, 32),
(41, 129, 33),
(42, 50, 34),
(43, 115, 34),
(44, 129, 35),
(45, 129, 36),
(46, 147, 37),
(47, 60, 38),
(48, 133, 39),
(49, 82, 39),
(50, 129, 40),
(51, 129, 41),
(52, 129, 42),
(53, 45, 43),
(54, 107, 43),
(55, 18, 44),
(56, 169, 45),
(57, 1, 46),
(58, 9, 46),
(59, 4, 47),
(60, 158, 48),
(61, 38, 49),
(62, 153, 50),
(63, 31, 51),
(64, 8, 52),
(65, 94, 53),
(66, 72, 54),
(67, 50, 55),
(68, 79, 56),
(69, 13, 57),
(70, 26, 58),
(71, 146, 59),
(72, 79, 60),
(73, 157, 61),
(74, 48, 62),
(75, 80, 63),
(76, 119, 64),
(77, 60, 65),
(78, 70, 66),
(79, 157, 67),
(80, 77, 68),
(81, 27, 69),
(82, 71, 70),
(83, 129, 71),
(84, 129, 72),
(85, 64, 73),
(86, 55, 74),
(87, 114, 75),
(88, 44, 76),
(89, 41, 77),
(90, 163, 78),
(91, 26, 79),
(92, 26, 80),
(93, 66, 81),
(94, 150, 82),
(95, 34, 83),
(96, 25, 84),
(97, 146, 85),
(98, 37, 86),
(99, 19, 87),
(100, 53, 88),
(101, 122, 89),
(102, 63, 90),
(103, 25, 91),
(104, 25, 92),
(105, 25, 93),
(106, 124, 94),
(107, 155, 95),
(108, 60, 96),
(109, 64, 97),
(110, 80, 98),
(111, 78, 99),
(112, 78, 100),
(113, 44, 101),
(114, 54, 102),
(115, 54, 103),
(116, 98, 104),
(117, 103, 105),
(118, 157, 106),
(119, 67, 106),
(120, 125, 107),
(121, 163, 108),
(122, 116, 109),
(123, 60, 110),
(124, 60, 111),
(125, 155, 112),
(126, 68, 112),
(127, 157, 113),
(128, 7, 114),
(129, 88, 115),
(130, 96, 116),
(131, 104, 116),
(132, 167, 116),
(133, 33, 116),
(134, 35, 116),
(135, 114, 117),
(136, 141, 118),
(137, 72, 119),
(138, 114, 120),
(139, 114, 121),
(140, 5, 122),
(141, 99, 123),
(142, 99, 124),
(143, 97, 125),
(144, 152, 125),
(145, 137, 125),
(146, 93, 126),
(147, 47, 127),
(148, 52, 128),
(149, 118, 129),
(150, 14, 130),
(151, 14, 131),
(152, 142, 132),
(153, 142, 133),
(154, 91, 134),
(155, 141, 135),
(156, 128, 136),
(157, 98, 137),
(158, 87, 138),
(159, 114, 138),
(160, 87, 139),
(161, 114, 139),
(162, 57, 139),
(163, 87, 140),
(164, 114, 140),
(165, 57, 140),
(166, 87, 141),
(167, 114, 141),
(168, 57, 141),
(169, 157, 142),
(170, 55, 143),
(171, 149, 144),
(172, 149, 145),
(173, 112, 146),
(174, 149, 147),
(175, 10, 148),
(176, 39, 149),
(177, 53, 150),
(178, 159, 151),
(179, 39, 152),
(180, 135, 153),
(181, 99, 154),
(182, 95, 155),
(183, 154, 156),
(184, 85, 157),
(185, 49, 158),
(186, 59, 158),
(187, 123, 159),
(188, 165, 160),
(189, 151, 160),
(190, 32, 161),
(191, 28, 162),
(192, 130, 163),
(193, 29, 164),
(194, 141, 165),
(195, 101, 166),
(196, 164, 167),
(197, 155, 168),
(198, 75, 169),
(199, 148, 170),
(200, 140, 170),
(201, 129, 171),
(202, 121, 172),
(203, 40, 173),
(204, 103, 174),
(205, 145, 175),
(206, 72, 175),
(207, 48, 175),
(208, 119, 176),
(209, 46, 177),
(210, 156, 178),
(211, 120, 179),
(212, 81, 180),
(213, 24, 180),
(214, 43, 181),
(215, 23, 182),
(216, 71, 183),
(217, 160, 184),
(218, 89, 185),
(219, 134, 186),
(220, 74, 187),
(221, 83, 188),
(222, 157, 189),
(223, 64, 190),
(224, 72, 191),
(225, 65, 191),
(226, 108, 192),
(227, 56, 193),
(228, 111, 194),
(229, 141, 195),
(230, 26, 196),
(231, 84, 197),
(232, 103, 198),
(233, 52, 199),
(234, 43, 200),
(235, 106, 200),
(236, 58, 201),
(237, 138, 202),
(238, 109, 203),
(239, 39, 204),
(240, 39, 205),
(241, 113, 206),
(242, 113, 207),
(243, 113, 208),
(244, 127, 209),
(245, 127, 210),
(246, 127, 211),
(247, 26, 212),
(248, 139, 213),
(249, 60, 214),
(250, 131, 215),
(251, 41, 216),
(252, 136, 217),
(253, 26, 218),
(254, 71, 219),
(255, 71, 220),
(256, 71, 221),
(257, 71, 222),
(258, 71, 223),
(259, 71, 224),
(260, 113, 225),
(261, 93, 226),
(262, 39, 226),
(263, 2, 227),
(264, 3, 228),
(265, 20, 229),
(266, 12, 230),
(267, 11, 231),
(268, 48, 232),
(269, 146, 233),
(270, 92, 233),
(271, 146, 234),
(272, 146, 235),
(273, 146, 236),
(274, 146, 237),
(275, 146, 238),
(276, 146, 239),
(277, 66, 240),
(278, 26, 241),
(279, 26, 242),
(280, 26, 243),
(281, 64, 244),
(282, 72, 245),
(283, 84, 246),
(284, 141, 247),
(285, 125, 248),
(286, 39, 249),
(287, 144, 249),
(288, 129, 250),
(289, 120, 251),
(290, 156, 252),
(291, 73, 253),
(292, 73, 254),
(293, 73, 255),
(294, 143, 255),
(295, 55, 256),
(296, 98, 257),
(297, 86, 258),
(298, 6, 259),
(299, 22, 259),
(300, 15, 259),
(301, 129, 260),
(302, 6, 261),
(303, 100, 262),
(304, 100, 263),
(305, 100, 264),
(306, 100, 265);

-- --------------------------------------------------------

--
-- Структура таблиці `countries`
--

CREATE TABLE `countries` (
  `id` int UNSIGNED NOT NULL,
  `title` varchar(255) COLLATE utf8mb4_unicode_ci NOT NULL,
  `slug` varchar(255) COLLATE utf8mb4_unicode_ci NOT NULL,
  `created_at` timestamp NULL DEFAULT NULL,
  `updated_at` timestamp NULL DEFAULT NULL
) ENGINE=InnoDB DEFAULT CHARSET=utf8mb4 COLLATE=utf8mb4_unicode_ci;

--
-- Дамп даних таблиці `countries`
--

INSERT INTO `countries` (`id`, `title`, `slug`, `created_at`, `updated_at`) VALUES
(1, 'Австралія', 'avstraliia', '2024-04-15 05:15:36', '2024-04-15 05:15:36'),
(2, 'Аруба', 'aruba', '2024-04-15 05:15:36', '2024-04-15 05:15:36'),
(3, 'Бельгія', 'belgiia', '2024-04-15 05:15:36', '2024-04-15 05:15:36'),
(4, 'Болгарія', 'bolgariia', '2024-04-15 05:15:36', '2024-04-15 05:15:36'),
(5, 'Велика Британія', 'velika-britaniia', '2024-04-15 05:15:36', '2024-04-15 05:15:36'),
(6, 'Гонконг', 'gonkong', '2024-04-15 05:15:36', '2024-04-15 05:15:36'),
(7, 'Ірландія', 'irlandiia', '2024-04-15 05:15:36', '2024-04-15 05:15:36'),
(8, 'Італія', 'italiia', '2024-04-15 05:15:37', '2024-04-15 05:15:37'),
(9, 'Канада', 'kanada', '2024-04-15 05:15:37', '2024-04-15 05:15:37'),
(10, 'Китай', 'kitai', '2024-04-15 05:15:37', '2024-04-15 05:15:37'),
(11, 'Мальта', 'malta', '2024-04-15 05:15:37', '2024-04-15 05:15:37'),
(12, 'Мексика', 'meksika', '2024-04-15 05:15:37', '2024-04-15 05:15:37'),
(13, 'Німеччина', 'nimeccina', '2024-04-15 05:15:37', '2024-04-15 05:15:37'),
(14, 'Нова Зеландія', 'nova-zelandiia', '2024-04-15 05:15:37', '2024-04-15 05:15:37'),
(15, 'США', 'ssa', '2024-04-15 05:15:37', '2024-04-15 05:15:37'),
(16, 'Україна', 'ukrayina', '2024-04-15 05:15:37', '2024-04-15 05:15:37'),
(17, 'Франція', 'franciia', '2024-04-15 05:15:37', '2024-04-15 05:15:37'),
(18, 'Чехія', 'cexiia', '2024-04-15 05:15:37', '2024-04-15 05:15:37'),
(19, 'Швейцарія', 'sveicariia', '2024-04-15 05:15:37', '2024-04-15 05:15:37'),
(20, 'Японія', 'iaponiia', '2024-04-15 05:15:37', '2024-04-15 05:15:37'),
(21, 'Невідомо', 'nevidomo', '2024-04-15 05:15:37', '2024-04-15 05:15:37'),
(22, 'Австралія', 'avstraliia-1', '2024-04-15 05:15:51', '2024-04-15 05:15:51'),
(23, 'Аруба', 'aruba-1', '2024-04-15 05:15:51', '2024-04-15 05:15:51'),
(24, 'Бельгія', 'belgiia-1', '2024-04-15 05:15:51', '2024-04-15 05:15:51'),
(25, 'Болгарія', 'bolgariia-1', '2024-04-15 05:15:51', '2024-04-15 05:15:51'),
(26, 'Велика Британія', 'velika-britaniia-1', '2024-04-15 05:15:51', '2024-04-15 05:15:51'),
(27, 'Гонконг', 'gonkong-1', '2024-04-15 05:15:51', '2024-04-15 05:15:51'),
(28, 'Ірландія', 'irlandiia-1', '2024-04-15 05:15:51', '2024-04-15 05:15:51'),
(29, 'Італія', 'italiia-1', '2024-04-15 05:15:51', '2024-04-15 05:15:51'),
(30, 'Канада', 'kanada-1', '2024-04-15 05:15:51', '2024-04-15 05:15:51'),
(31, 'Китай', 'kitai-1', '2024-04-15 05:15:51', '2024-04-15 05:15:51'),
(32, 'Мальта', 'malta-1', '2024-04-15 05:15:51', '2024-04-15 05:15:51'),
(33, 'Мексика', 'meksika-1', '2024-04-15 05:15:51', '2024-04-15 05:15:51'),
(34, 'Німеччина', 'nimeccina-1', '2024-04-15 05:15:51', '2024-04-15 05:15:51'),
(35, 'Нова Зеландія', 'nova-zelandiia-1', '2024-04-15 05:15:51', '2024-04-15 05:15:51'),
(36, 'США', 'ssa-1', '2024-04-15 05:15:51', '2024-04-15 05:15:51'),
(37, 'Україна', 'ukrayina-1', '2024-04-15 05:15:51', '2024-04-15 05:15:51'),
(38, 'Франція', 'franciia-1', '2024-04-15 05:15:51', '2024-04-15 05:15:51'),
(39, 'Чехія', 'cexiia-1', '2024-04-15 05:15:52', '2024-04-15 05:15:52'),
(40, 'Швейцарія', 'sveicariia-1', '2024-04-15 05:15:52', '2024-04-15 05:15:52'),
(41, 'Японія', 'iaponiia-1', '2024-04-15 05:15:52', '2024-04-15 05:15:52'),
(42, 'Невідомо', 'nevidomo-1', '2024-04-15 05:15:52', '2024-04-15 05:15:52');

-- --------------------------------------------------------

--
-- Структура таблиці `country_film`
--

CREATE TABLE `country_film` (
  `id` int UNSIGNED NOT NULL,
  `country_id` int UNSIGNED NOT NULL,
  `film_id` int UNSIGNED NOT NULL
) ENGINE=InnoDB DEFAULT CHARSET=utf8mb4 COLLATE=utf8mb4_unicode_ci;

--
-- Дамп даних таблиці `country_film`
--

INSERT INTO `country_film` (`id`, `country_id`, `film_id`) VALUES
(1, 15, 1),
(2, 15, 2),
(3, 15, 3),
(4, 15, 4),
(5, 15, 5),
(6, 15, 6),
(7, 17, 7),
(8, 7, 7),
(9, 13, 7),
(10, 9, 8),
(11, 15, 9),
(12, 15, 10),
(13, 17, 11),
(14, 17, 12),
(15, 13, 12),
(16, 5, 12),
(17, 17, 13),
(18, 15, 14),
(19, 15, 15),
(20, 15, 16),
(21, 15, 17),
(22, 15, 18),
(23, 15, 19),
(24, 15, 20),
(25, 15, 21),
(26, 15, 22),
(27, 15, 23),
(28, 14, 23),
(29, 15, 24),
(30, 15, 25),
(31, 15, 26),
(32, 15, 27),
(33, 15, 28),
(34, 5, 28),
(35, 9, 28),
(36, 13, 28),
(37, 15, 29),
(38, 14, 29),
(39, 15, 30),
(40, 15, 31),
(41, 15, 32),
(42, 15, 33),
(43, 5, 34),
(44, 15, 34),
(45, 15, 35),
(46, 15, 36),
(47, 9, 37),
(48, 17, 37),
(49, 15, 38),
(50, 15, 39),
(51, 16, 40),
(52, 15, 41),
(53, 14, 42),
(54, 15, 43),
(55, 15, 44),
(56, 15, 45),
(57, 15, 46),
(58, 8, 46),
(59, 15, 47),
(60, 13, 47),
(61, 15, 48),
(62, 5, 49),
(63, 9, 49),
(64, 17, 50),
(65, 15, 50),
(66, 9, 51),
(67, 9, 51),
(68, 10, 52),
(69, 13, 53),
(70, 5, 53),
(71, 13, 53),
(72, 18, 53),
(73, 15, 54),
(74, 15, 55),
(75, 5, 55),
(76, 17, 55),
(77, 15, 56),
(78, 15, 57),
(79, 13, 57),
(80, 15, 58),
(81, 5, 58),
(82, 20, 58),
(83, 15, 59),
(84, 15, 60),
(85, 15, 61),
(86, 15, 62),
(87, 15, 63),
(88, 15, 64),
(89, 13, 64),
(90, 15, 65),
(91, 15, 66),
(92, 15, 67),
(93, 5, 67),
(94, 13, 67),
(95, 5, 68),
(96, 1, 68),
(97, 15, 69),
(98, 15, 70),
(99, 15, 71),
(100, 15, 72),
(101, 15, 73),
(102, 15, 74),
(103, 15, 75),
(104, 15, 76),
(105, 15, 77),
(106, 15, 78),
(107, 17, 78),
(108, 15, 79),
(109, 15, 80),
(110, 15, 81),
(111, 15, 82),
(112, 15, 83),
(113, 15, 84),
(114, 15, 85),
(115, 15, 86),
(116, 15, 87),
(117, 15, 88),
(118, 15, 89),
(119, 15, 90),
(120, 9, 90),
(121, 15, 91),
(122, 15, 92),
(123, 15, 93),
(124, 15, 94),
(125, 5, 94),
(126, 15, 95),
(127, 15, 96),
(128, 5, 96),
(129, 13, 96),
(130, 8, 96),
(131, 15, 97),
(132, 5, 97),
(133, 15, 98),
(134, 15, 99),
(135, 15, 100),
(136, 15, 101),
(137, 15, 102),
(138, 15, 103),
(139, 15, 104),
(140, 13, 104),
(141, 15, 105),
(142, 15, 106),
(143, 15, 107),
(144, 5, 107),
(145, 13, 107),
(146, 15, 108),
(147, 5, 108),
(148, 15, 109),
(149, 9, 109),
(150, 15, 110),
(151, 5, 110),
(152, 15, 111),
(153, 1, 111),
(154, 15, 112),
(155, 15, 113),
(156, 9, 114),
(157, 13, 114),
(158, 17, 115),
(159, 15, 116),
(160, 15, 117),
(161, 15, 118),
(162, 15, 119),
(163, 15, 120),
(164, 15, 121),
(165, 15, 122),
(166, 15, 123),
(167, 15, 124),
(168, 6, 125),
(169, 15, 126),
(170, 15, 127),
(171, 15, 128),
(172, 15, 129),
(173, 15, 130),
(174, 15, 131),
(175, 15, 132),
(176, 15, 133),
(177, 15, 134),
(178, 15, 135),
(179, 15, 136),
(180, 15, 137),
(181, 9, 137),
(182, 15, 138),
(183, 15, 139),
(184, 15, 140),
(185, 15, 141),
(186, 15, 142),
(187, 15, 143),
(188, 13, 143),
(189, 15, 144),
(190, 15, 145),
(191, 15, 146),
(192, 15, 147),
(193, 5, 148),
(194, 15, 149),
(195, 17, 149),
(196, 4, 149),
(197, 15, 150),
(198, 15, 151),
(199, 13, 151),
(200, 15, 152),
(201, 15, 153),
(202, 6, 153),
(203, 15, 154),
(204, 15, 155),
(205, 15, 156),
(206, 15, 157),
(207, 17, 158),
(208, 15, 159),
(209, 1, 159),
(210, 5, 160),
(211, 15, 161),
(212, 15, 162),
(213, 5, 162),
(214, 17, 163),
(215, 15, 164),
(216, 13, 164),
(217, 5, 164),
(218, 15, 165),
(219, 15, 166),
(220, 1, 166),
(221, 15, 167),
(222, 1, 167),
(223, 15, 168),
(224, 15, 169),
(225, 14, 169),
(226, 19, 169),
(227, 20, 169),
(228, 15, 170),
(229, 6, 170),
(230, 2, 170),
(231, 17, 171),
(232, 15, 172),
(233, 15, 173),
(234, 5, 173),
(235, 7, 173),
(236, 15, 174),
(237, 15, 175),
(238, 15, 176),
(239, 15, 177),
(240, 15, 178),
(241, 15, 179),
(242, 8, 180),
(243, 15, 181),
(244, 5, 181),
(245, 9, 182),
(246, 17, 182),
(247, 15, 183),
(248, 15, 184),
(249, 1, 184),
(250, 15, 185),
(251, 15, 186),
(252, 13, 186),
(253, 5, 186),
(254, 5, 187),
(255, 15, 187),
(256, 15, 188),
(257, 5, 188),
(258, 8, 188),
(259, 15, 189),
(260, 15, 190),
(261, 15, 191),
(262, 15, 192),
(263, 15, 193),
(264, 15, 194),
(265, 15, 195),
(266, 15, 196),
(267, 12, 196),
(268, 15, 197),
(269, 15, 198),
(270, 15, 199),
(271, 15, 200),
(272, 5, 200),
(273, 15, 201),
(274, 15, 202),
(275, 15, 203),
(276, 15, 204),
(277, 15, 205),
(278, 15, 206),
(279, 13, 206),
(280, 15, 207),
(281, 15, 208),
(282, 17, 209),
(283, 8, 209),
(284, 17, 210),
(285, 8, 210),
(286, 17, 211),
(287, 8, 211),
(288, 15, 212),
(289, 15, 213),
(290, 15, 214),
(291, 15, 215),
(292, 9, 216),
(293, 15, 216),
(294, 15, 217),
(295, 15, 218),
(296, 5, 218),
(297, 15, 219),
(298, 15, 220),
(299, 15, 221),
(300, 15, 222),
(301, 15, 223),
(302, 15, 224),
(303, 15, 225),
(304, 15, 226),
(305, 13, 226),
(306, 17, 227),
(307, 17, 228),
(308, 17, 229),
(309, 17, 230),
(310, 17, 231),
(311, 15, 232),
(312, 17, 232),
(313, 15, 233),
(314, 15, 234),
(315, 15, 235),
(316, 15, 236),
(317, 15, 237),
(318, 15, 238),
(319, 15, 239),
(320, 15, 240),
(321, 15, 241),
(322, 15, 242),
(323, 15, 243),
(324, 15, 244),
(325, 5, 244),
(326, 11, 244),
(327, 15, 245),
(328, 19, 245),
(329, 15, 246),
(330, 15, 247),
(331, 15, 248),
(332, 15, 249),
(333, 15, 250),
(334, 15, 251),
(335, 15, 252),
(336, 15, 253),
(337, 6, 253),
(338, 15, 254),
(339, 6, 254),
(340, 15, 255),
(341, 6, 255),
(342, 15, 256),
(343, 15, 257),
(344, 17, 258),
(345, 17, 259),
(346, 17, 260),
(347, 17, 261),
(348, 15, 262),
(349, 15, 263),
(350, 15, 264),
(351, 15, 265);

-- --------------------------------------------------------

--
-- Структура таблиці `directors`
--

CREATE TABLE `directors` (
  `id` bigint UNSIGNED NOT NULL,
  `name` varchar(255) COLLATE utf8mb4_unicode_ci NOT NULL,
  `slug` varchar(255) COLLATE utf8mb4_unicode_ci NOT NULL,
  `created_at` timestamp NULL DEFAULT NULL,
  `updated_at` timestamp NULL DEFAULT NULL
) ENGINE=InnoDB DEFAULT CHARSET=utf8mb4 COLLATE=utf8mb4_unicode_ci;

--
-- Дамп даних таблиці `directors`
--

INSERT INTO `directors` (`id`, `name`, `slug`, `created_at`, `updated_at`) VALUES
(1, 'Fred Savage', 'fred-savage', '2024-04-15 05:15:52', '2024-04-15 05:15:52'),
(2, 'Matt Shakman', 'matt-shakman', '2024-04-15 05:15:52', '2024-04-15 05:15:52'),
(3, 'Randall Einhorn', 'randall-einhorn', '2024-04-15 05:15:52', '2024-04-15 05:15:52'),
(4, 'Richard Schlesinger', 'richard-schlesinger', '2024-04-15 05:15:52', '2024-04-15 05:15:52'),
(5, 'Ted Nicolaou', 'ted-nicolaou', '2024-04-15 05:15:52', '2024-04-15 05:15:52'),
(6, 'Адам Бернштейн', 'adam-bernstein', '2024-04-15 05:15:52', '2024-04-15 05:15:52'),
(7, 'Айван Діксон', 'aivan-dikson', '2024-04-15 05:15:52', '2024-04-15 05:15:52'),
(8, 'Алан Дж. Леви', 'alan-dz-levi', '2024-04-15 05:15:52', '2024-04-15 05:15:52'),
(9, 'Алан Рафкин', 'alan-rafkin', '2024-04-15 05:15:52', '2024-04-15 05:15:52'),
(10, 'Аллан Аркуш', 'allan-arkus', '2024-04-15 05:15:52', '2024-04-15 05:15:52'),
(11, 'Бернард Л. Ковальски', 'bernard-l-kovalski', '2024-04-15 05:15:52', '2024-04-15 05:15:52'),
(12, 'Бернард МакЭвети', 'bernard-makeveti', '2024-04-15 05:15:52', '2024-04-15 05:15:52'),
(13, 'Брайан Тренчард-Смит', 'braian-trencard-smit', '2024-04-15 05:15:52', '2024-04-15 05:15:52'),
(14, 'Бреннан Шрофф', 'brennan-sroff', '2024-04-15 05:15:52', '2024-04-15 05:15:52'),
(15, 'Брюс Билсон', 'brius-bilson', '2024-04-15 05:15:52', '2024-04-15 05:15:52'),
(16, 'Брюс Кембелл', 'brius-kembell', '2024-04-15 05:15:52', '2024-04-15 05:15:52'),
(17, 'Брюс МакДональд', 'brius-makdonald', '2024-04-15 05:15:52', '2024-04-15 05:15:52'),
(18, 'Брюс Сет Грин', 'brius-set-grin', '2024-04-15 05:15:52', '2024-04-15 05:15:52'),
(19, 'Вирджил В. Фогель', 'virdzil-v-fogel', '2024-04-15 05:15:52', '2024-04-15 05:15:52'),
(20, 'Вінріх Кольбе', 'vinrix-kolbe', '2024-04-15 05:15:52', '2024-04-15 05:15:52'),
(21, 'Гари Нельсон', 'gari-nelson', '2024-04-15 05:15:52', '2024-04-15 05:15:52'),
(22, 'Гарі Гелворсон', 'gari-gelvorson', '2024-04-15 05:15:52', '2024-04-15 05:15:52'),
(23, 'Гас Триконис', 'gas-trikonis', '2024-04-15 05:15:52', '2024-04-15 05:15:52'),
(24, 'Георг Фенади', 'georg-fenadi', '2024-04-15 05:15:52', '2024-04-15 05:15:52'),
(25, 'Гленн Хоуэртон', 'glenn-xouerton', '2024-04-15 05:15:52', '2024-04-15 05:15:52'),
(26, 'Голлі Дейл', 'golli-deil', '2024-04-15 05:15:52', '2024-04-15 05:15:52'),
(27, 'Грэхэм Уэтерелл', 'grexem-ueterell', '2024-04-15 05:15:52', '2024-04-15 05:15:52'),
(28, 'Девід Дж. Егіль', 'devid-dz-egil', '2024-04-15 05:15:52', '2024-04-15 05:15:52'),
(29, 'Девід Добкін', 'devid-dobkin', '2024-04-15 05:15:52', '2024-04-15 05:15:52'),
(30, 'Девід Наттер', 'devid-natter', '2024-04-15 05:15:52', '2024-04-15 05:15:52'),
(31, 'Деклан Имис', 'deklan-imis', '2024-04-15 05:15:52', '2024-04-15 05:15:52'),
(32, 'Джанет Грик', 'dzanet-grik', '2024-04-15 05:15:52', '2024-04-15 05:15:52'),
(33, 'Джей Сандрич', 'dzei-sandric', '2024-04-15 05:15:52', '2024-04-15 05:15:52'),
(34, 'Джей Чандрасекар', 'dzei-candrasekar', '2024-04-15 05:15:52', '2024-04-15 05:15:52'),
(35, 'Джеймс Комак', 'dzeims-komak', '2024-04-15 05:15:52', '2024-04-15 05:15:52'),
(36, 'Джеймс М. Муро', 'dzeims-m-muro', '2024-04-15 05:15:52', '2024-04-15 05:15:52'),
(37, 'Дженніфер Фанг', 'dzennifer-fang', '2024-04-15 05:15:52', '2024-04-15 05:15:52'),
(38, 'Джеремі Лаврінг', 'dzeremi-lavring', '2024-04-15 05:15:52', '2024-04-15 05:15:52'),
(39, 'Джеррі О\'Коннелл', 'dzerri-okonnell', '2024-04-15 05:15:52', '2024-04-15 05:15:52'),
(40, 'Джефф Мелман', 'dzeff-melman', '2024-04-15 05:15:52', '2024-04-15 05:15:52'),
(41, 'Джим Джонстон', 'dzim-dzonston', '2024-04-15 05:15:52', '2024-04-15 05:15:52'),
(42, 'Джон Инвуд', 'dzon-invud', '2024-04-15 05:15:52', '2024-04-15 05:15:52'),
(43, 'Джон Рейд', 'dzon-reid', '2024-04-15 05:15:52', '2024-04-15 05:15:52'),
(44, 'Джон С. Флинн Третий', 'dzon-s-flinn-tretii', '2024-04-15 05:15:52', '2024-04-15 05:15:52'),
(45, 'Джофф Хассон', 'dzoff-xasson', '2024-04-15 05:15:52', '2024-04-15 05:15:52'),
(46, 'Дон Адамс', 'don-adams', '2024-04-15 05:15:52', '2024-04-15 05:15:52'),
(47, 'Дональд А. Баэр', 'donald-a-baer', '2024-04-15 05:15:52', '2024-04-15 05:15:52'),
(48, 'Дональд Кромби', 'donald-krombi', '2024-04-15 05:15:52', '2024-04-15 05:15:52'),
(49, 'Дональд П. Беллисарио', 'donald-p-bellisario', '2024-04-15 05:15:52', '2024-04-15 05:15:52'),
(50, 'Дэвид Гроссман', 'devid-grossman', '2024-04-15 05:15:52', '2024-04-15 05:15:52'),
(51, 'Дэнни Билсон', 'denni-bilson', '2024-04-15 05:15:52', '2024-04-15 05:15:52'),
(52, 'Еллен Гиттелсон', 'ellen-gittelson', '2024-04-15 05:15:52', '2024-04-15 05:15:52'),
(53, 'Ендрю Мерріфілд', 'endriu-merrifild', '2024-04-15 05:15:52', '2024-04-15 05:15:52'),
(54, 'Зак Брафф', 'zak-braff', '2024-04-15 05:15:52', '2024-04-15 05:15:52'),
(55, 'Ієн Морріс', 'ijen-morris', '2024-04-15 05:15:52', '2024-04-15 05:15:52'),
(56, 'Кевін Брайт', 'kevin-brait', '2024-04-15 05:15:52', '2024-04-15 05:15:52'),
(57, 'Колин Баддс', 'kolin-badds', '2024-04-15 05:15:52', '2024-04-15 05:15:52'),
(58, 'Крис Боулд', 'kris-bould', '2024-04-15 05:15:52', '2024-04-15 05:15:52'),
(59, 'Крис Томсон', 'kris-tomson', '2024-04-15 05:15:52', '2024-04-15 05:15:52'),
(60, 'Кріс Грейвз', 'kris-greivz', '2024-04-15 05:15:52', '2024-04-15 05:15:52'),
(61, 'Кріс Лонг', 'kris-long', '2024-04-15 05:15:52', '2024-04-15 05:15:52'),
(62, 'Крістіан В. Найбі', 'kristian-v-naibi', '2024-04-15 05:15:52', '2024-04-15 05:15:52'),
(63, 'Ли Локхед', 'li-lokxed', '2024-04-15 05:15:52', '2024-04-15 05:15:52'),
(64, 'Лоррейн Сенна', 'lorrein-senna', '2024-04-15 05:15:52', '2024-04-15 05:15:52'),
(65, 'Льюис Тиг', 'liuis-tig', '2024-04-15 05:15:52', '2024-04-15 05:15:52'),
(66, 'Майк Смит', 'maik-smit', '2024-04-15 05:15:53', '2024-04-15 05:15:53'),
(67, 'Майкл Віджер', 'maikl-vidzer', '2024-04-15 05:15:53', '2024-04-15 05:15:53'),
(68, 'Майкл Дж. Ши', 'maikl-dz-si', '2024-04-15 05:15:53', '2024-04-15 05:15:53'),
(69, 'Майкл Ланж', 'maikl-lanz', '2024-04-15 05:15:53', '2024-04-15 05:15:53'),
(70, 'Майкл Леманн', 'maikl-lemann', '2024-04-15 05:15:53', '2024-04-15 05:15:53'),
(71, 'Майкл Лембек', 'maikl-lembek', '2024-04-15 05:15:53', '2024-04-15 05:15:53'),
(72, 'Майкл Спиллер', 'maikl-spiller', '2024-04-15 05:15:53', '2024-04-15 05:15:53'),
(73, 'Майкл Фреско', 'maikl-fresko', '2024-04-15 05:15:53', '2024-04-15 05:15:53'),
(74, 'Майкл Херст', 'maikl-xerst', '2024-04-15 05:15:53', '2024-04-15 05:15:53'),
(75, 'Макс Тэш', 'maks-tes', '2024-04-15 05:15:53', '2024-04-15 05:15:53'),
(76, 'Марио Аццопарди', 'mario-accopardi', '2024-04-15 05:15:53', '2024-04-15 05:15:53'),
(77, 'Марк Баклэнд', 'mark-baklend', '2024-04-15 05:15:53', '2024-04-15 05:15:53'),
(78, 'Марк Бисли', 'mark-bisli', '2024-04-15 05:15:53', '2024-04-15 05:15:53'),
(79, 'Невідомо', 'nevidomo', '2024-04-15 05:15:53', '2024-04-15 05:15:53'),
(80, 'Ник Хавинга', 'nik-xavinga', '2024-04-15 05:15:53', '2024-04-15 05:15:53'),
(81, 'Нил Патрик Харрис', 'nil-patrik-xarris', '2024-04-15 05:15:53', '2024-04-15 05:15:53'),
(82, 'Нік Гарран', 'nik-garran', '2024-04-15 05:15:53', '2024-04-15 05:15:53'),
(83, 'Памела Фрайман', 'pamela-fraiman', '2024-04-15 05:15:53', '2024-04-15 05:15:53'),
(84, 'Питер Шарп', 'piter-sarp', '2024-04-15 05:15:53', '2024-04-15 05:15:53'),
(85, 'Пітер Вернер', 'piter-verner', '2024-04-15 05:15:53', '2024-04-15 05:15:53'),
(86, 'Пол Донован', 'pol-donovan', '2024-04-15 05:15:53', '2024-04-15 05:15:53'),
(87, 'Пол МакГіган', 'pol-makgigan', '2024-04-15 05:15:53', '2024-04-15 05:15:53'),
(88, 'Пол Фаско', 'pol-fasko', '2024-04-15 05:15:53', '2024-04-15 05:15:53'),
(89, 'Ральф Гемекер', 'ralf-gemeker', '2024-04-15 05:15:53', '2024-04-15 05:15:53'),
(90, 'Расселл Солберг', 'rassell-solberg', '2024-04-15 05:15:53', '2024-04-15 05:15:53'),
(91, 'Рей Остін', 'rei-ostin', '2024-04-15 05:15:53', '2024-04-15 05:15:53'),
(92, 'Річард Комптон', 'ricard-kompton', '2024-04-15 05:15:53', '2024-04-15 05:15:53'),
(93, 'Роб Гринберг', 'rob-grinberg', '2024-04-15 05:15:53', '2024-04-15 05:15:53'),
(94, 'Роб Стюарт', 'rob-stiuart', '2024-04-15 05:15:53', '2024-04-15 05:15:53'),
(95, 'Роберт Айскоув', 'robert-aiskouv', '2024-04-15 05:15:53', '2024-04-15 05:15:53'),
(96, 'Роберт Данкан МакНил', 'robert-dankan-maknil', '2024-04-15 05:15:53', '2024-04-15 05:15:53'),
(97, 'Роберт Сигл', 'robert-sigl', '2024-04-15 05:15:53', '2024-04-15 05:15:53'),
(98, 'Роксан Даусон', 'roksan-dauson', '2024-04-15 05:15:53', '2024-04-15 05:15:53'),
(99, 'Рон Оливер', 'ron-oliver', '2024-04-15 05:15:53', '2024-04-15 05:15:53'),
(100, 'Рэй Остин', 'rei-ostin-1', '2024-04-15 05:15:53', '2024-04-15 05:15:53'),
(101, 'Рэйнер Матсутани', 'reiner-matsutani', '2024-04-15 05:15:53', '2024-04-15 05:15:53'),
(102, 'Саймон Бэйкер', 'saimon-beiker', '2024-04-15 05:15:53', '2024-04-15 05:15:53'),
(103, 'Саттон Роули', 'satton-rouli', '2024-04-15 05:15:53', '2024-04-15 05:15:53'),
(104, 'Сідні Хайерс', 'sidni-xaiers', '2024-04-15 05:15:53', '2024-04-15 05:15:53'),
(105, 'Стівен А. Едельсон', 'stiven-a-edelson', '2024-04-15 05:15:53', '2024-04-15 05:15:53'),
(106, 'Теренс Хілл', 'terens-xill', '2024-04-15 05:15:53', '2024-04-15 05:15:53'),
(107, 'Терренс О\'Гара', 'terrens-ogara', '2024-04-15 05:15:53', '2024-04-15 05:15:53'),
(108, 'Тимоти Бонд', 'timoti-bond', '2024-04-15 05:15:53', '2024-04-15 05:15:53'),
(109, 'Тім Кіркбі', 'tim-kirkbi', '2024-04-15 05:15:53', '2024-04-15 05:15:53'),
(110, 'Том Бланк', 'tom-blank', '2024-04-15 05:15:53', '2024-04-15 05:15:53'),
(111, 'Том Веріка', 'tom-verika', '2024-04-15 05:15:53', '2024-04-15 05:15:53'),
(112, 'Том Петчетт', 'tom-petcett', '2024-04-15 05:15:53', '2024-04-15 05:15:53'),
(113, 'Уильям Виард', 'uiliam-viard', '2024-04-15 05:15:53', '2024-04-15 05:15:53'),
(114, 'Уильям Флеминг', 'uiliam-fleming', '2024-04-15 05:15:53', '2024-04-15 05:15:53'),
(115, 'Філ Абрагам', 'fil-abragam', '2024-04-15 05:15:53', '2024-04-15 05:15:53'),
(116, 'Фрэнк Боннер', 'frenk-bonner', '2024-04-15 05:15:53', '2024-04-15 05:15:53'),
(117, 'Фрэнк МакДональд', 'frenk-makdonald', '2024-04-15 05:15:53', '2024-04-15 05:15:53'),
(118, 'Харви С. Лайдман', 'xarvi-s-laidman', '2024-04-15 05:15:53', '2024-04-15 05:15:53'),
(119, 'Чарлі Гескелл', 'carli-geskell', '2024-04-15 05:15:53', '2024-04-15 05:15:53'),
(120, 'Чарлі Хаскелл', 'carli-xaskell', '2024-04-15 05:15:53', '2024-04-15 05:15:53'),
(121, 'Чарльз Сиберт', 'carlz-sibert', '2024-04-15 05:15:53', '2024-04-15 05:15:53'),
(122, 'Шеллі Дженсен', 'selli-dzensen', '2024-04-15 05:15:53', '2024-04-15 05:15:53'),
(123, 'Шеннон Коли', 'sennon-koli', '2024-04-15 05:15:53', '2024-04-15 05:15:53'),
(124, 'Эрл Беллами', 'erl-bellami', '2024-04-15 05:15:53', '2024-04-15 05:15:53'),
(125, 'Эял Гордин', 'eial-gordin', '2024-04-15 05:15:53', '2024-04-15 05:15:53'),
(126, 'Оливьє Жан Марі', 'olivje-zan-mari', '2024-04-15 05:15:53', '2024-04-15 05:15:53'),
(127, 'Френк Тешлін', 'frenk-teslin', '2024-04-15 05:15:53', '2024-04-15 05:15:53'),
(128, 'Jean-Charles Finck', 'jean-charles-finck', '2024-04-15 05:15:53', '2024-04-15 05:15:53'),
(129, 'Біл Вульф', 'bil-vulf', '2024-04-15 05:15:53', '2024-04-15 05:15:53'),
(130, 'Боб Клэмпетт ', 'bob-klempett', '2024-04-15 05:15:53', '2024-04-15 05:15:53'),
(131, 'Брайан Шисли', 'braian-sisli', '2024-04-15 05:15:53', '2024-04-15 05:15:53'),
(132, 'Брет Гааланд', 'bret-gaaland', '2024-04-15 05:15:53', '2024-04-15 05:15:53'),
(133, 'Вільям Ганна', 'viliam-ganna', '2024-04-15 05:15:53', '2024-04-15 05:15:53'),
(134, 'Генрі Грюель', 'genri-griuel', '2024-04-15 05:15:54', '2024-04-15 05:15:54'),
(135, 'Грег Салливан', 'greg-sallivan', '2024-04-15 05:15:54', '2024-04-15 05:15:54'),
(136, 'Грегг Ванцо', 'gregg-vanco', '2024-04-15 05:15:54', '2024-04-15 05:15:54'),
(137, 'Джек Кінні', 'dzek-kinni', '2024-04-15 05:15:54', '2024-04-15 05:15:54'),
(138, 'Джин Дейч', 'dzin-deic', '2024-04-15 05:15:54', '2024-04-15 05:15:54'),
(139, 'Джозеф Барбера', 'dzozef-barbera', '2024-04-15 05:15:54', '2024-04-15 05:15:54'),
(140, 'Джон Груд', 'dzon-grud', '2024-04-15 05:15:54', '2024-04-15 05:15:54'),
(141, 'Дуэйн Кейри-Хил', 'duein-keiri-xil', '2024-04-15 05:15:54', '2024-04-15 05:15:54'),
(142, 'Дэвид Фейсс', 'devid-feiss', '2024-04-15 05:15:54', '2024-04-15 05:15:54'),
(143, 'Дэн Риба', 'den-riba', '2024-04-15 05:15:54', '2024-04-15 05:15:54'),
(144, 'Ёсикацу Касаи', 'esikacu-kasai', '2024-04-15 05:15:54', '2024-04-15 05:15:54'),
(145, 'Кел Далтон', 'kel-dalton', '2024-04-15 05:15:54', '2024-04-15 05:15:54'),
(146, 'Майк Стюарт', 'maik-stiuart', '2024-04-15 05:15:54', '2024-04-15 05:15:54'),
(147, 'Масами Хата', 'masami-xata', '2024-04-15 05:15:54', '2024-04-15 05:15:54'),
(148, 'Морріс', 'morris', '2024-04-15 05:15:54', '2024-04-15 05:15:54'),
(149, 'Оливье Бонне', 'olive-bonne', '2024-04-15 05:15:54', '2024-04-15 05:15:54'),
(150, 'Пітер Аванзіно', 'piter-avanzino', '2024-04-15 05:15:54', '2024-04-15 05:15:54'),
(151, 'Рене Госіні', 'rene-gosini', '2024-04-15 05:15:54', '2024-04-15 05:15:54'),
(152, 'Роберт Альварез', 'robert-alvarez', '2024-04-15 05:15:54', '2024-04-15 05:15:54'),
(153, 'Роберт МакКимсон ', 'robert-makkimson', '2024-04-15 05:15:54', '2024-04-15 05:15:54'),
(154, 'Робин Стил', 'robin-stil', '2024-04-15 05:15:54', '2024-04-15 05:15:54'),
(155, 'Рон Хьюгарт', 'ron-xiugart', '2024-04-15 05:15:54', '2024-04-15 05:15:54'),
(156, 'Рудольф Айзинг ', 'rudolf-aizing', '2024-04-15 05:15:54', '2024-04-15 05:15:54'),
(157, 'Сеймур Кнейтел', 'seimur-kneitel', '2024-04-15 05:15:54', '2024-04-15 05:15:54'),
(158, 'Текс Ейвері', 'teks-eiveri', '2024-04-15 05:15:54', '2024-04-15 05:15:54'),
(159, 'Тоні Лав', 'toni-lav', '2024-04-15 05:15:54', '2024-04-15 05:15:54'),
(160, 'Фріц Фрилинг', 'fric-friling', '2024-04-15 05:15:54', '2024-04-15 05:15:54'),
(161, 'Фрэнк Тэшлин', 'frenk-teslin-1', '2024-04-15 05:15:54', '2024-04-15 05:15:54'),
(162, 'Хью Харман ', 'xiu-xarman', '2024-04-15 05:15:54', '2024-04-15 05:15:54'),
(163, 'Чак Джонс ', 'cak-dzons', '2024-04-15 05:15:54', '2024-04-15 05:15:54'),
(164, 'James Duffy', 'james-duffy', '2024-04-15 05:15:54', '2024-04-15 05:15:54'),
(165, 'Rusty Cundieff', 'rusty-cundieff', '2024-04-15 05:15:54', '2024-04-15 05:15:54'),
(166, 'Аарон Зельцер', 'aaron-zelcer', '2024-04-15 05:15:54', '2024-04-15 05:15:54'),
(167, 'Адам МакКей', 'adam-makkei', '2024-04-15 05:15:54', '2024-04-15 05:15:54'),
(168, 'Айвен Рейтмен', 'aiven-reitmen', '2024-04-15 05:15:54', '2024-04-15 05:15:54'),
(169, 'Алан Майєрсон', 'alan-maijerson', '2024-04-15 05:15:54', '2024-04-15 05:15:54'),
(170, 'Алан Меттер', 'alan-metter', '2024-04-15 05:15:54', '2024-04-15 05:15:54'),
(171, 'Александр Рокуэлл', 'aleksandr-rokuell', '2024-04-15 05:15:54', '2024-04-15 05:15:54'),
(172, 'Алехандро Гонсалес Іньярріту', 'alexandro-gonsales-iniarritu', '2024-04-15 05:15:54', '2024-04-15 05:15:54'),
(173, 'Аллан А. Голдштейн', 'allan-a-goldstein', '2024-04-15 05:15:54', '2024-04-15 05:15:54'),
(174, 'Аллен Г\'юз', 'allen-giuz', '2024-04-15 05:15:54', '2024-04-15 05:15:54'),
(175, 'Альберт Х\\`юз', 'albert-xiuz', '2024-04-15 05:15:54', '2024-04-15 05:15:54'),
(176, 'Анджей Бартковяк', 'andzei-bartkoviak', '2024-04-15 05:15:54', '2024-04-15 05:15:54'),
(177, 'Андре Юнебель', 'andre-iunebel', '2024-04-15 05:15:54', '2024-04-15 05:15:54'),
(178, 'Аннабел Дженкел', 'annabel-dzenkel', '2024-04-15 05:15:54', '2024-04-15 05:15:54'),
(179, 'Антуан Фукуа', 'antuan-fukua', '2024-04-15 05:15:54', '2024-04-15 05:15:54'),
(180, 'Баррі Зонненфельд', 'barri-zonnenfeld', '2024-04-15 05:15:54', '2024-04-15 05:15:54'),
(181, 'Бен Стіллер', 'ben-stiller', '2024-04-15 05:15:54', '2024-04-15 05:15:54'),
(182, 'Боб Ґейл', 'bob-geil', '2024-04-15 05:15:54', '2024-04-15 05:15:54'),
(183, 'Боб Оденкірк', 'bob-odenkirk', '2024-04-15 05:15:54', '2024-04-15 05:15:54'),
(184, 'Боббі Фарреллі', 'bobbi-farrelli', '2024-04-15 05:15:54', '2024-04-15 05:15:54'),
(185, 'Брайан Левант', 'braian-levant', '2024-04-15 05:15:54', '2024-04-15 05:15:54'),
(186, 'Брайан Роббінс', 'braian-robbins', '2024-04-15 05:15:54', '2024-04-15 05:15:54'),
(187, 'Браян Тейлор', 'braian-teilor', '2024-04-15 05:15:54', '2024-04-15 05:15:54'),
(188, 'Бред Сілберлінґ', 'bred-silberling', '2024-04-15 05:15:54', '2024-04-15 05:15:54'),
(189, 'Бретт Ратнер', 'brett-ratner', '2024-04-15 05:15:54', '2024-04-15 05:15:54'),
(190, 'Вес Андерсон', 'ves-anderson', '2024-04-15 05:15:54', '2024-04-15 05:15:54'),
(191, 'Вольфганг Петерсен', 'volfgang-petersen', '2024-04-15 05:15:54', '2024-04-15 05:15:54'),
(192, 'Гайден Скулсберґ', 'gaiden-skulsberg', '2024-04-15 05:15:54', '2024-04-15 05:15:54'),
(193, 'Гарольд Реміс', 'garold-remis', '2024-04-15 05:15:54', '2024-04-15 05:15:54'),
(194, 'Гевін Оконнор', 'gevin-okonnor', '2024-04-15 05:15:54', '2024-04-15 05:15:54'),
(195, 'Гері МакКендрі', 'geri-makkendri', '2024-04-15 05:15:54', '2024-04-15 05:15:54'),
(196, 'Гріффін Данн', 'griffin-dann', '2024-04-15 05:15:54', '2024-04-15 05:15:54'),
(197, 'Ґай Річі', 'gai-rici', '2024-04-15 05:15:54', '2024-04-15 05:15:54'),
(198, 'Ґарет Едвардс', 'garet-edvards', '2024-04-15 05:15:54', '2024-04-15 05:15:54'),
(199, 'Давід Шарон', 'david-saron', '2024-04-15 05:15:54', '2024-04-15 05:15:54'),
(200, 'Девід Літч', 'devid-litc', '2024-04-15 05:15:54', '2024-04-15 05:15:54'),
(201, 'Девід МакНеллі', 'devid-maknelli', '2024-04-15 05:15:54', '2024-04-15 05:15:54'),
(202, 'Девід О. Рассел', 'devid-o-rassel', '2024-04-15 05:15:54', '2024-04-15 05:15:54'),
(203, 'Девід Фінчер', 'devid-fincer', '2024-04-15 05:15:55', '2024-04-15 05:15:55'),
(204, 'Девід Цукер', 'devid-cuker', '2024-04-15 05:15:55', '2024-04-15 05:15:55'),
(205, 'Денніс Дуган', 'dennis-dugan', '2024-04-15 05:15:55', '2024-04-15 05:15:55'),
(206, 'Дж. Дж. Абрамс', 'dz-dz-abrams', '2024-04-15 05:15:55', '2024-04-15 05:15:55'),
(207, 'Дж. Меки Грубер', 'dz-meki-gruber', '2024-04-15 05:15:55', '2024-04-15 05:15:55'),
(208, 'Джастін Лін', 'dzastin-lin', '2024-04-15 05:15:55', '2024-04-15 05:15:55'),
(209, 'Джей Роуч', 'dzei-rouc', '2024-04-15 05:15:55', '2024-04-15 05:15:55'),
(210, 'Джеймс Б. Роджерс', 'dzeims-b-rodzers', '2024-04-15 05:15:55', '2024-04-15 05:15:55'),
(211, 'Джеймс Кемерон', 'dzeims-kemeron', '2024-04-15 05:15:55', '2024-04-15 05:15:55'),
(212, 'Джеймс Метер', 'dzeims-meter', '2024-04-15 05:15:55', '2024-04-15 05:15:55'),
(213, 'Джеймс Френсіс Ґанн', 'dzeims-frensis-gann', '2024-04-15 05:15:55', '2024-04-15 05:15:55'),
(214, 'Джейсон Фрідберг', 'dzeison-fridberg', '2024-04-15 05:15:55', '2024-04-15 05:15:55'),
(215, 'Джекі Чан', 'dzeki-can', '2024-04-15 05:15:55', '2024-04-15 05:15:55'),
(216, 'Джеррі Періс', 'dzerri-peris', '2024-04-15 05:15:55', '2024-04-15 05:15:55'),
(217, 'Джессі Дилан', 'dzessi-dilan', '2024-04-15 05:15:55', '2024-04-15 05:15:55'),
(218, 'Джим Абрахамс', 'dzim-abraxams', '2024-04-15 05:15:55', '2024-04-15 05:15:55'),
(219, 'Джим Дрейк', 'dzim-dreik', '2024-04-15 05:15:55', '2024-04-15 05:15:55'),
(220, 'Джо Джонстон', 'dzo-dzonston', '2024-04-15 05:15:55', '2024-04-15 05:15:55'),
(221, 'Джо Карнахан', 'dzo-karnaxan', '2024-04-15 05:15:55', '2024-04-15 05:15:55'),
(222, 'Джоель Коен', 'dzoel-koen', '2024-04-15 05:15:55', '2024-04-15 05:15:55'),
(223, 'Джозеф Косінскі', 'dzozef-kosinski', '2024-04-15 05:15:55', '2024-04-15 05:15:55'),
(224, 'Джон Бедем', 'dzon-bedem', '2024-04-15 05:15:55', '2024-04-15 05:15:55'),
(225, 'Джон Гурвіц', 'dzon-gurvic', '2024-04-15 05:15:55', '2024-04-15 05:15:55'),
(226, 'Джон Лендіс', 'dzon-lendis', '2024-04-15 05:15:55', '2024-04-15 05:15:55'),
(227, 'Джон МакТірнан', 'dzon-maktirnan', '2024-04-15 05:15:55', '2024-04-15 05:15:55'),
(228, 'Джон Мур', 'dzon-mur', '2024-04-15 05:15:55', '2024-04-15 05:15:55'),
(229, 'Джон Р. Леонетті', 'dzon-r-leonetti', '2024-04-15 05:15:55', '2024-04-15 05:15:55'),
(230, 'Джон Фавро', 'dzon-favro', '2024-04-15 05:15:55', '2024-04-15 05:15:55'),
(231, 'Джон Фортенберрі', 'dzon-fortenberri', '2024-04-15 05:15:55', '2024-04-15 05:15:55'),
(232, 'Джон Френсіс Дейлі', 'dzon-frensis-deili', '2024-04-15 05:15:55', '2024-04-15 05:15:55'),
(233, 'Джонатан Голдстейн', 'dzonatan-goldstein', '2024-04-15 05:15:55', '2024-04-15 05:15:55'),
(234, 'Джонатан Лінн', 'dzonatan-linn', '2024-04-15 05:15:55', '2024-04-15 05:15:55'),
(235, 'Джонатан Мостов', 'dzonatan-mostov', '2024-04-15 05:15:55', '2024-04-15 05:15:55'),
(236, 'Джонатан Р. Бетуэл', 'dzonatan-r-betuel', '2024-04-15 05:15:55', '2024-04-15 05:15:55'),
(237, 'Джордан Піл', 'dzordan-pil', '2024-04-15 05:15:55', '2024-04-15 05:15:55'),
(238, 'Джордж Лукас', 'dzordz-lukas', '2024-04-15 05:15:55', '2024-04-15 05:15:55'),
(239, 'Джошуа Майкл Штерн', 'dzosua-maikl-stern', '2024-04-15 05:15:55', '2024-04-15 05:15:55'),
(240, 'Джоэл Голлен', 'dzoel-gollen', '2024-04-15 05:15:55', '2024-04-15 05:15:55'),
(241, 'Ді Джей Карузо', 'di-dzei-karuzo', '2024-04-15 05:15:55', '2024-04-15 05:15:55'),
(242, 'Едгарт Райт', 'edgart-rait', '2024-04-15 05:15:55', '2024-04-15 05:15:55'),
(243, 'Елізабет Бенкс', 'elizabet-benks', '2024-04-15 05:15:55', '2024-04-15 05:15:55'),
(244, 'Еллісон Андерс', 'ellison-anders', '2024-04-15 05:15:55', '2024-04-15 05:15:55'),
(245, 'Енг Лі', 'eng-li', '2024-04-15 05:15:55', '2024-04-15 05:15:55'),
(246, 'Енді Теннант', 'endi-tennant', '2024-04-15 05:15:55', '2024-04-15 05:15:55'),
(247, 'Ерік Бресс', 'erik-bress', '2024-04-15 05:15:55', '2024-04-15 05:15:55'),
(248, 'Жан-Франсуа Ріше', 'zan-fransua-rise', '2024-04-15 05:15:55', '2024-04-15 05:15:55'),
(249, 'Жерар Кравчик', 'zerar-kravcik', '2024-04-15 05:15:55', '2024-04-15 05:15:55'),
(250, 'Жерар Пірес', 'zerar-pires', '2024-04-15 05:15:55', '2024-04-15 05:15:55'),
(251, 'Зак Снайдер', 'zak-snaider', '2024-04-15 05:15:55', '2024-04-15 05:15:55'),
(252, 'Ірвін Кершнер', 'irvin-kersner', '2024-04-15 05:15:56', '2024-04-15 05:15:56'),
(253, 'Ітан Коен', 'itan-koen', '2024-04-15 05:15:56', '2024-04-15 05:15:56'),
(254, 'Квентін Тарантіно', 'kventin-tarantino', '2024-04-15 05:15:56', '2024-04-15 05:15:56'),
(255, 'Кевін Сміт', 'kevin-smit', '2024-04-15 05:15:56', '2024-04-15 05:15:56'),
(256, 'Кеннет Брана', 'kennet-brana', '2024-04-15 05:15:56', '2024-04-15 05:15:56'),
(257, 'Керрі Конран', 'kerri-konran', '2024-04-15 05:15:56', '2024-04-15 05:15:56'),
(258, 'Кінен Айворі Веянс', 'kinen-aivori-veians', '2024-04-15 05:15:56', '2024-04-15 05:15:56'),
(259, 'Кларк Джонсон', 'klark-dzonson', '2024-04-15 05:15:56', '2024-04-15 05:15:56'),
(260, 'Корі Юень', 'kori-iuen', '2024-04-15 05:15:56', '2024-04-15 05:15:56'),
(261, 'Кріс Вайц', 'kris-vaic', '2024-04-15 05:15:56', '2024-04-15 05:15:56'),
(262, 'Кріс Коламбус', 'kris-kolambus', '2024-04-15 05:15:56', '2024-04-15 05:15:56'),
(263, 'Кріс Міллер', 'kris-miller', '2024-04-15 05:15:56', '2024-04-15 05:15:56'),
(264, 'Крістофер Нолан', 'kristofer-nolan', '2024-04-15 05:15:56', '2024-04-15 05:15:56'),
(265, 'Лана Вачовски', 'lana-vacovski', '2024-04-15 05:15:56', '2024-04-15 05:15:56'),
(266, 'Лилли Вачовски', 'lilli-vacovski', '2024-04-15 05:15:56', '2024-04-15 05:15:56'),
(267, 'Лі Тамахорі', 'li-tamaxori', '2024-04-15 05:15:56', '2024-04-15 05:15:56'),
(268, 'Луи Летерье', 'lui-letere', '2024-04-15 05:15:56', '2024-04-15 05:15:56'),
(269, 'Люк Бессон', 'liuk-besson', '2024-04-15 05:15:56', '2024-04-15 05:15:56'),
(270, 'Майк Джадж', 'maik-dzadz', '2024-04-15 05:15:56', '2024-04-15 05:15:56'),
(271, 'Майк Мітчел', 'maik-mitcel', '2024-04-15 05:15:56', '2024-04-15 05:15:56'),
(272, 'Майкл Девіс', 'maikl-devis', '2024-04-15 05:15:56', '2024-04-15 05:15:56'),
(273, 'Майкл Прессман', 'maikl-pressman', '2024-04-15 05:15:56', '2024-04-15 05:15:56'),
(274, 'МакДжі', 'makdzi', '2024-04-15 05:15:56', '2024-04-15 05:15:56'),
(275, 'Марк А.З. Діппе', 'mark-az-dippe', '2024-04-15 05:15:56', '2024-04-15 05:15:56'),
(276, 'Марк Лестер', 'mark-lester', '2024-04-15 05:15:56', '2024-04-15 05:15:56'),
(277, 'Марк Невелдін', 'mark-neveldin', '2024-04-15 05:15:56', '2024-04-15 05:15:56'),
(278, 'Марк Стівен Джонсон', 'mark-stiven-dzonson', '2024-04-15 05:15:56', '2024-04-15 05:15:56'),
(279, 'Марко Брамбілла', 'marko-brambilla', '2024-04-15 05:15:56', '2024-04-15 05:15:56'),
(280, 'Мікаель Гофстрем', 'mikael-gofstrem', '2024-04-15 05:15:56', '2024-04-15 05:15:56'),
(281, 'Ніколас Столлер', 'nikolas-stoller', '2024-04-15 05:15:56', '2024-04-15 05:15:56'),
(282, 'Ніл Берґєр', 'nil-bergjer', '2024-04-15 05:15:56', '2024-04-15 05:15:56'),
(283, 'Олівер Стоун', 'oliver-stoun', '2024-04-15 05:15:56', '2024-04-15 05:15:56'),
(284, 'Патрик Г\\`юз', 'patrik-giuz', '2024-04-15 05:15:56', '2024-04-15 05:15:56'),
(285, 'Пенелопа Сфіріс', 'penelopa-sfiris', '2024-04-15 05:15:56', '2024-04-15 05:15:56'),
(286, 'Періс Барклей', 'peris-barklei', '2024-04-15 05:15:56', '2024-04-15 05:15:56'),
(287, 'П\'єр Морель', 'pjer-morel', '2024-04-15 05:15:57', '2024-04-15 05:15:57'),
(288, 'Пітер Бонерз', 'piter-bonerz', '2024-04-15 05:15:57', '2024-04-15 05:15:57'),
(289, 'Пітер Сігал', 'piter-sigal', '2024-04-15 05:15:57', '2024-04-15 05:15:57'),
(290, 'Пітер Фарреллі', 'piter-farrelli', '2024-04-15 05:15:57', '2024-04-15 05:15:57'),
(291, 'Пол В.С. Андерсон', 'pol-vs-anderson', '2024-04-15 05:15:57', '2024-04-15 05:15:57'),
(292, 'Пол Вайц', 'pol-vaic', '2024-04-15 05:15:57', '2024-04-15 05:15:57'),
(293, 'Пол Верховен', 'pol-verxoven', '2024-04-15 05:15:57', '2024-04-15 05:15:57'),
(294, 'Пол Майкл Глейзер', 'pol-maikl-gleizer', '2024-04-15 05:15:57', '2024-04-15 05:15:57'),
(295, 'Пол Фіґ', 'pol-fig', '2024-04-15 05:15:57', '2024-04-15 05:15:57'),
(296, 'Ренні Харлін', 'renni-xarlin', '2024-04-15 05:15:57', '2024-04-15 05:15:57'),
(297, 'Рід Деніел', 'rid-deniel', '2024-04-15 05:15:57', '2024-04-15 05:15:57'),
(298, 'Рідлі Скотт', 'ridli-skott', '2024-04-15 05:15:57', '2024-04-15 05:15:57'),
(299, 'Річард Доннер', 'ricard-donner', '2024-04-15 05:15:57', '2024-04-15 05:15:57'),
(300, 'Річард Маркуенд', 'ricard-markuend', '2024-04-15 05:15:57', '2024-04-15 05:15:57'),
(301, 'Роб Боуман', 'rob-bouman', '2024-04-15 05:15:57', '2024-04-15 05:15:57'),
(302, 'Роб Коен', 'rob-koen', '2024-04-15 05:15:57', '2024-04-15 05:15:57'),
(303, 'Роберт Земекіс', 'robert-zemekis', '2024-04-15 05:15:57', '2024-04-15 05:15:57'),
(304, 'Роберт Лонго', 'robert-longo', '2024-04-15 05:15:57', '2024-04-15 05:15:57'),
(305, 'Роберт Родрігес', 'robert-rodriges', '2024-04-15 05:15:57', '2024-04-15 05:15:57'),
(306, 'Род Деніел', 'rod-deniel', '2024-04-15 05:15:57', '2024-04-15 05:15:57'),
(307, 'Роджер Дональдсон', 'rodzer-donaldson', '2024-04-15 05:15:57', '2024-04-15 05:15:57'),
(308, 'Роджер Евері', 'rodzer-everi', '2024-04-15 05:15:57', '2024-04-15 05:15:57'),
(309, 'Роджер Крістіан', 'rodzer-kristian', '2024-04-15 05:15:57', '2024-04-15 05:15:57'),
(310, 'Рокки Мортон', 'rokki-morton', '2024-04-15 05:15:57', '2024-04-15 05:15:57'),
(311, 'Рубен Флейшер', 'ruben-fleiser', '2024-04-15 05:15:57', '2024-04-15 05:15:57'),
(312, 'Саймон Вест', 'saimon-vest', '2024-04-15 05:15:57', '2024-04-15 05:15:57'),
(313, 'Сет Гордон', 'set-gordon', '2024-04-15 05:15:57', '2024-04-15 05:15:57'),
(314, 'Сидни Дж. Фьюри', 'sidni-dz-fiuri', '2024-04-15 05:15:57', '2024-04-15 05:15:57'),
(315, 'Сільвестер Сталлоне', 'silvester-stallone', '2024-04-15 05:15:57', '2024-04-15 05:15:57'),
(316, 'Стів Баррон', 'stiv-barron', '2024-04-15 05:15:57', '2024-04-15 05:15:57'),
(317, 'Стів Карр', 'stiv-karr', '2024-04-15 05:15:57', '2024-04-15 05:15:57'),
(318, 'Стів Одекерк', 'stiv-odekerk', '2024-04-15 05:15:57', '2024-04-15 05:15:57'),
(319, 'Стівен Брілл', 'stiven-brill', '2024-04-15 05:15:57', '2024-04-15 05:15:57'),
(320, 'Стівен Сент-Леже', 'stiven-sent-leze', '2024-04-15 05:15:57', '2024-04-15 05:15:57'),
(321, 'Стівен Содерберг', 'stiven-soderberg', '2024-04-15 05:15:57', '2024-04-15 05:15:57'),
(322, 'Стівен Спілберґ', 'stiven-spilberg', '2024-04-15 05:15:57', '2024-04-15 05:15:57'),
(323, 'Стівен Хопкінс', 'stiven-xopkins', '2024-04-15 05:15:57', '2024-04-15 05:15:57'),
(324, 'Стюарт Гіллард', 'stiuart-gillard', '2024-04-15 05:15:57', '2024-04-15 05:15:57'),
(325, 'Стюарт Гордон', 'stiuart-gordon', '2024-04-15 05:15:57', '2024-04-15 05:15:57'),
(326, 'Тед Котчефф', 'ted-kotceff', '2024-04-15 05:15:57', '2024-04-15 05:15:57'),
(327, 'Тім Бертон', 'tim-berton', '2024-04-15 05:15:57', '2024-04-15 05:15:57'),
(328, 'Тодд Філліпс', 'todd-fillips', '2024-04-15 05:15:57', '2024-04-15 05:15:57'),
(329, 'Том Шедьяк', 'tom-sediak', '2024-04-15 05:15:57', '2024-04-15 05:15:57'),
(330, 'Тоні Мэйлэм', 'toni-meilem', '2024-04-15 05:15:57', '2024-04-15 05:15:57'),
(331, 'Тоні Скотт', 'toni-skott', '2024-04-15 05:15:57', '2024-04-15 05:15:57'),
(332, 'Уолт Бекер', 'uolt-beker', '2024-04-15 05:15:57', '2024-04-15 05:15:57'),
(333, 'Філ Лорд', 'fil-lord', '2024-04-15 05:15:57', '2024-04-15 05:15:57'),
(334, 'Франк Гастамбід', 'frank-gastambid', '2024-04-15 05:15:57', '2024-04-15 05:15:57'),
(335, 'Френк Корачі', 'frenk-koraci', '2024-04-15 05:15:57', '2024-04-15 05:15:57'),
(336, 'Френк Маршалл', 'frenk-marsall', '2024-04-15 05:15:58', '2024-04-15 05:15:58'),
(337, 'Френк Міллер', 'frenk-miller', '2024-04-15 05:15:58', '2024-04-15 05:15:58'),
(338, 'Френсіс Лоуренс', 'frensis-lourens', '2024-04-15 05:15:58', '2024-04-15 05:15:58'),
(339, 'Ховард Дойч', 'xovard-doic', '2024-04-15 05:15:58', '2024-04-15 05:15:58'),
(340, 'Х\'ю Вілсон', 'xiu-vilson', '2024-04-15 05:15:58', '2024-04-15 05:15:58'),
(341, 'Цуй Харк', 'cui-xark', '2024-04-15 05:15:58', '2024-04-15 05:15:58'),
(342, 'Чак Расселл', 'cak-rassell', '2024-04-15 05:15:58', '2024-04-15 05:15:58'),
(343, 'Чед Стагельський', 'ced-stagelskii', '2024-04-15 05:15:58', '2024-04-15 05:15:58'),
(344, 'Шон Андерс', 'son-anders', '2024-04-15 05:15:58', '2024-04-15 05:15:58'),
(345, 'Невідомо', 'nevidomo-1', '2024-04-15 05:15:58', '2024-04-15 05:15:58');

-- --------------------------------------------------------

--
-- Структура таблиці `director_film`
--

CREATE TABLE `director_film` (
  `id` int UNSIGNED NOT NULL,
  `director_id` int UNSIGNED NOT NULL,
  `film_id` int UNSIGNED NOT NULL
) ENGINE=InnoDB DEFAULT CHARSET=utf8mb4 COLLATE=utf8mb4_unicode_ci;

--
-- Дамп даних таблиці `director_film`
--

INSERT INTO `director_film` (`id`, `director_id`, `film_id`) VALUES
(1, 143, 1),
(2, 140, 2),
(3, 150, 3),
(4, 132, 3),
(5, 136, 3),
(6, 155, 3),
(7, 131, 3),
(8, 79, 4),
(9, 163, 5),
(10, 153, 5),
(11, 161, 5),
(12, 158, 5),
(13, 127, 5),
(14, 160, 5),
(15, 145, 5),
(16, 130, 5),
(17, 162, 5),
(18, 156, 5),
(19, 144, 6),
(20, 129, 6),
(21, 159, 6),
(22, 146, 6),
(23, 149, 7),
(24, 135, 8),
(25, 137, 9),
(26, 157, 9),
(27, 138, 9),
(28, 142, 10),
(29, 152, 10),
(30, 154, 10),
(31, 126, 11),
(32, 128, 11),
(33, 148, 12),
(34, 139, 12),
(35, 133, 12),
(36, 148, 13),
(37, 40, 14),
(38, 122, 14),
(39, 52, 14),
(40, 83, 15),
(41, 93, 15),
(42, 68, 15),
(43, 81, 15),
(44, 70, 16),
(45, 6, 16),
(46, 36, 16),
(47, 25, 17),
(48, 2, 17),
(49, 1, 17),
(50, 3, 17),
(51, 123, 18),
(52, 34, 18),
(53, 37, 18),
(54, 29, 18),
(55, 96, 18),
(56, 20, 19),
(57, 24, 19),
(58, 104, 19),
(59, 67, 20),
(60, 7, 20),
(61, 91, 20),
(62, 77, 21),
(63, 125, 21),
(64, 73, 21),
(65, 88, 22),
(66, 112, 22),
(67, 60, 23),
(68, 119, 23),
(69, 53, 23),
(70, 107, 24),
(71, 89, 24),
(72, 90, 24),
(73, 55, 25),
(74, 14, 25),
(75, 92, 26),
(76, 39, 26),
(77, 41, 26),
(78, 102, 27),
(79, 61, 27),
(80, 98, 27),
(81, 111, 27),
(82, 30, 27),
(83, 86, 28),
(84, 99, 28),
(85, 101, 28),
(86, 97, 28),
(87, 58, 28),
(88, 17, 28),
(89, 114, 28),
(90, 119, 29),
(91, 16, 29),
(92, 74, 29),
(93, 121, 29),
(94, 78, 29),
(95, 108, 29),
(96, 10, 30),
(97, 85, 30),
(98, 62, 30),
(99, 19, 31),
(100, 11, 31),
(101, 100, 31),
(102, 47, 31),
(103, 24, 31),
(104, 12, 31),
(105, 110, 31),
(106, 118, 31),
(107, 8, 31),
(108, 103, 31),
(109, 49, 31),
(110, 67, 32),
(111, 32, 32),
(112, 28, 32),
(113, 64, 32),
(114, 92, 32),
(115, 44, 32),
(116, 18, 32),
(117, 41, 32),
(118, 109, 33),
(119, 87, 34),
(120, 82, 34),
(121, 38, 34),
(122, 63, 35),
(123, 80, 35),
(124, 116, 35),
(125, 115, 36),
(126, 105, 36),
(127, 26, 36),
(128, 95, 38),
(129, 76, 38),
(130, 15, 38),
(131, 51, 38),
(132, 23, 38),
(133, 50, 39),
(134, 69, 39),
(135, 75, 39),
(136, 79, 40),
(137, 22, 41),
(138, 56, 41),
(139, 71, 41),
(140, 31, 42),
(141, 66, 42),
(142, 27, 42),
(143, 43, 42),
(144, 84, 42),
(145, 45, 42),
(146, 57, 43),
(147, 94, 43),
(148, 48, 43),
(149, 65, 43),
(150, 13, 43),
(151, 59, 43),
(152, 21, 44),
(153, 15, 44),
(154, 46, 44),
(155, 35, 44),
(156, 124, 44),
(157, 33, 44),
(158, 9, 44),
(159, 117, 44),
(160, 113, 44),
(161, 54, 45),
(162, 42, 45),
(163, 72, 45),
(164, 106, 46),
(165, 5, 46),
(166, 4, 46),
(167, 302, 47),
(168, 214, 48),
(169, 166, 48),
(170, 314, 49),
(171, 268, 50),
(172, 260, 50),
(173, 172, 51),
(174, 223, 52),
(175, 176, 53),
(176, 329, 54),
(177, 242, 55),
(178, 246, 56),
(179, 203, 57),
(180, 178, 58),
(181, 310, 58),
(182, 236, 59),
(183, 193, 60),
(184, 240, 61),
(185, 275, 62),
(186, 266, 63),
(187, 265, 63),
(188, 186, 64),
(189, 180, 65),
(190, 167, 66),
(191, 181, 67),
(192, 195, 68),
(193, 167, 69),
(194, 262, 70),
(195, 262, 71),
(196, 322, 72),
(197, 276, 73),
(198, 185, 74),
(199, 227, 75),
(200, 294, 76),
(201, 211, 77),
(202, 211, 78),
(203, 227, 79),
(204, 323, 80),
(205, 293, 81),
(206, 218, 82),
(207, 218, 83),
(208, 329, 84),
(209, 318, 85),
(210, 285, 86),
(211, 286, 87),
(212, 258, 88),
(213, 258, 89),
(214, 204, 90),
(215, 204, 91),
(216, 204, 92),
(217, 289, 93),
(218, 298, 94),
(219, 251, 95),
(220, 274, 96),
(221, 211, 97),
(222, 228, 98),
(223, 291, 99),
(224, 229, 100),
(225, 255, 101),
(226, 292, 102),
(227, 261, 102),
(228, 210, 103),
(229, 217, 104),
(230, 225, 105),
(231, 192, 105),
(232, 328, 106),
(233, 235, 107),
(234, 211, 108),
(235, 247, 109),
(236, 207, 109),
(237, 327, 110),
(238, 327, 111),
(239, 343, 112),
(240, 200, 112),
(241, 270, 113),
(242, 173, 114),
(243, 269, 115),
(244, 254, 116),
(245, 244, 116),
(246, 171, 116),
(247, 305, 116),
(248, 227, 117),
(249, 234, 118),
(250, 339, 119),
(251, 296, 120),
(252, 227, 121),
(253, 302, 122),
(254, 313, 123),
(255, 344, 124),
(256, 215, 125),
(257, 307, 126),
(258, 193, 127),
(259, 193, 128),
(260, 297, 129),
(261, 209, 130),
(262, 209, 131),
(263, 209, 132),
(264, 209, 133),
(265, 253, 134),
(266, 222, 134),
(267, 271, 135),
(268, 226, 136),
(269, 182, 137),
(270, 299, 138),
(271, 299, 139),
(272, 299, 140),
(273, 299, 141),
(274, 193, 142),
(275, 193, 143),
(276, 205, 144),
(277, 335, 145),
(278, 202, 146),
(279, 205, 147),
(280, 197, 148),
(281, 284, 149),
(282, 231, 150),
(283, 188, 151),
(284, 208, 152),
(285, 260, 153),
(286, 313, 154),
(287, 232, 155),
(288, 233, 155),
(289, 283, 156),
(290, 168, 157),
(291, 287, 158),
(292, 179, 159),
(293, 330, 160),
(294, 175, 161),
(295, 174, 161),
(296, 280, 162),
(297, 212, 163),
(298, 320, 163),
(299, 190, 164),
(300, 168, 165),
(301, 278, 166),
(302, 325, 167),
(303, 251, 168),
(304, 307, 169),
(305, 341, 170),
(306, 199, 171),
(307, 333, 172),
(308, 263, 172),
(309, 301, 173),
(310, 281, 174),
(311, 337, 175),
(312, 305, 175),
(313, 312, 176),
(314, 331, 177),
(315, 332, 178),
(316, 336, 179),
(317, 106, 180),
(318, 264, 181),
(319, 308, 182),
(320, 322, 183),
(321, 201, 184),
(322, 309, 185),
(323, 291, 186),
(324, 197, 187),
(325, 257, 188),
(326, 295, 189),
(327, 191, 190),
(328, 329, 191),
(329, 311, 192),
(330, 311, 193),
(331, 237, 194),
(332, 342, 195),
(333, 303, 196),
(334, 279, 197),
(335, 230, 198),
(336, 321, 199),
(337, 298, 200),
(338, 224, 201),
(339, 277, 202),
(340, 277, 203),
(341, 187, 203),
(342, 315, 204),
(343, 312, 205),
(344, 206, 206),
(345, 206, 207),
(346, 208, 208),
(347, 177, 209),
(348, 177, 210),
(349, 177, 211),
(350, 220, 212),
(351, 230, 213),
(352, 245, 214),
(353, 256, 215),
(354, 304, 216),
(355, 282, 217),
(356, 221, 218),
(357, 238, 219),
(358, 252, 220),
(359, 300, 221),
(360, 238, 222),
(361, 238, 223),
(362, 238, 224),
(363, 198, 225),
(364, 338, 226),
(365, 250, 227),
(366, 249, 228),
(367, 249, 229),
(368, 249, 230),
(369, 334, 231),
(370, 248, 232),
(371, 340, 233),
(372, 216, 234),
(373, 216, 235),
(374, 219, 236),
(375, 169, 237),
(376, 288, 238),
(377, 170, 239),
(378, 326, 240),
(379, 303, 241),
(380, 303, 242),
(381, 303, 243),
(382, 191, 244),
(383, 239, 245),
(384, 259, 246),
(385, 302, 247),
(386, 267, 248),
(387, 241, 249),
(388, 272, 250),
(389, 194, 251),
(390, 306, 252),
(391, 316, 253),
(392, 273, 254),
(393, 324, 255),
(394, 329, 256),
(395, 243, 257),
(396, 290, 257),
(397, 243, 257),
(398, 319, 257),
(399, 319, 257),
(400, 317, 257),
(401, 165, 257),
(402, 196, 257),
(403, 213, 257),
(404, 189, 257),
(405, 183, 257),
(406, 164, 257),
(407, 184, 257),
(408, 126, 258),
(409, 151, 259),
(410, 134, 259),
(411, 148, 259),
(412, 139, 260),
(413, 133, 260),
(414, 148, 260),
(415, 151, 261),
(416, 150, 262),
(417, 141, 263),
(418, 150, 264),
(419, 150, 265);

-- --------------------------------------------------------

--
-- Структура таблиці `failed_jobs`
--

CREATE TABLE `failed_jobs` (
  `id` bigint UNSIGNED NOT NULL,
  `uuid` varchar(255) COLLATE utf8mb4_unicode_ci NOT NULL,
  `connection` text COLLATE utf8mb4_unicode_ci NOT NULL,
  `queue` text COLLATE utf8mb4_unicode_ci NOT NULL,
  `payload` longtext COLLATE utf8mb4_unicode_ci NOT NULL,
  `exception` longtext COLLATE utf8mb4_unicode_ci NOT NULL,
  `failed_at` timestamp NOT NULL DEFAULT CURRENT_TIMESTAMP
) ENGINE=InnoDB DEFAULT CHARSET=utf8mb4 COLLATE=utf8mb4_unicode_ci;

-- --------------------------------------------------------

--
-- Структура таблиці `films`
--

CREATE TABLE `films` (
  `id` int UNSIGNED NOT NULL,
  `title` text COLLATE utf8mb4_unicode_ci NOT NULL,
  `slug` varchar(255) COLLATE utf8mb4_unicode_ci NOT NULL,
  `origin_title` text COLLATE utf8mb4_unicode_ci,
  `duration` varchar(255) COLLATE utf8mb4_unicode_ci DEFAULT NULL,
  `other_actor` text COLLATE utf8mb4_unicode_ci,
  `note` varchar(255) COLLATE utf8mb4_unicode_ci DEFAULT NULL,
  `description` longtext COLLATE utf8mb4_unicode_ci,
  `category_id` int UNSIGNED DEFAULT NULL,
  `year_id` int UNSIGNED DEFAULT NULL,
  `season_id` int UNSIGNED DEFAULT NULL,
  `rating_id` int UNSIGNED DEFAULT NULL,
  `status_id` int UNSIGNED DEFAULT NULL,
  `age_id` int UNSIGNED DEFAULT NULL,
  `quality_id` int UNSIGNED DEFAULT NULL,
  `thumbnail` varchar(255) COLLATE utf8mb4_unicode_ci DEFAULT NULL,
  `created_at` timestamp NULL DEFAULT NULL,
  `updated_at` timestamp NULL DEFAULT NULL
) ENGINE=InnoDB DEFAULT CHARSET=utf8mb4 COLLATE=utf8mb4_unicode_ci;

--
-- Дамп даних таблиці `films`
--

INSERT INTO `films` (`id`, `title`, `slug`, `origin_title`, `duration`, `other_actor`, `note`, `description`, `category_id`, `year_id`, `season_id`, `rating_id`, `status_id`, `age_id`, `quality_id`, `thumbnail`, `created_at`, `updated_at`) VALUES
(1, 'Супер Шоу Супер Братьев Марио!', 'super-sou-super-bratev-mario', 'The Super Mario Bros. Super Show!', '22 хв.', 'Лу Альбано, Харви Аткин, Джон Стокер, Дэнни Уэллс, Джинни Элиас, Роберт Бокстэл, Грег Мортон, Дориан Джо Кларк, Джойс Гордон, Роб Кауэн', NULL, '<p>Братья Марио попали через канализацию в Грибное королевство и спасли принцессу Пич от короля Купы. Их цель: спасти королевство от зла и вернуться в Бруклин. Теперь Марио и Луиджи стали попадать в переделки Купы и других злодеев в своих приключениях, но они всегда спасаются и побеждают злодеев.</p>', 3, 60, 1, 3, 1, 5, 4, 'images/2024-04-15/EkHZgQPjs9fwG5fgW5EJUVoLnoZjzcHICibOPVQ8.jpg', NULL, '2024-04-15 05:18:31'),
(2, 'Приключения братьев Супер Марио 3', 'prikliuceniia-bratev-super-mario-3', 'The Adventures of Super Mario Bros. 3', '24 хв.', 'Лу Альбано, Харви Аткин, Джон Стокер, Дэнни Уэллс, Джинни Элиас, Роберт Бокстэл, Грег Мортон, Дориан Джо Кларк, Джойс Гордон, Роб Кауэн', NULL, '<p>Сюжет мультсеріалу присвячений пригодам Маріо, Луїджі, Тоада та принцеси Піч, які живуть у Грибному світі. Більшість серій присвячено їхньому протистоянню з королем Купою та його дітьми, Купалінгами, які намагаються захопити Грибне королівство.</p>', 3, 61, 2, 3, 1, 5, 4, 'images/2024-04-15/CX3WdgoaFlkqmhqq27CrVyOy0UMtjvvpdf5AmcRN.webp', NULL, '2024-04-15 05:19:15'),
(3, 'Футурама', 'futurama', 'Futurama', '21 хв.', 'Біллі Вест, Кеті Сагал, Джон ДіМаджіо, Тресс МакНілл, Філ ЛаМарр, Лорен Том, Моріс ЛаМарш, Девід Герман, Френк Велкер, Кет Сусі, Том Кенні, Ден Кастелланета, Джордж Такей, Філ Гендрі, Ел Гор, Леонард Німой', NULL, '<p>Серіал розпочинається з того, що розвізник піци з Нью-Йорка Філіп Фрай випадково був заморожений у кріогенній камері 31 грудня 1999 року і розморожений тисячу років потому, 31 грудня 2999 року в місті Новий Нью-Йорк. Фрай намагається уникнути примусового призначення на роботу посильним, і це закінчується його влаштуванням на роботу (все ж таки посильним) у невелику компанію Міжпланетний експрес, яка займається міжгалактичними перевезеннями вантажів. Серіал демонструє пригоди Фрая і його колег під час доставки вантажів, а також у повсякденному житті.</p>', 3, 70, 8, 2, 2, 4, 5, 'images/2024-04-15/lT5nC3qMGX0dXKdYNYxzLabKJmRsyLclw61RAvAC.webp', NULL, '2024-04-15 05:19:55'),
(4, 'Пригоди Роккі і Бульвінкля/ Шоу Роккі і Буллвінкля', 'prigodi-rokki-i-bulvinklia-sou-rokki-i-bullvinklia', 'The Adventures of Rocky & Bullwinkle', '22 хв.', 'Невідомо', NULL, '<p>Головні герої - білка-летяга Роккі і лось Буллвінкль. Вони живуть у лісі, що знаходиться в американському місті Фростбайт Фолз, і протистоять злим силам в особі шпигунів з вигаданої європейської держави Поттсильванія (алюзія на НДР) Бориса Баденова, Наташі Злого Лідера.</p>', 3, 30, 5, 2, 1, 4, 1, 'images/2024-04-15/mFoyibI7Sd0qYncy81d6fjjcAD2bNaWkK7dLsUO2.webp', NULL, '2024-04-15 05:20:35'),
(5, 'Веселі мелодії. Колекція', 'veseli-melodiyi-kolekciia', 'Looney Tunes. Collection', '8 хв.', 'Мел Бланк, Тед Пірс, Дейв Вебер, Томмі Бонд, Берніс Гансен, Текс Ейвері, Джон Дірінг', NULL, '<p>На світі дуже мало людей, які не знають що таке Веселі мелодії. Так звані Луні Тюнз протягом цілих поколінь веселили та розважали дітей по всьому світі. І як не дивно, але це не гучні слова, а сухий факт. Найвідоміший кролик у світі Бакс Банні, невгамовний Даффі Дак, хитра канарка Твіті.. Всі ці герої на довгі роки осіли в пам\'яті цілих поколінь. Тому не дивно, що ми викладаємо збірку цих кіноперлин для перегляду українською. Подібні шедеври повинен бачити кожен малюк. Насолоджуйтесь, пізнавайте, ностальгуйте разом з чудовою колекцією мультиків від Ворнер Бразерс.</p>', 3, 2, 1, 2, 1, 5, 5, 'images/2024-04-15/2XzkXEMeLb1nWp7S2fqi144xi4HGXOhLP5rU7yJ1.webp', NULL, '2024-04-15 05:21:18'),
(6, 'Підлітки мутанти черепашки ніндзя', 'pidlitki-mutanti-cerepaski-nindzia', 'Teenage Mutant Ninja Turtles', '20 хв.', 'Кэм Кларк, Таунсенд Коулмэн, Рене Якобс, Бэрри Гордон, Питер Ренадэй, Джим Каммингс (I), Роб Полсен, Пэт Фрэли, Джеймс Эйври, Дженнифер Дарлинг', NULL, '<p>&laquo;Черепашки мутанти ніндзя&raquo; (Teenage Mutant Ninja Turtles) - це мультсеріал, знайомий багатьом з дитинства. Історія про пригоди хоробрих і відважних черепах зеленого кольору, яка завжди користувалася популярністю. Головні герої відважно борються зі злом і протистоять підступним лиходіям. Свої імена черепашки отримали від імен знаменитих художників. Мікеланджело, Леонардо, Рафаель і Донателло майстерно володіють зброєю, а їх невгамовній енергії можна тільки позаздрити. Вони тренуються у заплутаних лабіринтах каналізації і просто з розуму сходять від піци. Ворог труситься, а черепашки знову виходять на справу.</p>', 3, 58, 10, 2, 1, 5, 5, 'images/2024-04-15/Z1LoYRbQG9KchMuop5LNGZl32RAdNUd2QYKm4498.webp', NULL, '2024-04-15 05:22:01'),
(7, 'Просто Норман / Норман нормал', 'prosto-norman-norman-normal', 'Norman normal', '23 хв.', 'Вероник Огеро, Жан-Клод Донда, Шериф Эззелдин, Клара Финстер, Патриция Легран, Чарлин Пестель, Филип Петью, Патрик Прежан', NULL, '<p>Одного разу в родині Нормана вибухнула мікрохвильова піч і всі несподівано здобули надможливості. Усі, крім Нормана. І тепер вся родина, включаючи дідуся та собаку, бореться зі світовим злом, а Норман намагається жити нормальним життям нормального підлітка!</p>', 3, 70, 3, 2, 1, 5, 6, 'images/2024-04-15/Y64rNYwQZuh07MUJZIuwC7S1lf1ySplk0RP8EdeY.jpg', NULL, '2024-04-15 05:22:47'),
(8, 'Відморожений: Іван із Юкона', 'vidmorozenii-ivan-iz-iukona', 'Yvon of the Yukon', '26 хв.', 'Ли Токар, Иэн Джеймс Корлетт, Глен Гулд, Фил Хэйес, Элли Кинг', NULL, '<p>Іван (Івон - французькою) - це хоробрий, але наївний моряк і шукач пригод, що потрапив до нас з 17 століття. За велінням свого короля Луї XIV він вирушив відкривати і підкорювати нові землі на славу Франції, але майже три століття виявився замороженим у льодах Юкона! Від льодового сну отямився Іван серед не надто розумних, зате веселих і добродушних жителів північної Канади. І живеться Івану в них непогано. Але королівська воля &ndash; закон для моряків! Іванові доведеться підкорювати цю вкриту снігом та льодом землю та прославити Францію!</p>', 3, 71, 3, 2, 1, 4, 3, 'images/2024-04-15/kSkxERV479YAaN9WWAtoFNAoUre2caF4KIb4slb6.webp', NULL, '2024-04-15 05:23:33'),
(9, 'Моряк Папай', 'moriak-papai', 'Popeye the Sailor', '7 хв.', 'Джек Мерсер, Мае Кестель, Джексон Бек', NULL, '<p>Непросте життя починається у красуні Олівії Ойл, коли в неї закохуються всі, кому не ліньки. Адже за її ніжне серце готові вступити в серйозну сутичку двоє героїв - Папай і Блуто. Лише порція шпинату допомогла вирішити ситуацію. Після того, як Папай з\'їв цілу банку, він зміг показати своїм суперникам, що тільки він вартий уваги Олівії. Адже тепер він найсильніший. Нещасним шанувальникам залишиться лише сумно зітхати, мучившись від нерозділеного почуття. А також пам\'ятайте, що можливо і вам шпинат додасть дещо більше сил.</p>', 3, 4, 1, 2, 1, 12, 1, 'images/2024-04-15/kGqiJvzYgCBagkm9Z9OCeEPNR0V9LGrRB1nf5Fzn.jpg', NULL, '2024-04-15 05:24:21'),
(10, 'Му та Ципа', 'mu-ta-cipa', 'Cow and Chicken', '7 хв.', 'Чарльз Адлер, Ди Брэдли Бэйкер, Дом ДеЛуис, Джесс Харнелл, Дэн Кастелланета, Майкл Дорн, Кэнди Мило, Ховард Моррис', NULL, '<p>Неймовірні пригоди сюрреалістичної пари, брата і сестри, чия спорідненість комічно підкреслена їх особистостями: великий брат Півник і молодша сестра Корівка. Дранливі звички Півня часто втягують його в неприємності, і в ці моменти Корівка, геніальна і міцна 7-річна корова, елегантно рятує невгамовного братика з біди.</p>', 3, 66, 5, 2, 1, 7, 5, 'images/2024-04-15/UYf5PTO9yiOgyAZ5zFKOlWajcD2ZQooHO6rHS5LA.jpg', NULL, '2024-04-15 05:25:11'),
(11, 'Нові пригоди Лакі Люка', 'novi-prigodi-laki-liuka', 'The New Adventures of Lucky Luke', '22 хв.', 'Невідомо', NULL, '<p>Лакі Люк &mdash; ковбой, який стріляє швидше за власну тінь. За допомогою свого вірного коня Джоллі Джампера (найрозумнішого коня у світі), а іноді й Рінтіндумба (найдурнішого собаки у світі) він підтримує мир і порядок на Дикому Заході. Він полює на відчайдухів, тримає під контролем таких стрільців, як Біллі Кід, і постійно відловлює та повертає Далтонів до в&rsquo;язниці.</p>', 3, 72, 1, 2, 1, 6, 3, 'images/2024-04-15/qkzYdAMzmqJ8bOoCxQwKO1zP3Bgh6hEjNTu7uNUD.jpg', NULL, '2024-04-15 05:25:48'),
(12, 'Лакі Люк 1984', 'laki-liuk-1984', 'Lucky Luke (1984 TV series)', '22 хв.', 'Невідомо', NULL, '<p>Лакі Люк &mdash; самотній вуличний кмітливий ковбой, який подорожує Старим Заходом. У супроводі свого вірного коня Веселого стрибуна та майже в кожному епізоді тюремного сторожового собаки Рантанплана (який загубився на Заході, бажаючи піти за Лакі Люком або знайти його в&rsquo;язницю), він стикається з різними бандитами та головорізами, такими як брати Далтони, Біллі Кід, Джессі Джеймс і Філ Дефер.</p>', 3, 55, 1, 2, 1, 6, 2, 'images/2024-04-15/Kwmy6WTw71Qr8xjuCQUDTPlpCjYXWSWgVTefERJj.jpg', NULL, '2024-04-15 05:26:28'),
(13, 'Лакі Люк 1991', 'laki-liuk-1991', 'Lucky Luke (1991 TV series)', '25 хв.', 'Невідомо', 'Серії потрібно шукати по одній', '<p>The series adapts some adventures from the Belgian album series Lucky Luke.</p>', 3, 62, 1, 2, 1, 6, 2, 'images/2024-04-15/B9ZnKeKc8nJJxcnatG1KWKoPbZFa7MiId2t1HPF3.jpg', NULL, '2024-04-15 05:27:09'),
(14, 'Принц із Беверлі-Гіллз', 'princ-iz-beverli-gillz', 'The Fresh Prince of Bel-Air', '24 хв.', 'Альфонсо Рибейро, Керин Парсонс, Татьяна Али, Джозеф Марселл, Джанет Хьюберт, Дафна Рейд, Джеффри А. Таунс, Росс Бэгли, Джина Равера, Куинси Джонс, Кимберли Ньюберри, Тайлер Коллинз', NULL, '<p>Вілл ріс у невеликому райончику у Західній Філадельфії. Був звичайним хлопцем, грав у баскетбол, слухав хіп-хоп тощо. Усе було досить безхмарно, поки Вілл не вплутався у бійку з &laquo;великими дядьками&raquo;. Після цього його мама терміново відправляє його до своєї рідної сестри, яка живе в районі Бель-Ейр, Беверлі-Хіллз.</p>', 2, 61, 6, 3, 1, 11, 5, 'images/2024-04-15/QRtsjqeRUPpePMXkOA4NCMsxmOGyozsuK7bDnAWd.jpg', NULL, '2024-04-15 05:27:52'),
(15, 'Як я зустрів вашу маму / Як я познайомився з вашою мамою', 'iak-ia-zustriv-vasu-mamu-iak-ia-poznaiomivsia-z-vasoiu-mamoiu', 'How I Met Your Mother 1 season', '22 хв.', 'Элисон Хэннигэн, Коби Смолдерс, Боб Сагет, Линдси Фонсека, Дэвид Хенри, Шарлин Амойя, Джо Нивз, Дженнифер Моррисон, Маршалл Манеш, Билл Фагербакки, Сьюзи Плэксон, Эшли Уильямс', NULL, '<p>Як я зустрів вашу маму &mdash; комедія про Теда та про те, як він закохався. Всі неприємності починаються з того, що найкращий друг Теда Маршалл раптом несподівано повідомив, що він хоче зробити пропозицію своїй давній подрузі, Лілі, виховательці дитячого садка. На той час Тед розуміє, що йому потрібно докладати більше зусиль, якщо він дійсно сподівається знайти своє справжнє кохання. Допомагає йому в цих пошуках його друг Барні, переконаний холостяк, вічно зі своєю, іноді надто думкою на все, що відбувається, зі схильністю до костюмів і вірним способом познайомитися з дівчатами. Коли Тед зустрічає Робін, він вирішує, що це кохання з першого погляду, але у долі в запасі є дещо ще.</p>', 2, 76, 9, 3, 1, 2, 1, 'images/2024-04-15/oRPLoU3HgsxHDXZxMukMtudSra89fcI3UjbjFKHe.jpg', NULL, '2024-04-15 05:28:36'),
(16, 'На межі', 'na-mezi', 'The Brink', '30 хв.', 'Пабло Шрайбер, Маус Джексон, Икбал Теба, Мелани Каннокада, Марк Пэрриш, Бернард Уайт, Дэвид Диаан, Ношин Финикс, Анджини Танеджа Азар', NULL, '<p>Невдалий співробітник ПосольстваСША в Ісламабаді Телботт дістав усіх до печінок. Незважаючи на настирливі нагадування про себе з його боку, посол не звертає на дуже здібного, на його власну думку, співробітника належної уваги. Більше того, як тільки Телботт відходить в сторону, глава місії з полегшенням видихає: &laquo;завтра я, нарешті, його звільню&raquo;. Навіть посольський водій Рафік відноситься до дипломата, м\'яко кажучи, нешанобливо. Слабкість Телботта до прекрасної статі вже одного разу привела до того, що його ледь не позбавили відведеної за статусом службової машини, так що недовіра Рафіка цілком зрозуміла. До того ж, з\'ясовується, що їхати він має намір в саме &laquo;осине гніздо&raquo; бойовиків, та ще примудряється жартувати з цього приводу. В цей час член американського уряду Уолтер весело проводить час з дівчиною, демонструючи досить неординарні сексуальні переваги, але парочці несподівано заважає стукіт у двері. Як виявляється, це секретарка Уолтера знайшла його в такому незвичайному місці, тому що терміново потрібна його участь в роботі з якимись цілком таємними документами з приводу Пакистану. На авіаносці П\'ятого Флоту ВМССША в Червоному морі метушня ...</p>', 2, 86, 1, 3, 1, 10, 1, 'images/2024-04-15/EdrQsNNjbW98hSCR1piYqz2iN4UR4KZKJUI10OSd.jpg', NULL, '2024-04-15 05:29:21'),
(17, 'У Філадельфії завжди сонячно', 'u-filadelfiyi-zavzdi-soniacno', 'It\'s Always Sunny in Philadelphia', '23 хв.', 'Кэйтлин Олсон, Мэри Элизабет Эллис, Линн Мари Стюарт, Джимми Симпсон, Нат Муни, Сэнди Мартин, Тэзи Серфес, Бриттани Дэниэл, Брайан Унгер, Трэвис Шульдт', NULL, '<p>Цей ситком оповідає про чотирьох друзів, які тримають ірландський бар у не найкращому районі Філадельфії. Те саме можна сказати і про самих героїв &mdash; вони ворожі й аморальні один до одного, завжди сваряться, брешуть і намагаються щось один одному довести, потрапляючи через це в найбезглуздіші та найсмішніші ситуації.</p>', 2, 76, 16, 3, 2, 1, 1, 'images/2024-04-15/9jR9q5GZtVxWgtoWVq3FJfuUZXIs0l9GjAIVMXEa.jpg', NULL, '2024-04-15 05:30:08'),
(18, 'Постоялець з космосу', 'postoialec-z-kosmosu', 'Resident Alien', '42 хв.', 'Сара Томко, Кори Рейнольдс, Элис Веттерлунд, Леви Филер, Линда Хэмилтон, Элизабет Бауэн, Манделл Мофан, Алекс Барима, Дженна Ламия', NULL, '<p>Доктор Гаррі Вендершпігль - самітник у невеликому містечку в Колорадо. Ще він прибулець, який насправді впав на Землю і зайняв тіло лікаря. Коли ж лікарі вбивають, прибулець змушений відкласти місію з повернення додому і зайняти місце вбитого. Живучи в новому тілі, він поступово починає ставити запитання, стоять люди порятунку чи ні.</p>', 2, 91, 3, 2, 2, 2, 1, 'images/2024-04-15/KAacaYzswZA0oRq8GzgwbIgF0YOvJ2BOHwqcypcc.jpg', NULL, '2024-04-15 05:30:56'),
(19, 'Мандрівний лицар', 'mandrivnii-licar', 'Knight Rider', '45 хв.', 'Уильям Дэниелс, Эдвард Малхейр, Ребекка Холден, Патрисия МакФерсон, Питер Пэррос, Ричард Андерсон (I), Ричард Бейсхарт, Альма Белтран, Ноэль Конлон, Брайан Катлер, Филлис Дэвис, Винс Эдвардс, Эд Гилберт', NULL, '<p>Часом доля не прихильна навіть до тих людей, які стоять на сторожі добра і ведуть активну боротьбу зі злом. Майкл Лонг працює в поліції, начальство завжди хвалило його за високий показник розкриття злочинів. Але от коли справа торкнулася самого Майкла, і в одній з перестрілок він був важко поранений, керівництво вважало за краще зробити вигляд, що абсолютно нічого не сталося. Лонга просто звільнили заднім числом. Майкл б просто помер, якби не щаслива випадковість в особі Уолтона Найта, який прославився як дуже багатий вчений. Найт, не замислюючись, забрав до себе пораненого поліцейського, зробив йому пластичну операцію, відновив здоров\'я і повернув повністю до життя. Майкл навіть не уявляв, чим віддячити своєму рятівнику. Але Уолтон дає йому підказку - вести боротьбу зі злочинністю, не дивлячись ні на що!</p>', 2, 53, 4, 2, 1, 11, 5, 'images/2024-04-15/u62duZvLRVRR9sAEUEE4255FB8s6VDrwxiP0Mo66.jpg', NULL, '2024-04-15 05:31:46'),
(20, 'Магнум, приватний детектив', 'magnum-privatnii-detektiv', 'Magnum, P.I.', '40 хв.', 'Джон Хиллерман, Роджер Е. Мослі, Ларрі Манетти, Gillian Dobb, Кван Хі Лім, Джефф Маккей, Кетлін Ллойд, Гленн Кеннон, Патрік Бішоп, Еліша Кук мл., Джин Брюс Скотт', NULL, '<p>Томас Салліван Магнум - приватний детектив, який проживає на Гаваях. Здавалося б, його життя повинне бути веселим і безтурботним, проте кожного разу персонажу доводиться вирішувати по-справжньому складні й заплутані справи. Томас змушений братися за розслідування заплутаних історій, в кожній з яких фігурує по кілька підозрюваних. Йому в справах нерідко допомагає дворецький Хіггінс, який взяв на себе побутові турботи в будинку відомого мільйонера Мастерса, який давно не з\'являвся у своєму маєтку, залишивши дім на совість Магнума і свого дворецького. Проект \"Приватний детектив Магнум\" транслювався на початку двохтисячних на каналі ТЕТ. Приємного перегляду.</p>', 2, 51, 8, 2, 1, 4, 5, 'images/2024-04-15/c4JqzozyQKmRR9QRjMaanuOWSGzOTWQlN9BBlMLM.jpg', NULL, '2024-04-15 05:32:38'),
(21, 'Мене звати Ерл', 'mene-zvati-erl', 'My Name is Earl', '21 хв.', 'Итэн Сапли, Эдди Стиплз, Надин Веласкес, Луис Т. Мойл, Трей Карлайл, Майк Кокрейн, Ной Кроуфорд, Бонита Фридериси, Дейл Дикки', NULL, '<p>Життя Ерла, дрібного пройдисвіта районного масштабу, сповнене помилок і неправильних рішень. Відразу після виграшу джек-поту в невеликій лотереї, його збиває машина, і він втрачає квиток, що виграв. У лікарні на нього сходить осяяння: вся справа в кармі та неприємності переслідують його тому, що він сам нескінченне джерело неприємностей для оточуючих. Герой вирішує круто змінити свою долю. Він хоче виправити все неправильне, що він зробив з часів своїх химер у початковій школі, коли витончено знущався над однокласниками і тягнув усе, що траплялося під руку. З цією метою він складає докладний список своїх різнокаліберних проказ і сповнюється рішучості розшукати всіх, кому він колись зробив недобре і компенсувати зло, чого б це ні йому, ні колись від нього потерпілим не варто.</p>', 2, 76, 4, 2, 1, 2, 1, 'images/2024-04-15/k3AZVglLjZnSiJ35dif8JgejOT1j3sqkFT1Hkv7K.jpg', NULL, '2024-04-15 05:33:18'),
(22, 'Альф', 'alf', 'ALF', '24 хв.', 'Енн Шедін, Андреа Елсон, Бенджи Грегорі,  Джон ЛаМотта, Ліз Шерідан', NULL, '<p>Фантастична комедія під назвою \'Альф\' розповідає про неймовірного головного героя, з яким завжди трапляються досить смішні і забавні ситуації. Отже, його звуть Альф і він є представником іншої планети. Він прибув на Землю зі своєї батьківщини, з невеликої планети, яка носить назву Мелмак. Тепер він змушений оселитися в найпростішій родині, в звичайному будинку, що знаходиться в Лос-Анджелесі. Він постійно потрапляє в кумедні історії, ще б пак, адже він зовсім не знає, як саме працює все в людському суспільстві і як саме поводитися в тій чи іншій ситуації. Як би там не було, практично кожен день головний герой і сім\'я яка його прихистила змушені жити досить секретним життям, адже зовсім ніхто не повинен знати про існування Альфа, а це значить, що попереду нас чекають великі пригоди.</p>', 2, 57, 4, 3, 1, 6, 1, 'images/2024-04-15/tiZ23grFjJtB7Z2TehRuj6OLd8w9wmNXu0C6XFnE.jpg', NULL, '2024-04-15 05:33:59'),
(23, 'Молодий Геркулес', 'molodii-gerkules', 'Young Hercules', '30 хв.', 'Джоэл Тобек, Крэйг Паркер, Элизабет Хоуторн, Верн Тройер, Стивен Ловат, Кевин Смит (II), Майкл Хёрст, Хатчесон Кирен', NULL, '<p>Діти залишаються дітьми навіть якщо це діти Богів. Цей серіал розповість про молодість Геракла, який намагається заслужити повагу та визнання з боку свого батька верховного олімпійського Бога &ndash; Зевса. На шляху становлення одного з найбільших героїв (напівбога-напівлюдини) зустрінеться безліч ворогів, і Геракл доведе своїми вчинками, сміливістю, відвагою, героїзмом і вірною дружбою, що ще в молодості він почав нести добро людям, і важливо не те, ким ти народився, бо як і для чого ти живеш.</p>', 2, 69, 1, 2, 1, 4, 1, 'images/2024-04-15/4oSnaZ089KZh17MwW7UaHQ249EWScqDgaEPFSN72.png', NULL, '2024-04-15 05:34:42'),
(24, 'Ренеґат', 'renegat', 'Renegade', '45 хв.', 'Брэнском Ричмонд, Кэтлин Кинмонт, Стефен Дж. Кэннел, Сандра Фергюсон, Рон Джонсон, Джеффри Блэйк, Ларри Манетти, Л. К. Джонс, Шона Сэнд Ламас, Деприз Брешия, Митч Райан, Уильям Энтон, Кент МакКорд, Джереми Робертс', NULL, '<p>Ріно Рейнс був добрим поліцейським і чесно робив свою справу, але коли він дав свідчення проти своїх корумпованих колег, то став мішенню. Звинувачений у вбивстві, він змушений ховатися від влади, виконуючи роботу мисливця за головами та намагаючись довести свою невинність. Два брати волею доль залучені до жорстокого світу гладіаторських боїв. Один &mdash; екс-поліцейський, несправедливо звинувачений у вбивстві, нишпорить по безлюдних землях бедленду, забезпечуючи на свій лад дотримання закону. Його брат, якого він вважає вбитим у В\'єтнамі, втягнутий у протизаконні та жорстокі ігри, де в якості видовища пропонуються найдивовижніші та найжахливіші спектаклі. Одного разу вони мають зіткнутися один з одним в останній, вирішальній сутичці, яка повинна визначити, кому з них жити, а кому &mdash; померти.</p>', 2, 63, 5, 2, 1, 4, 5, 'images/2024-04-15/zQjtKpY04gJMPGXDrJe4gRLnUZIydNrqrJ9j8hmV.jpg', NULL, '2024-04-15 05:35:27'),
(25, 'Місто вбивств', 'misto-vbivstv', 'Murderville', '32хв', 'Шэрон Стоун, Эринн Хэйс, Лилан Боуден, Ханифа Вуд, Джон Эннис, Филип Смити, Мэри Холлис Инбоден, Саманта Кютаран, Оуэн Бурк', NULL, '<p>Оригінальний серіал від Netflix, який розповідає про розслідування досить дивного детектива на ім\'я Террі Сіетл. Його головна особливість полягає в умінні вибирати напарників. У кожній серії він поєднується з різними знаменитостями, щоб розкрити кілька вбивств. Новий епізод &ndash; нове обличчя зі світовою славою. І всі вони раптово стають партнерами нашого головного детектива, навіть не уявляючи, що на них чекає.</p>', 2, 93, 1, 3, 1, 2, 1, 'images/2024-04-15/W7jaIsXQHjomhGUgMxwPIh5SADOMlm9i97xbpCnD.jpg', NULL, '2024-04-15 05:36:13'),
(26, 'Вир світів', 'vir-svitiv', 'Sliders', '44 хв.', 'Кливант Деррикс, Сабрина Ллойд, Кристанна Локэн, Кари Уорер, Шейн Уэст, Чарли О`Коннелл, Роберт Флойд, Темби Лок, Лестер Барри, Уилл Сассо, Линда Хеннинг, Джон Уолкатт, Нил Диксон', NULL, '<p>Фантастичний серіал для студента-фізика Куїна Мелорі, який, виходячи з теорії Ейнштейна-Подільського-Розена, проводив експерименти з вивчення гравітації. У ході них він замість гравітаційної машини отримав машину-портал, що дозволяє переміщатися (&laquo;ковзати&raquo;) у паралельні світи. Квін разом зі своїм учителем професором Артуро і подружкою Вейд (і випадково потрапивши у вирву порталу Рембрандтом Брауном) вирушив у &laquo;невелику&raquo; подорож у паралельний світ. Але в ході подорожі їм довелося терміново евакуюватися з цього світу, при цьому збивши налаштування таймера, який контролює їхнє ковзання. І тепер вони не можуть повернутися додому і не знають, до якого наступного світу вони потраплять...</p>', 2, 66, 5, 2, 1, 4, 5, 'images/2024-04-15/FxQq9YD2GNhjYLBclgU9WtpfKwIChBTEzaVoMYVT.jpg', NULL, '2024-04-15 05:37:00'),
(27, 'Менталіст', 'mentalist', 'The Mentalist', '44 хв.', 'Робин Танни, Тим Кенг, Аманда Ригетти, Онжаню Эллис, Грегори Итцин, Майкл Гэстон, Прюитт Тейлор Винс, Майкл Рэди, Эрик Винтер, Джон Трой Донован, Ребекка Високки, Самира Армстронг, Терри Кинни', NULL, '<p>Патрік Джейн - детектив і незалежний консультант з Каліфорнійського Бюро Розслідувань (КБР), він використовує свої відточені, як лезо, навички спостереження для розкриття тяжких злочинів. У самому Бюро Джейн відомий за часті порушення протоколу, а також за його зіркове минуле: він працював медіумом, проте тепер сам визнає, що симулював паранормальні здібності. Роль Джейна у розкритті цілої серії загадкових злочинів високо цінується колегами. Але суворий старший агент Тереза Лісбон проти того, щоб Джейн працював із її загоном, і то вимушено визнає його успіхи, то критикує його за театральність, нарцисизм та відсутність кордонів.</p>', 2, 79, 7, 2, 1, 2, 1, 'images/2024-04-15/uvubSYkXPOjSE3gMTehetlI8K6G3UknCzPW3kCkJ.png', NULL, '2024-04-15 05:37:49'),
(28, 'Лекс', 'leks', 'Lexx', '45 хв.', 'Брайан Дауни, Ева Хаберманн, Эллен Дубин, Джеффри Хиршфилд, Малкольм МакДауэлл, Ксения Зееберг, Том Галлант, Найджел Беннетт, Патриция Зентилли, Рольф Канис, Лекс Гигерофф, Луиз Вишерманн, Джон Дансуорт', NULL, '<p>Безстрашний воїн загиблої раси Бруннен-Джі, молодший помічник допоміжного заступника кур\'єра Стенлі Твідл, чарівна раба кохання Зев з генами міжзоряного ящера, і романтична голова-робота 790 захоплюють величезний живий космічний корабель &laquo;Лексc&raquo;. Рятуючись від гніву Божественної Тіні, безжалісного володаря Всесвіту Світу, вони опиняються у невідомому Всесвіті Темряви, де кожен необережний крок може коштувати їм життя. Приземляючись на загадкових планетах, де гостям не завжди бувають раді, вислизаючи від підступних пасток і допомагаючи всім, хто потрапив у біду, часом перебуваючи на волосок від загибелі, відчайдушні міжгалактичні мандрівники переживуть неймовірні пригоди, об\'єднані однією спільною метою - знайти собі новий будинок.</p>', 2, 68, 4, 2, 1, 8, 5, 'images/2024-04-15/hQ6Pj1OetPM4qIzhmZuccvjfDSht2UByATK6Egso.jpg', NULL, '2024-04-15 05:38:39'),
(29, 'Геркулес: Легендарні Подорожі', 'gerkules-legendarni-podorozi', 'Hercules: The Legendary Journeys', '45 хв.', 'Майкл Хёрст, Кевин Смит (II), Роберт Требор, Джеффри Томас, Пол Норелл, Брюс Кэмпбелл, Александра Тайдингс, Лидди Холлоуэй, Тамара Горски, Джина Торрес, Джоэл Тобек, Люси Лоулесс, Мейган Десмонд, Лиза Чаппел', NULL, '<p>Ти чув колись про дванадцять подвигів Геракла? Насправді їх було 103. і всі вони записані на плівку! Син могутнього Зевса та земної жінки, напівбог-напівлюдина, Геракл &mdash; головний герой легендарного серіалу &laquo;Дивовижні мандрівки Геракла&raquo;. У &laquo;Мандрах Геракла&raquo; древні як світ легенди пожвавлені найсучаснішими кінотехнологіями. Створювали віртуальну давньогрецьку реальність ті самі люди, які працювали над &laquo;Парком Юрського періоду&raquo; та &laquo;Маскою&raquo;. Завдяки спецефектам двадцять першого століття ти дізнаєшся, як насправді виглядали боги та монстри, які населяли Стародавню Грецію тисячі років тому.</p>', 2, 66, 6, 2, 1, 4, 5, 'images/2024-04-15/SeSdyPLusNhZueri6BdfAqOnyjjhJlVBR3iDc0FP.webp', NULL, '2024-04-15 05:39:31'),
(30, 'Детективне агентство «Місячне сяйво»', 'detektivne-agentstvo-misiacne-siaivo', 'Moonlighting', '45 хв.', 'Сибилл Шеперд, Эллис Бисли, Джек Блессинг, Чарльз Роккет, Роберт Уэббер, Ева Мари Сэйнт, Дэннис Дуган, Кристин Кауффман, Марк Хэрмон, Вирджиния Мэдсен, Брук Адамс, Билл Маркус, Диана Ли Иносанто', NULL, '<p>Топ-модель Медді Хейс жила, не турбуючись. Вона зробила карколомну кар\'єру, беручи участь у рекламній кампанії шампуню під назвою &laquo;Блакитний Місяць&raquo;, і була цілком щаслива. І раптом, як грім серед ясного неба: повернувшись із круїзу Медді виявила, що залишилася без засобів для існування. Керівники, скориставшись її довірливістю та недосвідченістю в бізнесі, обікрали її дочиста та втекли. Бідолашна Медді з жахом виявила, що є власницею декількох фірм, що розорилися, серед яких і детективне агентство. Хоч і шкода агенція, але Медді вирішує її продати. Директор агенства, приватний детектив Девід Еддісон знаходить вихід їхнього положення. Він пропонує Медді зробити його рівноправним партнером та спробувати врятувати компанію. Небагато подумавши, Медді погоджується.</p>', 2, 56, 5, 2, 1, 2, 1, 'images/2024-04-15/rYqN0YMtoXnOFUlbl6lUkOH5po6MwhwgM8OEgUMn.jpg', NULL, '2024-04-15 05:40:24'),
(31, 'Повітряний вовк', 'povitrianii-vovk', 'Airwolf', '45 хв.', 'Алекс Корд, Эрнест Боргнайн, Джин Брюс Скотт, Дебора Прэтт, Лэнс ЛеГолт, Монти Джордан, Роберт Аписа, Луи Элиас, Сэнди Кроунмейер, Джон Брэндон, Исмаэль ’Ист’ Карло, Энтони Тайлер Куинн, Кэндес Куэл, Дэвид Кадиенте, Тони Эппер, Энн Локхарт, Юджин Роч, Николас Кэмпбелл, Джон Кэлвин', NULL, '<p>\"Повітряний вовк\" - це телесеріал, що вийшов у 1984 році вСША. Жанрово він поєднує в собі фантастику, бойовик і пригоди, що робить його цікавим для широкої аудиторії. Автори серіалу &ndash; Вирджил В. Фогель, Саттон Роули, Алан Дж. Леві та Харві С. Лайдман, які зуміли створити захоплюючий сюжет та незабутній образ головних героїв. Сюжет розповідає про секретний проект ЦРУ, відомий як \"Фірма\", який розробляє новий вертоліт \"Повітряний вовк\" &ndash; літаючу машину передових характеристик, оснащену потужною зброєю. Проте, під час тестового політ виникає непередбачена ситуація: один з винахідників \"Повітряного вовка\" ставить свою розробку на зловісне використання та викрадає вертоліт до Лівії. Серіал розповідає про надзвичайні пригоди екіпажу \"Повітряного вовка\", в який входять такі актори, як Ян-Майкл Вінсент, Алекс Корд, Ернест Боргнайн, Джин Брюс Скотт, Дебора Претт, Ленс ЛеГолт, Монті Джордан, Роберт Аписа, Луї Еліас та Сенді Кроунмейер. Кожен з акторів зіграв важливу роль у створенні високопродуктивного екіпажу вертольота та упевнив глядачів у їхній професіоналізмі та захоплюючій харизмі. Крім того, важливо зазначити, що \"Повітряний вовк\" &ndash; це американський серіал, що додатково надає йому популярності серед шанувальників телевізійних шоу со всього світу. В Україні також можна знайти цей серіал в онлайн-форматі для безкоштовного перегляду або завантаження, щоб насолодитися захоплюючими деталями сюжету та майстерністю акторського мистецтва. \"Повітряний вовк\" &ndash; це захоплююча комбінація фантастики, бойовика та пригод, яка знайде відгук у серцях широкої публіки. Це серіал, за яким можна слідкувати і мріяти разом з героями. Насолоджуйтесь улюбленим жанром та справжнім голлівудським мистецтвом, завантажуючи чи дивлячись онлайн серіал \"Повітряний вовк\" безкоштовно.</p>', 2, 55, 4, 1, 1, 2, 5, 'images/2024-04-15/eY5jki7aV5p28opHh4PQbAPwxnLPtPN0YG3BXlws.jpg', NULL, '2024-04-15 05:41:05'),
(32, 'Вавилон 5', 'vavilon-5', 'Babylon 5', '44 хв.', 'Майкл О\'Хара, Клаудиа Кристиан, Джерри Дойл, Майра Ферлэн, Ричард Биггз, Андреа Томпсон, Стивен Ферст, Билл Мами, Кэйтлин Браун, Андреас Катсулас, Питер Юрасик, Турхан Бей', NULL, '<p>Починалася нова епоха історія людства. Минуло 10 років після війни Землі із Мінбаром. Проект \"Вавилон\" став втіленням мрії про галактику без воєн. Його мета &ndash; створення центру, де різні цивілізації зможуть вирішувати спірні проблеми мирним шляхом. Станція стала місцем зустрічі та будинком для дипломатів, авантюристів, ділків, мандрівників. Тисячі людей та інопланетян на 2,5 мільйонах тонн металу, що обертається серед прірви космосу. Деколи тут небезпечно, але це наша єдина надія на міцний світ. Ось історія останньої станції серії \"Вавілон\". Час дії &ndash; 2258 рік. Місце &ndash; \"Вавілон 5\".</p>', 2, 64, 5, 1, 1, 4, 5, 'images/2024-04-15/3Soxfp6Re8spyI5zHjSuhRkX8BWSecmVQknYeyY8.jpg', NULL, '2024-04-15 05:41:48'),
(33, 'Пентаверат', 'pentaverat', 'The Pentaverate', NULL, 'Дженнифер Сондерс, Кигэн-Майкл Ки, Кен Жонг, Лидия Уэст, Грег Хойт, Даниил Буров, Никлос Расмуссен, Дональд Сэйдж Маккэй', NULL, '<p>З часів Чорної чуми у 1347 році п\'ятеро людей працювали над тим, щоб впливати на світові події в ім\'я загального блага. Один незвичайний канадський журналіст опиняється в центрі місії з розкриття правди та у процесі порятунку світу.</p>', 2, 93, 1, 3, 1, 2, 1, 'images/2024-04-15/vdNjcyjnqvg7azJJ1flj0wTZP35ymokrca7Ik9FC.jpg', NULL, '2024-04-15 05:42:33'),
(34, 'Шерлок', 'serlok', 'Sherlock', '90 хв.', 'Эндрю Скотт, Руперт Грейвз, Уна Стаббс, Луиза Брили, Зои Телфорд, Питер Брук, Джемма Чан, Винетт Робинсон, Джини Спарк, Марк Гэтисс, Таня Муди, Джонатан Арис, Дэвид Неллист', 'Є ще новорічний випуск', '<p>Серіал є сучасною версією книг і розповідей про пригоди Шерлока Холмса. Звідси зміна образів головних персонажів: Холмс тут не завжди ввічливий, але так само геніальний; на відміну від оригінального Холмса, він не вживає наркотиків і використовує нікотиновий пластир. Ватсон, як і в оригінальних творах, був військовим лікарем в Афганістані. Місіс Хадсон ставиться до Холмса як до сина, хоч і не схвалює те, що він часто наказує їй як хатній робітниці. Лестрейд не проти співпраці з Холмсом і часто сам кличе його на допомогу. Його характер із книг передано дівчині-сержанту Саллі Донован. Також, на відміну від книг, тут Холмс і Ватсон називають один одного за іменами, а не за прізвищами.</p>', 2, 81, 4, 1, 1, 9, 1, 'images/2024-04-15/1RnWP4QJkf4w4IwrOA0jT3yUWIIxmt0Dngme8yRA.jpg', NULL, '2024-04-15 05:43:18'),
(35, 'Гаррі та Гендерсони', 'garri-ta-gendersoni', 'Harry and the Hendersons', NULL, 'Молли Чик, Захари Бостром, Кэрол-Энн Планте, Патрик Пинни', NULL, '<p>\"Гаррі та Хендерсони\" - комедійний сімейний фентезі фільм 1991 року, знятий режисером Лі Локхедом уСША. Він розповідає історію сім\'ї Хендерсонів, яка випадково знаходить мародера на своєму автомобілі, який виявляється неймовірною, величезною і доброю істотою - Сніговою Людиною, яку вони називають Гаррі. Незабаром вони дізнаються, що Гаррі перебуває в небезпеці від інших людей, які хочуть зловити його та продати як екзотичну тварину. Сім\'я Хендерсон вирішує допомогти Гаррі і вберегти його від небезпеки. У головних ролях знімалися Брюс Девісон, Моллі Чік, Захарі Бостром, Керол-Енн Планте та Патрік Пінні. Фільм був номінований на Оскар у категорії \"Найкращі візуальні ефекти\". \"Гаррі та Хендерсони\" стали улюбленим фільмом серед багатьох дітей та дорослих за свій теплий сюжет, почуття гумору та чудових персонажів.</p>', 2, 62, 3, 2, 1, 5, 7, 'images/2024-04-15/qg3daW2fu9TMhRXuA6HxMsr5jNawlxtyTtN4W40E.jpg', NULL, '2024-04-15 05:44:06'),
(36, 'Попандос', 'popandos', 'FUBAR', NULL, 'Джей Барушель, Моника Барбаро, Форчун Феймстер, Трэвис Ван Винкл, Фабиана Уденио, Барбара Ив Харрис, Апарна Бриэль', NULL, '<p>Люк Бруннер &mdash; один із найдосвідченіших і найрезультативніших співробітників ЦРУ, який тримає свою кар\'єру в таємниці від сім\'ї. Він прагне скоріше вийти на пенсію, щоб розпочати безтурботне життя та налагодити стосунки з колишньою дружиною Таллі. У рамках свого останнього завдання чоловік вирушає до Гаяни, щоб витягти з біди таємного агента під позивним &laquo;Панда&raquo;. Тим самим оперативником виявляється його рідна дочка Емма, яка, як і батько, протягом багатьох років приховувала свою професію. Розлючені одне на одного за брехню, двоє неохоче об\'єднують зусилля для виконання місії, що вийшла з-під контролю...</p>', 2, 94, 1, 2, 1, 10, 1, 'images/2024-04-15/5x6YYsJGqPE3x6lPmdZq4POt4GN1B15i5CQWE5Ib.jpg', NULL, '2024-04-15 05:44:54'),
(37, 'Горець', 'gorec', 'Highlander', '48 хв.', 'Джим Бернс, Александра Вандернут, Питер Уингфилд, Ричард Молл, Питер ДеЛуис, Дастин Нгуен, Сун Тек Оу, Джон Новак, Винсент Скьявелли, Эндрю Дивофф, Дункан Фрейзер, Марк Сингер', NULL, '<p>Його звуть Дункан Маклауд. Він народився 1592 року в горах Шотландії і живе до цього дня. Він безсмертний. За 400 років ким він не був: і воїном, і коханцем, і мандрівником. Йому постійно доводилося битися з іншими безсмертними, що повстали з мертвих, і вбивати їх, бо переможець мав відрубати голову переможеному, і тоді до нього переходила вся сила поваленого.</p>', 2, 63, 6, 2, 1, 2, 1, 'images/2024-04-15/yj6qM4k9unYUdJ5b6nEUnYd5wPBTsYRm0aobM74F.webp', NULL, '2024-04-15 05:45:45'),
(38, 'Флеш', 'fles', 'The Flash', '45 хв.', 'Аманда Пэйс, Алекс Десерт, Пола Маршалл, Майкл Нэйдер, Тим Томерсон, Присцилла Пойнтер, Лусиа Нафф, Ричард Белзер', NULL, '<p>Баррі Аллен &ndash; судово-медичний експерт, який працює у поліції міста Централ-Сіті. В результаті нещасного випадку, який стався в його лабораторії, Баррі знаходить надзвичайні надприродні здібності, що дозволяють йому розвивати супершвидкість, і за допомогою вченої Крістіни МакГі вчиться контролювати свою нову силу. Однак незабаром його старшого брата Джея вбивають, що спонукає героя створити альтер-его на ім\'я Флеш і направити здібності на боротьбу зі злочинцями, попутно намагаючись зберегти в секреті свою нову особистість.</p>', 2, 61, 1, 2, 1, 4, 3, 'images/2024-04-15/vwqde7qv34oN5C6QVvQYbMgpMO86XztEsjcf9gyq.jpg', NULL, '2024-04-15 05:46:36'),
(39, 'Чудернацька наука', 'cudernacka-nauka', 'Weird Science', '24 хв.', 'Ванесса Энджел, Себастьян Тиллинджер, Чад Кокс, Фил Букман, Кэри Лайзер, Брюс Файн, Брюс Чаркоу, Брайан Джордж, Джим Джэнсен, Карл Стивен, Ванесса Ли Эшер, Ларри Поиндекстер', NULL, '<p>П&rsquo;ятнадцятирічний Гарі Воллес, непоказний підліток, який мріє про вродливих дівчат і безтурботне життя. Його єдиний друг, соромливий і добродушний &laquo;комп\'ютерний геній&raquo; Вайт Донеллі, вічно стає мішенню для насмішок і знущань жорстоких однокласників. Одного разу за допомогою комп&rsquo;ютера і загадкового електричного випромінювання їм вдається оживити &laquo;жінку своєї мрії&raquo;. Її звуть Ліза, і вона готова виконувати бажання своїх творців&hellip;</p>', 2, 65, 5, 2, 1, 2, 2, 'images/2024-04-15/MZzWsLlgu9ucnGxjUgXaPhdXx5L9FNMMy8nMJu7F.jpg', NULL, '2024-04-15 05:47:29'),
(40, 'Шерлох', 'serlox', 'Шерлох', '26 хв.', 'Альона Алимова, Юрій Корявченков та інші.', NULL, '<p>\"Шерлох\" - веселий серіал-пародія на знаменитий британський міні-серіал. Головні герої, квартира на Бейкер-стріт 221Б, добродушна ленд-леді місіс Хадсон - в українській стрічці все залишилося ідентично оригіналу. Однак, є і деякі зміни. Український Шерлох обожнює жінок і потроху краде у Ватсона гроші. Але це не заважає парочці розслідувати найскладніші злочини і розкривати заплутані справи.</p>', 2, 86, 1, 3, 1, 2, 1, 'images/2024-04-15/mErvW7aGG85vRuHBFrGxVX2xd5CTMZ40kCRSKWi1.jpg', NULL, '2024-04-15 05:48:24'),
(41, 'Друзі', 'druzi', 'Friends', '30 хв.', 'Кортни Кокс, Лиза Кудроу, Джеймс Майкл Тайлер, Эллиотт Гулд, Кристина Пиклз, Мэгги Уилер, Джейн Сиббетт, Хелен Бексендейл, Джессика Хехт, Джун Гейбл', NULL, '<p>Створена Девідом Крейном і Мартою Кауффман, ця ансамблева комедія стала найпопулярнішою новою комедією ситуацій сезону 1994&mdash;1995 рр., займаючи 8 місце в рейтингу Нільсена. Герої &mdash; шестеро молодих людей, що живуть в Нью-Йорку і зустрічаються в улюбленому кафе &mdash; Central Perk. Шість героїв &mdash; три дівчини, і троє хлопців &mdash; нерозлучні друзі. І навколо цієї міцної компанії будується нескінченна кількість різних історій: у друзів трапляються романи, вони сваряться і миряться. Але молодь не може бути до кінця серйозною, так що друзі не упускають випадку пожартувати, а відчуття гумору у них відмінне.</p>', 2, 65, 10, 2, 1, 4, 1, 'images/2024-04-15/ZlRi4Pg2EIx1tOMHHkwczXriZBpfLIEdCn8IcRUW.jpg', NULL, '2024-04-15 05:49:07'),
(42, 'Легенда про Вільгельма Телля / Легенда о Вильгельме Телле', 'legenda-pro-vilgelma-tellia-legenda-o-vilgelme-telle', 'The Legend of William Tell', '51 хв.', 'Питер МакКензи, Кен Блэкберн, Бет Аллен, Эндрю Робертт, Рэй Хенвуд, Нэтаниэл Лис, Шарон Тайрел, Катрина Браун, Дрю Нимия', NULL, '<p>Фільм \"Легенда про Вільгельма Телла\" - це історична драма, знята в 1998 році. Ця картина розповідає нам про події, що відбувалися у далекому XIV столітті у Швейцарії. Головний герой фільму &ndash; Вільгельм Телль, легендарний швейцарський стрілець, який став справжнім героєм для свого народу. Вільгельм заприсягся помститися тирану Отто фон Габсбургу, який у той час був правителем Швейцарії. Свою майстерність у стрільбі він використав, щоб звільнити рідну землю від ворогів та несправедливого правління. Фільм чудово передає атмосферу тих часів, показує життя та важкі випробування, з якими стикався Вільгельм Телль. Тут можна побачити сліпучі пейзажі та бурхливі битви, а також відчути дух справжнього патріотизму та стійкості. \"Легенда про Вільгельма Телла\" - це картина, яку обов\'язково варто подивитися онлайн. Фільм доступний для безкоштовного перегляду та скачування. Він вразить вас своєю епічною історією, приголомшливою операторською роботою та видатними акторськими виконаннями. Не упустіть можливість поринути у світ сильних і непереможних героїв, де добро перемагає зло і справедливість переможе. \"Легенда про Вільгельма Телла\" - фільм, який залишить незабутні враження та подарує вам багато годин захоплюючого перегляду. Не пропустіть шанс стати свідком цієї великої історії! Дія цієї фантастичної саги розгортається у королівстві Кейл. Тут відбувається політичний переворот, і влада опиняється в руках двох узурпаторів: Ксакса, жорстокого, амбітного та самовпевненого воїна, який оголошує себе лордом-протектором народів Кейла, і темного мага Крила, який посадив його на трон. Вони організовують вбивство короля та королеви, а для лігітимізації своєї влади будують матримоніальні плани щодо юної принцеси Вари.</p>', 2, 69, 1, 1, 1, 5, 3, 'images/2024-04-15/0Z8v4UgBQDirdnFVbCwd6rAYslGOvgQvOBqR60Jo.webp', NULL, '2024-04-15 05:49:51'),
(43, 'Слід крізь час / Пороги времени (Следы во времени)', 'slid-kriz-cas-porogi-vremeni-sledy-vo-vremeni', 'Time Trax', '44 хв.', 'Элизабет Александр, Питер Донат, Малкольм Корк, Тириел Мора, Пол Эмпсон, Колин Хэндли, Мэри-Маргарет Хьюмс', NULL, '<p>У 2193 році управління поліції Вашингтона зіткнулося з безпрецедентною ситуацією: успішно спіймані злочинці таємниче стали зникати з в\'язниць. Капітан Дерієн Ламберт, який розслідує справу про чергового такого \"невидимку\", дізнається, що до втечі злочинців причетний геніальний учений Мордехай Самбі. Синтезувавши експериментальний препарат ТХР, він навчився відправляти затятих вбивць, грабіжників і гангстерів на 200 років у минуле, природно, не за безкоштовно. Операція із затримання Самбі закінчується трагічно: лиходій-вчений успішно телепортує самого себе, попутно вбивши свою ученицю та кохану Дерієна - Елісу. Ведений почуттям обов\'язку та особистою помстою Ламберт викликається відправитися в минуле, щоб повернути і Самбі, і всіх інших злочинців у їхній час. На озброєнні Ламберта спеціальний пістолет РРТ, а також експериментальний портативний комп\'ютер Сельма (Selma) з голографічною проекцією. Детектив Ламберт напрочуд винахідливий, він проникає в наш \"примітивний\" світ і долає всі перешкоди найнесподіванішим чином, адже коли маєш справу з двадцятим століттям, прийшовши з двадцять другого, чекай багатьох пригод і смішних ситуацій... і так, похід у наш час , 1993-й рік, обіцяє бути довгим...</p>', 2, 64, 2, 3, 1, 4, 4, 'images/2024-04-15/1RDpi6l9iQmLrUoWdpzIDzgeBaoSqpGRuaxbdTce.jpg', NULL, '2024-04-15 05:50:37'),
(44, 'Шпигунські пристрасті / Напряги извилины', 'spigunski-pristrasti-napriagi-izviliny', 'Get Smart', '25 хв.', 'Барбара Фелдон, Майкл Данн, Вито Скотти, Джанин Грэй, Келтон Гарвуд, Карен Норрис, Леонард Стронг, Ингер Стрэттон, Фрэнк Де Вол, Билл Саито, Бен Райт, Лео Гордон, Генри Брэндон', NULL, '<p>Максвелл Смарт &mdash; агент секретной службы под кодовым номером 86. Он не похож на легендарных секретных агентов, которые не раз спасали мир от опасности, рискуя собственной жизнью. Конечно же он готов на все, ради своей страны, однако стать лучшим ему мешает одна маленькая проблема: он постоянно попадает в различные курьезные ситуации, затягивая в них и своих коллег. Несмотря на все проблемы, он не падает духом и продолжает верить в то, что когда-нибудь станет лучшим агентом и непременно спасет мир. Впереди его ждет множество испытаний, преодолеть которые будет очень непросто, к счастью рядом с ним всегда оказывается агент 99... Смотрите онлайн сериал &laquo;Напряги извилины&raquo; в хорошем HD качестве на нашем сайте, бесплатно и без регистрации.</p>', 2, 36, 5, 2, 1, 5, 3, 'images/2024-04-15/PuQN1SwvJHDx2NZBshVqUKR3ZiTXlBWdxh9WwGlS.jpg', NULL, '2024-04-15 05:51:24'),
(45, 'Клініка', 'klinika', 'Scrubs', '22 хв.', 'Сара Чок, Дональд Фэйзон, Нил Флинн, Джуди Рейс, Роберт Масчио, Сэм Ллойд, Алома Райт, Криста Миллер, Джонни Кастл, Трэвис Шульдт, Элиза Куп, Чарльз Чун', NULL, '<p>Відучившись чотири роки в медичній школі, Джон Доріан приходить працювати інтерном в клініку. Разом з ним тут же застосовуватиме отримані знання і його найкращий друг з часів коледжу Кріс Терк. Не маючи досвіду практичної роботи, молоді фахівці відразу ж занурюються в хаотичний світ життя лікарні...</p>', 2, 72, 9, 2, 1, 2, 5, 'images/2024-04-15/CqAT2LDgDGaTeXCmecQwuPJxvEySVGojc01hAIKY.webp', NULL, '2024-04-15 05:52:12'),
(46, 'Лакі Люк 1992', 'laki-liuk-1992', 'Lucky Luke (1992 TV series)', '20 хв.', 'Ron Carey, Ruth Buzzi, John Saxon', NULL, '<p>Як і в кожному західному місті, у Дейзі Тауні є салун. А хто згадує салони, згадує також перестрілки, бійки та дуелі. Результат; Спокійне місто швидко перетворюється на притулок для всіляких поганих хлопців. Тільки одна людина може змусити людей поважати закони: Лакі Люк!</p>', 2, 63, 1, 3, 1, 5, 2, 'images/2024-04-15/MGKNofSBGhZ0p8JP5CepOj74xjk67cfhG2RrYtwa.jpg', NULL, '2024-04-15 05:53:03'),
(47, 'Форсаж', 'forsaz', 'The Fast and the Furious', '106 хвилин (01:46)', 'Ноэль Гульеми, Джордана Брюстер, Мішель Родріґес, Рик Юн, Чад Линдберг, Джонни Стронг, Тед Левайн, Джа Рул, Вито Руджинис, Том Бэрри, Стэнтон Рутледж, Р.Дж. Де Вера', NULL, '<p>Його звуть Браян, і він - фанатик турбін та нітроприскорювачів. Його мета - бути прийнятим до автобанди легендарного Домініка Торетто, чемпіона небезпечних та незаконних вуличних перегонів. Але це лише частина правди... Браян також поліцейський, який має завдання увійти в довіру до Торетто, підозрюваного в причетності до зухвалих пограбувань трейлерів, здійснених прямо з коліс. Але чим більше довіряє нахабному новачкові харизматичний Домінік, тим більше переймається герой ідеалами ангелів доріг. І тим менше йому хочеться виконувати свою місію. І ось, настає момент, коли Брайану доведеться обирати між дружбою та боргом. І вибирати на швидкості 200 кілометрів на годину.</p>', 1, 72, 1, 3, 1, 2, 1, 'images/2024-04-15/diZsR0ycR4zvUrfFDixwg1nfJWqCrC5qPF4A5pdC.jpg', NULL, '2024-04-15 05:53:54'),
(48, 'Суперфорсаж', 'superforsaz', 'Superfast!', '99 хвилин (01:39)', 'Лили Мирожник, Андреа Наведо, Шантель Вислэвски, Дэниэл Буко, Майкл Флорес, Вероника МакКласки, Гонсало Менендес, Дио Джонсон', NULL, '<p>Королі комедії знову у строю. Цього разу об\'єктом пародії стала &laquo;форсажна&raquo; франшиза та інші фільми про гонки, пограбування та круті тачки. Жарти ще смішніші, іронія ще жорсткіша, щільність гегів - ще вища. Фільм &laquo;Суперфорсаж!&raquo; - пародія на знамениту гоночну серію і на акторів, які виконують в ній головні ролі. Лукас Вайт - самий білий поліцейський, за його ж власною думкою, завдяки відсутності друзів і сім\'ї, а також за результатами вельми сумнівного тесту на кримінальні навички, обраний для роботи під прикриттям. Хлопцеві необхідно втертися в довіру до Віна Дроселя - досвідченого вуличного гонщика, що промишляє незаконними справами всіх мастей. Потрапити в банду не так просто: потрібно довести стійкість і відданість спільній справі, а також проявити себе на трасі. Зрозуміло, всі дані про службу Лукаса в органах правопорядку видаляються для більшої правдоподібності. Цей факт і те, що операція відійшла від наміченого плану, роблять Вайта ізгоєм серед своїх, але в той же час дозволяють більш комфортно відчути себе серед нових знайомих і проникнутися до них симпатією. Людям Дроселя в певний момент доводиться битися на двох фронтах, намагаючись втекти від переслідування копів і вкрасти гроші у кримінального короля Лос-Анджелеса, але вони готові до будь-якого повороту.</p>', 1, 86, 1, 3, 1, 2, 1, 'images/2024-04-15/CMrEvTjzEB2uPzFjqs7S52NiNwSCCjiA7HZi8CuC.jpg', NULL, '2024-04-15 05:54:47'),
(49, 'Сліпа куля / Блуждающая пуля', 'slipa-kulia-bluzdaiushhaia-pulia', 'Hollow Point', '102 хвилини (01:42)', 'Тиа Каррере, Дэвид Хемблен, Карло Алакки, Роберт Ито, Андреас Апергис, Лиза Браун Мур, Климент Денчев, Власта Врана, Ричард Земан, Ричард Джутрас, Вик Сахай, Пенни Манкусо', NULL, '<p>Агент ФБР Діана Норвуд і агент відділу боротьби з наркотиками Макс Періш полюють за Лівінгстоном, головою італо-російсько-китайської мафії, якому необхідно переправити величезну суму готівки в офшорні банки. Той, хто здійснить арешт, зможе вжити конфіскованих грошей на потреби своєї контори, тому полювання перетворюється на жорстоку конкуренцію.</p>', 1, 67, 1, 3, 1, 8, 5, 'images/2024-04-15/NpmAoHYbkcJQZKQYPaqb8VksWuallko5PUiNWZUT.jpg', NULL, '2024-04-15 05:55:42'),
(50, 'Перевізник', 'pereviznik', 'The Transporter', '92 хвилини (01:32)', 'Даг Рэнд, Шу Ци, Рик Янг, Франсуа Берлеан, Тонио Десканвей, Венсан Немет, Жан-Мари Пэрис, Одри Хэмм, Лоран Жюмокур, Кристиан Газио', NULL, '<p>Події фільму &laquo;Перевізник&raquo; починаються на півдні Франції, де живе колишній спецназівець Френк Мартін, який займається не зовсім звичайним, небезпечним, але прибутковим бізнесом. У колах багатих громадян, які не вирізняються законослухняністю, він відомий як крутий перевізник. Без зайвих питань Френк доставить до місця призначення будь-який вантаж: підозрілі кейси, загадкові валізки і солідні суми грошей. Ніколи не розкривати багаж і не цікавитися справами клієнта - ось принципи, яких він неухильно дотримується, і за які його цінують роботодавці. Однак на будь-які правила знаходять виключення, і одного разу перевізник все ж відкриває сумку, яка підозріло ворушиться в багажнику. У ній Френк знаходить зв\'язану східну дівчину, яка виявилася дочкою великого китайського мафіозі. Допомагати їй, порушуючи умови угоди, чисте безумство, але перевізник занадто шляхетний, щоб просто закрити багажник і продовжити свій шлях. Тим більше, що дівчина дуже симпатична і не з чуток знає про східні бойові мистецтва.</p>', 1, 73, 1, 1, 1, 2, 1, 'images/2024-04-15/Fp2WilfW5cRlMQCzQgRLxh30VnMDmXxwIyhdyCad.png', NULL, '2024-04-15 05:56:38');
INSERT INTO `films` (`id`, `title`, `slug`, `origin_title`, `duration`, `other_actor`, `note`, `description`, `category_id`, `year_id`, `season_id`, `rating_id`, `status_id`, `age_id`, `quality_id`, `thumbnail`, `created_at`, `updated_at`) VALUES
(51, 'Бердмен', 'berdmen', 'Birdman', '119 хвилин (01:59)', 'Емма Стоун, Наоми Уоттс, Андреа Райзборо, Эми Райан, Линдси Дункан, Дэмиэн Янг, Джереми Шамос, Кенни Чин, Жамаль Гаррисон-Лоу, Кэтерин О’Салливан, Кинэн Симидзу, Натали Голд', NULL, '<p>Фільм &laquo;Бердмен&raquo; - несамовита розповідь про спроби людини врятувати залишки поваги до себе і пошуку істинного місця в світі. Старіючий актор Рігган Томпсон колись був неймовірно знаменитий. Роль в трилогії про супергероя з коміксів принесла йому славу і гроші. На жаль, інші проекти не були такими успішними і не сприятливі розвитку таланту зірки, яка вже давно вийшла з тиражу. Зібравшись з силами, він вирішує поставити на кін залишки репутації і засобів для існування - режисирує на сцені Бродвею п\'єсу, де ще й виконує провідну партію. Підготовка йде важко: нещасний випадок, розбирання з дочкою, позови з колишньою і нинішньою коханими... Але найгірше - це знайти спокій всередині себе, а його немає. У тиші гримерки Рігган веде нескінченний діалог з самим собою, а точніше зі своїм его. Він намагається зрозуміти, як дійшов до всього цього. На перший план виходить боротьба за повернення контролю над своєю долею. Одного разу Томпсон вже був легендою, залишилося лише відновити колишні позиції і стати тим, ким він завжди себе бачив.</p>', 1, 85, 1, 1, 1, 2, 1, 'images/2024-04-15/xgZol8LJYVQu8dSHfUh72NvW9PkhQ5guFQI2IWYC.jpg', NULL, '2024-04-15 05:57:22'),
(52, 'Трон: Спадок', 'tron-spadok', 'TRON: Legacy', '125 хвилин (02:05)', 'Майкл Шин, Оливия Уайлд, Джеймс Фрейн, Бо Гарретт, Серинда Свон, Йайа ДаКоста, Элизабет Мэтис, Джеффри Нордлинг', NULL, '<p>&laquo;Трон: Спадок&raquo; - науково-фантастичний фільм від американського режисера Джозефа Косинські, що оповідає про події з життя 27-річного Сема Флінна - молодої людини, що володіє даром справжнього технічного генія. З самого народження неймовірна висота розумових здібностей виділяла його на тлі мільйонів однолітків, віщуючи Сему долю, багато в чому відмінну від тої, що дістається іншим людям. І одного разу в його житті дійсно настає час різких змін - батько молодої людини, програміст Кевін Флінн, несподівано зникає, не залишаючи синові жодної здогадки про мету свого &laquo;від\'їзду&raquo;. Відчуваючи щось недобре, Сем вирішує власними силами розслідувати таємниче зникнення батька і незабаром, як і він, виявляється втягнутим в жорстокі світи комп\'ютерних програм та ігор. Це гігантський Кібер-всесвіт, колись розроблений Кевіном Флінном, яка забрала від нього майже 20 років щільної роботи, щоб, врешті-решт, стати досконалою. Так батько і син стають заручниками безкрайнього віртуального світу, який звідусіль кишить небезпеками і кіберістотами. Чи зможуть вони вивільнитися, або залишаться в ньому навічно?</p>', 1, 81, 1, 1, 1, 3, 1, 'images/2024-04-15/oG9XueFeeHdGFlV2tOa6vejtVO1ZH3nwkjPCIawX.jpg', NULL, '2024-04-15 05:58:07'),
(53, 'Дум', 'dum', 'Doom', '105 хвилин (01:45)', 'Розамунд Пайк, Доби Опарей, Бен Дэниэлс, Разаак Адоти, Ричард Брэйк', NULL, '<p>Дія відбувається в далекому 2145 році. На планеті Марс створена наукова лабораторія. Загін космічного спецназу відправляється туди після отримання сигналу SOS. Загін знаходить спорожнілу станцію, весь персонал загадковим чином зник, а обладнання знищене. Військові починають своє розслідування, яке приводить до несподіваної знахідки. Незабаром з\'ясовується, що вчені нікуди не зникли, вони все ще в цих стінах, але втратили свою людську подобу. Жахливі експерименти, які тут проводилися, вийшли з під контролю і тепер спецназівцям потрібно все підчистити. Виконавці головних ролей Дуейн Джонсон і Карл Урбан, в образі суворих піхотинців, виглядають страхітливо. \'Doom\' (Doom) - це екранізація знаменитої однойменної гри, випущеної в 1993 році. Творці не просто списали весь сюжет з гри, але і вклали у фільм прихований сенс: всередині кожного з нас живе щось, яке тільки чекає нагоди вирватися назовні. Страхітливий екшн, який не перенасичений спецефектами, художники і гримери виконали велику роботу і сподіваються на високу оцінку глядачів.</p>', 1, 76, 1, 3, 1, 2, 1, 'images/2024-04-15/du6g1YUqQQKaGWVGktvCxj0uRMm5YSW1PNnint7i.jpg', NULL, '2024-04-15 05:58:54'),
(54, 'Брюс всемогутній', 'brius-vsemogutnii', 'Bruce Almighty', '101 хвилина (01:41)', 'Ноэль Гульеми, Филип Бэйкер Холл, Кэтрин Белл, Лиза Энн Уолтер, Нора Данн, Эдди Джемисон, Пол Сэттерфилд, Марк Кили, Салли Кёркленд, Тони Беннетт, Тимоти Ди При', NULL, '<p>&laquo;Брюс Всемогутній&raquo; американський кінофільм, який в оригіналі звучить як &laquo;У Брюса ми віруємо&raquo;, але при перекладі це було вирізано і адаптовано до країн СНД. У головній ролі всім відомий Джим Керрі. У фільмі ведеться мова про такого собі жартівливого журналіста, який радує всіх своїми цікавими і смішними сюжетами. Він користується популярністю у глядачів, але він дуже хоче просунутися по кар\'єрних сходах. Брюса часто долає песимізм, яким він ділиться зі своєю подругою Грейс. Але ось одного разу після ряду чергових невдач, Брюс потрапляє в покинутий старий будинок, де зустрічається з самим Богом, який пропонує йому зайнятися його роботою. Але Брюс вирішує використовувати божественні сили в своїх інтересах. Робота виявляється не з легких ..</p>', 1, 74, 1, 3, 1, 4, 1, 'images/2024-04-15/yg7tWzRu6Pjn3CLNLnvQBMS906nNmU5th1sI2fAq.jpg', NULL, '2024-04-15 05:59:43'),
(55, 'Круті фараони / Типу круті лягаві', 'kruti-faraoni-tipu-kruti-liagavi', 'Hot Fuzz', '121 хвилина (02:01)', 'Билл Найи, Джим Бродбент, Стив Кугэн, Стюарт Уилсон, Пэдди Консидайн, Дэвид Брэдли, Пол Фримен, Тим Барлоу, Рейф Сполл, Билл Бэйли, Элис Лоуи', NULL, '<p>Фільм &laquo;Типу круті лягаві&raquo;(Круті фараони) - комедія про британських копів, що розслідують злочини в зразковому провінційному містечку. Старанний лондонський констебль Нік Енджел - кращий співробітник управління, відзначений десятком заохочень і декількома пораненнями. Службова запопадливість Ніка, який зіпсував своїми досягненнями показники ділянки, стала головним болем всього поліцейського начальства. Щоб позбутися від завзятого &laquo;боббі&raquo;, керівництво спішно підвищує його до сержанта і випроваджує геть - в глушину і нудьгу до віддаленого благовидного містечка Сенфорд, відомого шоколадними кексами і благодійними ярмарками. Прихопивши валізу і єдиного друга - каучукове дерево в горщику - Енджел їде в зразкове село, де його чекає безглуздий товстун напарник Денні і рутинна служба. Однак талантам розчарованого героя незабаром знаходиться застосування: проти очікування, тихий Сенфорд раптом вражає серія &laquo;нещасних випадків&raquo;, дуже нагадують підступні вбивства. Фанатик Ніколас, який явно зажурився починає шукати хитромудрого вбивцю.</p>', 1, 78, 1, 3, 1, 2, 1, 'images/2024-04-15/qkA8Iqx3xR0g6ZFRGogHsc5UIE9GNndu1DZ587Ky.jpg', NULL, '2024-04-15 06:00:33'),
(56, 'Метод Хітча / Правила зйому: Метод Гітча', 'metod-xitca-pravila-ziomu-metod-gitca', 'Hitch', '118 хвилин (01:58)', 'Эмбер Валлетта, Ева Мендес, Пола Пэттон, Джули Энн Эмери, Адам Аркин, Робин Ли, Натан Ли Грэхэм, Майкл Рапапорт, Джеффри Донован, Филип Боско, Кевин Суссман, Навия Нгуйен, Мэтт Мэллой', NULL, '<p>Він знає багато таємниць жіночої натури, вміє підібрати той єдиний ключик до будь-якого з жіночих сердець. Він готовий поділитися цими секретами з будь-яким клієнтом, адже це - його робота. У нього лише єдина умова: клієнтом повинна рухати виключно любов! Фільм &laquo;Правила зйому: Метод Хітча&raquo; розповість про те, як простий американський хлопець з невдалим особистим життям вирішує зробити справою свого життя з\'єднання самотніх сердець. Хітч на прізвисько &laquo;Доктор Сват&raquo; - сваха для чоловіків, чиї обраниці і не підозрюють, що кожна нова зустріч, кожен чоловічий крок прорахований до найдрібніших нюансів. Хітч діє як професійний психолог, відмінно розбирається в міжособистісних стосунках. Для нього практично не існує перешкод у тому, кого потрібно з\'єднати між собою. Нехай навіть це буде багата молода леді, світська левиця, глава великої корпорації і простий скромний службовець. Але одного разу Хітчу доведеться самому стати об\'єктом експерименту, який може привести його і його почуття в неймовірне сердечне сум\'яття ...</p>', 1, 76, 1, 1, 1, 2, 1, 'images/2024-04-15/6l06uCRDwbkhaeJrfnMQM6mss8m4eqJXvKQAO9mU.jpg', NULL, '2024-04-15 06:01:25'),
(57, 'Бійцівський клуб', 'biicivskii-klub', 'Fight Club', '139 хвилин (02:19)', 'Хелена Бонем Картер, Мит Лоуф, Зак Гренье, Холт МакКэллани, Эйон Бэйли, Ричмонд Аркетт, Дэвид Эндрюс, Джордж Магуайр, Эжени Бондюран, Кристина Кэбот', NULL, '<p>Нас сковує страх втратити що-то. Ми боимся зробити перший крок. Боімся стати краще. Страдающий бессонницей клерк починає відвідувати групу для хворих людей, що знаходяться в них спокій. Волею судьби він зустрів Тайлера Дьордена, торговця мила, з виявленим розумінням дійсності. Образуя Бойцовский клуб, вони приваблюють людей, які бажають позбавитися від вічного страху перед кем-то або чим-то. Фільм снят за мотивами роману Чака Паланика &laquo;Бойцовский клуб&raquo; (1996). При спільному виробництвіСША та Німеччини фільм вийшов в прокат в 1999 році. Фільм досить жорстокий, в ньому присутні психологічні моменти, сірого реалізму і жорстоких сутичок в рингу. Екранізація вийшла вкрай хорошою, і мабуть, не розчарувала шанувальників літературного твору, адже фільм знімався за однойменною книгою Чака Паланіка. Всім глядачам сподобаються ефектні і динамічні події. А несподівана розв\'язка, яку неможливо передбачити повалить в шок. Сюжет фільму &laquo;Бійцівський клуб&raquo;: оповідачем історії є типовий яппі. Йому тридцять і він найманий робітник. Так само він мучиться від безсоння, і не може визначити де сон, а де дійсність. Замість ліків лікар йому пропонує зайнятися спортом і періодично відвідувати групу хворих на рак яєчок. Відвідування даної групи має довести оповідачеві, що таке справжня мука, і щоб він зрозумів що його безсоння в порівнянні з раком сущі дрібниці. Так само наш оповідач мріє про переломний момент, який переверне все його життя. Одного разу в барі він знайомитися з Тайлером Дьорденом, торговцем милом, який володіє значним даром ... Ви можете дивитися онлайн фільм &laquo;Бійцівський клуб&raquo; на нашому кінопорталі в хорошій HD якості абсолютно безкоштовно і без реєстрації. Насолоджуйтесь переглядом!</p>', 1, 70, 1, 1, 1, 1, 1, 'images/2024-04-15/3mfpwVP1fLpGFgW9Gpb1iaifFrA1RVgewkCRkKi9.jpg', NULL, '2024-04-15 06:02:17'),
(58, 'Супербрати Маріо', 'superbrati-mario', 'Super Mario Bros.', '104 хвилини (01:44)', 'Дэннис Хоппер, Саманта Мэтис, Фишер Стивенс, Ричард Эдсон, Фиона Шоу, Дэна Камински, Моджо Никсон, Джанни Руссо, Лэнс Хенриксен', NULL, '<p>Два брати-водопровідники з Брукліна, Маріо Маріо та Луїджі Маріо, випадково виявили зовсім новий вимір. Це підземний світ, де править жорстокий тиран Купа, місто, населене людьми-ящірками, прямими нащадками динозаврів. Вони прагнуть звільнитися з підземного полону і під проводом Купи захопити всю Землю. Ключ до перемоги зберігається в осколку кришталевого метеорита, який, як дорогоцінний амулет, носить на шиї прекрасна юна принцеса Дейзі. Рятуючи принцесу, супербрати Маріо повинні врятувати і людську цивілізацію.</p>', 1, 64, 1, 1, 1, 5, 3, 'images/2024-04-15/PskHnXeCjax92D0BlrMqoTisO8F6xz7wdd0Q6Zwm.jpg', NULL, '2024-04-15 06:03:12'),
(59, 'Теодор Рекс', 'teodor-reks', 'Theodore Rex', '92 хв (01:32)', 'Армин Мюллер-Шталь, Джульет Ландау, Бад Корт, Стивен МакХэтти, Джордж Ньюберн, Кэрол Кейн, Ричард Раундтри, Джек Райли, Питер Маккензи, Джо Даллесандро, Тони Т. Джонсон, Сьюзи Коэльо, Питер Квон, Эдит Диас', NULL, '<p>Нью-Йорк. 2013 год. Динозавры возвращены к существованию и занимают достойное место в обществе &mdash; они живут и трудятся наравне с людьми. Тиранозавр по имени Теодор становится первым в истории &laquo;дино &mdash; полицейским&raquo;. Вместе со своей напарницей &mdash; непревзойденной Колтрейн &mdash; он втягивается в сеть причудливых интриг и приключений, свойственных только этому фантастическому миру.</p>', 1, 66, 1, 3, 1, 5, 2, 'images/2024-04-15/M3aDMsmc3r4doLLSUbsl3rXIAnKAgQJqaUI1rNv5.jpg', NULL, '2024-04-15 06:04:08'),
(60, 'День Бабака', 'den-babaka', 'Groundhog Day', '101 хвилина (01:41)', 'Энди МакДауэлл, Крис Эллиотт, Стивен Тоболовски, Брайан Дойл-Мюррей, Марита Герати, Анджела Пэтон, Рик Дукомман, Рик Овертон, Робин Дьюк, Кэрол Бивинс, Уилли Гарсон, Кен Хадсон Кэмпбелл, Лес Подвелл, Род Селл', NULL, '<p>Кожного року 2 лютого невелике містечко в штаті Пенсільванія збирає безліч людей. За традицією там проводиться свято &laquo;День бабака&raquo;. Телевізійний ведучий Філ Коннорс щороку приїжджає на цей захід, щоб зняти про нього репортаж. Так сталося і цього разу. Чергова поїздка, яка нічим не відрізняється від попередніх, черговий нудний репортаж. Філ з нетерпінням чекає закінчення цього дня. Але коли він прокидається на наступний день, виявляється ... що на календарі знову 2 лютого. Неначе час застряг на цій даті. Знову і знову Філ переживає ці 24 години. Він нічого не чекає від завтрашнього дня, тому що знає його з точністю до кроку, кожного випадкового перехожого. Єдине, чого йому тепер залишається чекати - настання 3 лютого ...</p>', 1, 64, 1, 1, 1, 4, 1, 'images/2024-04-15/V6mefLgYgdpgO7ZvTkb8UgkMSghJHi02kDex3yB6.jpg', NULL, '2024-04-15 06:05:05'),
(61, 'Недитяче кіно', 'neditiace-kino', 'Not Another Teen Movie', '89 хвилин (01:29)', 'Кайлер Ли,, , Эрик Кристиан Олсен, Миа Киршнер, Дион Ричмонд, Эрик Джангманн, Рон Лестер, Коуди МакМэйнс, Сэм Хантингтон, Джоанна Гарсиа, Лейси Чэберт, Сэмм Ливайн, Джерина Винсент, Беверли Полсин', NULL, '<p>Фільм &laquo;Недитяче кіно&raquo; - пародійна молодіжна комедія, яка зібрала всі можливі клsше в одному місці і в один час. Сюжет будується навколо найпопулярнішого хлопця старших класів - Джейка Вайлера. Він і красень, і веселун, і футболіст. Відриваючись з друзями, він укладає нехитре парі, що зможе зробити королеву випускного балу з абсолютно будь-якої дівчини. Вибір приятелів падає на Дженні Бріггз, яка славиться гидким каченям і числиться в ізгоях. Її малярство, мішкуватий одяг, окуляри, що закривають обличчя, не сприяють соціальній адаптації. Але Джейк сповнений рішучості виграти суперечку і з ретельністю береться за зміну іміджу Дженні. По ходу подій молоді люди переймаються симпатією один до одного і потрапляють в незліченну кількість смішних ситуацій. Однак дівчині невтямки, що первісний задум обранця не так кристально чистий, як їй здавалося. Паралельно з головною сюжетною лінією розвивається кілька інших історій, які є пародіями на відомі стрічки про спорт, танці, студентів і стосунки статей ...</p>', 1, 72, 1, 3, 1, 1, 1, 'images/2024-04-15/MWTr2QAMXj81zCKiAGTZ4N1gNih6dB6yazY4UXgX.jpg', NULL, '2024-04-15 06:05:51'),
(62, 'Спаун', 'spaun', 'Spawn', '96 хвилин (01:36)', 'Тереза Рэндл, Мелинда Кларк, Д. Б. Суини, Никол Уильямсон, Мико Хьюз, Майкл Пападжон, Робиа ЛаМорте, Джон Котрэн мл., Тони Хейни, Дэррил Уоррен, Крис Коппола, Майк Акрави', NULL, '<p>У житті може трапитися різне. З Елом Сіммонсом сталося щось, що не піддається чіткому людському поясненню. Він - &laquo;Краповий берет&raquo;. Виконуючи службову місію, він був убитий власним же начальником. Але на цьому існування і життя героя не припинилися. Тепер він стає черговим жителем страхітливого чистилища. Звідти навряд чи можливо вибратися, якщо тільки не укласти угоду з його всемогутнім господарем - Дияволом. Що Ел необачно і робить. Його новий потойбічний бос вимагає зовсім небагато. Елу здається, що більш вигідної і перспективної пропозиції йому ніхто не робив ще в його житті. Він відправляється прямо з чистилища в свій улюблений будинок, навантажений найсильнішою зброєю і потужними обладунками. А натомість буде всіляко сприяти проникненню зла в світ. Але герой фільму &laquo;Спаун&raquo; не врахував того, що найбільша диявольська сила була дарована йому неспроста. Диявол має намір поневолити людський світ його руками. Ел ж, вибравшись з чистилища, вирішується на ризиковий і не зовсім обдуманий вчинок. Він має намір розірвати контракт, ціна якого - життя ...</p>', 1, 68, 1, 1, 1, 4, 1, 'images/2024-04-15/IputVZhr5Cn3bygmdmFQpbqiFZ4WRt1wCbggEBb6.jpg', NULL, '2024-04-15 06:06:38'),
(63, 'Матриця', 'matricia', 'The Matrix', '136 хвилин (02:16)', 'Кэрри-Энн Мосс, Глория Фостер, Джо Пантолиано, Маркус Чонг, Джулиан Араханга, Ада Никодему, Мэтт Доран, Белинда МакКлори', NULL, '<p>Томас Андерсон - звичайний хлопець, він обіймає посаду програміста в одній великій компанії і чесно виконує свою роль гвинтика в розгалуженій системі. А вечорами він стає іншим - хакером на ім\'я Нео. А відбувається це тому, що Томас незадоволений життям. Ні, не конкретно своїм, а життям взагалі, самим процесом, всесвітом. Думки про те, що все на світі - неправильне, не таке, яким йому належить бути, свердлить його свідомість. А ще Нео сняться незвичайні, тривожні сни, а тому він намагається зовсім не спати, і ще він думає, що потроху позбавляється розуму. Відповісти на це запитання може лише одна людина: розшукуваний хакер Морфіус, який теж прагне до зустрічі. Тому як з світом дійсно сталася невеличка неприємність: він нереальний. І Нео - той, кому судилося повернути все на свої місця...</p>', 1, 70, 1, 1, 1, 2, 1, 'images/2024-04-15/5y8a42gX73VuvmpqcSuT3b18Y2Xn8IHwy39hTDA8.jpg', NULL, '2024-04-15 06:07:26'),
(64, 'Хардбол', 'xardbol', 'Hardball', '106 хвилин (01:46)', 'Дайан Лэйн, Д.Б. Суини, Джон Хоукс, Брайан Хирн, Джулиан Гриффит, А. Делон Эллис мл., Кристофер Лофтон, Майкл Перкинс, Брайан М. Рид, Девейн Уоррен, Кэрол Холл, Жаклин Уильямс, Фриман Коффи', NULL, '<p>Конор О\'Ніл - азартний гравець, який робить ставки на спорт і вліз у борги. Щоб розплатитися, він влаштовується тренером з бейсболу для важких дітей з бідного району. Він вирішив, що коли сплатить борг, то покине команду, проте згодом Конор прив\'язується до дітей. Він кидає ставки, стає справжнім наставником для хлопців та знайомиться з їхньою привабливою вчителькою, Елізабет Вілкс.</p>', 1, 72, 1, 1, 1, 4, 1, 'images/2024-04-15/Lu8cQAD9FW7kLnLFR2BhKssLmKgpODcRrch5ZIng.jpg', NULL, '2024-04-15 06:08:16'),
(65, 'Люди в Чорному', 'liudi-v-cornomu', 'Men in Black', '98 хвилин (01:38)', 'Линда Фиорентино, Рип Торн, Тони Шэлоуб, Шиван Фэллон, Майк Нассбаум, Джон Грайз, Фредрик Лен, Серхио Кальдерон, Карел Стрёйкен, Ричард Хэмилтон, Кент Фалкон', NULL, '<p>Вони найбільший секрет Землі. Вони працюють на неофіційну урядову агенцію, яка регулює діяльність інопланетян на Землі. Вони &mdash; найкраща, остання і єдина лінія захисту Землі від покидьків всесвіту. Їхня робота секретна, їхня зброя зовсім, їм немає рівних, вони не залишають слідів. Вони &ndash; це Люди в чорному.</p>', 1, 68, 1, 1, 1, 4, 1, 'images/2024-04-15/ujDN62IGi3LB0moe3dRkgR0XTjLgm388rS4Li8D1.jpg', NULL, '2024-04-15 06:09:07'),
(66, 'Копи на підхваті', 'kopi-na-pidxvati', 'The Other Guys', '107 хвилин (01:47)', 'Ева Мендес, Роб Риггл, Рэй Стивенсон, Стив Кугэн', NULL, '<p>Нью-Йоркські детективи Аллен Гембл та Террі Хойтз ведуть поліцейську бухгалтерію. Гемблу така робота на радість, Хойтзу - покарання. Коли напарникам випаде шанс вийти з тіні &mdash; прийти на допомогу своїм кумирам, детективам Денсону та Манцетті &mdash; стане ясно, що в бухгалтерію Гембла та Хойтза заслали недаремно&hellip;</p>', 1, 81, 1, 3, 1, 4, 1, 'images/2024-04-15/rXkqM9etRPFUDzvn6bP55BCt2uNELgd3ioEtfZ1R.jpg', NULL, '2024-04-15 06:10:00'),
(67, 'Грім у тропіках', 'grim-u-tropikax', 'Tropic Thunder', '107 хвилин (01:47)', 'Джей Барушель, Брэндон Т. Джексон, , Стив Кугэн, Дэнни МакБрайд, Джефф Кан, Энтони Руйвивар, Эрик Уинзенрид, Валери Эзлинн', NULL, '<p>Камера. Мотор. Почали! У реальних джунглях проходять зйомки суперблокбастера за участю великих зірок, серед яких: крутий герой бойовиків, майстер туалетного гумору, чорношкірий репер Альпа Чино та володар усіх кінопремій, який спеціально для фільму перефарбував шкіру в чорний колір. Коли у продюсерів закінчилися гроші та зйомки було зупинено &mdash; акторам про це не сказали. Тому вони з холостими патронами легко вступають у нерівний бій зі справжніми озброєними до зубів бандитами-головорізами.</p>', 1, 79, 1, 1, 1, 2, 1, 'images/2024-04-15/lGkSIplDnceI5wj2tgMrT10ETggGcRSbMe6jS33t.jpg', NULL, '2024-04-15 06:10:55'),
(68, 'Професіонал', 'profesional', 'Killer Elite', '116 хвилин (01:56)', 'Бен Мендельсон, Ивонн Страховски, Аден Янг, Адевале Акиннуойе-Агбадже, Дэвид Уайтли, Мэттью Нэйбл, Лейчи Халм, Фирэсс Дирани, Ник Тейт, Билли Браун, Стюарт Морритт', NULL, '<p>Новий екшн-трилер &laquo;Професіонал&raquo; - це картина, заснована на реальних подіях і знята за мотивами роману Ранульфа Файнса &laquo;Перо Чоловіка&raquo;. Елітний британський спецназівець у відставці, а нині професійний найманець Денні Брайс (в ролі якого виступає неперевершений Джейсон Стетхем) виконує замовлення свого клієнта - багатого арабського шейха, який ставить за мету знищити колишніх британських військових, які в минулому брали участь у спецоперації в Омані. Уряд не бажає сидіти склавши руки і проти суперкіллера починається полювання з боку глави засекреченої державної спецслужби Спайка (якого блискуче зіграв Клайв Оуен). Чи зможе Денні залишитися в живих і врятувати життя свого кращого друга, якого йому наказано знищити?</p>', 1, 82, 1, 1, 1, 2, 1, 'images/2024-04-15/eU2MWsf27LkWfYOlLBTwTWwqcCIOYHDjvR7iSFP1.jpg', NULL, '2024-04-15 06:11:50'),
(69, 'Телеведучий', 'televeducii', 'Anchorman: The Legend of Ron Burgundy', '94 хвилини (01:34)', 'Кристина Эпплгейт, Дэвид Кёкнер, Фред Уиллард, Фред Армисен, Крис Парнелл, Кэтрин Хан', NULL, '<p>Рон Бургунді, найпопулярніший телеведучий 70-х у Сан-Дієго, який упевнений, що жінкам місце у студії лише в тому випадку, якщо вони розповідають про моду, або діляться останніми кулінарними рецептами. Тому коли Рон дізнається, що працюватиме з молодою телеведучою &mdash; гарною, амбітною і досить розумною, щоб стати не лише окрасою екрану, &mdash; відбувається не просто зіткнення двох яскравих професіоналів, це справжня війна!</p>', 1, 75, 1, 1, 1, 4, 1, 'images/2024-04-15/wnH6XCeLRiiPwTrE14EgeJTWvllUdlOEXWjj7jIw.jpg', NULL, '2024-04-15 10:15:27'),
(70, 'Сам удома / Один вдома', 'sam-udoma-odin-vdoma', 'Home Alone', '103 хвилини (01:43)', 'Кэтрин О`Хара, Джон Хёрд, Робертс Блоссом, Анджела Геталс, Девин Рэтрей, Джерри Бэммен, Хиллари Вульф, , Ларри Хэнкин, Майкл С. Маронна, Кристин Минтер, Дайана Кампеану', NULL, '<p>Фільм &laquo;Один вдома&raquo; - це весела новорічна історія, яка трапилася з проникливим малюком на ім\'я Кевін Маккалістер. Його численне сімейство не балували молодшого увагою: старші брати знущалися, сестри відверто ігнорували, а батьки були поглинені підготовкою до майбутнього переїзду в Європу. Засмучений і скривджений на всю свою велику рідню Кевін побажав, щоб всі його близькі зникли. Бажання малюка збулося. Батьки настільки захопилися переїздом, що просто забули дитину вдома. Тепер юному даруванню доведеться різко стати самостійним. Ситуація ускладнюється тим, що на багатий будинок Маккалістреров поклали око місцеві грабіжники. Вони впевнені, в своїх силах і вважають, що цей будинок стане для них легкою здобиччю. Здогадавшись про те, що його хочуть пограбувати хитрий малюк вирішує взяти оборону особняка в свої руки. Він розробляє хитромудрий план і заманює злочинців-невдах в саме серце кумедних пасток. Але дорослі виявляються міцними горішками. Тепер дістатися до головного героя - це справа їх честі. Хто ж виявиться розумнішим - два дорослих грабіжника зі стажем або дев\'ятирічна дитина, який один вдома? Опис переозвучення від SkomUA: &laquo;Сама в НАТО&raquo; - святкова переозвучка фільму &laquo;Home alone&raquo;, мета якої підняти настрій і не тільки. Події фільму умовно захоплюють період нашої політичної ситуації і початок московитської агресії з 2014 року і до сьогодення. В переозвучці тоненько підкреслені події які чудово наклалися на сюжет в поєднанні з жартами і гіперболізованим глумом. Також форма переозвучки полягає в форматі, що кожен персонаж фільму це окрема країна. Ні для кого не секрет, що фільм &laquo;Home Alone&raquo; є культовим і вже давно асоціюються з різдвяними святами, тому в цьому році було вирішено: &laquo;Який рік такий і святковий фільм&raquo;. Хронометраж 33 хвилини. Приємного перегляду))</p>', 1, 61, 1, 1, 1, 4, 1, 'images/2024-04-15/MNtkOCoWmZlSfXkSxFDaQBy8DMvQBFDlqpyKRrDG.jpg', NULL, '2024-04-15 10:15:54'),
(71, 'Сам удома 2 / Один вдома 2: Загублений у Нью-Йорку', 'sam-udoma-2-odin-vdoma-2-zagublenii-u-niu-iorku', 'Home Alone 2: Lost In New York', '120 хвилин (02:00)', 'Кэтрин О`Хара, Джон Хёрд, Девин Рэтрей, Хиллари Вульф, Морин Элизабет Шэй, Майкл С. Маронна, Джерри Бэммен, Терри Снелл, Джедидайя Коэн, Сента Моусес, Дайана Кампеану', NULL, '<p>Фільм &laquo;Один вдома 2: Загублений у Нью-Йорку&raquo; - це продовження захоплюючих новорічних пригод, які сталися з Кевіном МакКалістеров. На цей раз його численне сімейство втрачає дитину в аеропорту. Тут, переплутавши рейси, десятирічний Кевін відлітає в Нью-Йорк. Залишившись одним у великому і незнайомому місті, Кевін не падає в паніку, адже у нього достатньо готівки і кредитних карток, щоб добре провести новорічні свята. У пошуках різноманітних розваг малюк потрапляє в магазин дитячих іграшок, де він швидко знаходить спільну мову з його власником. За щасливим збігом обставин, старі знайомі Кевіна якраз збігають з в\'язниці. Тепер невдачливі злодії Марв і Гарі збираються зайнятися грабежем в Нью-Йорку. Їх мішенню стає щедро наповнений передноворічної виручкою магазин іграшок. Так Кевін знову зустрічається зі своїми заклятими ворогами. Невдачі минулого року горе-грабіжників так нічому і не навчили. Вони знову вирішують розквитатися з Кевіном, а заодно і пограбувати магазин іграшок. Але малюк зустрічає своїх ворогів у всеозброєнні. Тепер його пастки стають ще більш складними, заплутаними і небезпечними, а грабіжники потрапляють в нові забавні і безглузді ситуації. Чим же закінчиться їх грабіж і чи зможе хлопчик відстояти магазин? Адже чомусь поліцейські завжди приїжджають із запізненням ...</p>', 1, 63, 1, 1, 1, 6, 1, 'images/2024-04-15/tMGdWeFN0JGda7JkzYIySWOo1KAQ9I7cgj5Mp4Uw.jpg', NULL, '2024-04-15 10:16:59'),
(72, 'Особлива думка', 'osobliva-dumka', 'Minority Report', '145 хвилин (02:25)', 'Петер Стормаре, Макс фон Сюдов, Саманта Мортон, , Кэтрин Моррис, Тим Блэйк Нельсон, , Стив Харрис, Нил МакДонаф, Патрик Килпатрик, Джессика Кэпшоу, Ричард Кока, Кит Кэмпбелл, Кирк Б.Р. Уоллер, Клеа Скотт', NULL, '<p>Фільм &laquo;Особлива думка&raquo; переносить глядача в недалеке майбутнє, де люди навчилися запобігати злочинам. Існує спеціальний відділ, який, використовуючи трьох провісників, може бачити вбивство до його скоєння. Система працює безвідмовно. Але одного разу начальник відділу Джон Ендертон починає відчувати сумніви. Він збирає дані і з\'ясовує, що одна з провидців Агата не завжди погоджується в видіннях з двома іншими. Під час наступної справи при перегляді видінь саме Джон відображений як вбивця, хоча він навіть не знає жертву. Ендертону доводиться тікати. Тепер на нього полюють колишні колеги ...</p>', 1, 73, 1, 1, 1, 4, 1, 'images/2024-04-15/0OpgJSprMAOhq3DDSPuvbwK7C0jLh7wSGWCeCJ2u.jpg', NULL, '2024-04-15 10:17:47'),
(73, 'Командо [Режисерська версія]', 'komando-reziserska-versiia', 'Commando', '90 хвилин (01:30)', 'Алисса Милано, Рей Дон Чон, Дэн Хедайя, Вернон Уэллс, Джеймс Олсон, Дэвид Патрик Келли, Билл Дьюк, Дрю Снайдер, Шарон Уайатт, Майкл Делано, Боб Майнор, Майкл Адамс, Гэри Сервантес', NULL, '<p>Полковник у відставці Джон Матрікс &mdash; колишній командир спецзагону, який брав участь у секретних операціях на Близькому Сході, СРСР та Центральній Америці. Перебуваючи у чудовій фізичній формі та володіючи знаннями, які роблять його супер-солдатом, полковник у відставці Джон Матрікс живе під іншим ім\'ям у великому будинку зі своєю дочкою далеко від міста. Але спокійне життя порушує його старий ворог, викрадаючи 11-річну дочку полковника. І Джон Матрікс, що спалахнув ненавистю, безжально вбиває всіх, хто стає в нього на шляху до порятунку дочки&hellip;</p>', 1, 56, 1, 1, 1, 2, 1, 'images/2024-04-15/gPVPe0tbzXuNdfNrq6dEFWPEPmPzBvRFp6eqBYeh.jpg', NULL, '2024-04-15 10:18:37'),
(74, 'Подарунок на Різдво', 'podarunok-na-rizdvo', 'Jingle All the Way', '89 хвилин (01:29)', 'Фил Хартмен, Рита Уилсон, Роберт Конрад, Мартин Мулл, Джейк Ллойд, Э.Дж. Де Ла Пена, Лорейн Ньюман, Джастин Чэпман, Харви Кормен, Дэниэл Риордан, Джефф Л. Дейст, Нада Деспотович', NULL, '<p>Жахливо зайнятий на роботі батько постійно спізнюється на сімейні заходи. Після чергової неявки на виступ власного сина по караті він обіцяє купити йому на Різдво суперіграшку - Турбомена і, природно, у метушні різдвяних клопотів благополучно забуває про обіцянку. І ось починається гарячкова гонка за згаданою іграшкою в останній день. Але аж надто багато охочих, а іграшок залишилося всього нічого.</p>', 1, 67, 1, 1, 1, 6, 1, 'images/2024-04-15/DTg5I1cDQSdMvEoO238LCJ5Qb712ZFDWqkl3H2Ru.jpg', NULL, '2024-04-15 10:23:59'),
(75, 'Останній кіногерой', 'ostannii-kinogeroi', 'Last Action Hero', '130 хвилин (02:10)', 'Иэн МакКеллен, Чарльз Дэнс, Остин О`Брайен, Ф. Мюррэй Абрахам, Бриджит Уилсон, Том Нунен, Роберт Проски, Энтони Куинн, Мерседес Рул, Фрэнк МакРей, Арт Карни, Профессор Тору Танака, Джоан Плаурайт, Кит Бариш', NULL, '<p>Юному кіноману Денні Медігана дістається чарівний квиток, який переносить його на інший бік екрану. Хлопчик виявляється поряд зі своїм улюбленим персонажем, знаменитим поліцейським Джеком Слейтером і стає повноправним учасником усіх подій напруженого бойовика. Попереду напарників чекає найстрашніше випробування: Джек та Денні потрапляють у реальний світ, де непереможний герой втрачає свою фантастичну силу, і тепер він може загинути, як будь-який смертний. А для справжніх злочинців неперевершений супермен &mdash; лише чергова мета&hellip;</p>', 1, 64, 1, 1, 1, 4, 1, 'images/2024-04-15/ZMorcuGQ4X3aUwL11dxbY8yki5MQqWUD5EFaHbvo.jpg', NULL, '2024-04-15 10:24:33'),
(76, 'Людина, що біжить', 'liudina-shho-bizit', 'The Running Man', '101 хвилина (01:41)', 'Мария Кончита Алонсо, Яфет Котто, Джим Браун, Джесси Вентура, Эрланд ван Лидт, Марвин Дж. МакИнтайр, Гас Ретвиш, Профессор Тору Танака, Мик Флитвуд, Дуизил Заппа, Ричард Даусон, Карен Ли Хопкинс, Свен-Оле Торсен', NULL, '<p>У 2019 році світова економіка впала. Великих свобод Сполучених Штатів більше немає, оскільки колись велика країна перекрила свої кордони і перетворилася на мілітаризовану поліцейську державу, яка цензурує всі фільми, мистецтво, літературу та комунікації. Незважаючи на це, невеликий загін опору, очолюваний двома революціонерами, примудряється боротися з гнобленням. Маючи повний контроль за засобами масової інформації, уряд намагається придушити прагнення народу до свободи, транслюючи низку ігрових шоу, в яких засуджені злочинці виборюють своє життя. Найпопулярніша і садистська з цих програм - \"Той, що біжить людина\", яку веде Деймон Кілліан. Коли в Бейкерсфілді, штат Каліфорнія, збирається мирна демонстрація голодуючих громадян, поліцейському Бену Річардсу наказують відкрити вогонь натовпу, на що він відповідає відмовою. Поліцейський Бен Річардс (Арнольд Шварценеггер), який відмовився розстріляти беззбройний натовп голодних людей, потрапляє до числа злочинців. Тепер разом із побратимами на нещастя йому доведеться взяти участь у шаленій гонці зі смертю, битися з непереможними монстрами &mdash; Професором Кріо, Бензопилою, Шаровою Блискавкою та Динамо, і помститися нелюдському господареві шоу. За твором Стівена Кінга.</p>', 1, 58, 1, 1, 1, 2, 1, 'images/2024-04-15/shN3Ma9Xl7MryLphCDQethrXv7ZEAaFLY8AlI7Ua.jpg', NULL, '2024-04-15 10:24:59'),
(77, 'Правдива брехня', 'pravdiva-brexnia', 'True Lies', '141 хвилина (02:21)', 'Джейми Ли Кёртис, Тиа Каррере, Том Арнольд, Билл Пэкстон, Арт Малик, Элиза Душку, Грант Хеслов, Чарлтон Хестон, Маршалл Манеш, Джеймс Аллен, Дитер Раутер, Джейн Моррис, Кэтси Чаппель, Кристина Уайлер', NULL, '<p>Для своєї родини Гаррі Таскер &mdash; люблячий чоловік і батько, людина скромна і розсіяна, звичайний продавець комп\'ютерів, який &laquo;не вилазить&raquo; з роботи ні вдень, ні вночі. Але мало хто знає, що насправді Гаррі &mdash; спеціальний агент таємної урядової служби, який спеціалізується на особливо небезпечних завданнях, володіє купою мов, усіма видами зброї та всіма можливими способами &laquo;відправки&raquo; лиходіїв на той світ. Агент Таскер і далі продовжував би вести подвійне життя, якби зловісні арабські терористи не викрали Гаррі, а разом з ним і його дружину Хелен, яка нічого не підозрювала. Але бандити, на своє нещастя, навіть не підозрювали, з ким зв\'язалися. І Хелен дізналася, що чоловік її зовсім не комп\'ютерник, і що вона п\'ятнадцять років прожила з людиною, поряд з якою м\'язистий Рембо виглядає дитиною.</p>', 1, 65, 1, 1, 1, 2, 1, 'images/2024-04-15/ma2feJj1doZjcN0ypzWvYXunxzWSVgVoJci5NY6l.jpg', NULL, '2024-04-15 10:25:28'),
(78, 'Термінатор 2: Судний день [Театральна + Спеціальна версії]', 'terminator-2-sudnii-den-teatralna-specialna-versiyi', 'Terminator 2: Judgment Day', '166 хвилин (02:36)', 'Роберт Патрик, Эдвард Ферлонг, Эрл Боэн, Джо Мортон, С. Ипейта Меркерсон, Кастуло Герра, Дэнни Кукси, Дженетт Голдстин, Ксандер Беркли, Лесли Хэмилтон Геррен, Кен Гиббел, Роберт Уинли, Питер Шрум', NULL, '<p>Війна роботів і людей продовжується. Здавалося, що людство приречене на повне знищення. Але завдяки своєму лідерові Джону Конору у опору з\'являється шанс перемогти. Не маючи можливості вбити Джона в реальному часі, роботи відправляють в минуле свою максимально досконалу розробку - термінатора-вбивцю з рідкого металу, здатного приймати будь-яку подобу. Тепер, щоб перемогти в майбутньому, юному Джону Конору потрібно вижити в сьогоденні. Його шанси істотно підвищуються, коли на допомогу приходить перепрограмований опором термінатор попереднього покоління. Обидва роботи вступають в смертельний двобій, від результату якого залежить доля людства.</p>', 1, 62, 1, 1, 1, 2, 1, 'images/2024-04-15/BHC8dhisr8tTc43dW3FJuZYKzeJxG53yj5yvEQ9v.jpg', NULL, '2024-04-15 10:25:56'),
(79, 'Хижак', 'xizak', 'Predator', '107 хвилин (01:47)', 'Карл Везерс, Білл Дюк, Карл Уэверз, Эльпидия Каррильо, Билл Дьюк, Джесси Вентура, Сонни Лендхэм, Ричард Чавес, Р.Г. Армстронг, Шэйн Блэк, Кевин Питер Холл, Стив Бойум, Уильям Х. Бертон, Генри Кинги, Свен-Оле Торсен', NULL, '<p>Загін &laquo;зелених беретів&raquo; під командуванням майора Шеффера на прізвисько &laquo;Голландець&raquo; із секретною місією прямує до центральноамериканських джунглів. Його завдання &ndash; знайти табір місцевих повстанців, які захопили екіпаж вертольота союзників. Майор і його командос спізнюються: гадані бранці вже мертві, оскальповані і підвішені на деревах головою. Переповнені праведним гнівом солдати Голландця обрушуються на повстанців та знищують ворожий табір. Джунглі зачищені від партизанів, проте один із спецназівців, індіанець Біллі, упевнений, що за загоном, як і раніше, хтось спостерігає. А невдовзі хтось невидимий, що зливається з тропічною зеленкою, починає полювання на командос. У незримого ворога небачена зброя, навички вчиненого вбивці та нелюдська жорстокість. І бійці починають розуміти, що їхній супротивник &ndash; зовсім не землянин.</p>', 1, 58, 1, 1, 1, 2, 1, 'images/2024-04-15/Jd5xRRNuqB2SQ61BVLEmr2xm36SXDy89t2HpFBIu.jpg', NULL, '2024-04-15 10:26:17'),
(80, 'Хижак 2', 'xizak-2', 'Predator 2', '108 хвилин (01:48)', 'Гэри Бьюзи, Рубен Блэйдс, Мария Кончита Алонсо, Билл Пэкстон, Роберт Дави, Кевин Питер Холл, Адам Болдуин, Кент МакКорд, Мортон Дауни мл., Кэлвин Локхарт, Стив Кэхэн, Генри Кинги, Кори Рэнд, Эльпидия Каррильо', NULL, '<p>Харріган - крутий поліцейський відділу боротьби з наркотиками поліції Лос - Анджелеса. Йому доручено розслідування серії вбивств кримінальних авторитетів міста. Усі вбивства скоєно у збоченій формі і пахнуть неприкритим садизмом. Після проведення експертиз та розслідувань стає ясно, що вбивство - справа рук істоти, яка не має нічого спільного з людиною. Землю знову відвідав міжпланетний мисливець, але йому доведеться зіткнутися з істотою ще небезпечнішою, ніж вона сама - з людиною. Харріган вистежує мисливця, поступово сам стаючи мисливцем. Наодинці, як справжній воїн, він веде безкомпромісну битву за збереження честі та права людини не бути істотою, на яку можна полювати.</p>', 1, 61, 1, 1, 1, 2, 1, 'images/2024-04-15/YOIUCH08JO6hi7RABS7miPQq76pg3xKlgkwu9NGb.jpg', NULL, '2024-04-15 10:26:44'),
(81, 'Згадати все', 'zgadati-vse', 'Total Recall', '113 хвилин (01:53)', 'Шэрон Стоун, Майкл Айронсайд, Рэйчел Тикотин, Ронни Кокс, Маршалл Белл, Мэл Джонсон мл., Майкл Чэмпион, Рой Броксмит, Рэй Бэйкер, Розмари Дансмор, Дэвид Нелл, Алексия Робинсон, Дин Норрис, Марк Карлтон', NULL, '<p>Екранізація оповідання Філіпа К. Діка &laquo;У глибині пам\'яті&raquo;. Життя простого робітника хлопця Дага Куейда нудне і одноманітне. Тому, щоб хоч якось розважитися, він вирішує скористатися послугами якоїсь компанії, яка за певну плату посилає в його мозок імпульси, що створюють повну ілюзію того, що він інша людина, яка живе іншим, цікавим життям. Все б добре, але після сеансу Дагу зовсім неможливо зрозуміти, хто ж він насправді &mdash; простий роботяг або спецназівець, який володіє всіма видами зброї та бойових мистецтв. Його бояться, його хочуть вбити, на нього відкрито сезон полювання; навіть кохана дружина намагається згорнути йому шию. Тепер, щоб вижити, йому треба згадати, згадати все&hellip;</p>', 1, 61, 1, 1, 1, 2, 1, 'images/2024-04-15/JxeaVZ6q7djJlw9dSqGPFlSfs1EeZLnm9lgEFn1X.jpg', NULL, '2024-04-15 10:31:03'),
(82, 'Гарячі голови', 'gariaci-golovi', 'Hot Shots!', '84 хвилини (01:24)', 'Валерия Голино, Ллойд Бриджес, Кевин Данн, Джон Крайер, Уильям О`Лири, Кристи Суонсон, Ефрем Цимбалист мл., Билл Ирвин, Бренда Бэкки, Мигель Феррер, Ричард Кренна, Райан Стайлз, Джерри Халева', NULL, '<p>Герой пародійної комедії \'Гарячі Голови!\' (Hot Shots!) Щасливчик Харлі - професійний льотчик. Через низку невдач він йде з авіації і перебирається в індіанське поселення, де проводить дні свого життя в повній гармонії і умиротворенні. Але і там його знаходить служба ВВС і вербує для відповідального завдання. Харлі повинен стати учасником військової операції під кодовою назвою &laquo;Сонячний горностай&raquo;. Він полетить на суперсучасному реактивному літаку в Ірак. По дорозі на базу Щасливчик зустрічає прекрасну Ромаду, в яку миттєво закохується. Але відносини з Ромадою зовсім не ладяться, тому що Харлі переслідує погана слава його батька. Втім Харлі і сам ходяча катастрофа і чудило. Склад команди Щасливчика як на підбір складається з невдах, безумців і інвалідів: косоокий пілот, лейтенант по кличці Мертвяк і адмірал з протезами замість всіх частин тіла. Отже, весела компашка летить до Іраку, і кумедні пригоди починаються вже в небі над Америкою. Комедія &laquo;Гарячі голови!&raquo; Стала еталоном пародійного жанру. В епізодах фільму можна упізнати &laquo;Роккі&raquo;, &laquo;Віднесених вітром&raquo; і &laquo;Супермена&raquo;. Безбашенний гумор фільму часто знаходиться на межі абсурду, але це і є родзинкою смішне комедії.</p>', 1, 62, 1, 3, 1, 4, 1, 'images/2024-04-15/x6AAHE4KN3Es0QPrAEDml01vciwFQMOMFGRO0w8N.webp', NULL, '2024-04-15 10:31:53'),
(83, 'Гарячі голови 2', 'gariaci-golovi-2', 'Hot Shots! Part Deux', '86 хвилин (01:26)', 'Валерия Голино, Ллойд Бриджес, Бренда Бэкки, Мигель Феррер, Ричард Кренна, Райан Стайлз, Джерри Халева, Майкл Кольяр, Дэвид Вол, Митч Райан, Розмари Джонстон, Бен Лемон, Бак МакДансер', NULL, '<p>Фільм \'Гарячі голови 2\' (Hot Shots! Part Deux) знову радує своїх вірних шанувальників морем жартів у другій частині усіма улюбленої картини. Щоб знайти внутрішню гармонію Інь і Янь глибоко всередині себе, головний герой Топпер Харлі, залишає на деякий час службу пілота в урядових рядах і знаходить заспокоєння в стінах тихого буддійського монастиря. Але тим часом країна знову викликає своїх героїв на допомогу. Необхідно звільнити кілька невинних заручників, схоплених ніким іншим, як самим Саддамом Хусейном. Бранців з чужої непривітної землі може визволити тільки неперевершений майстер своєї справи Топпер. І ось він відправляється назустріч новим випробуванням і труднощам, які не можуть обійтися без боїв в рукопашну і приголомшливих перестрілок. Але найважливішою подією є зустріч з його колись коханою дівчиною на ім\'я Рамада, яка на велике розчарування Топпера є дружиною одного з бранців. Чи вдасться героєві врятувати заручників і не піддатися почуттям любові до Рамади? Все це ви дізнаєтеся в комедії Гарячі голови 2, стрічки наповненої безліччю смішних моментів, які змушують посміхнутися глядача будь-якого віку.</p>', 1, 64, 1, 3, 1, 4, 1, 'images/2024-04-15/8xMo9cVSpLeSZgGHcQk87EZQJtDDVWgdN2CjphAf.jpg', NULL, '2024-04-15 10:32:44'),
(84, 'Ейс Вентура: детектив з розшуку домашніх тварин', 'eis-ventura-detektiv-z-rozsuku-domasnix-tvarin', 'Ace Ventura: Pet Detective', '86 хвилин (01:26)', 'Кортни Кокс, Шон Янг, Тоун Лок, Ноубл Уиллингэм, Трой Эванс, Рейнор Шайни, Удо Кир, Фрэнк Адонис, Тайни Рон, Дэвид Маргулис, Джон Каподиче, Джуди Клэйтон, Билл Закерт, Элис Драммонд', NULL, '<p>Він &mdash; найкращий у своїй справі, єдиний та неповторний! Він - Ейс Вентура, детектив з розшуку домашніх улюбленців. Коли таємничі зловмисники викрадають дельфіна на прізвисько &laquo;Сніжинка&raquo;, талісман місцевої футбольної команди &laquo;Дельфіни&raquo;, Ейс відразу починає працювати, виявляючи дива винахідливості. Історія набуває дивного обороту, коли викрадають ще й провідного гравця &laquo;Дельфінів&raquo;. Тепер Ейсу доводиться розшукувати одразу двох ссавців. Він стикається &laquo;ніс до носа&raquo; з акулою-людожером, рятує улюблену команду та зачаровує жінок. Чи він &laquo;під прикриттям&raquo;, під вогнем чи під водою, він обов\'язково знайде те, що шукає!</p>', 1, 65, 1, 1, 1, 4, 1, 'images/2024-04-15/VdLzBHgohl83diNyDbyrkM0XyJIc1N6gKFchHhBh.jpg', NULL, '2024-04-15 10:33:37'),
(85, 'Ейс Вентура 2: поклик природи', 'eis-ventura-2-poklik-prirodi', 'Ace Ventura: When Nature Calls', '90 хвилин (01:30)', 'Иэн МакНис, Саймон Кэллоу, Мейнард Эзиаши, Боб Гантон, Софи Оконедо, Томми Дэвидсон, Адевале Акиннуойе-Агбадже, Дэнни Д. Дэниелс, Сэм Мотоана Филлипс, Дэймон Стандифер, Эндрю Стил, Брюс Спенс, Том Гранк, Арсенио Тринидад', NULL, '<p>Місце дії &ndash; Африка. Знаменитий детектив Ейс Вентура, єдиний у світі фахівець із розшуку зниклих домашніх улюбленців, знову у справі. Цього разу Ейс має знайти Шикаку &mdash; священну тварину племені Вачаті. Без Шикакі не може відбутися весілля дочки вождя племені Вачаті та сина вождя войовничого племені Вачуту. Якщо Ейс провалить завдання, розпочнеться міжплемінна війна. Але Ейс Вентура не з тих, хто відступає перед труднощами. У пошуках священної Шикакі він бореться з алігаторами, приручає слонів, наслідує мавп, хитається на ліанах, ходить розпеченим вугіллям, вилазить, на жах сім\'ї американських туристів, із дупи і ставить &laquo;на вуха&raquo; всю Африку.</p>', 1, 66, 1, 1, 1, 4, 1, 'images/2024-04-15/FknKoC1YY0sI0XQAuYfNxECwyi4WXeh7Ih1MosqE.jpg', NULL, '2024-04-15 10:34:31'),
(86, 'Безчуттєвий / Без почуттів / Без відчуттів', 'bezcuttjevii-bez-pocuttiv-bez-vidcuttiv', 'Senseless', '93 хвилини (01:33)', 'Тамара Тейлор, Брэд Дуриф, Рип Торн, Эстер Скотт, Дебра Джо Рапп, Марк Кристофер Лоуренс, Джон Ингл', NULL, '<p>Бідний студент Дерріл Візерспун працює на чотирьох роботах, але грошей на оплату рахунків все одно не вистачає. В надії здобути ще трохи коштів Дерріл погоджується взяти участь у сумнівному медичному експерименті. Молода людина стає мало не супергероєм, але несподівано про себе дають знати дивні побічні ефекти.</p>', 1, 69, 1, 1, 1, 2, 1, 'images/2024-04-15/eI05PGzFQ2DQGYk0BMghcmXxicBk2qf3gihv5pUs.jpg', NULL, '2024-04-15 10:35:26'),
(87, 'Не погрожуй Південному Централу, попиваючи сік у себе в кварталі', 'ne-pogrozui-pivdennomu-centralu-popivaiuci-sik-u-sebe-v-kvartali', 'Don\'t Be a Menace to South Central While Drinking Your Juice in the Hood', '89 хвилин (01:29)', 'Трэйси Черелл Джонс, Крис Спенсер, Сули МакКалло, Даррел Хит, Хелен Мартин, Айзиа Барнс, Ламард Дж. Тейт, Кейт Моррис, Крэйг Уайанс, Кэйси Ли, Джо Скотт, Ким Уайанс', NULL, '<p>Молодий афроамериканець на прізвисько Попільничка переїжджає до Лос-Анджелеса зі своїм батьком та бабусею. Попільничка пишається тим, що вони з батьком виглядають ровесниками, це на його думку (дуже круто). Пишається він і своєю бабусею, яка у свої похилі роки покурює і не соромиться міцних слів. Незабаром Попільничка знайомиться зі своїм кузеном на прізвисько Ланцюговий Пес. Цей хлопець &ndash; гангстер, у його особистому арсеналі не лише пістолети та автомат, а й термоядерна боєголовка &ndash; (для самозахисту). Попільничка має вибрати свій подальший шлях у житті: він може бути (просто хорошим чорношкірим) або стати (небезпечним чорношкірим), приєднавшись до банди свого кузена.</p>', 1, 67, 1, 3, 1, 2, 3, 'images/2024-04-15/IiHrJIOz1BH0XUtg5DIeEIUMh3mt9Ai9hQ1GzpK2.jpg', NULL, '2024-04-15 10:36:23'),
(88, 'Дуже страшне кіно', 'duze-strasne-kino', 'Scary Movie', '88 хвилин (01:28)', 'Анна ФарІс, Шеннон Елізабет, Кармен Электра, Дэйв Шеридан, Фрэнк Б. Мур, Джакомо Бессато, Кайл Грэхэм, Лиэнн Сантос, Марк МакКончи, Карен Крупер, Джон Абрахамс', NULL, '<p>У кожному поважному фільмі жахів є телефон, який ось-ось задзвонить; жертва, яка ось-ось кричить; вбивця, який ось-ось завдасть смертельного удару. І єдиний спосіб залишитися живим &mdash; це твердо пам\'ятати, що треба завжди випереджати вбивцю на один крок. Коли сексуальна репортерка, що вічно суне свій ніс, на пару з охоронцем, що потрапляє у всякі безглузді історії, з супермаркету намагається зупинити вбивцю, який задумав розправитися з найвиднішими учнями середньої школи Булемія-Фоллз, починається таке&hellip; ну дуже страшне кіно.</p>', 1, 71, 1, 1, 1, 2, 1, 'images/2024-04-15/g9qrHqnvqzHBsz7zQIKyMq773iex4B7dEFq6sVsS.jpg', NULL, '2024-04-15 10:37:22'),
(89, 'Дуже страшне кіно 2', 'duze-strasne-kino-2', 'Scary Movie 2', '83 хвилини (01:23)', 'Анна ФарІс, Джеймс ДеБелло, Реджина Холл, Кристофер Мастерсон, Тим Карри, Кэтлин Робертсон, Крис Эллиотт, Джеймс Вудс, Энди Рихтер, Тори Спеллинг, Наташа Лионн, Вероника Картрайт', NULL, '<p>Відігравшись по повній програмі у фільмі &laquo;Дуже страшне кіно&raquo; на молодіжних жахах, творці картини остаточно втратили сором і совість. Тепер прийшла черга кінокласики - \"Вигоняючий диявола\", \"Полтергейст\", \"Цвинтар домашніх тварин\" і таких блокбастерів, як \"Ангели Чарлі\", \"Місія нездійсненна 2\", \"Що приховує брехню\", \"Ганнібал\", \"Привид будинку на хол &raquo;. Мало не здасться...</p>', 1, 72, 1, 1, 1, 2, 1, 'images/2024-04-15/mQ3pLLL67ETb3yp4HWAwQ5eF1oXL1K4Ih9UN9No8.jpg', NULL, '2024-04-15 10:38:22'),
(90, 'Дуже страшне кіно 3', 'duze-strasne-kino-3', 'Scary Movie 3', '84 хвилини (01:24)', 'Деніс Річардс, Памела Андерсон, Анна ФарІс, Дженни МакКарти, Марни Энг, Джина Баллард, Джереми Пивен, Тимоти Стэк, Элейн Климашевски, Дайан Климашевски, Камрин Менхейм, Дрю Микуска, Реджина Холл, Даррел Хэммонд', NULL, '<p>Журналістка Сінді Кемпбелл охоплена бажанням зробити скандальний репортаж про якусь світову змову та відкрити найтаємніші матеріали! Хто шукає, той знаходить. Незабаром Сінді стає свідком незрозумілих явищ. На Землю ось-ось висадиться десант зловісних інопланетян; на полях з\'явилися дивні концентричні кола; якийсь Вибраний пророкує погане всьому людству; діти з дивними очима лякають дорослих; під загрозою життя самого Президента; а амбітні білі репери зробили підозрілий прорив у світі шоу-бізнесу - зло настає з усіх боків, і Сінді має битися, щоб врятувати світ ще раз!</p>', 1, 74, 1, 3, 1, 2, 1, 'images/2024-04-15/tfqMtcBSjtGDV2eSgaWSoLpC7dq2OkGiSM01wswm.jpg', NULL, '2024-04-15 10:39:23'),
(91, 'Голий пістолет', 'golii-pistolet', 'The Naked Gun: From the Files of Police Squad!', '85 хвилин (01:25)', 'Присцилла Пресли, Рикардо Монтальбан, Джордж Кеннеди, О. Дж. Симпсон, Сьюзен Бубиан, Нэнси Марчанд, Рэй Бирк, Жанетт Чарльз, Эд Уильямс', NULL, '<p>Найнекомпетентніший поліцейський, лейтенант Френк Дребін, повинен самотужки протистояти міжнародній змові, мета якої - занапастити королеву Єлизавету II. На загальний подив і радість, дурний з дурних лейтенант Дребін розбереться з усіма ворогами Її Величності так хвацько, як не снилося і знаменитому агенту 007.</p>', 1, 59, 1, 1, 1, 2, 1, 'images/2024-04-15/Qf67DTKzXDEm8gecEC8GkfZkB8eptGK8qLDFcBZh.jpg', NULL, '2024-04-15 10:40:13'),
(92, 'Голий пістолет ½ : Запах Страху', 'golii-pistolet-zapax-straxu', 'The Naked Gun ½: The Smell of Fear', '85 хвилин (01:25)', 'Присцилла Пресли, Джордж Кеннеди, Робер Гуле, Ричард Гриффитс, Жаклин Брукс, Энтони Джеймс, Ллойд Бокнер, Тим О’Коннор, Питер Марк Ричман, Эд Уильямс, Джон Рорк, Марджери Росс, Питер Ван Норден, Гэйл Нили', NULL, '<p>Лейтенант поліції Френк Дребін продовжує працювати на ниві затримання порушників правопорядку, паралельно шукаючи питання глобальної якості, наприклад, про те, коли він має продемонструвати все, на що він здатний. І ось настає відповідальний момент. Якийсь лиходій плете страшні підступи і задумує знищити весь світ. Але не тут було. Хоробрий поліцейський як завжди напоготові.</p>', 1, 62, 1, 1, 1, 4, 1, 'images/2024-04-15/twc9sJeZWFlokAZXmU9nj8MZUgQBTxKjHJm1hdQr.jpg', NULL, '2024-04-15 10:41:04');
INSERT INTO `films` (`id`, `title`, `slug`, `origin_title`, `duration`, `other_actor`, `note`, `description`, `category_id`, `year_id`, `season_id`, `rating_id`, `status_id`, `age_id`, `quality_id`, `thumbnail`, `created_at`, `updated_at`) VALUES
(93, 'Голий пістолет 33 1/3', 'golii-pistolet-33-13', 'The Naked Gun 33?: The Final Insult', '83 хвилини (01:23)', 'Присцилла Пресли, Джордж Кеннеди, О. Дж. Симпсон, Фред Уорд, Кэтлин Фримен, Анна Николь Смит, Эллен Грин, Эд Уильямс, Рэй Бирк', NULL, '<p>У в\'язницю до відомого бомбіста-терориста Рокко приходить представник арабських терористів і пропонує йому та його матері зробити жахливий теракт за 5 мільйонів. Зупинити його може лише наш лейтенант Френк Дребін, який пішов на пенсію та вирішує шлюбні проблеми з дружиною. Справа в тому, що вони ніяк не можуть зробити дитину. Колеги вмовляють Френка повернутися на службу в поліцію, через що дружина кидає його остаточно, і далі йде нескінченний потік жартів, приколів, пародійних ситуацій, внаслідок яких Френк рятує від вибуху церемонію вручення \"Оскара\".</p>', 1, 65, 1, 1, 1, 2, 1, 'images/2024-04-15/hepOwG7LmCJwjUFclAOwX5nehLJlORLJc5rmVceS.jpg', NULL, '2024-04-15 10:41:57'),
(94, 'Гарний рік', 'garnii-rik', 'A Good Year', '117 хвилин ( 1: 57)', 'Марион Котийяр, Эбби Корниш, Фредди Хаймор, Альберт Финни, Том Холландер, Рейф Сполл, Арчи Панджаби, Ричард Койл, Бен Райтон, Патрик Кеннеди, Али Родс, Дэниэл Мейс, Нила Аалия, Джианнина Фасио', NULL, '<p>Воротила Лондонській фондовій біржі, шалено розумний, щасливий менеджер і за сумісництвом великий зануда успадковує виноробню в Провансі. Після прибуття до Франції він виявляє, що крім нього є ще люди, які претендують на його законну власність. Ланцюжок неймовірних подій та відкриттів змусять його по-новому подивитись справжні цінності цього світу&hellip;</p>', 1, 77, 1, 1, 1, 2, 1, 'images/2024-04-15/HWhLNmC6EqOUYfA0prMqQ90Tn4N8Zogu1WD2DcoT.jpg', NULL, '2024-04-15 10:42:51'),
(95, '300 спартанців', '300-spartanciv', '300', '117 хвилин (01:57)', 'Лина Хиди, Доминик Уэст, Дэвид Уэнэм, Винсент Риган, , Том Уисдом, Эндрю Плевин, Эндрю Тирнан, Родриго Санторо, Джованни Симмино, Стивен МакХэтти, Грег Крамер, Алекс Ивановичи, Келли Крэйг', NULL, '<p>Події картини розповідають про кровопролитну битву при Фермопілах в 480 до н. е.., в якій триста відважних спартанців на чолі зі своїм царем Леонідом перегородили шлях багатотисячної армії перського царя Ксеркса. Незважаючи на чисельну перевагу персів, спартанці продовжували завзяту оборону, виявивши мужність та відвагу. Їх безстрашність і героїзм надихнули всю Грецію на об\'єднання проти непереможного ворога, переломивши тим самим перебіг Греко-перських воєн.</p>', 1, 77, 1, 1, 1, 2, 1, 'images/2024-04-15/GvmLUaZDIgw3erEEhG160NxsDpTA8xZUq4gWqxid.jpg', NULL, '2024-04-15 10:43:46'),
(96, 'Термінатор: Спасіння прийде [Режисерська версія]', 'terminator-spasinnia-priide-reziserska-versiia', 'Terminator Salvation', '115 хвилин (01:55)', 'Майкл Айронсайд, Хелена Бонем Картер, Коммон, Брайс Даллас Ховард, Антон Ельчин, Мун Бладгуд, Джейн Александер, Иван Г’Вера, Крис Браунинг, Джадагрейс, Дориан Нконо, Бет Бэйли, Виктор Дж. Хо', NULL, '<p>2018 рік від Різдва Христового. Джон Коннор &ndash; людина, чия доля &ndash; очолити Опір електронному мозку Скайнет та армії Термінаторів. Але в майбутнє, з вірою в яке він повернуто, вклинюється таємничий Маркус Райт: незнайомець, останні спогади яких малюють камеру смертників. Коннор повинен зрозуміти, хто такий Маркус &mdash; посланець майбутнього чи той, хто врятувався з минулого. І на тлі підготовки Скайнетом вирішального удару, Коннор і Райт вирушають у подорож, що приводить їх у саму серцевину операційної системи, що збунтувалася, де відкривається жахлива таємниця, що криється за потенційним знищенням людства.</p>', 1, 80, 1, 3, 1, 2, 1, 'images/2024-04-15/nX8daMSkMM5CSyttXUNMLLJlyp6bM1GPxPfzsUiA.webp', NULL, '2024-04-15 10:44:43'),
(97, 'Аватар', 'avatar', 'Avatar', '162 хвилини (02:42)', 'Сигурни Уивер, Джованни Рибизи, Зои Салдана, Мішель Родріґес, Стивен Лэнг, Джоэл Мур, Си Си Эйч Паундер, Уэс Стьюди, Лаз Алонсо, Дилип Рао, Мэтт Джералд, Шон Энтони Моран, Джейсон Уайт, Скотт Лоуренс', NULL, '<p>У середині XXII століття Землі настала енергетична криза. У пошуках корисних копалин і нових джерел енергії, далеко в космосі земляни виявили фантастично красиву планету, населену синьошкірими гігантами-гуманоїдами - наві. Атмосфера Пандори була непридатна для дихання людини, але виявлений на планеті цінний мінерал анобтаніум міг вирішити всі енергетичні проблеми Землі. Для вивчення та освоєння планети люди використовують \"аватари\" - гігантські синьошкірі тіла, штучно вирощені з використанням ДНК людей і нави. Управління здійснювалося віртуально-донорами-операторами. Але несподівано один із вчених-операторів гине і для управління його аватаром із Землі прилітає брат-близнюк. Джейк - колишній морпіх, був тяжко поранений і тепер пересувається лише у візку. Поспіхом вивчивши інструкцію з управління він лягає в камеру, що переносить свідомість оператора в мозок аватара.</p>', 1, 80, 1, 1, 1, 4, 1, 'images/2024-04-15/uHdVnp26etzMcmzuI0LPYE2p5sMnEyic77Pu1DMS.jpg', NULL, '2024-04-15 10:45:42'),
(98, 'У тилу ворога', 'u-tilu-voroga', 'Behind Enemy Lines', '106 хвилин (01:46)', 'Джин Хэкмен, Гэбриел Махт, Чарльз Малик Уитфилд, Дэвид Кит, Олек Крупа, Жоаким ди Алмейда, Владимир Машков, Марко Игонда, Эял Поделл', NULL, '<p>Молодий лейтенант ВПССША Кріс Бернетт, один із найкращих військово-морських льотчиків, мріє про те, щоб йому випав шанс взяти участь у справжніх бойових діях замість того, щоб спостерігати за тренуваннями своїх колег. Однак його командир, адмірал Рейгарт вважає, що Кріс ще не готовий... Та й бойових дій особливо не передбачається. Але ось, під час однієї з розвідувальних місій, Бернетт фотографує те, що не було призначене для чужих очей, і його літак збивають. Льотчик опиняється у тилу ворога, який хоче знищити шпигуна. Час іде, і адмірал Рейгарт, ризикуючи своєю кар\'єрою, вирішує порушити всі правила та організувати рятувальну операцію, щоб повернути свого учня.</p>', 1, 72, 1, 3, 1, 1, 1, 'images/2024-04-15/LqvVP2HW6P5ke78BKyHyneQidix4DPfx0TsOxSut.jpg', NULL, '2024-04-15 10:46:42'),
(99, 'Мортал Комбат', 'mortal-kombat', 'Mortal Kombat', '101 хвилина (01:41)', 'Бриджит Уилсон, Талиса Сото, Тревор Годдар, Крис Касамасса, Франсуа Пети, Кит Кук, Хаким Олстон, Джон Фудзиока, Сэнди Хелберг, Стивен Хо, Питер Джейсон', NULL, '<p>Один раз у покоління проводиться міжпросторовий турнір бойових мистецтв, відомий як &laquo;Смертельна битва&raquo;, розроблений для того, щоб обмежити вторгнення між сферами Всесвіту. Метою турніру є десять перемог &ndash; і тоді той, хто переміг, матиме повне право вторгнутися на землі того, хто програв. Вже дев\'ять перемог здобули вороги Землі, яких очолює маг потойбіччя Шанг Тсунг. Ще одна перемога &ndash; і майбутнє Землі має дуже похмурі перспективи. Воїни лорда Рейдена повинні зібрати всі останні сили для останньої, смертельної битви, щоб зупинити Шанг Тсунга за півкроку від його остаточної перемоги&hellip;</p>', 1, 66, 1, 1, 1, 4, 1, 'images/2024-04-15/0scxNkP8wK8V34KJqfHm52YFsJhDuoxk1rTV9HLs.jpg', NULL, '2024-04-15 10:47:43'),
(100, 'Мортал Комбат 2: Винищення / Смертельна битва: Цілковите знищення', 'mortal-kombat-2-vinishhennia-smertelna-bitva-cilkovite-znishhennia', 'Mortal Kombat: Annihilation', '95 хвилин (01:35)', 'Джеймс Ремар, Талиса Сото, Сандра Хесс, Брайан Томпсон, Линн «Красный» Уильямс, Рейнер Шёне, Дерон Макби, Мьюсетта Вэндер, Марджин Холден', NULL, '<p>Імператор Позаземелля Шао Кан прибуває на Землю, щоб особисто попередити її мешканців про свої наміри: знищити світ земний і зробити все це за сім біблійних днів. Серед його підручних &mdash; роботи, що володіють інстинктами та прийомами ніндзя, чотирирука діва Шива та звіроподібна людина Мотарро. Але їм протистоять герої Землі на чолі із самим лордом Рейденом... Очікується феєрверк єдиноборств!</p>', 1, 68, 1, 1, 1, 4, 1, 'images/2024-04-15/e0iJVxY6iacY3ncv5yYExX76H8Eo2FZw06fZskcJ.jpg', NULL, '2024-04-15 10:48:46'),
(101, 'Парочка копів', 'parocka-kopiv', 'Cop Out', '107 хвилин (01:47)', 'Адам Броди, Кевин Поллак, Гильермо Диас, Шонн Уильям Скотт, Мишель Трахтенберг, Джейсон Ли, Рашида Джонс, Кори Фернандез', NULL, '<p>Історія двох давніх напарників &ndash; нью-йоркських поліцейських, зайнятих пошуками дуже рідкісної та страшенно дорогої бейсбольної картки, вкраденої в одного з них. Вони змушені протистояти жорстокому гангстеру, просто схибленому на колекційних штучках. Джиммі, який все життя пропрацював у поліції, покладав на зниклу картку всі свої надії, оскільки тільки за допомогою неї він міг би сплатити майбутнє весілля дочки, а Пол, його так званий &laquo;напарник у боротьбі зі злочинністю&raquo;, настільки зациклюється на передбачуваній невірності своїй дружини, що йому стає вже непросто відстежувати пропажу.</p>', 1, 81, 1, 1, 1, 2, 1, 'images/2024-04-15/8a3sUWV2j7LzpxTwvL9IkzgHuxjTZJciuUSBUbWy.jpg', NULL, '2024-04-15 10:49:37'),
(102, 'Американський пиріг', 'amerikanskii-pirig', 'American Pie', '95 хвилин (01:35)', 'Елісон Ганніґан, Крис Клейн, Томас Иэн Николас, Эдди Кэй Томас, Мена Сувари, Тара Рейд, Шеннон Элизабет, Наташа Лионн, Дженнифер Кулидж, Крис Оуэн, Эрик Лайвли, Молли Чик', NULL, '<p>На вечірці четверо старшокласників, Джим, Кевін, Фінч та Оз, з\'ясовують, що ніхто з них ще не мав сексуального досвіду з дівчатами. Приятелі вважають, що з колективною цнотою треба обов\'язково розлучитися до того, як вони переступлять поріг коледжу. На носі шкільний випускний бал, і у друзів залишилося мало часу на те, щоб виконати задумане.</p>', 1, 70, 1, 1, 1, 2, 1, 'images/2024-04-15/PhMjvJui5uJ4F08AvHNRkyAJQmra1XZvg95fZbY3.jpg', NULL, '2024-04-15 10:50:29'),
(103, 'Американський пиріг 2', 'amerikanskii-pirig-2', 'American Pie 2', '108 хвилин (01:48)', 'Елісон Ганніґан, Крис Клейн, Томас Иэн Николас, Эдди Кэй Томас, Мена Сувари, Тара Рейд, Шеннон Элизабет, Наташа Лионн, Крис Оуэн, Молли Чик, Денис Фэй, Лиза Артуро', NULL, '<p>З часів першого фільму минув рік, усі герої тепер навчаються не в середній школі, а в коледжі, і влітку на канікули вирішують зняти заміський будинок, де можна весело провести час, повалятися на пляжі та поганятись за дівчатами, яких там надміру. Втім, проблеми собі знайде кожен із героїв: до Джима збирається приїхати та сама &laquo;студентка з обміну&raquo; Надя, з якою він публічно облажався у першому фільмі, Кевін зрозумів, що просто друзями з Віккі він бути не може, а Кріс ніяк не може зайнятися сексом по телефону зі своєю подругою Хезер, яка поїхала на навчання до іншого міста. На довершення всього Пол Фінч почав практикувати тантричний секс, рахуючи дні до прибуття Мами Стіфлера.</p>', 1, 72, 1, 1, 1, 2, 1, 'images/2024-04-15/c6TMotqeFFXWML3qBia0QzSRLpQGOFgc0b8N6aIu.jpg', NULL, '2024-04-15 10:51:23'),
(104, 'Американський Пиріг 3: Весілля', 'amerikanskii-pirig-3-vesillia', 'American Pie 3: Wedding', '96 хвилин (01:36)', 'Елісон Ганніґан, Эдди Кэй Томас, Томас Иэн Николас, Дженьюэри Джонс, Молли Чик, Дебора Раш, Фред Уиллард, Анджела Пэтон, Эрик Аллан Крамер, Аманда Свистен, Никки Шилер Зиринг, Лоуренс Прессман', NULL, '<p>Джим та Мішель вирішили одружитися! Адже весілля - штука важлива, і готуватися до неї треба ґрунтовно та серйозно, тим більше, якщо шафером у нареченого збирається стати сам Стіфлер! До великої передвесільної програми включено: холостяцька вечірка зі стриптизерками; спокуса жінок похилого віку в непроглядній темряві; прикраса весільного торта лобковим волоссям; чергове сексуальне родео Фінча з матір\'ю Стіфлера, як, втім, і сам Стіфлер &mdash; новоявлена гей-ікона, вроджений танцюрист-диско, тестостероновий титан та головна зірка урочистостей! Джим і Мішель запрошують Вас на своє весілля, нудьгувати на якому Вам точно не доведеться!</p>', 1, 74, 1, 3, 1, 2, 1, 'images/2024-04-15/pWSbyHVWPwbtGShXWAV9joAzaKh4XFEBk4ki2PQN.jpg', NULL, '2024-04-15 10:52:19'),
(105, 'Американський пиріг 8: Знову разом', 'amerikanskii-pirig-8-znovu-razom', 'American Reunion', '113 хвилин (01:53)', 'Елісон Ганніґан, Джейсон Биггз, Крис Клейн, Томас Иэн Николас, Тара Рейд, Шонн Уильям Скотт, Мена Сувари, Эдди Кэй Томас, Джон Чо, Дженнифер Кулидж, Юджин Леви, Наташа Лионн, Дания Рамирес, Катрина Боуден, Джей Хэррингтон', NULL, '<p>Герої &laquo;Американського пирога&raquo; зустрічаються знову через кілька років. Вони доведуть, що навіть час і відстань не в змозі зруйнувати їхню дружбу. Влітку 1999-го четверо мічиганських хлопців вирішили розлучитися з невинністю. Минули роки, і тепер друзі повернулися додому вже подорослішавшими, аби згадати минуле та відірватися на повну котушку.</p>', 1, 83, 1, 1, 1, 2, 1, 'images/2024-04-15/JKjQGomQ6kykFi5FQpmja1IXapC1BsrMkWIcLEzn.jpg', NULL, '2024-04-15 10:53:16'),
(106, 'Старскі та Гатч', 'starski-ta-gatc', 'Starsky & Hutch', '101 хвилина (01:41)', 'Эми Смарт, Джульетт Льюис, Кармен Электра, Фред Уильямсон, Джордж Чунг, Крис Пенн, Бранд Родерик, Молли Симс, Мэтт Уолш, Джеффри Лоренцо', NULL, '<p>Детектив Девід Старскі &ndash; найдосвідченіший агент, який працює під прикриттям на вулицях Бей Сіті у Каліфорнії. Він маніакально відданий своїй роботі, і жоден злочин не залишиться безкарним, поки він на чергуванні... а чергування у нього ніколи не припиняється. Детектив Кен Хатчінсон має власні погляди на образ ідеального охоронця порядку. Він схоплює на льоту, кмітливий і приймає блискавичні рішення. Але найчастіше такий поспіх призводить до провалу операцій. Стурбований шеф місцевої поліції капітан Доубі, нарешті, приймає соломонове рішення: об\'єднати двох найкращих, але недолугих поліцейських у команду та випустити їх на патрулювання міста. З першого дня спільної служби їм вдається вийти на слід великої афери з продажу наркотиків. Все вказує на багатого бізнесмена Ріса Фельдмана, але висунути звинувачення поки що не виходить. А Фельдман, тим часом, вже близький до здійснення найприбутковішої угоди в історії наркобізнесу. Несхожий дует детективів повинен буде продемонструвати всі свої найкращі якості, щоб покарати кримінал.</p>', 1, 75, 1, 1, 1, 4, 1, 'images/2024-04-15/8AyIc3xafLbCM8Gb064ZnM9A1k9uaio1n2f5w6qM.jpg', NULL, '2024-04-15 10:54:14'),
(107, 'Термінатор 3: Повстання машин', 'terminator-3-povstannia-masin', 'Terminator 3: Rise of the Machines', '109 хвилин (01:49)', 'Кристанна Локен, Клер Дэйнс, Дэвид Эндрюс, Марк Фамиглетти, Эрл Боэн, Мойра Харрис, Чоппер Бернет, Кристофер Лоуфорд, Кэролин Хеннеси, Джей Аковоне, М. К. Гейни, Сьюзэн Мерсон, Элизабет Мохэд', NULL, '<p>З того моменту, як Джон Коннор запобіг Судному Дню і врятував людство від знищення минуло десять років. Тепер йому 25, і він живе на самоті. Ніхто не може вирахувати його місцезнаходження. Але Скайнет, який захопив владу над планетою, не залишає спроб поквитатися з майбутнім вождем людства. Дві його попередні операції провалилися. Але цього разу злий геній упевнений у успіху. На полювання за Джоном відправлено нову модель робота-вбивці серії Т-Х (Термінатрікс) &ndash; сліпуча красуня, що має смертоносну силу. Тепер єдиний шанс для Коннора врятувати свою життя &ndash; з\'єднатися із термінатором Т-800. Їм знову належить вступити в бій з врагом і запобігти сталевому Армагеддону - повстанню машин!</p>', 1, 74, 1, 1, 1, 2, 1, 'images/2024-04-15/9JgwTQnvUWwj9iOJjZmQIh1fqsaKHcI1XAUC8wdz.webp', NULL, '2024-04-15 10:55:14'),
(108, 'Термінатор', 'terminator', 'The Terminator', '107 хвилин (01:47)', 'Пол Уинфилд, Лэнс Хенриксен, Рик Россович, Бесс Мотта, Эрл Боэн, Дик Миллер, Шон Шеппс, Брюс М. Кернер, Франко Колумбу, Билл Пэкстон, Брэд Рирден, Брайан Томпсон', NULL, '<p>У центрі сюжету &mdash; протистояння солдата Кайла Різа та кіборга-термінатора, які прибули 1984-го року з пост-апокаліптичного майбутнього, де світом правлять машини-вбивці, а людство перебуває на межі вимирання. Мета кіборга: вбити дівчину на ім\'я Сара Коннор, чий ще ненароджений син до 2029 року виграє війну людства з машинами. Мета солдата Кайла Різа: врятувати Сару і зупинити Термінатора за будь-яку ціну.</p>', 1, 55, 1, 1, 1, 2, 1, 'images/2024-04-15/l3nqCWRorHnoVwkcEGcgAA375FRzJyR3o5mqh5st.jpg', NULL, '2024-04-15 10:56:15'),
(109, 'Ефект метелика', 'efekt-metelika', 'The Butterfly Effect', '113 хвилин (01:53)', 'Эми Смарт, Мелора Уолтерс, Элден Хенсон, Уильям Ли Скотт, Джон Патрик Амедори, Ирен Горовая, Кевин Шмидт, Джесси Джеймс, Логан Лерман, Кэмерон Брайт, Эрик Столц, Каллум Кит Ренни, Лорена Гэйл, Натаниель Дево', NULL, '<p>За теорією хаосу, помах крила метелика здатний викликати на іншому кінці світу глобальні руйнування... Через амнезію дитинство Евана було надзвичайно складним та незрозумілим. Але порада психолога - вести щоденник та рішення батьків переїхати в інше місто, допомогли родині Евана впоратися з його недугою. Пройшло сім років, він &ndash; успішний студент психологічного факультету з вивчення механізмів пам\'яті. Але день, коли Еван вирушив з другом у бар відсвяткувати семирічний термін без провалів у пам\'яті, став першим днем його пригод. У барі він познайомився з дівчиною і запросив її до себе, бажаючи весело закінчити свято, але та, виявивши щоденники, попросила їх почитати. Читаючи записи, Еван на кілька хвилин несподівано опинився у своєму дитинстві... Так він виявив, що за допомогою спогадів, що зображені в щоденнику, може повертатися в минуле. Еван вирішує скористатися цим даром і виправити трагічні події свого дитинства.</p>', 1, 75, 1, 1, 1, 2, 1, 'images/2024-04-15/1OYXPOWvqNkTT0n9KPM9Ipl3Unb3nOXqXF8LBYAm.jpg', NULL, '2024-04-15 10:57:18'),
(110, 'Бетмен повертається', 'betmen-povertajetsia', 'Batman Returns', '126 хвилин (02:06)', 'Кристофер Уокен, Мишель Пфайффер, Эндрю Бринярски, Майкл Гоф, Даг Джонс, Анна Катарина, Кристи Конэуэй, Пэт Хингл, Стюарт Ланкастер, Винсент Скьявелли, Трэвис МакКенна, Джен Хукс, Майкл Мёрфи', NULL, '<p>Екранізація за мотивами коміксів про Бетмена. Людина-Пінгвін вирішує захопити владу у місті. І тому він організовує союз із великим промисловцем сумнівних моральних якостей &mdash; Максом Шреком. У той же час Макс Шрек викидає з вікна свою дуже цікаву секретарку Селіну Кайл, яка від отриманих травм помирає, але її повертають вуличні кішки до життя. Прокинувшись, вона розуміє, що повністю змінилася і стала людиною-кішкою. Задавшись метою помститися Максу Шреку, вона називається Жінкою-кішкою і вирушає на вулиці Готема. І лише Бетмен та комісар Гордон продовжують воювати зі злочинцями...</p>', 1, 63, 1, 1, 1, 4, 1, 'images/2024-04-15/n6EbKWHUWVxDtKjRKp4LqJbwdAEuvuhqyiWs3tqu.jpg', NULL, '2024-04-15 10:58:22'),
(111, 'Похмурі тіні', 'poxmuri-tini', 'Dark Shadows', '113 хвилин (01:53)', 'Ева Грин, Хелена Бонем Картер, Хлоя Грейс Морец, Элис Купер, Мишель Пфайффер, Джонни Ли Миллер, Джеки Эрл Хейли, Белла Хиткот, Гулливер МакГрат, Кристофер Ли, Уильям Хоуп, Рей Ширли, Айван Кэй, Сузанна Каппельяро', NULL, '<p>Власник маєтку Коллінвуд, Барнабас Коллінз, багатий, владний і славиться невиправним Казановою, поки не робить фатальну помилку, розбивши серце Анжеліки Бошар. Будучи відьмою в буквальному значенні цього слова, вона прирікає його на долю, гіршу, ніж сама смерть &mdash; перетворює його на вампіра і ховає живцем. Через два століття Барнабаса випадково звільняють зі склепу, і той опиняється в світі 1972 року, що дуже змінився. Він повертається до Коллінвуда і знаходить у руїнах цей колись величний будинок. Жалюгідні нащадки його сім\'ї збереглися лише трохи краще родового гнізда, і кожен з них має свої &laquo;скелети в шафі&raquo;.</p>', 1, 83, 1, 1, 1, 4, 1, 'images/2024-04-15/ezrNCp1NELLfhZpICBrQa2cpNqiqcYLHRS3u5Vtr.jpg', NULL, '2024-04-15 10:59:14'),
(112, 'Джон Уік', 'dzon-uik', 'John Wick', '101 хвилина (01:41)', 'Уиллем Дефо, Микаэл Нюквист, Алфи Аллен, Дин Уинтерс, Эдрианн Палики, Омер Барнеа, Тоби Мур, Дэниэл Бернхард, Бриджет Мойнэхэн, Иэн МакШейн, Бриджет Риган, Лэнс Реддик, Кит Джардин', NULL, '<p>Джон Вік, у минулому найманому вбивця на прізвисько Баба Яга (Бугімен), який щойно втратив дружину Хелен, отримує від неї посмертний подарунок &ndash; цуценя на прізвисько Дейзі. Спочатку байдужий до собаки, незабаром він прив\'язується до тварини. На заправці чоловік стикається з членами російської банди, чий лідер Йосип хоче купити машину Джона. Той відмовляється продавати. Три гангстери вистежують героя і вночі нападають на нього, жорстоко вбивши при цьому Дейзі і викравши автомобіль. Герой дізнається, що його пограбував син Вігго Тарасова, глави російського злочинного синдикату Нью-Йорка та колишнього роботодавця Джона. Гангстер, бажаючи захистити свого сина, намагається умовити чоловіка не шукати відплати, але колишній кілер непохитний.</p>', 1, 85, 1, 1, 1, 2, 1, 'images/2024-04-15/DkzpUAxVzCphyMvZKZhttNyYXXXDTmMq90ovCZq1.jpg', NULL, '2024-04-15 11:00:08'),
(113, 'Ідіократія / Планета ідіотів', 'idiokratiia-planeta-idiotiv', 'Idiocracy', '84 хвилини (01:24)', 'Майя Рудольф, Энтони Кампос, Дэвид Херман, Сонни Кастилло, Кевин МакЭфи, Роберт Мусгрейв, Майкл МакКафферти, Кристофер Райан, , Хит Джонс, Эли Муньос, Патрик Фишлер', NULL, '<p>Внаслідок виродження інтелектуалів, неконтрольованого розмноження людей з, м\'яко кажучи, середніми розумовими можливостями, неправильною спрямованістю наукових досліджень та деградації моральних цінностей, людство тотально отупіло до XXVI століття. Але, завдяки проведеному нашого часу експерименту з заморожування людей, у майбутньому виявляються військовий і повія. Герої, здавалося б, не повинні відрізнятися високим рівнем інтелекту, так і є, але за мірками XXVI століття вони найрозумніші люди на планеті. Тепер вони мають урятувати людство від повного вимирання. Військовий і повія &mdash; єдина і остання надія цивілізації людей, що гине!</p>', 1, 77, 1, 1, 1, 2, 1, 'images/2024-04-15/d0c6XRIWxB656ZGHDegvo50B8jLHAs7hwmwjmVjW.jpg', NULL, '2024-04-15 11:01:04'),
(114, 'Шостий елемент', 'sostii-element', '2001: A Space Travesty', '99 хвилин (01:39)', 'Офелия Винтер, Эцио Греджо, Питер Иган, Александра Камп-Грёнефельд, Дэмиен Массон, Пьер Эдвардс, Дэвид Фокс, Сэм Стоун, Верона Пут, Мишель Перрон, Пол Рейнвиль, Айван Дюшарм, Марк Хервю, Перри Канестрари', NULL, '<p>Крутий суперагент Членс із породи розумово відсталих надлюдей викриває змову, яка загрожує знищити все, у що він вірить, хоч і не зовсім \"в\'їжджає\": Правду, Справедливість та Американський спосіб життя. Підступний лікар Взад зі своїми підручними-інопланетянами задумав захопити Землю, викравши президента Сполучених Штатів та посадивши на його місце клона. Рятуючи людство, Членс вирушає на секретну місячну базу, де влаштовує всесвітній бардак космічних масштабів.</p>', 1, 71, 1, 3, 1, 4, 1, 'images/2024-04-15/okasXuEJVechEG1V7i9xukNsX1etrlQP6lEMbDbu.jpg', NULL, '2024-04-15 11:02:00'),
(115, 'П\'ятий елемент', 'piatii-element', 'The Fifth Element', '126 хвилин (02:06)', 'Гэри Олдман, Брайон Джеймс, Люк Перри, Иэн Холм, Томми Листер, Ли Эванс, Чарли Крид-Майлз, Трики, Джон Невилл, Джон Блузал, Матьё Кассовиц, Кристофер Фэйрбэнк', NULL, '<p>Щоп\'ять тисяч років відкриваються двері між вимірами і темні сили прагнуть порушити існуючу гармонію. Щоп\'ять тисяч років Всесвіту потрібен герой, здатний протистояти цьому злу. XXIII ст. Нью-йоркський таксист Корбен Даллас має вирішити глобальне завдання &mdash; порятунок всього людського роду. Зло як розпеченої маси, наділеної інтелектом, насувається Землю. Перемогти його можна, лише зібравши докупи чотири елементи (вони ж стихії - земля, вода, повітря і вогонь) і додавши до них загадковий п\'ятий елемент.</p>', 1, 68, 1, 1, 1, 2, 1, 'images/2024-04-15/dOczPpEuV38pceUMDupoJGTwsqBtUMxDWmVp9rF8.jpg', NULL, '2024-04-15 11:02:59'),
(116, 'Чотири кімнати', 'cotiri-kimnati', 'Four Rooms', '98 хвилин (01:38)', 'Сальма Хайек, Квентин Тарантино, Мариса Томей, Мадонна, Айони Скай, Дженнифер Билз, Дэвид Провэл, Пол Кэлдерон, Сэмми Дэвис, Аманда Де Кадене, Лили Тейлор, Алисия Уитт', NULL, '<p>Чотири історії, що сталися під Новий рік у невеликому готелі, де за головного залишився коридорний Тед (Тім Рот &mdash; &laquo;Мої чорничні ночі&raquo;, &laquo;Темна вода&raquo;). Опинившись центральним персонажем цих історій, він побував на шабаші відьом, в руках розлюченого чоловіка-ревнивця, став жертвою нестерпних дітей і з вигодою для себе взяв участь у парі багатих оригіналів.</p>', 1, 66, 1, 1, 1, 1, 1, 'images/2024-04-15/qNOuMlEpxtQueazq8SviKPBniM5qd5WiByrFaoRQ.jpg', NULL, '2024-04-15 11:03:58'),
(117, 'Міцний горішок', 'micnii-gorisok', 'Die Hard', '131 хвилина (02:11)', 'Алан Рикман, Бонни Беделиа, Реджинальд ВелДжонсон, Пол Глисон, Уильям Этертон, Харт Бокнер, Джеймс Шигета, Александр Годунов, Бруно Доуон, Деворо Уайт, Андреас Висневски, Кларенс Гильярд мл.', NULL, '<p>Екранізація роману Родеріка Торпа &laquo;Ніщо не вічне&raquo;. У суперсучасному хмарочосі Лос-Анджелеса поліцейський Джон Макклейн веде смертельну битву з бандою політичних терористів, які взяли в заручники два десятки людей, до яких потрапляє і його дружина. Почалося все з того, що хлопець приїхав до міста до дружини, опинився на різдвяному прийомі, а скінчилося справжньою війною.</p>', 1, 59, 1, 1, 1, 2, 1, 'images/2024-04-15/0hFgImykTOYt7O3Pk0ibkrygGNVf09U0DE6YKQ3L.jpg', NULL, '2024-04-15 11:04:59'),
(118, 'Дев\'ять ярдів', 'deviat-iardiv', 'The Whole Nine Yards', '98 хвилин (01:38)', 'Наташа Хенстридж, Розанна Аркетт, Майкл Кларк Дункан, Кевин Поллак, Харланд Уильямс, Кармен Ферланд, Серж Кристианссенс, Рени Мадлен Ле Гверрир, Жан-Ги Бочар, Ховард Билерман, Джонни Гоар, Диано Клаве', NULL, '<p>Дантист Ніколас Озерански вів спокійне та розмірене життя. Але знайомство з новим сусідом Джиммі Тюльпаном поклало їй кінець раз і назавжди. Тюльпан був професійним убивцею і вкрав у свого боса десять мільйонів доларів. А дружина Ніколаса - Софі - вирішила здати Джиммі його колишньому босові.</p>', 1, 71, 1, 1, 1, 2, 1, 'images/2024-04-15/mhrQHiIS27GGekje41Vbc25xS8S8IqcLK0sMweOb.jpg', NULL, '2024-04-15 11:06:02'),
(119, 'Десять ярдів / Дев\'ять ярдів 2', 'desiat-iardiv-deviat-iardiv-2', 'The Whole Ten Yards', '98 хвилин (01:38)', 'Наташа Хенстридж, Кевин Поллак, Силас Уир Митчелл, Таша Смит, Таллула Белль Уиллис, Джонни Уильямс, Карлос Запата, МакНалли Сагал, Карл Киарфалио, Док Дюаме, Монте Рекс Перлин, Нед Беллами', NULL, '<p>Відійшовши, за допомогою свого друга-дантиста Ніколаса Озеранські, від справ найманий убивця Джиммі Тадескі спокійно живе у своєму бунгало на березі океану в Мексиці разом зі своєю дружиною Джилл. Але одного разу його ідилію порушує поява Озерански &ndash; він просить Джиммі врятувати свою дружину Синтію, яка опинилася в руках гангстерів. Тадеська не має жодного бажання вплутуватися в цю історію, але оскільки Ніколас привів за собою \"хвіст\" - бандита Ласло Гоголака, який опинився на волі, йому доводиться перейти до активних дій...</p>', 1, 75, 1, 1, 1, 2, 1, 'images/2024-04-15/iSieBlpHU9JVbY2wOjQHJc6T4T6f4Au8r6jjJgLk.jpg', NULL, '2024-04-15 11:07:06'),
(120, 'Міцний горішок 2', 'micnii-gorisok-2', 'Die Hard 2', '124 хвилини (02:04)', 'Бонни Беделиа, Уильям Этертон, Реджинальд ВелДжонсон, Франко Неро, Уильям Сэдлер, Джон Эймос, Дэннис Франц, Арт Эванс, Фред Далтон Томпсон, Том Бауэр, Шила МакКарти, Дон Харви, Тони Гэниос, Питер Нельсон', NULL, '<p>Після того як Джон Макклейн помирившись із дружиною, перебирається до Лос-Анджелеса, минає час, і настає нове Різдво. Джон приїжджає в аеропорт Лос-Анджелеса, щоб зустріти із відрядження дружину Холлі. Але раптово події починають розгортатися так, що Джону знову доводиться викликати від терористів, які захопили аеропорт заради звільнення військового злочинця. Джону доведеться докласти все своє вміння, щоб літак, в якому летить його дружина, міг безпечно сісти на злітну смугу, що знеструмлена терористами.</p>', 1, 61, 1, 1, 1, 2, 1, 'images/2024-04-15/vB5D0Z2H2z0umhBZL0UM7NYblNSGmWU6sVsPO6k2.jpg', NULL, '2024-04-15 11:08:12'),
(121, 'Міцний горішок 3: Помирати з піснею', 'micnii-gorisok-3-pomirati-z-pisneiu', 'Die Hard: With a Vengeance', '128 хвилин (02:08)', 'Ларри Бриггман, Грэм Грин, Коллин Кэмп, Энтони Пек, Николас Уаймэн, Сэм Филлипс, Кевин Чэмберлин, Шэрон Вашингтон, Стивен Перлман, Майкл Александер Джексон, Элдис Ходж, Миша Хауссерманн', NULL, '<p>В крупном универмаге произошёл взрыв, в участок полиции поступает анонимный звонок. Некто Саймон, как он попросил себя называть, просит начальника Нью-Йорской полиции, найти Джона Макклейна, с которым он будет говорить, иначе будут новые взрывы. Джон вернулся назад в Нью-Йорк, и у него сплошная чёрная полоса. Его жена Холли развелась с ним, с детьми он не может видеться, да и на работе у него не всё в порядке. Он не герой, а обычный детектив, часто выпивающий, просыпающийся с головной болью по утрам. Да и он не припомнит из своего прошлого никого с именем Саймон, чтобы иметь представление, с кем имеет дело полиция Нью-Йорка. Но Саймону на это плевать! Саймон будет говорить, Макклейн будет исполнять, и вовремя прибывать на место. Не правильно поймёт, будет &ndash; Бум. Не успеет на место, снова &ndash; Бум. Будет ли Джон в одиночку метаться по Нью-Йорку, во время неимоверно жаркого бабьего лета, в поисках правильных ответов на загадки Саймона, чтобы надрать надоедливому психу-террористу как положено зад?</p>', 1, 66, 1, 1, 1, 2, 1, 'images/2024-04-15/weC1TAOOhLO9Ta2QQHqTIkQ8Xj4S2Sy3yzlo6CLU.jpg', NULL, '2024-04-15 11:09:06'),
(122, 'Стелс', 'stels', 'Stealth', '121 хвилина (02:01)', 'Джессика Бил, Сэм Шепард, Ричард Роксбург, Джо Мортон, Йен Блисс, Эбон Мосс-Бакрак, Майкл Денкха', NULL, '<p>На військово-морську авіабазу доставлено штучний інтелект, який має навчитися у справжнього пілота управлінню бойовим літаком. У міру зростання бойової та політичної підготовленості, ІскІн набуває також деяких ідей, безумовно шкідливих для світу в усьому світі.</p>', 1, 76, 1, 1, 1, 4, 1, 'images/2024-04-15/jqsGcxyxJmOT2BaTO7KzQjqGFfjg1YPQyPzf3p6G.jpg', NULL, '2024-04-15 11:10:01'),
(123, 'Нестерпні боси', 'nesterpni-bosi', 'Horrible Bosses', '98 хвилин (01:38)', 'Кевин Спейси, П.Дж. Бирн, Стив Виб, Линдси Слоун, , Селия Финкельштейн, Мишель Албала, Реджинальд Баллард, Джордж Бэк', NULL, '<p>Три головні герої &mdash; нормальні хлопці та славетні трудівники. Але їхні посадові обов\'язки давно виходять за межі, і все добре, якби не їхні шкідливі начальники, які не дають спокою і весь час чимось незадоволені. Причому якщо одному загрожує шеф-тиран і зануда, а другому страшенно некомпетентний син колишнього шефа, то третьому приятелеві вони можуть позаздрити - його лише домагається його начальниця-лікар. Коли такі &laquo;капризи&raquo; починають вторгатися в особисте життя і ставлять під загрозу особисте щастя, а шефи всерйоз загрожують звільненням, товариші замислюються: чи не позбутися настирливих, нестерпних босів? Найняти якогось майстра мокрих справ...</p>', 1, 82, 1, 3, 1, 2, 1, 'images/2024-04-15/O0DuO3irT7J01Wush1xHjDtCNzrQDoGhyvqkmSiX.jpg', NULL, '2024-04-15 11:10:58'),
(124, 'Нестерпні боси 2', 'nesterpni-bosi-2', 'Horrible Bosses 2', '108 хвилин (01:48)', 'Кевин Спейси, Джонатан Бэнкс, Линдсей Слоун, Кигэн-Майкл Ки, Келли Стейблз, Джерри Ламберт, Сэм Ричардсон, Брайан Хоуи', NULL, '<p>Курт, Нік і Дейл &mdash; найкращі друзі, яким вдалося помститися босам, які перевищують свої повноваження та заважають їм нормально працювати. Після цього хлопці вирішили самі стати начальниками та організувати свій власний бізнес. Вони всі чітко спланували, але стали жертвами шахрайства з боку інвестора, внаслідок якого втратили свої заощадження. Тепер у них не залишилося іншого вибору, як покарати людину, яка несправедливо поводилася з ними. Друзі розробляють план викрадення сина інвестора з метою отримання викупу та повернення контролю над своєю компанією. Чи вдасться в них досягти бажаного результату?</p>', 1, 85, 1, 1, 1, 2, 1, 'images/2024-04-15/2aI1JOkkJ43VV4eV6eEgQwgE5xK70mKp7MtGD1hT.jpg', NULL, '2024-04-15 11:11:56'),
(125, 'Обладунки Бога 2: Операція Кондор', 'obladunki-boga-2-operaciia-kondor', 'Armour of God II: Operation Condor', '106 хвилин (01:46)', 'Кэрол \'До До\' Чэн, Ева Кобо, Шоко Икеда, Альдо Самбрелл, Кен Гудман, Стиви Тарталия, Лин Персивал, Брюс Фонтейн, Уэйн Арчер, Брэндон Чарльз, Кен Ло, Питер Клименко, Кристиан Перрошо, Джонатан Ижгар', NULL, '<p>Азіатський Яструб повертається! Цього разу його чекає нова робота, через яку наш герой знову приїжджає до Мадрида. Якийсь загадковий мільйонер пропонує Яструбу зайнятися пошуками нацистських скарбів, які заховані в глибині африканської пустелі. Він передає ключ до скарбниці, погоджується фінансувати експедицію та відправляє з Яструбом супутницю &mdash; фахівця з Африки Аду. По-часу, свого перебування в Мадриді, Яструб знайомиться з німецькою дівчиною Ельзою, яка розшукує свого діда, який зник під час війни в Африці. Після низки пригод Ельза також приєднується до експедиції.</p>', 1, 62, 1, 1, 1, 4, 1, 'images/2024-04-15/Zivf8024LuqKyzjSxKBeFmoYXHuNonpht8iWD3D0.jpg', NULL, '2024-04-15 11:12:55'),
(126, 'Рекрут', 'rekrut', 'The Recruit', '115 хвилин (01:55)', 'Гэбриел Махт, Бриджет Мойнэхэн, Кеннет Митчелл, Майк Рилба, Рон Лиа, Карл Прюнер, Джини Колледжа, Дженни Ливайн, Анджело Царучас, Юджин Липински, Марк Эллис, Ричард Фицпатрик, Джон Уотсон', NULL, '<p>Джеймс Клейтон зовсім не мріяв про кар\'єру шпигуна. Але спокуса дізнатися правду про таємниче зникнення 1990 року свого батька &mdash; секретного агента, змушує його завербуватися до ЦРУ. Новий рекрут добре проходить один тест за іншим, але завдання стають все витонченішими. Звичайні події виявляються прихованою перевіркою, а наставник героя, запеклий розвідник Уолтер Берк все наполегливіше натякає: те, що відбувається насправді, може бути не тим, чим здається. Обстановка розжарюється з кожним днем, і одного разу Клейтон дізнається про причину цього: в Ленглі завівся &laquo;крот&raquo;, і саме йому належить вирахувати зрадника. Що це черговий тест? Чи жарти скінчилися, і на кону &mdash; національна безпека?</p>', 1, 74, 1, 1, 1, 2, 1, 'images/2024-04-15/vxYwSraP8Xpkbot8DL6Vh3lM3jQaWnXH84SzUXvD.jpg', NULL, '2024-04-15 11:13:56'),
(127, 'Аналізуючи це', 'analizuiuci-ce', 'Analyze This', '103 хвилини (01:43)', 'Лиза Кудроу, Ричард Кастеллано, Молли Шеннон, Чазз Пальминтери, Лео Росси, Ребекка Шалл, Джо Витерелли, Тони Дэрроу, Билл Мэйси, Джимми Рэй Уикс, Элизабет Бракко', NULL, '<p>Пол Вітті &ndash; впливовий нью-йоркський мафіозі на межі нервового зриву. Всі гангстери в шоці: як допомогти своєму божеві чокнутому? Бен Соболь &ndash; звичайний психоаналітик. Він має всього кілька днів на те, щоб допомогти хрещеному батькові впоратися з депресією.</p>', 1, 70, 1, 1, 1, 2, 1, 'images/2024-04-15/aFURRk21boj9ojv2mMRYHhwESWn6FwOQRYA9V0bQ.jpg', NULL, '2024-04-15 11:14:59'),
(128, 'Аналізуючи те', 'analizuiuci-te', 'Analyze That', '96 хвилин (01:36)', 'Лиза Кудроу, Джо Витерелли, Кэти Мориарти, Джо Д`Онофрио, Энтони ЛаПалья, Джеймс Бибери, Калли Торн, Брайан Рогальски, Рег Роджерс, Томас Розалес мл., Майкл Стивер, Ребекка Шалл, Джон Финн', NULL, '<p>Мафіозі Пол Вітті (Де Ніро) повертається із в\'язниці. Він потребує серйозних рекомендацій, і просить допомоги свого психоаналітика доктора Бена Собела. Однак, він з подивом зауважує, що Собел сам потребує деякої серйозної допомоги, оскільки він успадкував сімейну практику, а разом з нею і надмірну нервову напругу.</p>', 1, 73, 1, 1, 1, 2, 1, 'images/2024-04-15/JYQLkkDn5To0XzPsJIgVTHcGUC5fENmgZ6f0lNWx.jpg', NULL, '2024-04-15 11:19:33'),
(129, 'К-9: Собача робота', 'k-9-sobaca-robota', 'K-9', '101 хвилина (01:41)', 'Мэл Харрис, Кевин Тай, Джеймс Хэнди, Эд О`Нил, Джерри Ли, Дэниэл Дэвис, Коттер Смит, Джон Снайдер, Прюитт Тейлор Винс, Шерман Ховард, Джефф Эллин, Дэвид Хэскелл, Алан Блюменфилд, Уильям Сэдлер', NULL, '<p>Кумедний поліцейський Майкл Дулі в біді: його намагається вбити відомий наркодилер за втручання в його бізнес. Друг поліцейського \"позичає\" йому вівчарку на прізвисько Джеррі Лі, спеціально натягнуту на запах наркотиків. За допомогою пса Дулі сподівається зловити злочинця і вивести його на чисту воду, але не так просто. У Джеррі Лі свій характер і він працює тільки коли душа забажає. До того ж собака бере активну участь у поломці машини Майкла, розгромі будинку та його особистому житті.</p>', 1, 60, 1, 1, 1, 4, 1, 'images/2024-04-15/Td1mLjfdIghVza8RJMS8CNLC9d8q55o5DP6oXsKR.jpg', NULL, '2024-04-15 11:19:58'),
(130, 'Остін Паверс: Міжнародний таємний агент', 'ostin-pavers-miznarodnii-tajemnii-agent', 'Austin Powers: International Man of Mystery', '94 хвилини (01:34)', 'Элизабет Хёрли, Майкл Йорк, Мими Роджерс, Роберт Вагнер, Сет Грин, Фабиана Уденио, Минди Стерлинг, Пол Диллон, Чарльз Нэпьер', NULL, '<p>Світ у небезпеці: великий та жахливий Лікар Зло загрожує запустити ядерну ракету, вимагаючи 100 мільярдів доларів! Але на кожного суперлиходія є свій супергерой. Через 30 років, проведених у кріогенній камері, неповторний Остін Пауерс, найкращий секретний агент Її Величності та улюбленець всіх жінок, розморожений і знову готовий до дій! Разом із напарницею, чарівною Ванессою, він легко обмине всі хитромудрі пастки, розставлені підступним супротивником, і врятує людство!</p>', 1, 68, 1, 3, 1, 2, 1, 'images/2024-04-15/CJgUmZRh0cxnunWQkGQyOFGaIrqMSWkGeOOsb84r.jpg', NULL, '2024-04-15 11:20:29'),
(131, 'Остін Паверс: Шпигун, який мене звабив', 'ostin-pavers-spigun-iakii-mene-zvabiv', 'Austin Powers: The Spy Who Shagged Me', '95 хвилин (01:35)', 'Элизабет Хёрли, Сет Грин, Хезер Грэм, Майкл Йорк, Роберт Вагнер, Роб Лоу, Мелинда Стерлинг, Верн Тройер, Гия Каридес, Оливер Мюрхэд, Джордж Чунг, Джеффри Менг, Мьюз Уотсон, Скотт Купер', NULL, '<p>Доктор Зло, що мріє про світове панування, вирушає назад у 60-ті, що свінгують, щоб викрасти &laquo;моджо&raquo; плейбою і суперагента Остіна Пауерса-талісман, що гарантує йому успіх у жінок. Смертельна сутичка неминуча. Остін кидається в погоню за своїм ворогом, щоб разом із спокусливою помічницею Феліцією Трахвелл врятувати світ, повернути свою гіперсексуальність і встигнути додому якраз до чаю.</p>', 1, 70, 1, 3, 1, 2, 1, 'images/2024-04-15/W0r0lFQf8eMZ8z6yt0aknWSQOvUbfuu1uMIGCotF.jpg', NULL, '2024-04-15 11:26:32'),
(132, 'Знайомство з батьками', 'znaiomstvo-z-batkami', 'Meet the Parents', '108 хвилин (01:48)', 'Тери Поло, Блайт Дэннер, Николь ДеХафф, Джон Абрахамс, Джеймс Ребхорн, Том МакКарти, Филлис Джордж, Кали Роча, Берни Шериди, Джуда Фридлендер, Питер Бартлетт, Марк Хаммер', NULL, '<p>Власник чудового прізвища, санітар Грег Трахер, вирушає за місто, щоб познайомитись з батьками своєї дівчини Пем. Тут Грег збирається урочисто просити руки коханої. Але, на жаль, Грег - хлопець невдачливий, і будь-які добрі починання у його виконанні перетворюються на справжній жах. Нещасний Трахер і в найстрашнішому сні не припускав, які на нього чекають випробування. Справа в тому, що батько Пем, Джек Бернс - відставний співробітник ЦРУ, влаштовує приятелям дочки свою особливу та жорстку перевірку. Ця перевірка включає навіть спеціальний тест на детекторі брехні!</p>', 1, 71, 1, 3, 1, 4, 1, 'images/2024-04-15/fIAmxQlgvezxzU912KrBDRa2k6EjYUFNKQfO3sBi.jpg', NULL, '2024-04-15 11:27:29'),
(133, 'Знайомство з Факерами', 'znaiomstvo-z-fakerami', 'Meet the Fockers', '115 хвилин (01:55)', 'Блайт Дэннер, Тери Поло, Спенсер Пикрен, Брэдли Пикрен, Аланна Юбак, Рэй Сантьяго, Тим Блэйк Нельсон, Шелли Берман, Кали Роча, Дорри Бартон', NULL, '<p>Фільм &laquo;Знайомство з Факерами&raquo; - друга частина трилогії про взаємини між родичами новоутвореній сім\'ї Грега і Пем. Після того, як батько Пем зі скрипом, але все-таки прийняв медбрата як нареченого своєї дочки, настала пора їм відправитися в будинок батьків Грега і познайомитися з ними. Факери і Бернси надзвичайно різні за темпераментом люди. Люблячий контроль і розпорядок: Джек і його стримана дружина Діна жахаються від вільнодумства і відкритості Розалінди і Бернарда. Вони розмовляють на інтимні теми, постійно займаються сексом, радіють життю і не засуджують нікого навколо. Бернси дізнаються багато нового про свого майбутнього зятя, але Джеку здається цього мало, і він вирішує влаштувати допит з пристрастю і збір додаткової інформації. В цей час Діна переймається ідеями Розалінди. Їй бракує уваги чоловіка, а поради досвідченого сексолога здатні вплинути на покращення атмосфери в їхньому союзі. Зіткнення двох протилежностей неминуче призведе до проблем, але в дружній родині завжди знайдеться спосіб їх вирішення.</p>', 1, 75, 1, 3, 1, 4, 1, 'images/2024-04-15/QyJtvOwubqNNyJKaWi4cF0SuWk0dYXV7T9UWnTZn.jpg', NULL, '2024-04-15 11:28:27'),
(134, 'Ігри джентльменів / Замочити бабцю', 'igri-dzentlmeniv-zamociti-babciu', 'The Ladykillers', '104 хвилини (01:44)', 'Роберт Бэйкер, Грег Гранберг, Ирма П. Холл, Райан Херст, Джордж Уоллес, Джейсон Уивер, Ци Ма', NULL, '<p>Тихе південне містечко на березі Міссісіпі неподалік Нового Орлеана. Сонне провінційне життя, опухлий від неробства та постійного сну шериф, протяжні гудки буксирів, що транспортують річкою величезні баржі зі сміттям. Марва Мансон (Ірма Холл) &ndash; поважна літня афроамериканка, чиє життя перебуває у повній згоді зі стилем існування цього містечка. Містер Мансон покинув цей світ уже досить давно, і місіс Мансон коротає свій вік у чудовому будинку з видом на річку в компанії з котом Марципаном та портретом містера Мансона. Шановна місіс здає одну з кімнат свого будинку і навіть має можливість займатися благодійністю: раз на місяць вона виписує чек на п\'ять доларів Університету Боба Джонса.</p>', 1, 75, 1, 1, 1, 2, 1, 'images/2024-04-15/LI8vffvCMTw9iOCOMcQJm5hu0MA0YogD8heaEdk8.jpg', NULL, '2024-04-15 11:29:26'),
(135, 'Пережити Різдво', 'pereziti-rizdvo', 'Surviving Christmas', '91 хвилина (01:31)', 'Кэтрин О`Хара, Кристина Эпплгейт, Джеймс Гандольфини, Джош Цуккерман, Билл Мэйси, Дженнифер Моррисон, Удо Кир, Дэвид Селби, Стефани Фэраси, Стивен Рут, Сай Ричардсон, Тэнджи Эмброуз, Джон \'Б.Дж.\' Брайант, Питер Джейсон', NULL, '<p>Завмерло рутинне життя багатія Дрю Летама приводить його на Різдво в приміський будинок свого дитинства. І навіть той факт, що будинок тепер заселений іншими людьми, не може зіпсувати Дрю настрій. За солідну винагороду він пропонує родині Валко на якийсь час стати його рідною, і сам мріє відзначити свято в їхньому колі. Ось тільки гроші кружляють голову далеко не всім його новим родичам, та й самі Валко, здається, є рідкісною сімейкою психопатів&hellip;</p>', 1, 75, 1, 1, 1, 2, 1, 'images/2024-04-15/CoF1Q0LoSNgdBrET6rySjOJ2Da7EdBtfQJjM1kqL.jpg', NULL, '2024-04-15 11:30:27'),
(136, 'Поліцейський з Беверлі Хіллз 3', 'policeiskii-z-beverli-xillz-3', 'Beverly Hills Cop III', '104 хвилини (01:44)', 'Джадж Райнхолд, Гектор Элизондо, Джон Сэксон, Тереза Рэндл, Бронсон Пинчот, Тимоти Кархарт, Стивен МакХэтти, Алан Янг, Эл Грин, Гилберт Р. Хилл, Юджин Колльер, Усон Илам, Рэй Лайкинс, Линдси Гинтер', NULL, '<p>Після перерви у сім років поліцейський із Детройта Аксель Фоулі знову змушений побувати у своїх друзів у Беверлі-Хіллз. Його наводять туди пошуки вбивці коханого шефа. В результаті парк атракціонів &laquo;Світ чудес&raquo;, де бандити в моторошному підпіллі друкували фальшиві долари, став ареною бойових дій, а наш герой помстився вбивцям, прославився та познайомився із чарівною працівницею парку.</p>', 1, 65, 1, 1, 1, 2, 1, 'images/2024-04-15/cQTuqBC9IkB2AGWLNtPTRlGOdzwyn2xGWHinQaxF.jpg', NULL, '2024-04-15 11:31:30'),
(137, 'Траса 60: Дорожні пригоди', 'trasa-60-dorozni-prigodi', 'Interstate 60: Episodes of the Road', '116 хвилин (01:56)', 'Гэри Олдман, Эми Смарт, Пол Брогрен, Уэйн Робсон, Мэттью Эдисон, Мелисса Эд, Джон Буржуа, Роз Майклс, Джонатан Уитэйкер, Марк Лутс, Криста Лиз, Майкл Роудс', NULL, '<p>У легендах та міфах є персонажі, головне завдання яких &ndash; виконувати бажання. У арабів &mdash; це джини, у ірландців &mdash; лепрекони, у китайців &mdash; дракони, у європейців &mdash; феї та лісові парфуми. А в Америці є хтось О. Ж. Грант - досить дивна і забавна людина, яка теж може виконати будь-яке Ваше бажання. Але будьте обережні &ndash; він дуже пустотливий! Ось його й зустрічає одного разу Нейл Олівер. Нейл цілком задоволений своїм життям: у нього забезпечені батьки, симпатична наречена та попереду блискуча кар\'єра юриста. Але з недавніх пір ночами йому почала снитися загадкова дівчина, яку він ніяк не може викинути з голови. Дивакуватий Грант запрошує Нейла здійснити поїздку таємничою автострадою 60, якої немає на жодній картіСША. І Нейл кидає все і пускається в саму неймовірну і ризиковану подорож у своєму житті, вирішивши будь-що-будь розшукати незнайомку зі своїх снів.</p>', 1, 73, 1, 1, 1, 2, 1, 'images/2024-04-15/YMZM9EKY2GtMnHfTzZ2Dny9XdPravev2InAdffMO.jpg', NULL, '2024-04-15 11:32:34'),
(138, 'Смертельна зброя', 'smertelna-zbroia', 'Lethal Weapon', '110 хвилин (01:50)', 'Гэри Бьюзи, Митч Райан, Том Эткинс, Дарлен Лав, Трэйси Вульф, Джеки Суонсон, Дэймон Хайнс, Эбони Смит', NULL, '<p>Чарівність цього вічного пригодницького сюжету про пару поліцейських &mdash; у чудовій грі Гібсона та Гловера. Перший &mdash; трохи чокнутий сміливець Ріггз, якому через його легендарне в\'єтнамське минуле і не менш легендарне сьогодення дали шанобливу кличку &laquo;смертельну зброю&raquo;. Його чорношкірий напарник Мертаф &mdash; людина куди більш земна, обтяжена сім\'єю та забобонами.</p>', 1, 58, 1, 1, 1, 2, 1, 'images/2024-04-15/4T9q3ZUasYc4GGwOkRi165YPaLfAHCyezs4aLGtC.jpg', NULL, '2024-04-15 11:33:39'),
(139, 'Смертельна зброя 2', 'smertelna-zbroia-2', 'Lethal Weapon 2', '114 хвилин (01:54)', 'Джосс Экленд, Деррик О`Коннор, Пэтси Кенсит, Дарлен Лав, Трэйси Вульф, Стив Кэхэн, Марк Ролстон', NULL, '<p>Мертаф все ще сімейна людина. Ріггз все ще безшабашний холостяк, але тепер він прораховує шанси, перш ніж влізти у безвихідь. Нашим героям цього разу протистоять погані хлопці з Південної Африки, дипломати, які займаються контрабандою наркотиків. Фільм виграє не тільки від соковитого гумору та чарівності дуету Гібсон-Гловер, а й від появи нового персонажа &mdash; бухгалтера, який відмивав гроші для наркоторговців, який прокрався і попросив захисту у поліції. Петсі Кенсіт вносить приємну сексуальність у ролі секретарки південноафриканців. Між нею та Гібсоном зав\'язується пристрасний роман. Решта начинки з трюків, погонь, вибухів і перестрілок залишається на належній висоті.</p>', 1, 60, 1, 1, 1, 2, 1, 'images/2024-04-15/YeF8R2JmDUqyHB0FBHDkcZmu2eqLzjehX9tKUyRq.jpg', NULL, '2024-04-15 11:34:46'),
(140, 'Смертельна зброя 3', 'smertelna-zbroia-3', 'Lethal Weapon 3', '118 хвилин (01:58)', 'Рене Руссо, Стюарт Уилсон, Стив Кэхэн, Дарлин Лав, Трэйси Вульф, Дэймон Хайнс, Эбони Смит, Ник Чинланд, Алан Скарф, Делорес Холл, Мэри Эллен Трейнор, Марк Пеллегрино', NULL, '<p>Третій фільм про безстрашний поліцейський Ріггс. Цього разу Мартін та його напарник Роджер стикаються з гангстерами, які викрадають зброю зі складу поліції. Злочинну групу, за якою тягнеться довгий кривавий слід, очолює колишній сержант Джек Тревіс. Знайти докази проти &laquo;брудного&raquo; поліцейського напарникам допомагає Лорна Коул &mdash; рішуча жінка-поліцейський, яка не зупиняється перед небезпекою і впевнено вступає в бій із супротивниками.</p>', 1, 63, 1, 1, 1, 2, 1, 'images/2024-04-15/AFS17MUqFbGVNwbL34xCZ2VtxfemgZPA4r4McoI9.jpg', NULL, '2024-04-15 11:35:54'),
(141, 'Смертельна зброя 4', 'smertelna-zbroia-4', 'Lethal Weapon 4', '127 хвилин (02:07)', 'Рене Руссо, Стив Кэхэн, Ким Чан, Дарлен Лав, Трэйси Вульф', NULL, '<p>Головний герой Ріггз чекає, як сподівається, сина від Лорни Коул, а Роджер &mdash; онука. Обидва вже відчувають вік, їм дали звання капітанів, але серця їх ще молоді і без пригод не можуть. У цьому 4-му фільмі їхні доріжки випадково перетнулися з китайськими мафіозі, що друкують фальшиві гроші. У фільмі є гумор, безліч перестрілок, бійок, погонь, запаморочливих трюків. Вибухають бензовози, машини, кораблі сідають на мілину, Джет Лі показує свою майстерність у східних єдиноборствах.</p>', 1, 69, 1, 1, 1, 2, 1, 'images/2024-04-15/zaYTPLynWncfYwKqDEUNhs1myVP38YO5f2B6i626.jpg', NULL, '2024-04-15 11:36:51'),
(142, 'Початок часів', 'pocatok-casiv', 'Year One', '99 хв (01:39)', 'Оливия Уайлд, Джуно Темпл, Оливер Плэтт, Хэнк Азария, Джун Рафаэль', NULL, '<p>Зет і Ох - два одноплемінники. Коли Зет порушує правило і зриває плід із Древа пізнання, він виганяється з племені. Вірний Ох йде з другом, і вони знаходять двох красунь, плем\'я яких поневолено. Любов дівчат можна заслужити хоробрістю під час визволення племені. Зет і Ох починають боротьбу, під час якої їм зустрічаються багато біблійних героїв.</p>', 1, 80, 1, 1, 1, 2, 5, 'images/2024-04-15/riCYXDdYpLWbdZDYMerCcQqEPObDW78IXoI9U0QU.jpg', NULL, '2024-04-15 11:37:49'),
(143, 'Осліплений бажанням', 'osliplenii-bazanniam', 'Bedazzled', '93 хвилини (01:33)', 'Элизабет Хёрли, Фрэнсис О`Коннор, Мириам Шор, Орландо Джонс, Пол Адельштейн, Тоби Хасс, Гэбриел Коссес, Брайан Дойл-Мюррей, Джефф Дусетте, Аарон Лустиг, Рудольф Мартин, Джулиан Фёрт, Бонни Соммервиль, Сэди Стрэттон', NULL, '<p>Він ще ніколи не був таким спокусливим. Цього разу він приймає образ розпусної красуні, що змушує будь-якого чоловіка кинутися в обійми безумства. Невдаха-програміст - найкращий об\'єкт для вербування. Об\'єкт продажу &ndash; безсмертна душа. Ціна &ndash; 7 бажань. Але в цьому житті безкоштовним буває лише сир у мишоловці, кожна медаль має дві сторони. Виконуючи будь-яке бажання продажної душі, він не дає насолодитися результатом. Миттєво життя програміста перетворюється на справжнє пекло.</p>', 1, 71, 1, 1, 1, 2, 1, 'images/2024-04-15/dGhj4lb12a0JGyMrORzBjT5DQtB572Xj8e0z3IqX.jpg', NULL, '2024-04-15 11:38:48');
INSERT INTO `films` (`id`, `title`, `slug`, `origin_title`, `duration`, `other_actor`, `note`, `description`, `category_id`, `year_id`, `season_id`, `rating_id`, `status_id`, `age_id`, `quality_id`, `thumbnail`, `created_at`, `updated_at`) VALUES
(144, 'Однокласники', 'odnoklasniki', 'Grown Ups', '102 хвилини (01:42)', 'Сальма Хайек, Мария Белло, Майя Рудольф, Джойс Ван Паттен, Эбони Джо-Энн, Ди Квон, Колин Куинн, Тим Медоуз, Мэдисон Райли', NULL, '<p>Не всім до вподоби бути дорослим. Ось і п\'ятьом нерозлучним друзям-однокласникам набагато комфортніше разом. Щоб знову поринути у кругообіг хлоп\'ячих проказ, вони зустрічаються через тридцятирічний перерву після завершення навчання. На них чекають нові несподівані пригоди та маса безглуздих ситуацій у фільмі &laquo;Однокласники&raquo; (Grown Ups). Одне те, що фільм &laquo;Однокласники&raquo; знято за участю комедійного актора Адама Сендлера, і сценарій написаний ним же, говорить про те, що чудовий настрій під час перегляду гарантований.</p>', 1, 81, 1, 1, 1, 4, 1, 'images/2024-04-15/qwIA9i6Se654UbBoRM6I69CcgKE26kQtHGpPdxd2.jpg', NULL, '2024-04-15 11:39:49'),
(145, 'Клік: З пультом по життю', 'klik-z-pultom-po-zittiu', 'Click', '107 хвилин (01:47)', 'Кристофер Уокен, Кейт Бекинсейл, Генри Уинклер, Джули Кавнер, Шон Остин, Джозеф Кэстэнтон, Джейк Хоффман', NULL, '<p>Життя архітектора Майкла Ньюмана зайшло в глухий кут. Він завалений роботою, падає з ніг від утоми і зовсім не має часу на дружину та дітей. Герой вже майже змирився з таким безпросвітним існуванням, як раптом зустріч із диваком винахідником Морті радикально змінює його долю. Той вручає Ньюману пульт дистанційного керування &ndash; тільки не телевізором, а&hellip; життям! Відтепер Майкл може робити з нею все: перемотувати вперед-назад, ставити на паузу та уповільнене відтворення, вирубувати звук, налаштовувати колір. Ну, тепер він візьме долю у власні руки і знайде втрачені в битві з рутиною ключі від щастя! Однак радість героя виявляється передчасною: чарівна техніка виявляється з норовом і часом веде себе не так, як припускав господар!</p>', 1, 77, 1, 1, 1, 4, 1, 'images/2024-04-15/hvUFvN3O8bYgZl3jLp0LgMV7ZZGq7T8he5Pzv2JJ.jpg', NULL, '2024-04-15 11:40:52'),
(146, 'Боєць', 'bojec', 'The Fighter', '116 хвилин (01:56)', 'Эми Адамс, Мелисса Лео, Микки О\'Киф, Джек МакГи, Мелисса МакМикин, Бьянка Хантер, Эрика МакДермотт, Джилл Квигг, Дендри Тейлор, О’Брайэн Кейт Би, Дженна Ламия, Фрэнк Рензулли, Пол Кэмпбелл', NULL, '<p>Неймовірна, але реальна історія шляху до звання чемпіона світу боксера Міккі Уорда на прізвисько &laquo;Ірландець&raquo;. Сходження Уорда було схоже на сходження легендарного Роккі. Хлопець із народу, між боями він працював на дорожніх роботах. Переживши низку невдач і поразок, Міккі зумів знову повернутися на ринг, коли його тренером став зведений брат Діккі Еклунд, колишній боксер, кар\'єра якого обірвалася через пристрасть до кокаїну. Допомога брата, любов офіціантки Шарлін, турбота матері та незламна воля до перемоги дозволили Уорду зійти на світовий п\'єдестал.</p>', 1, 81, 1, 1, 1, 2, 3, 'images/2024-04-15/ZUAQ7NPkquLXT08PF2mrctZnJlB02Vn980KpHR9Q.jpg', NULL, '2024-04-15 11:41:55'),
(147, 'Не займайте Зохана / Не жартуйте з Зоханом', 'ne-zaimaite-zoxana-ne-zartuite-z-zoxanom', 'You Don\'t Mess With the Zohan', '113 хвилин (01:53)', 'Джон Туртурро, Эммануэль Шрики, Ник Свардсон, Лэйни Казан, Идо Моссери, Дэйв Мэтьюз, Майкл Баффер, Шарлотта Рэй, Саид Бадрия, Дауд Хейдами, Кевин Нилон, Роберт Шмигель, Дина Дорон', NULL, '<p>Зохан - ізраїльський коммандос, агент Моссада і антитерорист - під час захоплення відомого світового злочинця інсценує власну загибель, щоб зав\'язати з героїчним минулим і здійснити свою давню мрію: стати стилістом у Нью-Йорку. Озброївшись ножицями та бажаним керівництвом, він вирішує розпочати свою кар\'єру у невеликому салоні. Слава про підвищену увагу до деталей та надання особливого сервісу швидко поширюється серед представниць прекрасної статі, і бажаючих опинитися в його кріслі стає хоч греблю гати. Але раптово його дізнаються і над романтично налаштованим Зоханам нависає загроза втратити не тільки вподобану кар\'єру, але цього разу і власне життя.</p>', 1, 79, 1, 1, 1, 2, 1, 'images/2024-04-15/y6bzuqX8Z2phxKebxi0tuDYRMcuPMCkxuTn1hcLt.jpg', NULL, '2024-04-15 11:43:01'),
(148, 'Карти, гроші і два стволи', 'karti-grosi-i-dva-stvoli', 'Lock, Stock and Two Smoking Barrels', '107 хвилин (01:47)', 'Стинг, Ник Моран, Декстер Флетчер, Ленни МакЛин, П.Х. Мориарти, Вэс Блэквуд, Фрэнк Харпер, Стивен Макинтош, Николас Роу, Ник Марк, Чарльз Форбс, Питер МакНиколл', NULL, '<p>Четверо молодих хлопців накопичили кожен по 25 тисяч фунтів, щоб один з них міг зіграти в карти з досвідченим шулером і запеклим злочинцем, відомим на прізвисько Гаррі-Сокира. Хлопець зрештою програв 500 тисяч, на сплату боргу йому дали тиждень. В іншому випадку і йому та його &laquo;спонсорам&raquo; щодня відрубуватимуть на пальці, а потім... Щоб вийти зі становища, хлопці вирішили пограбувати бандитів, які вирішили пограбувати трьох &laquo;ботаніків&raquo;, які вирощують марихуану для місцевого наркобарона. Але на цьому пригоди четвірки не закінчуються...</p>', 1, 69, 1, 1, 1, 1, 1, 'images/2024-04-15/2gZlD4f6B37FzKfBEGYnFZAPx2tTHis23Z6Gs1c7.jpg', NULL, '2024-04-15 11:44:08'),
(149, 'Нестримні 3', 'nestrimni-3', 'The Expendables 3', '126 хвилин (02:06)', 'Терри Крюс, Рэнди Кутюр, Ронда Раузи, Келлан Латс, Сарай Гивати, Роберт Дави', NULL, '<p>Барні, Крістмас та інші члени команди сходяться віч-на-віч з Конрадом Стоунбенксом, який багато років тому заснував разом з Барні команду &laquo;Нестримних&raquo;. Згодом Стоунбенкс стає безжальним торговцем зброєю і тим самим перетворюється на людину, яку Барні було доручено вбити. Або принаймні він сам так вважав. Тепер Стоунбенкс, який один раз уже зумів обдурити смерть, поставив собі за мету покінчити з &laquo;Нестримними&raquo; &mdash; але у Барні з цього приводу свої плани. Барні вирішує, що в його боротьбі &laquo;свіжий&raquo; підхід можна протиставити старим методам, і поповнює ряди людьми, які молодші, швидкі та технічно більш підковані. Так, у членів команди &laquo;Нестримних&raquo; починається нова ера. Остання місія перетворюється на зіткнення між представниками класичної старої школи та експертами у високих технологіях.</p>', 1, 85, 1, 3, 1, 4, 1, 'images/2024-04-15/HUAzcVKnfN4Onjqe0Kk1ufqBw37rwWva4OFb5FJZ.jpg', NULL, '2024-04-15 11:45:16'),
(150, 'Ніч у Роксбері', 'nic-u-roksberi', 'A Night at the Roxbury', '82 хвилини (01:22)', 'Рэкуэл Гарднер, Вивека Полин, Полетт Брэкстон, Майкл М. Хортон, Дженнифер Кулидж, Майкл Кларк Дункан, Ричард Грико, Лони Андерсон, Дэн Хедайя, Джина Мари, Молли Шеннон, Локлин Манро, Кристен Далтон', NULL, '<p>Вони носять чарівні костюми та золоті ланцюги. У них модні зачіски та стильні бакенбарди. Їхнє середовище &mdash; нічні клуби. Стимул їхнього життя &mdash; красиві жінки. Їхня найзаповітніша мрія &mdash; потрапити до престижного та недоступного клубу &laquo;Роксбері&raquo;... Комедія Джона Фортенберрі знята за мотивами скетчів &laquo;The Roxbury Guys&raquo; із програми &laquo;Saturday Night Live&raquo;.</p>', 1, 69, 1, 1, 1, 2, 1, 'images/2024-04-15/GdzYDH2h3nUC5js6r9CPSTR38YSG2PW74fivYeSA.jpg', NULL, '2024-04-15 11:46:25'),
(151, 'Лемоні Снікет: Тридцять три нещастя', 'lemoni-sniket-tridciat-tri-neshhastia', 'Lemony Snicket\'s A Series of Unfortunate Events', '108 хвилин (01:48)', 'Мэрил Стрип, Кэтрин О`Хара, Эмили Браунинг, Лиам Эйкен, Кара Хоффман, Шелби Хоффман, Тимоти Сполл, Билли Коннолли', NULL, '<p>Сценарій фільму заснований на перших трьох романах книжкової серії \"Серія невдалих подій\": \"Поганий початок\" (1999), \"Кімната з рептиліями\" (1999) та \"Широке вікно\" (2000) Лемоні Снікет (псевдонім американського письменника Денієла Хендлер). Одного поганого похмурого дня на юних Бодлерів - Вайолет, Клауса та їх маленьку сестричку Сонечко - обвалилися нещастя. Страшна пожежа позбавила їх удома та люблячих батьків. У житті сиріт з\'явився опікун граф Олаф, який, як виявилося, зовсім не граф, а злий геній, актор і майстер переодягань, який прагне заволодіти спадщиною нещасних дітей.</p>', 1, 75, 1, 1, 1, 4, 1, 'images/2024-04-15/RzyUHHGdSVL2xuNXO2WLSjeCg1q2jt5eQOEEbwjJ.jpg', NULL, '2024-04-15 11:47:23'),
(152, 'Форсаж 4', 'forsaz-4', 'Fast & Furious', '106 хвилин (01:46)', 'Мішель Родріґес, Галь Гадот, Джордана Брюстер, Джон Ортис, Лаз Алонсо, Джек Конли, Ши Уигхэм, Лиза Лапира, Сон Кан, Тего Калдерон, Мирта Мишель, Грег Сайпс, Рон Йуан', NULL, '<p>Коли крива доріжка змушує будинку Торетто, що ховається від правосуддя, повернутися в Лос-Анджелес, ворожнеча з агентом Браяном О&rsquo;Коннером спалахує з новою силою. Але в парочки виявляється спільний противник, і Дому з Браяном доводиться укласти перемир\'я з надією здобути над ним перемогу. Грабуючи конвої, риючи підкопи і перетинаючи кордони, вони приходять до ідеальної форми помсти &mdash; педалі газу, втиснутої до упору.</p>', 1, 80, 1, 1, 1, 2, 1, 'images/2024-04-15/WIgRGSr9VjKcErMbuFDo2Itlye2xdXGm99wRhoJq.jpg', NULL, '2024-04-15 11:48:23'),
(153, 'Не відступати і не здаватися', 'ne-vidstupati-i-ne-zdavatisia', 'No Retreat, No Surrender', '85 хвилин (01:25)', 'Курт МакКинни, Дж.В. У., Кэти Сайлено, Таи Чунг Ким, Кент Липэм, Рон Понел, Дэйл Джейкоби, Питер Каннингэм, Тимоти Д. Бэйкер, Глория Марзиано, Джо Вэнс, Фарид Панахи, Том Харрис, Джон Эндес', NULL, '<p>Хлопець, який вивчає східні єдиноборства і мріє стати чемпіоном, безстрашно вступає в боротьбу з карними злочинцями та шпаною і заробляє спершу лише синці та глузування оточуючих. Але в нагороду за виявлену силу духу, наполегливість і наполегливу роботу на тренуваннях до сьомого поту, йому починає опікуватися і навчати його всім секретам майстерності дух самого Брюса Лі. І, поборовшись у великому турнірі з грізним російським противником, молодий американський кікбоксер сенсаційно, попри очікування глядачів та прогнози фахівців, перемагає.</p>', 1, 57, 1, 1, 1, 4, 3, 'images/2024-04-15/vYxsIOdn2ms6RjIzkSnwcXkGgWu4W4HBdqu0545t.webp', NULL, '2024-04-15 11:49:24'),
(154, 'Рятувальники Малібу', 'riatuvalniki-malibu', 'Baywatch', '116 хвилин (01:56)', 'Александра Даддарио, Приянка Чопра Джонас, Ильфенеш Хадера, Джон Басс, Хэннибал Бёресс, Роб Хюбель', NULL, '<p>Група пляжних рятувальників працює на узбережжі Тихого океану. Вони завжди знаходяться на своїй посаді та охороняють відпочиваючих від нещасних випадків на воді. Головний герой, досвідчений рятувальник Мітч Бьюкеннон, та його молодий колега Метт Броді випадково дізнаються, що їхній пляж перебуває під загрозою зникнення. Велика нафтова компанія збирається зруйнувати узбережжя, переслідуючи особисті інтереси керівництва, які міцно зав\'язані на фінансах.</p>', 1, 88, 1, 1, 1, 2, 1, 'images/2024-04-15/6vwEbBwkNSYHn4eZCcoQafASSKb5DipnQTBt8lO0.jpg', NULL, '2024-04-15 11:50:26'),
(155, 'Нічні ігри', 'nicni-igri', 'Game Night', '100 хвилин (01:40)', 'Рэйчел МакАдамс, Джесси Племонс, Кайл Чандлер, Шэрон Хорган, Билли Магнуссен, Ламорн Моррис, Кайли Банбери, Майкл С. Холл, Дэнни Хьюстон', NULL, '<p>Історія Макса та Енні, які разом з іншими парами щотижня влаштовують так звані &laquo;нічні ігри&raquo;. І ось одного разу харизматичний брат Макса Брукс організовує вечір з розгадування &laquo;вбивчого&raquo; квесту з &laquo;рядженими&raquo; головорізами та агентами ФБР. Виходить, викрадення Брукса того вечора - це розіграш... чи ні?</p>', 1, 89, 1, 1, 1, 2, 1, 'images/2024-04-15/D5Qpt61GWYUGnviZOUaRncfPco9Oj10eyLfmx6xx.jpg', NULL, '2024-04-15 11:51:30'),
(156, 'Волл-стріт', 'voll-strit', 'Wall Street', '126 хвилин (02:06)', 'Дэрил Ханна, Хэл Холбрук, Теренс Стэмп, Сол Рубинек, Уильям Дж. Найт, Тамара Тюни, Франклин Ковер, Чак Пфайфер, Джон К. МакГинли, Джеймс Карен, Лесли Лайлс, Фэйт Гир', NULL, '<p>Бад Фокс, молодий і гранично амбітний брокер, живе в серці світу, де все, що завгодно, має свою ціну, все можна купити і продати. Він має намір досягти вершин, стати кращим. Прагнучи отримати підтримку, він прагне знайомства зі старим хижаком Гордоном Гекко, і той відкриває йому таємниці майстерності. Швидкі гроші, розкішні жінки, всі задоволення світу в руках у Бада, а вируючі навколо фінансові потоки несуть ще більше грошей, більше розкоші, більше можливостей, більше спокус. Потрібно тільки наздогнати цей видобуток. Потрібно забути про все, крім головного закону: &laquo;Жадібність - це добре. Це працює!\"</p>', 1, 58, 1, 1, 1, 2, 1, 'images/2024-04-15/lCRDX3smEw752chO9fo015EWp0vj5lRJCmd7FT01.jpg', NULL, '2024-04-15 11:52:35'),
(157, 'Мисливці за привидами', 'mislivci-za-prividami', 'Ghostbusters', '105 хвилин (01:45)', 'Сигурни Уивер, Рик Моранис, Харольд Рэмис, Рик Моранис, Энни Поттс, Уильям Этертон, Эрни Хадсон, Дэвид Маргулис, Стивен Тэш, Дженнифер Раньон, Славица Йован', NULL, '<p>Наприкінці двадцятого століття виявляється, що в Нью-Йорку живуть не лише звичайні громадяни, а й... привиди. Багатомільйонне населення не може протистояти натиску надприродного. Зрештою, на шляху незліченних монстрів не залишається нікого &mdash; крім трьох вчених &mdash; парапсихологів, яким відомо все про потойбіччя, правда тільки в теорії. І тепер їм доведеться залишити запорошені кабінети і застосувати свої знання на практиці.</p>', 1, 55, 1, 1, 1, 13, 1, 'images/2024-04-15/gCGIpfhq5xT26kQHfMrwDs6FenSCDWOIGiz0SdXm.webp', NULL, '2024-04-15 11:59:35'),
(158, '13-й район', '13-i-raion', 'District B13 / Banlieue 13', '84 хвилини (01:24)', 'Тони Д`Амарио, Биби Насери, Дэни Вериссимо, Франсуа Шатто, Николас Войрион, Патрик Оливер, Самир Гесми, Жером Гаднер', NULL, '<p>2013 рік, Париж, через розгул злочинності деякі особливо небезпечні райони французької столиці перетворені на закриті зони та відгороджені від благополучних кварталів бетонною стіною. За нею вирує зовсім інше життя: тут процвітає торгівля наркотиками та зброєю, тут навіть діти не виходять з дому без зброї, тут давно не працюють школи та поліклініки, тут поліція не стоїть на варті закону, а лише захищає себе чи сама підтримує беззаконня. Ватажку однієї з банд вдається заволодіти нейтронною бомбою. Щоб знешкодити її, до 13-го району вирушає офіцер спецназу Дам\'єн. Проникати в небезпечні зони - його професія, проте цього разу йому потрібний провідник. Союзником Дам\'єна стає Літо, відчайдушний хлопець, сестра якого викрадена тим самим ватажком.</p>', 1, 75, 1, 1, 1, 2, 1, 'images/2024-04-15/zqtORAXYaYhAYQR7hKCgt2oo9jbTGhKdok49Oo7b.jpg', NULL, '2024-04-15 12:00:01'),
(159, 'Тренувальний день', 'trenuvalnii-den', 'Training Day', '122 хвилини (02:02)', 'Ева Мендес, Др. Дре, Скотт Гленн, Харрис Юлин, Рэймонд Дж. Бэрри, Клифф Кёртис, Мейси Грей, Шарлотта Айянна, Ник Чинланд, Джейм Гомес, Рэймонд Крус', NULL, '<p>У Лос-Анджелесі, вулиці якого наповнені торговцями наркотиками, ті, хто присягнув суспільству дотримуватися закону, порушують його на кожному кроці. Детектив поліції Алонзо Харріс, ветеран відділу боротьби з розповсюджувачами \"дурі\", користується вельми сумнівними, а часом і протизаконними методами, заради доброї мети очищення вулиць міста від злочинців. До Харріса приставляють новачка, який має 24 години спостерігати за роботою досвідченого копа з більш ніж десятирічним стажем і паралельно вчитися. Вперше в роботі молодий поліцейський стикається з етичними проблемами, які щодня доводиться вирішувати кожному служителю правопорядку: що важливіше - неухильне дотримання букви закону або результат, коли &laquo;злодій має сидіти у в\'язниці&raquo;.</p>', 1, 72, 1, 1, 1, 2, 1, 'images/2024-04-15/Y840HFJUbhOwIcDnjsNnPK7gbXgVGDTwcyE5lVq7.jpg', NULL, '2024-04-15 12:00:34'),
(160, 'Лічені секунди', 'liceni-sekundi', 'Split Second', '90 хвилин (01:30)', 'Нил Данкен, Ким Кэттролл, Элун Армстронг, Пит Постлетуэйт, Иан Дьюри, Майкл Дж.Поллард, Роберта Итон, Тони Стидмен, Стивен Хертли, Сара Стокбрайдж, Колин Скипинг, Кен Боунс, Дэйв Даффи, Стюарт Харвей-Уилсон', NULL, '<p>У 2008 році туманний Лондон, напівзатоплений Темзою після всесвітньої екологічної катастрофи, перетворився на надзвичайно брудну та похмуру подобу Венеції. По його вулицях течуть потоки каламутної води, з небес постійно хлюпає дощ, а в підземці водиться монстр-вбивця, що казна-звідки виник. Три роки тому він убив напарника детектива Харлі Стоуна, і тепер той носиться по темних закутках, одержимий помстою. Місто вражене загадковими, нелюдськими вбивствами. Щодня на вулицях знаходять трупи людей із розірваною грудною кліткою... Ніхто не вірить Стоуну, коли той стверджує, що поліція має справу не зі звичайним серійним убивцею, а із чудовиськом, справжнім виснаженням пекла. Але сліди зубів на роздертих тілах жертв змушують прислухатися до його слів. Потвора вистежує Стоуна, а Стоун вистежує монстра. Харлі отримує нового напарника, дивакуватого хлопця Діка Деркіна, який дуже скоро стає таким же одержимим мисливцем.</p>', 1, 63, 1, 1, 1, 2, 1, 'images/2024-04-15/xtySDLJT7HHukzbW786WQc7NlAkva0yfeflu69Sj.jpg', NULL, '2024-04-15 12:01:19'),
(161, 'Книга Ілая', 'kniga-ilaia', 'The Book of Eli', '118 хвилин (01:58)', 'Гэри Олдман, Мила Кунис, Рэй Стивенсон, Дженнифер Билз, Ивэн Джонс, Джо Пинг, Фрэнсис Де Ла Тур, Майкл Гэмбон, Том Уэйтс, Крис Браунинг, Ричард Цетрон, Латиф Кроудер, Кит Дэвис', NULL, '<p>Після всесвітньої катастрофи Америка перетворилася на випалену пустелю. Безкрайніми дорогами, що кишать бандами, що ворогують між собою за воду і їжу, мандрує мудрий Ілай. Якось він прибуває в похмурі краї, де колись була квітуча Каліфорнія, а тепер це справжнє пекло, де бешкетує тиран Карнегі.</p>', 1, 81, 1, 1, 1, 2, 1, 'images/2024-04-15/5Z6v2M1OnMaiNGLdfM9MXZqkw99VSz0NYOiZcOsG.jpg', NULL, '2024-04-15 12:03:18'),
(162, 'План втечі', 'plan-vteci', 'Escape Plan', '115 хвилин (01:55)', 'Джеймс Кэвизел, 50 Cent, Сэм Нилл, Фаран Таир, Эми Райан, Катрина Балф, Мэтт Джералд, Дэвид Джозеф Мартинес, Алек Рэйми, Кристиан Стоукс, Грэм Беккел', NULL, '<p>Один із найвидатніших світових фахівців із систем безпеки погоджується на останню ризикову операцію: втекти із суперсекретної високотехнологічної в\'язниці, яку називають &laquo;Гробницею&raquo;. Відданий Рей Бреслін змушений вдатися до допомоги напарника - ув\'язненого Еміля Ротмайєра, щоб розробити відчайдушний і практично нездійсненний план втечі із найзахищенішої в\'язниці у світі!</p>', 1, 84, 1, 1, 1, 2, 1, 'images/2024-04-15/XZgkRKXYmYE42nDKHck67ycw455pGsSW6eTJqJFs.jpg', NULL, '2024-04-15 12:04:19'),
(163, 'Напролом', 'naprolom', 'Lockout', '95 хвилин (01:35)', 'Петер Стормаре, Мэгги Грэйс, Винсент Риган, Джозеф Гилган, Ленни Джеймс, Джеки Идо, Тим Плестер, Энн-Соленн Хатте, Марк Танкерсли, Питер Хадсон, Ник Хардин, Дэн Савье, Дамиджан Оклопджич, Боян Перич', NULL, '<p>Орбітальна станція MS1 &mdash; найбільша космічна в\'язниця, де анабіоз містить тисячі небезпечних злочинців. Ходять чутки, що над зануреними у штучний сон в\'язнями проводяться протизаконні експерименти. З розслідуванням на станцію відправлено комісію на чолі з Емілі Уорнок, дочкою президентаСША. Несподівано ситуація виходить з-під контролю, і вся станція виявляється захоплена карними злочинцями. Спецагент Сноу, несправедливо звинувачений у державній зраді, отримує завдання проникнути у неприступну в\'язницю у Всесвіті та врятувати Емілі. Це його єдиний шанс повернути собі добре ім\'я та здобути свободу...</p>', 1, 83, 1, 1, 1, 2, 1, 'images/2024-04-15/LOPVvS1e9Db7wzdA7oVpO0esi0QcbQXduAuPX429.jpg', NULL, '2024-04-15 12:05:21'),
(164, 'Готель “Ґранд Будапешт”', 'gotel-grand-budapest', 'The Grand Budapest Hotel', '99 хвилин (01:39)', 'Рэйф Файнс, Джефф Голдблюм, Эдриан Броуди, Уиллем Дефо, Сирша Ронан, Тони Револори, Ф. Мюррэй Абрахам, Харви Кейтель', NULL, '<p>Фільм розповідає про захоплюючі пригоди легендарного консьєржа Густава та його юного друга, портьє Зеро Мустафи. Співробітники готелю стають свідками крадіжки та пошуків безцінних картин епохи Відродження, боротьби за величезний стан багатої сім\'ї та... драматичних змін у Європі між двома кровопролитними війнами XX століття.</p>', 1, 85, 1, 1, 1, 3, 1, 'images/2024-04-15/SyQL10DxqxCsaTMVV99ibUFZiA6Cr7YSbWxE8KrA.jpg', NULL, '2024-04-15 12:17:07'),
(165, 'Дитсадковий поліцейський', 'ditsadkovii-policeiskii', 'Kindergarten Cop', '111 хвилина (01:51)', 'Пенелопа Энн Миллер, Памела Рид, Линда Хант, Ричард Тайсон, Кэрролл Бэйкер, Кэти Мориарти, Джозеф Казинс, Кристиан Казинс, Парк Овералл, Джейн Брук, Ричард Портноу, Том Курландер, Аликс Коромзай, Бетти Лу Хенсон', NULL, '<p>Детектив Джон Кімбл, ветеран &laquo;брудних вулиць&raquo; Лос-Анджелеса, готовий впоратися з будь-ким. Але для того, щоб заманити в пастку хитрого злочинця, йому доводиться влаштуватися вихователем у дитячий садок. І ось коли він завойовує повагу малюків і любов прекрасної вчительки, він має боротися зі злочинцем.</p>', 1, 61, 1, 1, 1, 4, 1, 'images/2024-04-15/UOsZnV1w0YS8whFxkIbJmxahug2PPPNZtNszP3H5.jpg', NULL, '2024-04-15 12:18:13'),
(166, 'Примарний вершник / Примарний гонщик [Розширена версія]', 'primarnii-versnik-primarnii-gonshhik-rozsirena-versiia', 'Ghost Rider', '114 хвилин (01:54)', 'Питер Фонда, Ева Мендес, Уэс Бентли, Мэтт Лонг, Ракель Алесси, Бретт Каллен, Донал Лог, Тони Гоустхок, Хью Секстон, Маркус Джонс, Мэтт Норман, Кеннет Рэнсом', NULL, '<p>Як тільки на місто спускається ніч, в ущелинах вулиць лунає рев потужного мотора. Він сповіщає наближення Примарного Гонщика - демона помсти з палаючим черепом замість голови, що розсікає на пекло чорному мотоциклі. Колись давно він уклав угоду з Мефістофелем і тепер розплачується за гріхи, мріючи повернути своє людське обличчя, життя і любов.</p>', 1, 78, 1, 1, 1, 4, 1, 'images/2024-04-15/sFwkPGbG5Afm97pReldiapGtEPBgRV71jc7IpkPH.jpg', NULL, '2024-04-15 12:19:19'),
(167, 'Фортеця / Міцність', 'fortecia-micnist', 'Fortress', '95 хвилин (01:35)', 'Кертвуд Смит, Лорин Локлин, Клифтон Коллинз мл., Линкольн Килпэтрик, Джеффри Комбс, Том Таулз, Вернон Уэллс, Кэролин Пёрди-Гордон, Алан Зитнер', NULL, '<p>2017 рік. Життя на Землі стало важким і жорстоким. Природні ресурси закінчуються, а населення жахливо збільшилося. Результат всього цього &mdash; суворий режим та новий закон про те, що жінка може мати лише одну дитину. Після смерті первістка, Бреннік та його дружина Карен порушують закон і чекають на народження другої дитини. Їх укладають у Фортецю, найвитонченішу в\'язницю з максимальним ступенем захисту, з якої ще нікому не вдавалося вибратися. Підданий жахливим тортурам, Бренник вирішує бігти за всяку ціну.</p>', 1, 63, 1, 1, 1, 2, 1, 'images/2024-04-15/jtn3ITgdKyv3o0TdP2vBSn6sQ0lPDQqwQ7oJ8rLM.jpg', NULL, '2024-04-15 12:20:27'),
(168, 'Хранителі [Максимальна версія]', 'xraniteli-maksimalna-versiia', 'Watchmen', '212 хвилин (03:32)', 'Джеффри Дин Морган, Малин Акерман, Мэттью Гуд, Карла Гуджино, Билли Крадап, Джеки Эрл Хейли, Мэтт Фрюэр, Стивен МакХэтти, Лора Меннелл', NULL, '<p>На Землі живуть супергерої, але робити героїчні вчинки і навіть просто використати свою силу їм заборонено. Якщо ж це відбувається, то на героя відразу починається полювання. Один із колишніх супергероїв на ім\'я Роршах випадково дізнається, що його друга-супергероя вбили. Він уплутується в розслідування, проте навіть не знає, що це йому може принести...</p>', 1, 80, 1, 1, 1, 2, 1, 'images/2024-04-15/9512UrfF2LRMx4aDc0FvUEjNhPNmSLlTrfiTk09z.jpg', NULL, '2024-04-15 12:21:37'),
(169, 'Найпрудкіший Індіан', 'naiprudkisii-indian', 'The World\'s Fastest Indian', '127 хвилин (02:07)', 'Айэйн Ри, Тесса Митчелл, Аарон Мерфи, Тим Шэдболт, Энни Уиттл, Грег Джонсон, Энтони Старр, Кейт Салливан, Крэйг Холл, Крис Уильямс (II), Дайан Лэдд, Кристофер Лоуфорд, Брюс Гринвуд, Уильям Лаккинг', NULL, '<p>Історія легендарного новозеландця Берта Монро, який багато років витратив на вдосконалення та модифікацію свого мотоцикла марки \"1920 Indian Scout\". На ньому Берт Монро знівечив увесь світ і в результаті реалізував свою мрію: на знаменитих перегонах 1967 року, що проходили в соляній пустелі Бонневілль-Флетс в американському штаті Юта, він встановив світовий рекорд швидкості на відкритих просторах, який досі не побитий.</p>', 1, 76, 1, 1, 1, 4, 1, 'images/2024-04-15/XGn4NOvXrj3dOOD21zw8tSL7QuUmZ7tqKEtcXpXx.jpg', NULL, '2024-04-15 12:22:48'),
(170, 'Підривник', 'pidrivnik', 'Knock Off', '91 хвилина (01:31)', 'Лила Рошон, Пол Сорвино, Карман Ли, Уаймэн Вонг, Глен Чин, Майкл Вонг, Моусес Чан, Линн Лэнгдон', NULL, '<p>1997 рік.Гонконг &ndash; центр підробок. Російські терористи зі спецслужб задумали операцію з глобального шантажуСША. Увійшовши в змову з мафією, &laquo;гастролери&raquo; з Росії напхали мініатюрними дистанційними підривниками підроблені товари &mdash; іграшки та джинси, які мали потрапити до Штатів. Маркус Рей та його компаньйон Томмі Хендрік займалися постачанням товарів уСША і потрапили прямо до центру подій, коли взялися за розслідування про підроблені джинси, яке вивело їх на терористів.</p>', 1, 69, 1, 1, 1, 2, 1, 'images/2024-04-15/ShWsteQbPRstQ8BDth7wlSRuBFSTGvf263pqI2sl.jpg', NULL, '2024-04-15 12:24:00'),
(171, 'Останній найманець', 'ostannii-naimanec', 'The Last Mercenary/Le dernier mercenaire', '110 хвилин (01:50)', 'Альбан Иванов, Самир Декацца, Асса Силла, Джимо, Миу-Миу, Эрик Жюдор, Патрик Тимсит, Филипп Морье-Жено, Насим Си-Амед, Валери Каприски, Алексей Горбунов, Захар Шадрин, Майк Гасавей, Мишель Кремадес, Уидад Эльма, Фатса Буяхмед, Фабьен Ара, Билаль Эль Атреби, Исмаэль Си Саван, Дэвид Шарон', NULL, '<p>У центрі подій виявляється молодик, що не має нічого спільного з кримінальним світом, однак зараз його звинувачують у злочинній діяльності. Слідство вважає, що він причетний до створення терористичної організації. Уряд країни має намір дати юнакові довічний термін за те, чого насправді він не скоював. Виправити ситуацію, що склалася здатний тільки його батько. У молодості чоловік був професійним найманим вбивцею, а його ім\'я мало авторитет у кримінальному середовищі. Однак через підвищений інтерес до своєї персони головний герой кінострічки &laquo;Останній найманець&raquo; був змушений виїхати з країни, розірвавши всі зв\'язки з сином. Поточний стан справ змушує колишнього найманця повернутися до роботи і відстояти честь сім\'ї. Для здійснення наміченого плану йому доведеться протистояти численним членам мафіозного клану, які є жорстокими і не щадять нікого на своєму шляху. Чи вдасться батькові врятувати дитину від довічного терміну і залишитися в живих?</p>', 1, 92, 1, 1, 1, 10, 1, 'images/2024-04-15/YhQvv1knaUroyx90adVLzlfQ4ZkVjbn6eRX3wavG.jpg', NULL, '2024-04-15 12:34:33'),
(172, 'Мачо і ботан', 'maco-i-botan', '21 Jump Street', '110 хвилин (01:50)', 'Дэйв Франко, Бри Ларсон, Роб Риггл, ДеРэй Дэвис, Дакс Флэйм, Крис Парнелл, Элли Кемпер, Джейк Джонсон, Ник Офферман, Холли Робинсон Пит, Джонни Пембертон, Стэнли Вонг', NULL, '<p>Картина розповідає про двох хлопців, які з народження стояли по різні боки соціальних сходів. &laquo;Ботан&raquo; Шмідт (Джона Хілл) та качок-мачо Дженко (Чаннінг Татум) зі школи недолюблювали один одного, але навчання в поліцейській академії їх здружило. Після її закінчення герої кінокомедії &laquo;Мачо і ботан&raquo; починають працювати в департаменті секретної служби, де новоявленим копам дають відповідальне завдання &ndash; впровадитись до лав студентів коледжу, щоб, таким чином, розкрити злочин, що зріє в середовищі молоді.</p>', 1, 83, 1, 1, 1, 2, 1, 'images/2024-04-15/soo2SGHkFaa0wR1XrlCVuFEpwu2fxRFIVmFJk9Wn.jpg', NULL, '2024-04-15 12:35:35'),
(173, 'Влада вогню', 'vlada-vogniu', 'Reign of Fire', '101 хвилина (01:41)', 'Изабелла Скорупко, Скотт Моттер, Дэвид Кеннеди, Александр Сиддиг, Нед Деннехи, Рори Кинэн, Теренс Мэйнард, Даг Кокл, Рэндолл Карлтон, Крис Келли, Бен Торнтон, Элис Крайдж', NULL, '<p>Лондон у наші дні. Мати дванадцятирічного Куїна випадково пробуджує гігантського вогнедишного дракона від багатовікового сну. Через двадцять років. Більшість планети перебуває під владою чудовиська та її нащадків. Дракони дуже розумні, їм не подобається ділити з будь-ким планету. Будучи начальником пожежної охорони, Куін несе відповідальність за ту маленьку групу людей, яким вдалося вижити. Адже в той час, коли все небо залите вогнем пожежник &mdash; найголовніша людина на землі.</p>', 1, 73, 1, 1, 1, 4, 1, 'images/2024-04-15/M92EMRqDYQMjH9OCgW138DqMgXo8YOiZ4sKTfrKp.jpg', NULL, '2024-04-15 12:36:39'),
(174, 'Зірковий ескорт / Втеча з Вегаса', 'zirkovii-eskort-vteca-z-vegasa', 'Get Him to the Greek', '109 хвилин (01:49)', 'Роуз Бирн, Тайлер МакКинни, Зои Сэлмон, Ларс Ульрих, Марио Лопес, Пинк, Билли Буш, Курт Лодер, Кристина Агилера', NULL, '<p>Арон Грінберг отримав роботу, яку мріяв все життя. Але він ніяк не очікував, що його першим завданням буде привезти з Лондона до Лос-Анджелеса непокірну рок-зірку. Альдус Сноу &mdash; колишній кумир мільйонів, знаменитий рокер і чудовий музикант, який після тривалого піку збирається повернутись на велику сцену. Але його характер зіпсований алкоголем і розбещений грошима настільки, що будь-яка спідниця, що промайнула, може захопити його у вир зубодробних пригод, в яких втрачається саме поняття про час&hellip;</p>', 1, 81, 1, 1, 1, 1, 1, 'images/2024-04-15/cyLNC3H2s4sZcLnQJDzdMg0acAcQVC3jUNA65KpD.jpg', NULL, '2024-04-15 12:37:44'),
(175, 'Місто Гріхів', 'misto-grixiv', 'Sin City', '124 хвилини (02:04)', 'Джессика Альба, Девон Аоки, Алексис Бледел, Пауэрс Бут, Розарио Доусон, Джейсон Дуглас, Майкл Кларк Дункан, Томми Флэнеган, Карла Гуджино', NULL, '<p>Місто гріхів - це пекельна безодня злочинів. Один із його мешканців намагається знайти вбивцю своєї нареченої. Інший, фотограф, випадково вбиває поліцейського та намагається приховати свій злочин. Спустіться по глухому провулку міста, і ви знайдете ще дещо. У Місті гріхів поліцію корумповано і вулиці смертельно небезпечні.</p>', 1, 76, 1, 1, 1, 2, 1, 'images/2024-04-15/i9d1vVsheL3xFlplPe0ZoUZTA7GQi9ua3ZgaFm4T.jpg', NULL, '2024-04-15 12:38:50'),
(176, 'Механік', 'mexanik', 'The Mechanic', '93 хвилини (01:33)', 'Тони Голдуин, Джефф Чейз, Мини Анден, Джеймс Логан, Эдди Дж. Фернандез, Джошуа Бриджуотер, Джон МакКоннелл, Криста Кэмпбелл, Джоэль Дэвис, Марк Наттер, А. Брент Карлсон, Лара Грайс', NULL, '<p>Артур Бішоп - \"Механік\", високопрофесійний бездоганний кілер, який завжди працює за правилами - \"чисто\" і без слідів. Така робота вимагає повного самовладання та неупередженості, і у своїй справі йому немає рівних. Бішоп завжди працював один, але йому довелося стати наставником молодого та відчайдушного Стіва. Методичний професіонал та імпульсивний учень тепер на пару &laquo;усувають проблеми&raquo;, але рано чи пізно вони зійдуться у смертельній сутичці.</p>', 1, 82, 1, 1, 1, 2, 1, 'images/2024-04-15/j086vRu84wbPstE930f5muwpkXl0nRfTR2lgw3Vg.jpg', NULL, '2024-04-15 12:39:58'),
(177, 'Ворог держави', 'vorog-derzavi', 'Enemy of the State', '132 хвилини (02:12)', 'Джин Хэкмен, Гэбриел Бирн, Джон Войт, Лиза Боне, Реджина Кинг, Стюарт Уилсон, Лаура Кайот, Лорен Дин, Бэрри Пеппер, Иэн Харт, Джейк Бьюзи, Скотт Каан, Джейсон Ли, Джеймс ЛеГрос', NULL, '<p>Кожну мить свого життя людина на увазі, навіть коли вона впевнена, що її ніхто не бачить. До рук процвітаючого адвоката Роберта Діна потрапив страшний доказ, який викриває високопосадовця. Але секретна служба дізналася про це раніше за Роберта і негайно вжила заходів. У хід пішли найновіші технології: у сучасному світі не потрібно бути магом, щоб змінити людську долю &ndash; досить просто підійти до комп\'ютера. За лічені дні із законослухняного громадянина Дін перетворився на небезпечного злочинця, на якого було оголошено справжнє полювання. Коли адвокат знайде союзників і передасть їм таємничий доказ, полетять багато голови&hellip; якщо до цього він не втратить свій&hellip;</p>', 1, 69, 1, 1, 1, 2, 1, 'images/2024-04-15/cWQ832vhk753Aitk8b59jLHgvWKaQWLU7GtvKKX7.jpg', NULL, '2024-04-15 12:41:07'),
(178, 'Реальні Кабани', 'realni-kabani', 'Wild Hogs', '100 хвилин (01:40)', 'Тим Аллен, Рэй Лиотта, Мариса Томей, Уильям Х. Мэйси, Кевин Дюран, Стивен Тоболовски, Джилл Хеннесси, Доминик Джейнс, Тичина Арнольд, Джейсон Склар, Рэнди Склар, Дрю Сидора, Симфени', NULL, '<p>Четверо заможних друзів із заможного передмістя вирішують на якийсь час відволіктися від життєвих проблем і згадати колишні роздольні дні, коли всі четверо мріяли про байкерську свободу. Щотижневі зустрічі за келихом безалкогольного пива в місцевому мотоклубі вже набридли, і друзі вирішують рвонути в подорож через усі Штати, з півночі на південь, до самого Нью-Мексико. Залишається тільки закинути подалі набридлі мобільники, одягнути косухи, пов\'язати бандани, і назватись &laquo;Реальними кабанами&raquo; &mdash; справжніми шукачами пригод. А пригод буде чимало. Ночівля просто неба, купання в гарячому джерелі, розведення багаття за допомогою власного намету, близькі контакти третього ступеня з провінційним шерифом і зіткнення з купою непідробних, бородатих і нечесаних байкерів &mdash; зловісною бандою &laquo;Дель Фуегос&raquo; під проводом атамана. Пройти повз байкерів-домосідів забіяки з &laquo;Дель Фуегос&raquo; просто так не можуть, бо вони банда. Сутичка в найкращих традиціях класичних вестернів неминуча, і ще невідомо, що виявиться сильнішим &mdash; обвітрені кулаки байкерів-жителів півдня, або сила духу Реальних Кабанів&hellip;</p>', 1, 78, 1, 1, 1, 4, 1, 'images/2024-04-15/ddi4GppEeid29h13JF8pKeUeOHqXsqvkD9p9cxtl.jpg', NULL, '2024-04-15 12:42:18'),
(179, 'Білий полон', 'bilii-polon', 'Eight Below', '120 хвилин (02:00)', 'Брюс Гринвуд, Мун Бладгуд, Венди Крюсон, Джерард Планкет, Аугуст Шелленберг, Коннор Кристофер Левинс, Дункан Фрайзер, Белинда Мец, Дэн Зиски, Майкл Дэвид Симс, Дэниэл Бэйкон, Лаара Сэдик, Малкольм Стюарт', NULL, '<p>Фільм ґрунтується на реальних подіях. Антарктика Члени наукової експедиції у складі Джеррі Шеппарда, його найкращого друга Чарлі Купера та геолога Девіда Маклерена, зайняті пошуками метеорита, через надзвичайні обставини змушені залишити свою науково-дослідну базу в Антарктиці. А вісім розумних і відданих псів залишаються покинутими посеред крижаної пустелі. Їм доводиться стійко переносити найжорстокіші кліматичні умови та сподіватися на порятунок.</p>', 1, 77, 1, 1, 1, 4, 1, 'images/2024-04-15/iT2vpDQ33WPo0a6gYsbu853uLnrFegJ1fMnfIuY7.webp', NULL, '2024-04-15 12:43:31'),
(180, 'Щасливчик Люк', 'shhaslivcik-liuk', 'Lucky Luke', '92 хвилини (01:32)', 'Нэнси Морган, Роджер Миллер, Рон Кэри, Доминик Барто, Бо Грей, Фриц Сперберг, Арсенио Тринидад, Нил Саммерс, Марк Хардвик', NULL, '<p>Цей комедійний вестерн з елементами пародії створений на основі персонажів коміксів \"Щасливчик Люк\" Морріса та Косінні. Багатьом, напевно, ще пам\'ятні епізоди популярних мультфільмів про цей \"самотній ковбой\", що бореться з поганими братами Долтонами. Сценарій Лорі Хілл простий і традиційний: у містечко Дейзітаун (місто маргариток) приїжджає ковбой-супермен і наводить лад за допомогою свого четвероного друга (коня). Люк стає шерифом і всі щасливі. Але братам Долтонам це не \"подобається\". Підступні лиходії підговорили індіанців напасти на містечко, а мешканців налаштували проти нашого героя, щоб виставити його геть. Як Щасливчик Люк вирішує всі проблеми, ви та ваші діти із задоволенням подивляться самі.</p>', 1, 62, 1, 1, 1, 13, 3, 'images/2024-04-15/9skKvwZFAoqRet7KiypRoroaS1kRkzQrJKt588qn.jpg', NULL, '2024-04-15 12:44:44'),
(181, 'Бетмен: Початок', 'betmen-pocatok', 'Batman Begins', '140 хвилин (02:20)', 'Майкл Кейн, Киллиан Мёрфи, Гэри Олдман, Кэти Холмс, Том Уилкинсон, Кэн Ватанабэ, Марк Бун Джуниор, Лайнас Роуч, Ларри Холден, Джерард Мёрфи, Колин МакФарлэйн', NULL, '<p>Історія про походження легенди Брюса Уейна, юного спадкоємця величезного статку, що втратив своїх батьків. Залишивши рідний Готем, він вирушає у подорож світом. Численні перепони і поневіряння загартовують його характер, а мудрий наставник допомагає знову набути сенсу життя. Легендарний герой, захисник слабких і борець з несправедливістю перетворюється на очах. Повернувшись у Готем, Бетмен стає єдиною перепоною на шляху сил зла, готових вкинути місто в морок беззаконня.</p>', 1, 76, 1, 1, 1, 4, 1, 'images/2024-04-15/oamIVV5P2jz4C88hidHMjeXJcIlSTBpcq7sxSNgj.jpg', NULL, '2024-04-15 12:45:47'),
(182, 'Кілер-псих / Щасливий день', 'kiler-psix-shhaslivii-den', 'Lucky Day', '99 хвилин (01:39)', 'Нина Добрев, Элла Райан Куинн, Кле Беннетт, Клифтон Коллинз мл., Дэвид Хьюлетт, Надя Фарес, Томер Сислей', NULL, '<p>Першого ж дня після звільнення з в\'язниці зломщик сейфів Ред та його подруга стають мішенню кілера. Сіючи навколо себе хаос, кілер жартує з акцентом, що мститься за вбитого собаку. Не поспішаючи знищувати жертву, він явно веде свою гру, справжньою метою якої може бути зовсім не Ред.</p>', 1, 90, 1, 1, 1, 1, 1, 'images/2024-04-15/DUZ6ye6hEMZki4bycfj9wgOe4r20NUphNrUc1XVJ.jpg', NULL, '2024-04-15 12:46:50'),
(183, 'Капітан Гак / Капітан Крюк', 'kapitan-gak-kapitan-kriuk', 'Hook', '142 хвилини (02:22)', 'Джулия Робертс, Боб Хоскинс, Мэгги Смит, Кэролайн Гудолл, Чарли Корсмо, Эмбер Скотт, Лорел Кронин, Фил Коллинз, Артур Мэлет, Айзиа Робинсон, Данте Баско', NULL, '<p>Пітер Пен став дорослим і перестав бути Пітером Пеном. Тепер йому сорок років, у нього інше ім\'я, сім\'я та серйозна робота. Не залишилося й сліду від чудової дитини, яка колись уміла літати&hellip; Але старі вороги не забули хлопчика. Капітан із гострим сталевим гаком замість руки знову кидає виклик своєму супротивникові, викравши його дітей. Пітер вирушає за ним у чарівну країну, але щоб перемогти там, де живуть русалки, феї та однорукі пірати, йому доведеться знову навчитися літати. Екранізація за твором: Дж. М. Баррі.</p>', 1, 62, 1, 1, 1, 5, 1, 'images/2024-04-15/UlSfC2uB9EccuE0e1oB9bADME1tpvJqb2gH7PyP4.webp', NULL, '2024-04-15 12:47:55'),
(184, 'Кенгуру Джек', 'kenguru-dzek', 'Kangaroo Jack', '89 хвилин (01:29)', 'Майкл Шеннон, Кристофер Уокен, Эстелла Уоррен, Мартон Чокаш, Дайан Кэннон, Билл Хантер, Дэвид Нгумбуджарра, Марк Селлито, Дэмиен Фотиу, Кристофер Бэйкер, Райан Гибсон, Денис Робертс, Марио Ди Иенно', NULL, '<p>Він поклав гроші в кишеню куртки... а куртку вдяг на кенгуру... а кенгуру... втік! Попереду - найзахоплюючі перегони австралійськими преріями! Тиждень у Чарлі та його найкращого друга Луїса явно не задалася. Спочатку вони, сам того не бажаючи, підставили вітчима Чарлі, крутого боса мафії. Потім, коли їх послали до Австралії, щоб доставити конверт із кругленькою сумою, Луїс нарядив збитого машиною кенгуру у свою куртку. Хлопець сподівався зробити прикольну фотографію, а отримав головний біль - тварина встрибала в пустелю разом із курткою і тим самим конвертом, що лежав у кишені... Тепер вся надія тільки на місцевого зоолога Джессі, яка розуміється на тонкощах кенгуриної міграції...</p>', 1, 74, 1, 1, 1, 4, 1, 'images/2024-04-15/BxOQQc9I8BYHTLVzjr8zhLoG4fjH3dv2FgMa8Oo9.jpg', NULL, '2024-04-15 12:49:01'),
(185, 'Поле битви Земля: Сага 3000 року', 'pole-bitvi-zemlia-saga-3000-roku', 'Battlefield Earth: A Saga of the Year 3000', '118 хвилин (01:58)', 'Ричард Тайсон, Ким Коутс, Сабин Карсенти, Майкл Бирн, Кристиан Тессьер, Сильвен Ландри, Джон Топор, Кристофер Фриман, Шон Остин-Ольсен, Тим Пост, Эрл Пастко, Мишель Перрон', NULL, '<p>3000 рік. Вже десять століть Землею править жорстока раса прибульців. Поневоливши людей, гіганти Сайклоси перетворили завойовану планету на джерело сировини для свого далекого світу. Землі, що уникли смерті і рабства, первісними племенами розсіялися по горах і лісах. Але одного разу, отримавши доступ до зброї та технологій прибульців, вони піднімають повстання. Починається нова зіркова війна, в якій одна з цивілізацій приречена на знищення...</p>', 1, 71, 1, 1, 1, 4, 1, 'images/2024-04-15/w1s4NdIinLBea0S5IKWQI55nlo2q93iJr1nqUz6N.jpg', NULL, '2024-04-15 12:50:09'),
(186, 'Смертельні перегони', 'smertelni-peregoni', 'Death Race', '105 хвилин (01:45)', 'Джейсон Кларк, Джоан Аллен, Иэн МакШейн, Натали Мартинес, Макс Райан, Фредерик Колер, Джейкоб Варгас, Джастин Мэдер, Роберт ЛаСардо, Бенц Антуан, Дэнни Бланко, Кристиан Пол', NULL, '<p>Триразовий чемпіон-гонщик Дженсен Еймс посаджений у в\'язницю за вбивство, якого не робив. Замість того, щоб випустити його на волю, тюремники змушують його разом із найзапеклішими злочинцями брати участь у кривавому змаганні. Опинившись за кермом жахливого автомобіля, обладнаного автоматами, вогнеметами та гранатометами, ця відчайдушна людина зруйнує все на своєму шляху, щоб виграти найвидовищнішу гонку на виживання на Землі.</p>', 1, 79, 1, 1, 1, 1, 1, 'images/2024-04-15/ofO0OvLpgTIeMm1lrZNEzb95Y8kySZBleAHUdtao.jpg', NULL, '2024-04-15 12:51:19'),
(187, 'Великий куш', 'velikii-kus', 'Snatch', '104 хвилини (01:44)', 'Стивен Грэм, Алан Форд, Деннис Фарина, Раде Шербеджия, Майк Рейд, Робби Ги, Ленни Джеймс, Юэн Бремнер, Эд, Уильям Бек', NULL, '<p>Чотирьохпалий Френкі мав переправити крадений алмаз із Англії доСША своєму босу Еві. Але натомість герой потрапляє в епіцентр великих неприємностей. Зробивши ставку на підпільному боксерському поєдинку, Френкі потрапляє у кругообіг вельми небажаних подій. Навколо героя та його вантажу розгортається складна інтрига за участю безлічі колоритних персонажів лондонського дна &mdash; російського гангстера, трьох невдалих грабіжників, хитрого боксера та похмурого громили грізного мафіозі. Кожен норовить поодинці зірвати Великий Куш. А закінчується все несподіваним та дотепним фіналом.</p>', 1, 71, 1, 1, 1, 2, 1, 'images/2024-04-15/NUyI17LhGLWi24yG0lS1gQtAXc8QAIEdr1RqZxKH.jpg', NULL, '2024-04-15 12:52:29'),
(188, 'Небесний капітан і світ майбутнього', 'nebesnii-kapitan-i-svit-maibutnyogo', 'Sky Captain and the World of Tomorrow', '106 хвилин (01:46)', 'Гвинет Пэлтроу, Джованни Рибизи, Лоуренс Оливье, Майкл Гэмбон, Бай Лин, Омид Джалили, Тревор Бэкстер, Джулиан Карри, Питер Лоу, Джон Рамни, Хан Бонфилс, Марк Уэллс, Джеймс Кэш', NULL, '<p>Дія розгортається у Нью-Йорку 1939 року. Молода журналістка Поллі дізнається про те, що всесвітньо відомі вчені зникають за нез\'ясованих обставин. Вона отримує листа від вченого-хіміка доктора Дженінгса, який повідомляє, що знає, хто буде викрадений наступним. Виявляється, він разом із шістьма зниклими вченими працював у секретній лабораторії &laquo;Підрозділ 11&raquo;, якою керував таємничий Тотенкопф (тобто &laquo;Мертва Голова&raquo; &ndash; одна з емблем СС). Поєднавшись з досвідченим пілотом і шукачем пригод, Поллі намагається порушити плани божевільного, який прагне заволодіти світом.</p>', 1, 75, 1, 1, 1, 4, 3, 'images/2024-04-15/lOuVV1Y9HSOBBw45BqxmOLlZfmD0974rt1TyaCnA.jpg', NULL, '2024-04-15 12:53:42'),
(189, 'Шпигун / Шпигунка [Розширена версія]', 'spigun-spigunka-rozsirena-versiia', 'Spy', '119 хвилин (01:59)', 'Роуз Бирн, Миранда Харт, Бобби Каннавале, Морена Баккарин, Раад Рави, Джессика Чаффин, Сэм Ричардсон, Кэти Дипполд, Джейм Пачеко, Ромейн Апельбаум, Ричард Брэйк, Стив Баннос', NULL, '<p>Сьюзан Купер все своє життя мріяла стати секретним агентом і навіть влаштувалась працювати в ЦРУ. Однак далі співробітника найнижчого ступеня їй так і не вдалося просунутися. Розуміючи, що здійснити свою мрію практично неможливо, вона таки продовжує сподіватися на краще і з нетерпінням чекає на свій шанс. І незабаром доля дарує їй таку можливість. Найкращий агент провалює секретне завдання, під час якого він мав з\'ясувати місцезнаходження ядерної бомби, але випадково застрелив єдину людину, яка володіє цією інформацією. Через деякий час службі розвідки стає відомо, що Рейна Боянова знає, де знаходиться бомба, але вона також знає в особу всіх секретних агентів ЦРУ. Тепер у керівництва не залишається іншого вибору, як скористатися послугами Сьюзан Купер, але чи зможе вона впоратися зі складною місією?</p>', 1, 86, 1, 1, 1, 1, 1, 'images/2024-04-15/g2LV6Z8rr6igT63PdFx8ItuBLgTUHDOwdIZMmFgS.jpg', NULL, '2024-04-15 12:54:55'),
(190, 'Ідеальний шторм', 'idealnii-storm', 'The Perfect Storm', '130 хвилин (02:10)', 'Джон С. Райлли, Дайан Лэйн, Уильям Фихтнер, Джон Хоукс, Аллен Пэйн, Мэри Элизабет Мастрантонио, Карен Аллен, Черри Джонс, Боб Гантон, Кристофер МакДональд, Майкл Айронсайд, Расти Швиммер, Джанет Райт', NULL, '<p>В основу фільму покладено дійсну історію, що сталася в 1991 році в штаті Массачусетс, а присвячений він 10 тис. морякам рибальського містечка Глостер, які загинули в морі за період з 1626 року. Хто знав, що в пеклі так багато води? Хвилі Атлантики здіймаються на 100-футову висоту. Вітер, що завиває небаченої сили. Хелловін 1991 року. Стихія настає на трьох фронтах, і один із них &ndash; ураган &laquo;Грейс&raquo; &ndash; піднімає найсильніший в історії людства шторм. Рибальське судно &laquo;Андреа Гейл&raquo; бореться проти найсильнішої зброї природи - ідеального шторму, створеного режисером Вольфгангом Петерсеном за знаменитим романом-бестселлером Себастьяном Джангером.</p>', 1, 71, 1, 1, 1, 2, 1, 'images/2024-04-15/rUMIJVRi0tajoOCFmZ555E0EzvSM9lRzr9S1OzkK.jpg', NULL, '2024-04-15 12:56:11'),
(191, 'Брехун, брехун', 'brexun-brexun', 'Liar Liar', '86 хвилин (01:26)', 'Мора Тирни, Джастин Купер, Энн Хейни, Дженнифер Тилли, Аманда Донохью, Джейсон Бернард, Свузи Кёрц, Митч Райан, Кристофер Майер, Эрик Пиерпоинт, Рэндал «Текс» Кобб, Шери Отери, Бен Лемон', NULL, '<p>Флетчер Рід - блискучий адвокат і непоправний брехун. Він за звичкою бреше дружині Одрі, синові Максу і вчить клієнтів підлаштовувати правду під свої потреби, перекроювати істину заради своєї вигоди. Дружина кидає Флетчера через його шкідливу звичку брехати, а син Макс у свій день народження, задуючи свічки на торті, загадує лише одне бажання: &laquo;Хочу, щоб мій улюблений татко перестав постійно брехати&raquo;. Бажання збувається, і несподівано для Флетчера Ріда мова, яка завжди була його робочим інструментом, перетворюється на його головного ворога. Флетчер починає говорити образливу правду своєму начальнику та клієнтам. Ця правдивість може коштувати адвокатові роботи! Але найстрашніше чекає правдивої мимоволі Флетчера в залі суду, коли слухатиметься справа про розлучення його клієнта. Без брехні він не зможе виграти! Так, цей день свого життя Флетчер Рід не забуде ніколи.</p>', 1, 68, 1, 1, 1, 4, 1, 'images/2024-04-15/hobhhwjW5mhhl7fyfrGG8BHsTTw77ujOOXJShjBN.jpg', NULL, '2024-04-15 12:57:14'),
(192, 'Веном', 'venom', 'Venom', '94 хвилини (01:34)', 'Мишель Уильямс, Риз Ахмед, Рейд Скотт, Марчелла Браджио, Дженни Слейт, Пегги Лу, Мак Брандт, Рон Сефас Джонс, Мишель Ли (II), Мелора Уолтерс, Сопе Алуко', NULL, '<p>Що якщо одного прекрасного дня в тебе вселяється істота-симбіот, яка наділяє тебе надлюдськими здібностями? Ось тільки Віднем &ndash; симбіот зовсім недобрий, і домовитись із ним неможливо. Хоча чи потрібно домовлятися?.. Адже в якийсь момент ти розумієш, що бути поганим зовсім не так уже й погано. Так навіть веселіше. У світі і так надто багато супергероїв! Ми &ndash; Віднем!</p>', 1, 89, 1, 1, 1, 2, 1, 'images/2024-04-15/jvcLM9w1ATiFonkkSrtW5Rx16V2W09LV90IpQbk5.png', NULL, '2024-04-15 12:58:19'),
(193, 'Вітаємо у Зомбіленді', 'vitajemo-u-zombilendi', 'Zombieland', '88 хвилин (01:28)', 'Эмбер Хёрд, Эбигейл Бреслин, Дерек Граф, Майк Уайт (II), Джейкоб Дж. Экинс, Хантер Элдридж', NULL, '<p>Людство перетворилося на зомбі. Респектабельні громадяни, заражені зловісним вірусом, тепер прагнуть крові, чекаючи жертв у засідках за полицями супермаркетів, на узбіччях високошвидкісних трас, у затишних палісадниках і сувенірних магазинчиках. Тим, хто не перетворився на зомбі, залишається одне: вчитися стріляти. \"Ласкаво просимо в Зомбіленд!\" - спльовує Таллахассі і заряджає короткоствол. Він знайшов своє покликання: робити живих мерців мертвими &ndash; з відтяжкою. \"Я боюсь!\" - відповідає Коламбус і перевіряє, чи не намокли його штани. Він хоче стати крутішим, бо тепер його помічають дівчата - адже всі принці перетворилися на зомбі. А дівчата не промах &ndash; Вічіта та Літл Рок вміють перемагати хитрістю, а не силою &ndash; дуже по-жіночому. Браву компанію чекають фонтани кривавого кетчупу, гори м\'яса та інші добрі атракціони в найстрашнішому і смішному пародійному хорорі року.</p>', 1, 80, 1, 1, 1, 2, 1, 'images/2024-04-15/JXvGH3pygSAFYqPyWd7vTgbkKYA0SvznxYbDnZOV.png', NULL, '2024-04-15 12:59:25'),
(194, 'Пастка', 'pastka', 'Get Out', '104 хвилини (01:44)', 'Эллисон Уильямс, Кэтрин Кинер, Брэдли Уитфорд, Калеб Лэндри Джонс, Маркус Хендерсон, Бетти Гэбриел, Лакит Стэнфилд, Стивен Рут, Лил Рел Ховери', NULL, '<p>Один правильний темношкірий хлопець полюбив білу дівчину. А вона відвезла його до своїх батьків до відокремленого будинку колоніального стилю на березі мальовничого озера. Знайомство пройшло просто чудово. Папа виявився практикуючим хірургом, а мама - не менш чудовим фахівцем з промивання мозку. Хлопця буквально оточують турботою та увагою милі, симпатичні панове з південної еліти, повільно звужуючи кільце. Тим не менш, дорогого гостя починають терзати невиразні сумніви, що плавно перетікають у дискомфорт, душевні муки та біль.</p>', 1, 88, 1, 1, 1, 2, 1, 'images/2024-04-15/Uey4YXk6IzAEtAP8L7sgjZtxxMEk4mdulLH8zAGa.jpg', NULL, '2024-04-15 13:00:33'),
(195, 'Маска', 'maska', 'The Mask', '101 хвилина (01:41)', 'Кэмерон Диас, Питер Ригерт, Питер Грин, Эми Ясбек, Орестес Матасена, Тим Бэгли, Нэнси Фиш, Джонни Уильямс, Рег Э. Кэти, Джим Дуган, Дэнис Форест, Ричард Джени, Джозеф Альфьери, Б.Дж. Бари', NULL, '<p>Скромний, сором\'язливий службовець банку закомплексований настільки, що почувається невпевнено з гарними дівчатами. Волею долі до нього потрапляє чарівна маска, і Стенлі Іпкіс набуває здатності перетворюватися на невразливу мультяшну істоту із кумедних коміксів. Він стає супергероєм, готовим боротися зі злочинністю, як Бетмен. Отже, вдень він, як і раніше, скромний і невдалий службовець, а вночі - супермен.</p>', 1, 65, 1, 1, 1, 4, 1, 'images/2024-04-15/BdQHlLCvAd2KX2MEbxvVfrhFF5iIYeS4zB1BLb1T.jpg', NULL, '2024-04-15 13:01:42');
INSERT INTO `films` (`id`, `title`, `slug`, `origin_title`, `duration`, `other_actor`, `note`, `description`, `category_id`, `year_id`, `season_id`, `rating_id`, `status_id`, `age_id`, `quality_id`, `thumbnail`, `created_at`, `updated_at`) VALUES
(196, 'Роман з каменем', 'roman-z-kamenem', 'Romancing the Stone', '106 хвилин (01:46)', 'Кэтлин Тёрнер, Зак Норман, Альфонсо Арау, Мануэль Охеда, Холланд Тейлор, Мэри Эллен Трейнор, Ив Смит, Джо Несноу, Хосе Чавес, Эвита Муньос ’Чачита’, Камилло Гарсия, Родриго Пуэбла, Пако Морайта', NULL, '<p>Джоан Уайлдер, автор популярних жіночих романів, знаходить у своїй поштовій скриньці пакет, надісланий із Колумбії її сестрою. Телефонний дзвінок підтверджує найстрашніші побоювання &mdash; сестру викрали, і викрадачі вимагають повернути пакет. Забувши про все на світі, Джоан летить на допомогу сестрі і губиться в перші години після прильоту. Її намагаються вбити, і лише втручання Джека Колтона, американського найманця, врятує дівчину від загибелі. Водночас на них чекають екстремальні пригоди в джунглях, пошук скарбів і, звісно, романтична любовна історія.</p>', 1, 55, 1, 1, 1, 2, 1, 'images/2024-04-15/rEXKeLiwtrzMszZKdNsKccQ1owrGOndBJ40ZpCam.jpg', NULL, '2024-04-15 13:02:53'),
(197, 'Руйнівник', 'ruinivnik', 'Demolition Man', '115 хвилин (01:55)', 'Сандра Буллок, Найджел Хоторн, Бенджамин Брэтт, Боб Гантон, Гленн Шэдикс, Дэнис Лири, Гранд Л. Буш, Пэт Скиппер, Стив Кэхэн, Пол Болен, Марк Колсон, Андре Грегори, Джон Инос III', NULL, '<p>У 2032 році в кріо-в\'язниці після 35-річного заморожування прокидається один із найнебезпечніших злочинців Саймон Фенікс і вирішує взяти спокійний напад, вільний від будь-якого насильства Лос-Анджелес. Нездатні впоратися з жорстокими звичками 1990-х років, властивими Феніксові, офіційна влада шукає поліцейського тих років, який зміг би перемогти злочинця 90-х. Для цього вони розморожують сержанта Джона Спартана, несправедливо засудженого терміном у кріо-в\'язниці за його останню сутичку з Феніксом.</p>', 1, 64, 1, 1, 1, 2, 1, 'images/2024-04-15/kEoK7Q6mOZoheKaMPt4zziPWgY1Xt0CxSeu2xR5w.jpg', NULL, '2024-04-15 13:04:05'),
(198, 'Шеф-кухар / Повар на колесах', 'sef-kuxar-povar-na-kolesax', 'Chef', '114 хвилин (01:54)', 'Скарлетт Йоханссон, София Вергара, Эмджей Энтони, Оливер Плэтт, Бобби Каннавале, Эми Седарис', NULL, '<p>Сюжет фільму розгортається навколо шеф-кухаря Карла Каспера, який втратив роботу у відомому ресторані Лос-Анджелеса. Разом із сином та колишнім напарником Карл вирішує організувати мережу закусочних на колесах, щоб відшукати втрачену кулінарну натхнення та принагідно налагодити стосунки з родиною.</p>', 1, 85, 1, 1, 1, 4, 1, 'images/2024-04-15/LnmMblm7OTSAdU6lLufn9jOAZtbB31MtHKSxYjGR.jpg', NULL, '2024-04-15 13:05:19'),
(199, 'Одинадцять друзів Оушена', 'odinadciat-druziv-ousena', 'Ocean\'s Eleven', '116 хвилин (01:56)', 'Джулия Робертс, Скотт Каан, Эллиотт Гулд, Берни Мак, Карл Райнер, Цинь Шаобо, Эдди Джемисон, Джо Ла Ду, Майкл Делано, Дон Чидл, Кейси Аффлек', NULL, '<p>Після виходу з в\'язниці злодія Денні Оушена не минає і 24 години, а він уже планує організувати найскладніше пограбування казино в історії. Він хоче вкрасти 150 млн. американських доларів із трьох найуспішніших казино Лас-Вегаса. Всі ці казино належать елегантному і водночас жорстокому ділку Террі Бенедикту, який тільки мріє про те, як зустрінеться з колишньою дружиною Денні Оушена &mdash; Тесс. Можливо це лише збіг? А може, це привід? Усього за одну ніч Денні підбирає команду з одинадцяти &laquo;фахівців&raquo;, здатних вчинити цей зухвалий крадіжку. У команді Оушена виявляються першокласний картковий шулер, молодий майстерний злодій-кишеньковий злодій і геніальний руйнівник. Щоб здійснити цей шалений і складний грабіж Оушену доведеться ризикувати своїм життям, проте його майже нездійсненний план може все-таки вдасться.</p>', 1, 72, 1, 1, 1, 4, 1, 'images/2024-04-15/pWElnKoELzIDkygMD4Hap3eNiD9LyeTD1ilcQpZF.jpg', NULL, '2024-04-15 13:06:34'),
(200, 'Гладіатор [Розширена версія]', 'gladiator-rozsirena-versiia', 'Gladiator', '155 хвилин (02:35)', 'Хоакин Феникс, Джимон Хонсу, Конни Нильсен, Оливер Рид, Ричард Харрис, Дерек Джекоби, Дэвид Скофилд, Джон Шрэпнел, Томас Арана, Ральф Мёллер, Спенсер Трит Кларк, Дэвид Хеммингс, Томми Флэнаган, Свен-Оле Торсен', NULL, '<p>У великій Римській імперії не було воєначальника, рівного генералу Максимусу. Непереможні легіони, якими командував цей шляхетний воїн, обожнювали його і могли піти за ним навіть у пекло. Але трапилося так, що відважний Максимус, готовий битися з будь-яким супротивником у чесному бою, виявився безсилим проти віроломних придворних інтриг. Генерала зрадили та засудили до смерті. Дивом уникнувши загибелі, Максимус стає гладіатором. Швидко здобувши собі славу в кривавих поєдинках, він опиняється у знаменитому римському Колізеї, на арені якого він зустрінеться у смертельній сутичці зі своїм заклятим ворогом.</p>', 1, 71, 1, 1, 1, 2, 1, 'images/2024-04-15/KrmwUSqEBw5jiB37lyztHRx8zCeMv2n95HSsBh3x.jpg', NULL, '2024-04-15 13:07:50'),
(201, 'Коротке замикання', 'korotke-zamikannia', 'Short Circuit', '98 хвилин (01:38)', 'Элли Шиди, Фишер Стивенс, Остин Пендлтон, Брайан МакНамара, Тим Блэйни, Марвин Дж. МакИнтайр, Джон Гарбер, Пенни Сантон, Вернон Уиддл, Барбара Тарбак, Том Лоуренс, Билли Рэй Шарки, Роберт Крантц, Джен Спэк', NULL, '<p>Розряд блискавки потрапляє у робота під номером 5, і він оживає на кшталт створення Франкенштейна. Вся штука в тому, що його творець (Гаттенберг) і ті, хто задумав використовувати робота у військових цілях, не підозрювали навіть, який могутній заряд людинолюбства та добра закладений у цій, здавалося б, безмозкій і безсердечній залізяці.</p>', 1, 57, 1, 1, 1, 4, 1, 'images/2024-04-15/bAOcpCcBO1Dbff48GKF0v8oFU3nEOk5o3X0FdPUv.jpg', NULL, '2024-04-15 13:08:55'),
(202, 'Адреналін', 'adrenalin', 'Crank', '88 хвилин (01:28)', 'Эми Смарт, Хосе Пабло Кантилльо, Эфрен Рамирес, Дуайт Йоакам, Карлос Санс, Рено Уилсон, Эди Гатеги, Джей Ксала, Кион Янг, Валери Рэй Миллер, Юсуф Азами, Лоран Шваар, Дэвид Браун (IV)', NULL, '<p>Найманий вбивця Чев дізнається, що недоброзичливці отруїли його рідкісною китайською отрутою і отрута почне діяти негайно, як тільки пульс перестане битися нижче за певну позначку. І тепер Чеву потрібно встигнути зробити всі свої справи, спробувати роздобути протиотруту і помститися своїм отруйникам у прямому значенні слова похапцем &mdash; намагаючись створювати навколо себе якнайбільш напружену обстановку і не розслаблятися ні на секунду.</p>', 1, 77, 1, 1, 1, 1, 1, 'images/2024-04-15/zDQLvpUPQqLAhdJcZSwHAqU1S4IoRbk2Bij3VhBb.jpg', NULL, '2024-04-15 13:10:01'),
(203, 'Адреналін 2: Висока напруга', 'adrenalin-2-visoka-napruga', 'Crank: High Voltage', '96 хвилин (01:36)', 'Эми Смарт, Клифтон Коллинс-мл., Бай Лин, Дэвид Кэрредин, Кори Хэйм, Эфрен Рамирес, Дуайт Йоакам, Холли Уэбер, Рено Уилсон, Билли Унгер, Джозеф Джулиан Сория, Аттикус Тодд, Энн Жерар', NULL, '<p>Чев Челіос виживає після падіння з запаморочливої висоти - він прийшов до тями на операційному столі в оточенні китайських медиків, які торгують людськими органами і вже замінили його серце на штучне, що працює від регулярної підзарядки. Але Чев все ж таки знаходить у собі сили знову зустрітися віч-на-віч з мафією...</p>', 1, 80, 1, 1, 1, 1, 1, 'images/2024-04-15/j3XkXyj5fQO6vLhU5ORgS12cFNYuNs4l6QYm8NOU.jpg', NULL, '2024-04-15 13:11:09'),
(204, 'Нестримні', 'nestrimni', 'The Expendables', '103 хвилини (01:43)', 'Стив Остин, Эрик Робертс, Рэнди Кутюр, Дэвид Зайас, Жизель Итье, Чаризма Карпентер, Гэри Дэниелс, Эмин Джозеф, Хэнк Амос', NULL, '<p>Загін професійних найманців і відчайдушних хлопців на чолі з Барні Россом отримує непросте завдання - за всяку ціну знайти і знищити кривавого тирана-диктатора, що нагнітає страх на мирне населення і хаос, що сіє в американській країні. Вирушаючи на виконання нелегкої місії, загартовані вогнем і водою, що пройшли не одну війну, люди Росса потрапляють у пекло. Відтепер їм доведеться виживати: згуртуватися і досягти мети, або зневіритися і загинути. І все ж ці хоробрі, воістину незворушні хлопці готові реалізувати навіть не реалізоване. Але не все так просто, як здається на перший погляд...</p>', 1, 81, 1, 1, 1, 1, 1, 'images/2024-04-15/vL3Eeqzxjnh6xueqi1aAjkGuCUQIQ4n9yFLZAC7F.jpg', NULL, '2024-04-15 13:12:18'),
(205, 'Нестримні 2', 'nestrimni-2', 'The Expendables 2', '103 хвилини (01:43)', 'Скотт Эдкинс, Рэнди Кутюр, Лиам Хемсворт, Нань Юй, Аманда Оомс, Чаризма Карпентер', NULL, '<p>Чи можна спробувати змінити розміщення сил у світі? Так, якщо ви круті як Ван Дамм, у вас є п\'ять тонн плутонію та першокласні найманці. Чи варто жартувати з Віллісом, коли ви йому серйозно заборгували? Ні, навіть якщо ви небезпечні як Сталлоне і у вас за спиною нестримні. Кого покликати на таке пльове діло, як спасіння світу? Пара перевірених хлопців, Стетхем та Норріс, явно не завадять. Стануть в нагоді і малюк Хемсворт, і небезпечна красуня. Але команда буде неповною без Шварценеггера. Він реально повернувся! Всі в зборі. Помчала ...</p>', 1, 83, 1, 1, 1, 2, 1, 'images/2024-04-15/Dw6iLTWzKZcZeeODnwapVwm4d3G80OEhyVOEJFrV.jpg', NULL, '2024-04-15 13:13:29'),
(206, 'Зоряний шлях', 'zorianii-sliax', 'Star Trek', '127 хвилин (02:07)', 'Вайнона Райдер, Зои Салдана, Закари Куинто, Леонард Нимой, Брюс Гринвуд, Джон Чо, Антон Ельчин, Лиза Видал', NULL, '<p>Доля галактики в руках непримиренних суперників, що належать до різних світів. Один з них &ndash; Джеймс Т. Кірк, хуліган з Айови, природжений лідер, та шукач пригод. Другий, Спок, виріс на планеті Вулкан і став ізгоєм через своє напівлюдське походження. Кірк та Спок є повними протилежностями; прагнучи пізнати свою справжню сутність і зрозуміти, що вони можуть дати світу, молоді люди стають непримиренними суперниками. Один з них рухається пристрастями, інший керується холодною логікою.</p>', 1, 80, 1, 1, 1, 4, 1, 'images/2024-04-15/vLrEykjkRdVavhNmN5XYHiYMyx3qssN1za8wPaQ7.jpg', NULL, '2024-04-15 13:14:41'),
(207, 'Стартрек: Відплата / Зоряний шлях: У пітьму', 'startrek-vidplata-zorianii-sliax-u-pitmu', 'Star Trek Into Darkness', '132 хвилини (02:12)', 'Элис Ив, Зои Салдана, Закари Куинто, Антон Ельчин, Джон Чо', NULL, '<p>Повернувшись на Землю, команда корабля &laquo;Ентерпрайз&raquo; виявляє, що діяльність та принципи їхньої організації підірвані зсередини. Флот скований незрозумілим жахом і не діє, поки світ все глибше занурюється в безодню. Капітан Кірк бере на себе керівництво операцією з упіймання лиходія, відповідального за цей хаос і здатного знищити все людство. будуть принесені в жертву заради єдиного, що залишилося у Кірка його команди.</p>', 1, 84, 1, 1, 1, 3, 1, 'images/2024-04-15/PdtsXdZOgBcBBxHxOD07Iv3jngU2i3776SFflSAe.png', NULL, '2024-04-15 13:15:54'),
(208, 'Стартрек: За межами Всесвіту', 'startrek-za-mezami-vsesvitu', 'Star Trek Beyond', '122 хвилини (02:02)', 'София Бутелла, Зои Салдана, Закари Куинто, Джон Чо, Антон Ельчин, Джо Таслим', NULL, '<p>Через два роки після початку чергової космічної місії команда &laquo;Ентерпрайзу&raquo; стикається з випробуванням, перед яким меркнуть усі попередні пригоди відважного екіпажу. Після атаки невідомих ворогів корабель зазнає лиха на таємничій, загубленій у глибинах простору планеті. Опинившись на краю Всесвіту, позбавлені допомоги Федерації, капітан Кірк та його товариші дізнаються про існування жахливої зброї, що загрожує планетним системам.</p>', 1, 87, 1, 1, 1, 2, 1, 'images/2024-04-15/N0ct19EfVbd7MCLl436AZD5plAyXFbgdX8sm4LPl.jpg', NULL, '2024-04-15 13:17:09'),
(209, 'Фантомас', 'fantomas', 'Fantomas', '100 хвилин (01:40)', 'Милен Демонжо, Жак Динам, Робер Дальбан, Мари-Элен Арно, Анн-Мари Пейссон, Кристиан Тома, Мишель Дюпле, Андре Таинси, Хьюс Уоннер, Анри Атталь, Жак Бергер, Пьер Колле, Анри Геган', NULL, '<p>Перший фільм трилогії про неймовірні пригоди комісара Жюва, який переслідує невловимого злочинця Фантомаса. Париж вражений сенсаційними та зухвалими злочинами, скоєними таємничим лиходієм на ім\'я Фантомас. На його затримання кинуті всі сили поліції, але Фантомас практично невловимий &mdash; він постійно змінює вигляд, вправно вислизаючи з правосуддя. Напасти на його слід вдається лише комісару Жюву за допомогою Елен, подруги викраденого журналіста Фандора.</p>', 1, 35, 1, 1, 1, 4, 1, 'images/2024-04-15/Od1vD8iOSmoWoCtRi2wxbLP9PhliW3YxyUUFzf1j.webp', NULL, '2024-04-15 13:18:26'),
(210, 'Фантомас розлютився', 'fantomas-rozliutivsia', 'Fantomas Se Dechaine / Fantomas Strikes Back', '94 хвилини (01:34)', 'Милен Демонжо, Жак Динам, Робер Дальбан, Альбер Даньян, Кристиан Тома, Мишель Дюпле, Оливье де Фюнес, Флоранс Бло, Робер Ле Беаль, Пьетро Торди, Анри Атталь, Доминик Зарди, Жак Марен', NULL, '<p>Через рік після того, як комісар Жюв і репортер Фандор упустили Фантомаса, суперзлочинець знову дався взнаки, викравши відомого вченого. Наступною жертвою має стати його помічник, професор Лефевр. Фандор, видаючи себе за професора, їде до Риму і&hellip; потрапляє прямо до рук Фантомаса. Поспішаючи на виручку, Жюв та Елен самі потрапляють у пастку. Тепер доводиться думати, як рятуватися самим і втекти з лігва Фантомаса.</p>', 1, 36, 1, 1, 1, 4, 1, 'images/2024-04-15/Tb2i51SdpmMCDPkYUK9N9bKY0aFedlwPMQ6nTQ55.jpg', NULL, '2024-04-15 13:19:44'),
(211, 'Фантомас проти Скотланд-Ярду', 'fantomas-proti-skotland-iardu', 'Fantomas contre Scotland Yard / Fantomas vs. Scotland Yard', '104 хвилини (01:44)', 'Жан Марэ, Луи де Фюнес, Милен Демонжо, Франсуаза Кристоф, Жан-Роже Коссимон, Робер Дальбан, Андре Дюма, Макс Монтавон, Рита Ренуар, Жан Озенн, Анри Серр, Жак Динам, Анри Атталь, Антуан Бо, Ги Делорм', NULL, '<p>Цього разу лиходій із тисячами осіб вирішує обкласти даниною найбагатших людей світу, а натомість гарантує їм життя. Комісар Жюв зі своїми вірними друзями, Фандором та Елен, прибуває до шотландського замку для того, щоб стати на захист його власника і знову спробувати спіймати Фантомаса.</p>', 1, 38, 1, 1, 1, 4, 1, 'images/2024-04-15/rjBhmr72S5pQhRB0GIdcwfXNNCloVDAkSxL8ye4g.jpg', NULL, '2024-04-15 13:20:50'),
(212, 'Перший месник', 'persii-mesnik', 'Captain America: The First Avenger', '124 хвилини (02:04)', 'Доминик Купер, Себастьян Стэн, Ричард Армитедж, Хейли Этвелл, Натали Дормер, Нил МакДонаф', NULL, '<p>Стів Роджерс добровільно погоджується взяти участь в експерименті, який перетворить його на супер солдата, відомого як Перший месник. Роджерс вступає до збройних силСША разом з Бакі Барнсом і Пеггі Картер, щоб боротися з ворожою організацією ГІДРА, якою управляє безжальний Червоний Череп.</p>', 1, 82, 1, 1, 1, 4, 1, 'images/2024-04-15/jbZ9JvLood0hP9YdXshNiVKF1DbjcJ5ZB6HZpG9f.jpg', NULL, '2024-04-15 13:21:58'),
(213, 'Залізна людина', 'zalizna-liudina', 'Iron Man', '126 хвилин (02:06)', 'Гвинет Пэлтроу, Терренс Говард, Лесли Бибб, Шон Тоуб, Фаран Таир, Саид Бадрия, Билл Смитрович, Кларк Грегг, Тим Гини, Уилл Лиман, Марко Хэнлиэн, Кевин Фостер, Гаррет Ноэль', NULL, '<p>Історія про промисловця-мільярдера та геніального винахідника, якого викрали з метою виготовлення зброї масового ураження. Натомість, використовуючи свій розум і фантазію, Тоні конструює високотехнологічний залізний костюм і рятується втечею. Виявивши підступну змову, що загрожує страшними наслідками, він одягає свій костюм і захищає світ як Залізну Людину.</p>', 1, 79, 1, 1, 1, 4, 1, 'images/2024-04-15/HAyFQRilumEXT4RA5e8oCbuBklG0HrUjT8kqQNcp.jpg', NULL, '2024-04-15 13:23:07'),
(214, 'Халк', 'xalk', 'Hulk', '138 хвилин (02:18)', 'Дженнифер Коннелли, Кара Буоно, Кевин Ранкин, Селия Уэстон, Пол Керси, Тодд Тэсэн, Джеффри Скотт, Дэниэл Дэ Ким, Майкл Кроненберг, Даниелла Кун, Крэйг Дэймон', NULL, '<p>Студентів із престижного університету набирають до робочої групи секретного військового проекту зі створення машини, здатної перебудовувати клітини людського організму. Лідером групи є Брюс Беннер. Несподівано проект \"Гаммасфера\" виходить з-під контролю вчених, і Брюс Беннер зазнає впливу цього апарату. В результаті він отримує небачену можливість перетворюватися на величезного зеленого монстра щоразу, як тільки щось починає його злити. Цю істоту незабаром починають називати Халком. Хоча Халк &ndash; це темна сторона душі Брюса, він знаходить у собі сили поставити її на службу праведним цілям.</p>', 1, 74, 1, 1, 1, 4, 1, 'images/2024-04-15/aDJ4ONQkjhbiIZP11Q0aAW8be8Q8w7f6Yu7vMLO1.jpg', NULL, '2024-04-15 13:24:17'),
(215, 'Тор', 'tor', 'Thor', '115 хвилин (01:55)', 'Том Хиддлстон, Натали Портман, Стеллан Скарсгард, Кэт Деннингс, Кларк Грегг, Колм Фиор, Рэй Стивенсон, Таданобу Асано, Джошуа Даллас, Джейми Александер, Рене Руссо, Адриана Барраса', NULL, '<p>Епічне пригода відбувається як у нашій планеті Земля, і у вигаданому королівстві богів Асгарде. У центрі історії &mdash; Могутній Тор, сильний, але зарозумілий воїн, безрозсудні вчинки якого відроджують давню війну в Асгарді. Тора відправляють на заслання на Землю, позбавляють сил і змушують жити серед звичайних людей як покарання. Тор дізнається, скільки потрібно сил, щоб стати справжнім героєм, коли найнебезпечніший лиходій його світу спрямовує темні сили поглинути Землю.</p>', 1, 82, 1, 1, 1, 4, 1, 'images/2024-04-15/SP46tRNklPkPQQl4WRUR8IRETP3jvjzwQ9ftGjKM.jpg', NULL, '2024-04-15 13:25:29'),
(216, 'Джонні Мнемонік', 'dzonni-mnemonik', 'Johnny Mnemonic', '96 хвилин (01:36)', 'Такэси Китано, Айс-Ти, Дина Мейер, Дэнис Акаяма, Генри Роллинз, Барбара Зукова, Удо Кир, Трейси Туид, Фалконер Абрахам, Дон Фрэнкс, Диего Чэмберс, Шерри Миллер', NULL, '<p>У наскрізь кібернетизованому майбутньому найцінніший товар &mdash; інформація, яку кур\'єри доставляють у найнадійнішому місці &mdash; у їхньому власному мозку. Для того, щоб досягти успіху в цьому бізнесі, Джонні &laquo;стер&raquo; спогади дитинства і розширив пам\'ять надсучасних комп\'ютерних пристроїв. Але й цього виявилося замало інформації, яку він взявся доставити. Якщо її вчасно не завантажити, то Джонні загине. Ставки великі, і інформацію з голови (можна і з головою, але без Джонні) хоче отримати всюдисуща японська мафія, що підключає до такої тонкої справи проповідника.</p>', 1, 66, 1, 1, 1, 2, 1, 'images/2024-04-15/svzTSGbeeSL4a6CohbzGzoziueYIaWTjdwU3O5EM.jpg', NULL, '2024-04-15 13:26:43'),
(217, 'Області тьми / Безмежний розум: Область темряви', 'oblasti-tmi-bezmeznii-rozum-oblast-temriavi', 'Limitless', '105 хвилин (01:45)', 'Эбби Корниш, Эндрю Ховард, Анна Фрил, Джонни Витуорт, Томас Арана, Роберт Джон Бёрк, Даррен Голдштейн, Нед Эйзенберг, Ричард Бекинс, Патриция Кэлембер, Синди Кац, Брайан Энтони Уилсон, Ребекка Дайан', NULL, '<p>Едді - Нью-Йоркський письменник, йому надається можливість написати книгу. Але його життя складається не найкращим чином. Для того щоб подолати життєво-творчу кризу, приймає нікому не відомий препарат &ndash; таблетку NZT. Після чого мозок хлопця працює з неймовірною міццю. За допомогою цього чудодійного препарату життя Едді налагоджується, він стає багатим та могутнім. Але незабаром, зловісні побічні ефекти NZT даються взнаки. Намагаючись знайти спосіб впоратися із залежністю, він дізнається про страшну правду, яка ставить під загрозу його життя&hellip; Екранізація твору Алана Глінна.</p>', 1, 82, 1, 1, 1, 2, 1, 'images/2024-04-15/CHsRk3TofD4ZGKIJGplnuhZAmUvoftnInFEMQreC.jpg', NULL, '2024-04-15 13:27:58'),
(218, 'Команда «А»', 'komanda-a', 'The A-Team', '117 хвилин (01:57)', 'Джессика Бил, Куинтон Джексон, Шарлто Копли, Джералд МакРэйни, Генри Черни, Юл Васкес, Брайан Блум', NULL, '<p>Повнометражна версія серіалу 80-х &laquo;Команда А&raquo;. Останній варіант історії, написаний Джейсоном Ротуеллом, обертається навколо групи ветеранів війни в Іраку. Їх розшукують збройні силиСША за звинуваченням у злочині, якого герої не робили. Переховуючись від переслідування, вони встигають допомагати скривдженим та ображеним. Новизну старої історії надають залучені до неї нафтові заправили та лазерні технології.</p>', 1, 81, 1, 1, 1, 4, 1, 'images/2024-04-15/8ZxoXqlWQenlR47dYVVaBnvq7O1tnxXk7NlmlEFH.jpg', NULL, '2024-04-15 13:29:14'),
(219, 'Зоряні війни: Епізод IV - Нова надія', 'zoriani-viini-epizod-iv-nova-nadiia', 'Star Wars: Episode IV - A New Hope', '121 хвилина (02:01)', 'Кэрри Фишер, Алек Гиннесс, Билли Ди Уильямс, Энтони Дэниелс, Питер Мейхью, Себастьян Шоу, Иэн МакДайармид, Фрэнк Оз, Джеймс Эрл Джонс', NULL, '<p>Давним-давно, у далекій-далекій галактиці йде громадянська війна. Галактична Імперія на порозі апогею своєї могутності: Галактична рада, як залишок колишньої республіки, розпущена, джедаї практично знищені, готується до завершення імперська надзброя &ndash; бойова космічна станція &laquo;Зірка смерті&raquo;. Але все ж таки нечисленним силам повстанського руху вдалося отримати секретні креслення цієї зброї смерті. Провідниця повстанців, Принцеса Лея, захоплена в полон верховним генералом Дартом Вейдером, встигає врятувати цінні дані в пам\'яті вірного астро-дроїда R2D2, відправивши його разом із дроїдом C-3PO на пустельну планету Татуїн. Там вони потрапляють до рук юного фермера і пілота Люка Скайуокера і через нього до старого дивакуватого самітника Обі-Вану Кенобі. Бен Кенобі, знаючи щось більше про Скайуокер, побачив, що в цьому хлопці є НОВА НАДІЯ відновити баланс Сили і знову повернути світ Галактиці. Він розповідає Люку про його батька - великого джедаю, передає світловий меч і починає своє служіння цьому молодику. Обі-Ван, Люк і дроїди вирушають на допомогу Леї на борту &laquo;Сокола Тисячоліття&raquo; разом із найнятим капітаном корабля, контрабандистом, Ханом Соло та його вірним помічником вуки Чубаккою&hellip; Нашим героям належить космічна подорож, повна небезпек і пригод порятунку Галактики.</p>', 1, 48, 1, 1, 1, 5, 1, 'images/2024-04-15/OQGLlXbwLKxWh0wURoK3oBf1qPA8nsxZC51PBwlY.jpg', NULL, '2024-04-15 13:30:32'),
(220, 'Зоряні війни: Епізод V - Імперія завдає удару у відповідь', 'zoriani-viini-epizod-v-imperiia-zavdaje-udaru-u-vidpovid', 'Star Wars: Episode V - The Empire Strikes Back', '124 хвилини (02:04)', 'Кэрри Фишер, Билли Ди Уильямс, Энтони Дэниелс, Дэвид Праус, Питер Мейхью, Кенни Бэйкер, Фрэнк Оз, Алек Гиннесс, Джереми Буллок, Джон Холлис, Джек Пёрвис, Дес Уэбб, Клайв Ревилл', NULL, '<p>Давним-давно, у далекій-далекій галактиці триває громадянська війна. Через три роки після битви при Явині та руйнуванні &laquo;Зірки смерті&raquo; ІМПЕРІЯ НАНОСИТЬ ВІДПОВІДНИЙ УДАР, консолідувавши свій флот під керівництвом верховного ватажка Дарта Вейдера для переслідування повстанських загонів. Вейдер одержимий бажанням знайти молодого Скайуокера, в якому він та його Імператор відчули течію Сили. І ось він практично наздоганяє його, зруйнувавши повстанську базу на далекій крижаній планеті Хот; однак Люк, за порадою голосу Обі-Вана, вирушає разом зі своїм астро-дройдом R2D2 на планету Дагоба до магістра Йоди. За руйнування бази повстанців, екіпаж &laquo;Сокола Тисячоліття&raquo;: принцеса Лея, дройд C-3PO, відважний Хан Соло та його вірний борт-механік Чуї опиняються під масованим вогнем імперських винищувачів, які з ревом розтинають космічний вакуум. Друзям дивом вдається вирватися з лап Імперії, щоб потім самим потрапити у них назад. Люк, під керівництвом мудрого джедая Йоди, осягаючи мистецтво володіння Сили, раптово бачить друзів у смертельній небезпеці. Він, не закінчивши своє навчання, вирушає на допомогу до них, розуміючи, що може бути спійманий у пастку. Джедай-початківець йде назустріч долі, він готовий ризикнути, розуміючи, що може загинути або перейти на Темну сторону Сили, він відчуває, що його щось пов\'язує з темним лордом ситхів Дартом Вейдером, і це почуття непереборне.</p>', 1, 51, 1, 1, 1, 5, 1, 'images/2024-04-15/WCAnbqpQloQzfmIxxIPYqgBP3uZSO2R9Vg7lfN78.jpg', NULL, '2024-04-15 13:31:51'),
(221, 'Зоряні війни: Епізод VI - Повернення джедая', 'zoriani-viini-epizod-vi-povernennia-dzedaia', 'Star Wars: Episode VI - Return of the Jedi', '131 хвилина (02:11)', 'Кэрри Фишер, Билли Ди Уильямс, Энтони Дэниелс, Питер Мейхью, Себастьян Шоу, Иэн МакДайармид, Фрэнк Оз, Джеймс Эрл Джонс, Дэвид Праус, Алек Гиннесс', NULL, '<p>Давним-давно, в далекій-далекій галактиці не вщухає громадянська війна. Імперія стягує свої сили та готує до завершення будівництво нової &laquo;Зірки смерті&raquo; &ndash; бойової космічної станції, значно потужнішої за першу. Люк Скайуокер, застосовуючи майстерність володіння Силою, рятує Лею Органу, Хана та Чуї з полону голови гангстерів Джабби Хатта. Магістр Йода перед смертю встигає сказати Люку, що джедаєм він стане лише тоді, коли битиметься з Вейдером, також він підтверджує, що темний лорд є батьком Люка і встигає обмовитися про існування ще одного Скайуокера ... Тепер нашому герою доведеться знайти шлях пробудження в бездушні Вейдер свого батька &ndash; Енакіна Скайуокера, що є ніщо інше як ПОВЕРНЕННЯ ДЖЕДА. Має бути великий бій між Люком, Дартом Вейдером і ... Енакіном Скайуокером, бій прагнень, скрегочуть між перехрестям світлових мечів, у темному лігві Імператора. Результат цього бою вирішить долю Галактики.</p>', 1, 54, 1, 1, 1, 5, 1, 'images/2024-04-15/iEkAp9VXoOhlv6wBWGbWwazl2ternxh0iKyQrvi7.webp', NULL, '2024-04-15 13:32:59'),
(222, 'Зоряні війни: Епізод I - Прихована загроза', 'zoriani-viini-epizod-i-prixovana-zagroza', 'Star Wars: Episode I - The Phantom Menace', '136 хвилин (02:16)', 'Натали Портман, Джейк Ллойд, Иэн МакДайармид, Пернилла Аугуст, Оливер Форд Дэвис, Хью Куарши, Ахмед Бест, Энтони Дэниелс, Кенни Бэйкер, Фрэнк Оз, Теренс Стэмп, Брайан Блессид, Эндрю Сиком', NULL, '<p>Давним-давно, у далекій-далекій галактиці настали нелегкі часи. Галактична Республіка перебуває у політичній кризі. Внаслідок конфлікту інтересів Торговельної Федерації та Сенату Республіки під опалу потрапляє маленька планета Набу. Для врегулювання конфлікту туди посилаються двоє лицарів-джедаєв: учитель Квай-Гон Джин та його падаван Обі-Ван Кенобі; проте конфлікт має відбутися за планом темного владики ситхів Дарта Сідіуса, і планету обрушується повномасштабне вторгнення. Джедаї рятують королеву Амідалу і залишають Набу, щоб дістатися столиці Республіки &ndash; планети Корусант, до Сенату. Наші герої роблять вимушену посадку на піщаній планеті Татуїн. Там Квай-Гон знаходить хлопчика. Він чуйний, розумний і талановитий; він син рабині, народжений цілющою дією Сили, протягом якої в ньому надзвичайно велике і його звуть Енакін Скайуокер. Хлопчик, перемагаючи в гонках на карах, рятує наших героїв і залишає з ними рідну планету звільненим... Галактичний сенат загруз у корупції та бюрократії і не може допомогти Набу. Через вотум недовіри до чинного канцлера на його місце вступає представник опальної планети-сенатор Палпатін. Рада джедаєв стривожена наростанням Темної сторони Сили, відродженням ордена ситхів і не радий появі Енакіна, в якому нарівні з присутністю Сили оселився страх. Темрява згущується і набирає сили, з\'являється прихована загроза настання зоряних воєн.</p>', 1, 70, 1, 1, 1, 5, 1, 'images/2024-04-15/ogT8flKMcga8jgBv58AnG4VpzJ33lE9URwHppu9C.webp', NULL, '2024-04-15 13:34:08'),
(223, 'Зоряні війни: Епізод II - Атака клонів', 'zoriani-viini-epizod-ii-ataka-kloniv', 'Star Wars: Episode II - Attack of the Clones', '142 хвилини (02:22)', 'Кристофер Ли, Хейден Кристенсен, Натали Портман, Фрэнк Оз, Иэн МакДайармид, Пернилла Аугуст, Темуэра Моррисон, Дэниэл Логан, Джимми Смитс, Джек Томпсон, Лианна Уолсмен, Ахмед Бест, Роуз Бирн', NULL, '<p>Давним-давно, в далекій-далекій галактиці наростають негаразди та конфлікти. Безліч систем погрожують вийти зі спілки на користь сепаратистського руху, очолюваного графом Дуку. Лицарям джедайського ордену стає все важче зберігати світ. Назріває питання створення республіканської армії. Противниця мілітаристської ідеї, сенатор Падме Амідала, зазнала акту ліквідації під час прибуття на Корусант. На захист високопоставленої персони були залучені два джедаї: вчитель &ndash; Обі-Ван Кенобі та Енакін Скайуокер &ndash; його падаван. Дитяча прихильність Енакіна до Падми переростає у сильніші почуття молодого юнака. Розслідування замаху призводить до того, що Обі-Ван вирушає на пошуки замовника, а Енакін та Падме відлітають на прекрасну планету Набу, де у них розгортається гарний роман. Ланцюг розслідувань Обі-Вана призводить його до бентежних новин: він дізнається про підготовку армії клонів на планеті Камін і армії дроїдів на Джеонозісі, а також - що лорд-сітх Дарт Сідіус зараз керує Галактичним Сенатом ... У зв\'язку з наростаючим конфліктом Галактичний Сенат на сенатора Палпатіна, який повідомляє, що для повернення світу Галактиці необхідна АТАКА КЛОНІВ. Енакін Скайуокер втрачає матір і знаходить все більший страх втратити кохану. Темна сторона Сили насаджує кукіль гніву і ненависті в серці юнака ... і огортає Галактику ...</p>', 1, 73, 1, 1, 1, 5, 1, 'images/2024-04-15/c5bcIyw5PDV9udJ0smfEONZnXs3bYqNYCzB7pOLY.jpg', NULL, '2024-04-15 13:35:18'),
(224, 'Зоряні війни: Епізод III - Помста ситхів', 'zoriani-viini-epizod-iii-pomsta-sitxiv', 'Star Wars: Episode III - Revenge of the Sith', '140 хвилин (02:20)', 'Натали Портман, Кристофер Ли, Хейден Кристенсен, Иэн МакДайармид, Джимми Смитс, Фрэнк Оз, Энтони Дэниелс, Киша Касл-Хьюз, Сайлас Карсон, Джей Лагайя, Брюс Спенс, Уэйн Пиграм, Темуэра Моррисон', NULL, '<p>Давним-давно, в далекій-далекій галактиці вирують клонічні війни. Галактична Республіка та Конфедерація незалежних систем ведуть згубну війну. Майстер-джедай Обі-Ван Кенобі та лицар-джедай Енакін Скайуокер крізь вихори атак, маневруючи між армадами крейсерів та пунктирами бластерів, добираються до зорельоту генерала Гривуса. Там вони виявляють свого сенатора в кайданах і починають бій із лордом сітхів графом Дуку. В результаті сутички, Енакін бере гору, пускаючи в хід свою ненависть і, за наказом Палпатіна, вбиває чорного графа... Падме повідомляє свого таємного чоловіка Енакіна, що вагітна. Його переповнює страх втратити кохану, і руйнуються колишні ідеали - він зближується з Палпатіном. Сенатор підігріває в Скайуокері марнославство і повідомляє, що джедаї та сітхи мало чим відрізняються в бажанні примноження влади, проте мистецтву використання Сили для створення життя та порятунку від смерті джедаї навчити не можуть... Палпатін відкривається перед Енакіном і єдине, що зупиняє джедая ви сітхів суду - це можливість відвести смерть від Падмі. І ось у кульмінаційний момент, коли магістр Вінду тримає заклятого ворога, Енакін встає на бік Темряви і рятує нового вчителя. Сталося трагічне народження Дарта Вейдера. Коло замикається, ПІСТЬ СІТХІВ набирає чинності: Дарт Сідіус отримує нового учня, приводиться в дію наказ 66, проголошується початок Галактичної Імперії.</p>', 1, 76, 1, 1, 1, 4, 1, 'images/2024-04-15/t01Ritw8mWZf3vJuQNbkbyQLslDLjLQZ3INyTcYH.jpg', NULL, '2024-04-15 13:36:30'),
(225, 'Бунтар Один. Зоряні Війни: Історія', 'buntar-odin-zoriani-viini-istoriia', 'Rogue One: A Star Wars Story', '133 хвилини (02:13)', 'Донни Йен, Фелисити Джонс, Диего Луна, Вэнь Цзян, Бен Мендельсон, Риз Ахмед, Джимми Смитс', NULL, '<p>Опір збирає загін для виконання особливої місії &mdash; треба викрасти креслення найдосконалішої та най смертоноснішої зброї Імперії. Очолює бійців некерована та безстрашна Джин Ерсо, яка має в цьому самогубному завданні й особисті мотиви. Не всім судилося повернутись додому, але герої готові до цього, адже на коні доля Галактики.</p>', 1, 87, 1, 1, 1, 4, 1, 'images/2024-04-15/5GwaP8dmidAGtoi9LOEwxBKS4epc7Y0QJK12OTrT.jpg', NULL, '2024-04-15 13:37:43'),
(226, 'Константин: Володар темряви', 'konstantin-volodar-temriavi', 'Constantine', '121 хвилина (02:01)', 'Рэйчел Вайз, Джимон Хонсу, Тильда Суинтон, Макс Бейкер, Прюитт Тейлор Винс, Петер Стормаре, Джесси Рамирез, Хосе Суньига, Френсис Гуинан, Ларри Седар, Эйприл Грэйс, Сюзанна Уэнг', NULL, '<p>Джону Костянтину вдалося не лише побувати в пеклі, а й повернутися назад. Народившись із неугодним собі талантом &mdash; здатністю розпізнавати помісь ангелів і демонів, які блукають землею у вигляді людей, &mdash; Костянтин під тиском обставин намагається вчинити самогубство, аби позбутися болісних видінь. Але невдало. Воскресений проти своєї волі він знову опиняється у світі живих. Тепер, відзначений печаткою суїциду і отримав тимчасове право на життя, він патрулює кордон, що розділяє рай і пекло, марно сподіваючись на здобуття порятунку шляхом битви із земними ставлениками зла. Але й Костянтин не святий. Приходячи все більше розчарування від навколишнього світу, і будучи не в ладу зі світом потойбічним, запеклим від важкого життя, він починає спиватися, з презирством ставлячись до самої ідеї героїзму. Костянтин боротиметься за вашу душу, але йому не потрібне ні ваше захоплення, ні ваша подяка. І вже найменше ваше співчуття! Все, що йому потрібно, &mdash; це знайти вихід&hellip; Коли співробітниця поліції, яка зневірилася, але не втратила свій скептицизм, заручається підтримкою Костянтина для розкриття загадкового самогубства її сестри-близнюка, розслідування заводить їх у світ демонів і ангелів, що знаходиться в підземеллі сучасного мегаполісу Лос Анджелес. Потрапивши в низку катастрофічних подій іншого світу, Костянтин і Анджела настільки пов\'язують у них, що здобуття миру та спокою за будь-яку ціну стає для них самою метою.</p>', 1, 76, 1, 1, 1, 2, 1, 'images/2024-04-15/4igKHfQuDPdiq7Ae67jlMGMqWIpVBijiwx0x5rER.webp', NULL, '2024-04-15 13:38:58'),
(227, 'Таксі', 'taksi', 'Taxi', '86 хвилин (01:26)', 'Марион Котийяр, Мануэла Гурари, Эмма Сьоберг, Бернар Фарси, Жорж Нери, Эдуард Монтут, Гай Нгуен, Морис Мурсия, Сабина Бэйл, Дэн Херцберг, Себастьян Тьери, Эрик Беренжер, Филипп дю Жанеран', NULL, '<p>Молодий таксист Даніель схиблений на швидкій їзді. Як ураган проноситься він по звивистих вулицях Марселя на своєму потужному звірі, що реве &laquo;Пежо&raquo;, лякаючи пасажирів і перехожих. Непідкупний поліцейський Емільєн змушує його допомогти в затриманні банди грабіжників, які вислизають від поліції на своїх невловимих &laquo;Мерседесах&raquo;. І до кінця не ясно, хто ж зможе втриматися на крутому віражі ...</p>', 1, 69, 1, 1, 1, 2, 1, 'images/2024-04-15/o2weuk28taQO82Z7wwzuDJKEnZvJuYTyRZpjOyjc.jpg', NULL, '2024-04-15 13:40:14'),
(228, 'Таксі 2', 'taksi-2', 'Taxi 2', '88 хвилин (01:28)', 'Марион Котийяр, Эмма Сьоберг, Бернар Фарси, Жан-Кристоф Бове, Фредерик Тирмон, Эдуард Монтут, Марк Фор, Хирата Харухико, Цую Симидзу, Ко Сузуки, Йоши Оида, Кэнтаро Юри Йамашита, Хиро Утияма', NULL, '<p>До Франції прибуває міністр оборони Японії. Мета його візиту &ndash; ознайомитись із французьким досвідом боротьби з тероризмом та підписати \"контракт століття\" про взаємну співпрацю. Несподівано під час показових виступів французької поліції, міністра оборони викрадає гангстерське угруповання \"Якудза\", яке бажає зірвати укладання найважливішого контракту. Даніель Емільєн вирушають на пошуки високого гостя. У справу вступає вже добре знайоме таксі.</p>', 1, 71, 1, 1, 1, 4, 1, 'images/2024-04-15/kRQLTqmIMnv9gyzW2Z3VjYN19fXEdx2uUekG8MSR.png', NULL, '2024-04-15 13:41:32'),
(229, 'Таксі 3', 'taksi-3', 'Taxi 3', '84 хвилини (01:24)', 'Марион Котийяр, Бернар Фарси, Бай Лин, Эмма Сьоберг, Эдуард Монтут, Жан-Кристоф Бове, Леон-Пьер Мондини, Бернард Льопис, Жан-Луи Шлессер, Жан-Пьерр Мас, Мишель Нюгартен, Патрис Аббу', NULL, '<p>Банда Санта-Клаусов тероризує Марсель напередодні Різдва, обіцяючи обчистити місто вщент. Комісар поліції вже задумав провести великомасштабну операцію під кодовою назвою &laquo;Сніговик&raquo;, до якої головна роль відведена таксисту Данієлю та поліцейському Емільєну. Але як би наші друзі не наробили куди більшої шкоди, ніж самі злочинці, адже щоб упіймати &laquo;мафію Дідів Морозів&raquo; друзі витворяють на своєму таксі таке!</p>', 1, 74, 1, 1, 1, 2, 1, 'images/2024-04-15/kcZyxaPq0Zol06WnxrGDr9ReSwABLZxtNu0KdNf4.jpg', NULL, '2024-04-15 13:42:51'),
(230, 'Таксі 4', 'taksi-4', 'Taxi 4', '91 хвилина (01:31)', 'Бернар Фарси, Эмма Сьоберг, Эдуард Монтут, Жан-Кристоф Буве, Жан-Люк Кучар, Франсуа Дамиенс, Морад Зегвенди, Джибрил Сиссе', NULL, '<p>Продовження знаменитої автомобільної саги. Через п\'ять років після подій третього фільму, Даніель та Емільєн знову разом і ми знову маємо можливість спостерігати за їхніми пригодами &ndash; цього разу на Лазурному березі. Злочинця № 1 транспортують із Бельгії до Конго&hellip; через Марсель. Лише кілька годин найнебезпечніша людина у світі, надійно запакована в скафандр і залізну клітку, має пробути в поліцейській дільниці комісара Жібера. Але стерегти злочинця довірили Емільєну&hellip; Петра запроториться у банду і зачарує лиходія, Жибер задасть спеку бандитам і покаже, як справжні французи грають у футбол. І, звичайно, поліцейським Марселя знову не обійтися без допомоги Даніеля та його реактивного таксі.</p>', 1, 78, 1, 1, 1, 2, 1, 'images/2024-04-15/vzNMHNYmKxLoKkudRB8bOi9U8YlXV6Hdnfm7kkEK.jpg', NULL, '2024-04-15 13:44:12'),
(231, 'Таксі 5', 'taksi-5', 'Taxi 5', '88 хвилин (01:28)', 'Малик Бенталха, Бернар Фарси, Сальваторе Эспозито, Эдуард Монтут, Сабрина Уазани, Сэнд Ван Рой, Ануар Тубали, Месье Пуп, Сисси Дюпарк', NULL, '<p>Екс-комісар Жибер, який став недолугим в історії міста мером Марселя, доручає переведеному зі столиці новобранцю Сільвану Маро розібратися з невловимою &laquo;бандою італійців&raquo; на Ferrari. Щоб зупинити їх, Маро, суперкопу та суперводію, доводиться об\'єднатися з племінником Даніеля. Хлопцеві дісталося знамените біле таксі дядька, але не його талант.</p>', 1, 89, 1, 1, 1, 4, 1, 'images/2024-04-15/fJARm0UWIyEhJ1imy1cFlOPQtYLhSrc201hRrBeu.jpg', NULL, '2024-04-15 13:45:21'),
(232, 'Напад на 13-ту дільницю', 'napad-na-13-tu-dilniciu', 'Assault on Precinct 13', '109 хвилин (01:49)', 'Гэбриел Бирн, Мария Белло, Дреа де Маттео, Брайан Деннехи, Джа Рул, Карри Грэм, Аиша Хайндс, Мэтт Крэйвен, Фульвио Чечере, Питер Брайант, Ким Коутс, Хью Диллон', NULL, '<p>Рахований годинник залишається до закриття 13-ї поліцейської дільниці. Але поки його співробітники на чолі із сержантом Роуніком готуються до зустрічі Нового року, снігова буря розгортає до них спецавтобус із злочинцями. У тому числі і щойно захоплений гангстер Меріон Бішоп. Ніщо, здавалося б, не дозволить відвернути поліцейських від свята: поки що озброєні люди в масках не нападають на дільницю. І охоронці закону змушені об\'єднатися зі злочинцями, щоби вижити цієї ночі!</p>', 1, 76, 1, 1, 1, 2, 1, 'images/2024-04-15/yJwmygpJW2neRwRMY46GJpb3uJhrG9Y4E5i4EY6o.jpg', NULL, '2024-04-15 13:46:31'),
(233, 'Поліцейська академія', 'policeiska-akademiia', 'Police Academy', '96 хвилин (01:36)', 'Ким Кэттролл, Бубба Смит, Донован Скотт, Дэвид Граф, Джордж Гейнс, Эндрю Рубин, Лесли Истербрук, Майкл Уинслоу, Дебрали Скотт, Брюс Малер, Тед Росс, Скотт Томсон, Брант фон Хоффман, Мэрион Рэмси', NULL, '<p>Мирні жителіСША перебувають у небезпеці! Мер міста ухвалив новий закон - більше немає жодних обмежень при прийомі на службу до поліції. Вага, стать, зростання і слабкі розумові здібності нікому не завадять вступити до поліцейської академії. Прийомні комісії ломляться від товстунів, ботаніків та вуличних хуліганів. Викладачі академії шоковані і мають намір у будь-який спосіб позбутися студентів. Але іспити, фізпідготовка та гей-бари абсолютно не лякають новачків. Не таке бачили!</p>', 1, 55, 1, 1, 1, 2, 1, 'images/2024-04-15/AyR44kUbEZRQxTpXNdRiAQDQanm0IzuEQshMmM3e.jpg', NULL, '2024-04-15 13:47:43'),
(234, 'Поліцейська академія 2: Перше завдання', 'policeiska-akademiia-2-perse-zavdannia', 'Police Academy 2: Their First Assignment', '87 хвилин (01:27)', 'Бубба Смит, Дэвид Граф, Майкл Уинслоу, Брюс Малер, Мэрион Рэмси, Коллин Кэмп, Ховард Хессеман, Арт Метрано, Джордж Гейнс, Боб Голдтуэйт, Джули Браун, Питер Ван Норден, Тим Казурински, Эд Херлихи', NULL, '<p>Банда хуліганів творить неподобства по всьому місту та спустошує кишені всіх, хто перебуває з ними на одному тротуарі. Обережно! Коли увальни в блакитній формі вирішать розібратися з цими хлопцями, це закінчиться дивовижним сміхом.</p>', 1, 56, 1, 1, 1, 2, 1, 'images/2024-04-15/b84w0N9Gstf4a8QtdIe4ASjlSmX87urK2QkcUAwF.jpg', NULL, '2024-04-15 13:48:56'),
(235, 'Поліцейська академія 3: Знову до навчання', 'policeiska-akademiia-3-znovu-do-navcannia', 'Police Academy 3: Back in Training', '83 хвилини (01:23)', 'Бубба Смит, Дэвид Граф, Майкл Уинслоу, Мэрион Рэмси, Лесли Истербрук, Арт Метрано, Тим Казурински, Боб Голдтуэйт, Джордж Гейнс, Шон Уэзерли, Скотт Томсон, Брант фон Хоффман, Брюс Малер, Эд Нельсон', NULL, '<p>Уряд заявив, що лише одна з двох поліцейських шкіл може продовжувати свою роботу. Починається жорстоке змагання на виживання &ndash; жодна з академій не бажає закриватися, у справу йдуть усі кошти. Махоні, Хайтауер, Теклберрі, Джонс, Хукс і Келлаген під командуванням незламного коменданта Лассарда мобілізують для порятунку своєї Альма Матер нову команду безнадійних рекрутів.</p>', 1, 57, 1, 1, 1, 2, 1, 'images/2024-04-15/Nl14uFl3vYzjSKEELZKgcQllUrklC2UGJfJLgU5y.jpg', NULL, '2024-04-15 13:50:11'),
(236, 'Поліцейська академія 4: Квартальна охорона порядку', 'policeiska-akademiia-4-kvartalna-oxorona-poriadku', 'Police Academy 4: Citizens on Patrol', '88 хвилин (01:28)', 'Шэрон Стоун, Бубба Смит, Майкл Уинслоу, Дэвид Граф, Тим Казурински, Лесли Истербрук, Мэрион Рэмси, Лэнс Кинси, Боб Голдтуэйт, Джордж Гейнс, Дерек МакГрат, Скотт Томсон, Билли Бёрд, Джордж Р. Робертсон', NULL, '<p>До поліцейської академії прибуває нове поповнення. І знову це звичайні громадяни, які абсолютно, на перший погляд, не підходять для роботи в поліції. Цього разу новачки проходять тренування у рамках програми \"Громадяни на патрулюванні\", яку вигадав комендант Лассард. Стара гвардія веде заняття, а конкуренти та заздрісники Лассарда роблять все можливе, щоб ця програма провалилася...</p>', 1, 58, 1, 1, 1, 2, 1, 'images/2024-04-15/bsUzB6GfunNmFIQZkIPNLV4dU9SuuftCslHGsaYv.jpg', NULL, '2024-04-15 13:51:27'),
(237, 'Поліцейська академія 5: Операція Маямі-біч', 'policeiska-akademiia-5-operaciia-maiami-bic', 'Police Academy 5: Assignment Miami Beach', '90 хвилин (01:30)', 'Мэтт МакКой, Бубба Смит, Дэвид Граф, Майкл Уинслоу, Лесли Истербрук, Мэрион Рэмси, Джанет Джонс, Лэнс Кинси, Мэтт МакКой, Дж. У. Бейли, Джордж Гейнс', NULL, '<p>Сонце, веселощі і красиві дівчата. Де всьому цьому бути, як не в Майамі Біч? На цьому п\'ятому святі сміху наші герої летять до Майамі на вшанування улюбленого коменданта Лассарда. Але злочинці не мають відпусток, коли відпочивають наші улюблені поліцейські. Лассарда викрадено. І навіть спокусливі пляжні вечірки не зможуть відвернути наших шалених бійців від запеклої спроби порятунку заручника.</p>', 1, 59, 1, 1, 1, 2, 1, 'images/2024-04-15/pawrswvoUPcuIudVJBXk0Dt5SrOPPfS8NAgv1ljE.jpg', NULL, '2024-04-15 13:52:45'),
(238, 'Поліцейська академія 6: Місто в облозі', 'policeiska-akademiia-6-misto-v-oblozi', 'Police Academy 6: City Under Siege', '84 хвилини (01:24)', 'Бубба Смит, Дэвид Граф, Майкл Уинслоу, Лесли Истербрук, Мэрион Рэмси, Лэнс Кинси, Брюс Малер, Дж. У. Бейли, Джордж Гейнс', NULL, '<p>Спалах кримінальної активності під кодовою назвою \"Операція Хаос\" може вимагати завіси для міста, що нічого не підозрює. Якої завіси: Залізної? Мереживного? Жалюзі? Не хвилюйтеся. Найкращі поліцейські фахівці з найуспішнішої та найпопулярнішої комедійної серії в історії кіно взялися до справи. З першого дня слухачів цієї академії діти охрестили клоунами свого покоління. Навіть тата і мами полюбили їх, бо зрозуміли, що придуркуваті поліцейські зможуть зайняти їхніх чад по суботах і зберегти батькам купу часу. Цей фільм зроблений у стилі вічних правил комедії, доповнених сучасними сучасними поворотами. Мені було дуже весело під час зйомок цього фільму, ніби всією родиною працювали, - сказав продюсер Пол Масланскі. Багато учасників постановки працювали зі мною довгі роки. Дивитися цей фільм також дуже весело. Ось чому в усьому світі безліч сімей глядачів теж не розлучалися з Масланськи довгі роки.</p>', 1, 60, 1, 1, 1, 2, 1, 'images/2024-04-15/5rb8t3bXZPUfPEeFFHUb2XqsH9FWdIkhrYyyZ0Rh.jpg', NULL, '2024-04-15 13:54:04'),
(239, 'Поліцейська академія 7: В Москві', 'policeiska-akademiia-7-v-moskvi', 'Police Academy: Mission to Moscow', '83 хвилини (01:23)', 'Кристофер Ли, Джордж Гейнс, Майкл Уинслоу, Дэвид Граф, Лесли Истербрук, Дж. У. Бейли, Клер Форлани, Чарли Шлэттер, Владимир Долинский, Валерий Ярёменко, Вадим Долгачёв, Александр Песков, Николай Иванов (III), Ричард Израэль', NULL, '<p>Поліцейська академія у Москві! Російський балет. Російська горілка. І російська мафія. Найнебезпечніша операція у житті поліцейських академіків! Чи зможуть вони повернутися живими?.. Новий мер Мері Сью Біл видала указ, який вимагає приймати до поліцейської академії всіх охочих, незалежно від фізичних даних. Тепер ні зростання, ні вага, ні стать, ні слабке здоров\'я не можуть бути перешкодою для вступу до Академії. Сотні людей, які мріяти про це не могли, записалися туди негайно. Поліція збентежилася. Одному з головних героїв, Кері Махоуні, пропонують вступати до поліцейської академії як альтернатива в\'язниці, куди б він потрапив, якби слідчий не був знайомий з його батьком. Махоуні погоджується на пропозицію, припускаючи, що його виженуть із академії відразу ж. Однак офіцери, які не згодні з рішенням мера, вирішують не виганяти курсантів, а довести їх до виходу з академії за власним бажанням. Починається справжнісіньке життя курсантів Академії.</p>', 1, 65, 1, 1, 1, 2, 1, 'images/2024-04-15/aRzFYtNg5CNJmi1Wi7Rei1xwdBC9ibYM0irGrWYb.jpg', NULL, '2024-04-15 13:55:25'),
(240, 'Рембо: Перша кров', 'rembo-persa-krov', 'First Blood', '93 хвилини (01:33)', 'Ричард Кренна, Брайан Деннехи, Билл МакКинни, Джек Старретт, Майкл Толбот, Крис Малки, Джон МакЛиам, Альф Хамфриз, Дэвид Карузо, Дэвид Л. Кроули, Дон Маккэй, Чарльз А. Тамбурро, Дэвид Петерсен, Крэйг Хьюстон', NULL, '<p>Екранізація однойменного роману Девіда Морелла. Він &ndash; експерт. Експерт зі зброї, ножів та власного тіла. Він людина, спеціально навчена не помічати біль та погодні умови. У В\'єтнамі його завдання було знищувати ворожий особовий склад. Багато вбивати. Виснажувати сили ворога до повної перемоги. Рембо був найкращий. На війні він був героєм, а на батьківщині, в ім\'я якої поливалася кров, він нікому не потрібен. Не здатний пристосуватися до мирного життя Рембо подорожує автостопом містами Америки, зустрічаючись з однополчанами. Подорож припиняє провінційний шериф, який ненавидить волоцюг. Рембо, який потрапив у в\'язницю за хибним обвинуваченням, що скуштував принижень з боку адміністрації, оголошує війну. Війну існуючому ставленню до ветеранів, свавілля офіційних структур та голові місцевої поліції особисто.</p>', 1, 53, 1, 1, 1, 2, 1, 'images/2024-04-15/LDkrvtU2UMixiL78RFjQHmC34e2WmS2CeYvgkECo.jpg', NULL, '2024-04-15 13:56:47'),
(241, 'Назад у майбутнє', 'nazad-u-maibutnje', 'Back to the Future', '116 хвилин (01:56)', 'Лиа Томпсон, Томас Ф. Уилсон, Клаудия Уэллс, Марк МакКлюр, Уэнди Джо Спербер, Джордж Дицензо, Фрэнсис Ли МакКейн', NULL, '<p>Підліток Марті за допомогою машини часу, спорудженої його другом професором доком Брауном, потрапляє з 80-х у далекі 50-ті. Там він зустрічається зі своїми майбутніми батьками, ще підлітками, та другом-професором, зовсім молодим. Він порушує природний перебіг подій минулого, чим викликає масу кумедних та драматичних ситуацій. Власна кмітливість і фантазія професора допомагають подолати всі перешкоди та благополучно повернутися до себе, свого часу.</p>', 1, 56, 1, 1, 1, 5, 1, 'images/2024-04-15/XuWKR2TE2942ZR61Dvp2xyaiHUBKqT4E0nCr436a.jpg', NULL, '2024-04-15 13:57:57'),
(242, 'Назад у майбутнє. Частина друга', 'nazad-u-maibutnje-castina-druga', 'Back to the Future Part II', '108 хвилин (01:48)', 'Элайджа Вуд, Лиа Томпсон, Томас Ф. Уилсон, Элизабет Шу, Джеймс Толкан, Кэйси Семашко, Билли Зейн, Джейсон Скотт Ли', NULL, '<p>Продовження комедійної фантастичної історії про пригоди американського підлітка Марті у часі. На цей раз за допомогою модернізованої Доком машини часу з 80-х він потрапляє у майбутнє. Там усе погано з дітьми Марті, їх треба рятувати. Масу клопоту завдають розбірки зі лиходієм, який втрутився в хід часу і нашкодив у рідному містечку Марті так, що той його ледве дізнався, коли повернувся з майбутнього. Проте, покинувши трохи між часом, винахідливий тінейджер за допомогою друга-винахідника все-таки зводить кінці з кінцями, і, як і слід було очікувати, все закінчується добре.</p>', 1, 60, 1, 1, 1, 5, 1, 'images/2024-04-15/LnhXCqsN81A4uyRm81xMsrN2sxZYx4ouqjJYkXbQ.jpg', NULL, '2024-04-15 13:59:09'),
(243, 'Назад у майбутнє. Частина 3', 'nazad-u-maibutnje-castina-3', 'Back to the Future Part III', '118 хвилин (01:58)', 'Мэри Стинберген, Томас Ф. Уилсон, Лиа Томпсон, Элизабет Шу, Джеймс Толкан, Мэтт Кларк, Ричард А. Дайсарт, Гарри Кэри мл.', NULL, '<p>Завершення трилогії про мандрівки у часі. Невтомний Марті МакФлай вирушає в 1885 на старий Дикий Захід ковбоїв та індіанців на пошуки свого друга-вченого. Він потрапляє до будинку, який, через десятиліття стане його рідним будинком, зустрічається там із своїми предками. Ситуація складається таким чином, що повернутися свого часу нашим героям майже неможливо: для машини часу потрібне паливо, якого ще не винайшли. Але немає неможливого для кмітливого Марті та геніального професора!</p>', 1, 61, 1, 1, 1, 5, 1, 'images/2024-04-15/u5kH1wRu7CfLlsxsspB0j6rZrnrpLgHrBoWFWvn9.jpg', NULL, '2024-04-15 14:00:22'),
(244, 'Троя', 'troia', 'Troy', '163 хвилини (02:43)', 'Дайан Крюгер, Брайан Кокс, Брендан Глисон, Джули Кристи, Питер О`Тул, Роуз Бирн, Винсент Риган, Саффрон Берроуз, Джеймс Космо', NULL, '<p>1193 до нашої ери. Троянський царевич Паріс закохується в заміжню царину спартанську Олену і відвозить її з собою. Обдурений чоловік Олени - Менелай поєднується зі своїм войовничим братом Агамемноном і, спорядивши тисячу кораблів, вирушає у похід на Трою. Полководець упевнений у перемозі, адже йому допомагає невразливий Ахіллес. Армія під проводом Ахіллеса підійшла до Трої і взяла місто в криваву облогу, що тривала десять років. Два мири воюватимуть за честь та владу. Тисячі помруть за славу. І за кохання нація згорить вщент.</p>', 1, 75, 1, 1, 1, 2, 1, 'images/2024-04-15/0nnLBl6SQyYRuqVIbT1lmu1ahbuwKNnu8xtC4PUz.jpg', NULL, '2024-04-15 14:01:37');
INSERT INTO `films` (`id`, `title`, `slug`, `origin_title`, `duration`, `other_actor`, `note`, `description`, `category_id`, `year_id`, `season_id`, `rating_id`, `status_id`, `age_id`, `quality_id`, `thumbnail`, `created_at`, `updated_at`) VALUES
(245, 'Джобс: Імперія спокуси', 'dzobs-imperiia-spokusi', 'Jobs', '128 хвилин (02:08)', 'Дермот Малруни, Джош Гэд, Лукас Хаас, Лесли Энн Уоррен, Рон Элдард, Ана О`Райли, Джон Гец, Джеймс Вудс, Мэттью Модайн, Виктор Расук, Нельсон Франклин', NULL, '<p>Він був молодий, красивий і страшенно талановитий. Почавши з нуля, він зміг побудувати світову імперію спокуси. Про нього мріяли жінки. Йому заздрили чоловіки. Він спокусив мільйони. Його звали Стів Джобс. У картині будуть описані перемоги та невдачі, які були у житті відомого підприємця. Він почав свою кар\'єру в гаражі, без будь-якої відповідної освіти. Джобс зробив дуже багато, завдяки ньому у світі з\'явилися дивовижні пристрої, які мають величезний попит.</p>', 1, 84, 1, 1, 1, 4, 1, 'images/2024-04-15/o2Yz8rvAxW2FLYTg1gt3HosrrEH0ef1zTv2rehfI.jpg', NULL, '2024-04-15 14:02:53'),
(246, 'Спецназ міста янголів', 'specnaz-mista-iangoliv', 'S.W.A.T.', '117 хвилин (01:57)', 'Оливье Мартинес, Мішель Родріґес, ЛЛ Кул Джей, Джош Чарльз, Брайан Ван Холт, Рег Э. Кэти, Ларри Поиндекстер, Пейдж Кеннеди, Доменик Ломбардоззи, Джеймс ДюМонт, Денис Арндт, Линдси Гинтер', NULL, '<p>У поліціїСША існує безліч видів спецназу, але найкрутішим по праву вважається Особливий підрозділ, відбір до лав якого є справжнім випробуванням. Джима Стріта з лос-анджелеської поліції зараховують до складу Особливого підрозділу. Після навчання та тренувань молоде поповнення на чолі з командиром Хондо чекає на перше випробування &mdash; перевезення відомого наркобарона з в\'язниці до рук ФБР. Просте, на перший погляд, завдання ускладнюється тим, що багатий бранець призначає за своє звільнення неймовірний куш &mdash; 100 мільйонів доларів! Тому на всьому шляху слідування підрозділу належить відбивати безперервні атаки охочих отримати нагороду.</p>', 1, 74, 1, 1, 1, 2, 1, 'images/2024-04-15/m92gsRyRP0iMPLER41DRxVSSNVUo8yjhM9UYhlNW.jpg', NULL, '2024-04-15 14:04:10'),
(247, 'Три ікси', 'tri-iksi', 'xXx', '124 хвилини (02:04)', 'Дэнни Трехо, Азия Ардженто, Мартон Чокаш, Джо Букаро-третий, ТиДжей Бойс, Ив, Пол Ландрес, Майкл Руф, Рихи Мюллер, Вернер Даен, Пётр Якл, Ян Павел Филипенски, Том Эверетт', NULL, '<p>Ксандер Кейдж - колишня зірка екстремальних видів спорту, справжній \"адреналіновий наркоман\". Він не уявляє собі життя без смертельного ризику та азарту. Він нігіліст, зневажає \"суспільство споживання\" і живе лише заради гострих відчуттів. Вирішивши довести, що він може зробити неможливе, Ксандер береться за особливе доручення агента спецслужб Гіббонса, якому потрібен шпигун нового типу, здатний в комп\'ютерну епоху битися з нещадним і винахідливим супротивником. Доля світу відтепер знаходиться в руках нового супермена - Ксандера Кейджа!</p>', 1, 73, 1, 1, 1, 2, 3, 'images/2024-04-15/UlQqNaupOs8xK7fash1uU6QtS3ImbpUg5IqZzmWI.jpg', NULL, '2024-04-15 14:05:29'),
(248, 'Три ікси 2: Новий рівень', 'tri-iksi-2-novii-riven', 'xXx: State of the Union', '101 хвилина (01:41)', 'Уиллем Дефо, Питер Штраусс, Рамон Де Окампо, Майкл Руф, Санни Мабри, Нона Гэй, Джон Глисон Коннолли', NULL, '<p>Америка знову в небезпеці, і цього разу біда прийшла, звідки не чекали: удару по демократії було завдано зсередини! Група високопосадовців у білому будинку піднімає заколот із метою захоплення влади. Спецслужби безсилі - бунтівники розгромили Агентство Національної Безпеки (АНБ). Країна на межі хаосу і терору, але у офіцера АНБ Огастеса Гіббонса, що дивом вижив, залишається останній козир, здатний врятувати становище. Це Даріус Стоун, крутий і холоднокровний суперагент XXI століття, відібраний за надсекретною програмою \"Три Ікси\". Залишаючи після себе смерть і руйнування, ця людина-армія входить у битву, яка вирішить долю Америки та всього світу.</p>', 1, 76, 1, 1, 1, 2, 3, 'images/2024-04-15/XiHYNXXN0ll5epOG06Ixi5o6w9XpFe7pfjpBFKef.jpg', NULL, '2024-04-15 14:06:50'),
(249, 'Три ікси: Реактивізація', 'tri-iksi-reaktivizaciia', 'xXx: Return of Xander Cage', '107 хвилин (01:47)', 'Нина Добрев, Донни Йен, Тони Джаа, Дипика Падукон, Крис У, Руби Роуз, Рори МакКанн, Тони Коллетт, , Айс Кьюб, Гермиона Корфилд, Тони Гонзалез, Майкл Биспинг, Ал Сапиенза', NULL, '<p>УрядСША доручає групі чистильників басейнів та іншим любителям екстремальних відчуттів знайти секретну зброю відплати під назвою \"Скринька Пандори\". На чолі команди стає Ксандер Кейдж, примусово повернутий із добровільної відпустки. Справа ускладнюється тим, що на пошуки таємничого устрою вже висунулися леткі загони паркурщиків, збірна запеклих скейтбордистів у важкій вазі та професійні художники стріт-арту.</p>', 1, 88, 1, 1, 1, 2, 1, 'images/2024-04-15/R0kbQ7fOOcvolBsBJFbw3p0mTpdpeHoje6AYJfjt.jpg', NULL, '2024-04-15 14:08:12'),
(250, '100 дівчат і одна в ліфті', '100-divcat-i-odna-v-lifti', '100 Girls', '94 хвилини (01:34)', 'Кэтрин Хейгл, Джонатан Такер, Эммануэль Шрики, Джеймс ДеБелло, Лариса Олейник, Марисса Рибизи, Джон Грин мл., Эйми Грэм, Эндж Биллман, Кристина Анапау, Рэйнбо Марс, Моника Уэрта, Рейли МакЛарен, Кристин Херольд', NULL, '<p>Метью, студент коледжу, знайомиться з дівчиною своєї мрії у ліфті. В чому проблема? У ліфті не було світла, натомість був класний секс! І прокинувшись уранці, Метью бачить, що електрика є, а дівчата немає. Він закохується в неї, не побачивши її обличчя. Все що відомо &ndash; вона одна зі 100 дівчат жіночого гуртожитку. Герой вирішує поринути туди і знайти її.</p>', 1, 71, 1, 1, 1, 2, 1, 'images/2024-04-15/ER4GuTJRMvKiOzXzFEFFlCF8yqYJ2ULvjLJXgghX.jpg', NULL, '2024-04-15 14:09:35'),
(251, 'Воїн', 'voyin', 'Warrior', '140 хвилин (02:20)', 'Фрэнк Грилло, Дженнифер Моррисон, Кевин Данн, Максимилиано Эрнандес, Брайан Коллен, Гэвин О`Коннор, Сэм Шеридан, Фернандо Чиен, Джейк МакЛафлин, Ванесса Мартинес, Дензел Уитакер, Карлос Миранда', NULL, '<p>Томмі Конлон - молодий боєць, який повернувся додому після довгої відсутності, щоб приготуватися до участі у великому турнірі. Батько-пияка, у минулому талановитий боксер, береться тренувати сина. Однак на цьому шляху бійцю доведеться зіткнутися зі своїм старшим братом.</p>', 1, 82, 1, 1, 1, 4, 1, 'images/2024-04-15/nesEiyj4zT6EVYx2NfrTeaEm4MZBpESLvmpxdTKc.jpg', NULL, '2024-04-15 14:10:47'),
(252, 'Як одружитися з мільярдеркою', 'iak-odruzitisia-z-miliarderkoiu', 'How to Marry a Billionaire', '100 хвилини (01:40)', 'Джон Стамос, Кэрол Дэвис, Дори Бартон, Джошуа Малина', NULL, '<p>Троє молодих людей Том, Марк і Джейсон найбільше у житті хочуть розбагатіти. Причому швидко і зараз. І ось під час Різдвяних канікул, здобувши консультацію знаючих людей, вони розробляють геніальний план. Простіше не буває: треба зобразити із себе &laquo;крутих&raquo; голлівудських продюсерів. Це найкращий спосіб заманити в мережі привабливих і багатих жінок. Звичайно, є ризик, але гра коштує свічок!</p>', 1, 71, 1, 1, 1, 2, 7, 'images/2024-04-15/v2w5MSshRjdwSzSoo9sfgbLZ2k2OjIpPnKXiLnyT.jpg', NULL, '2024-04-15 14:12:00'),
(253, 'Юні Мутанти Черепашки Ніндзя', 'iuni-mutanti-cerepaski-nindzia', 'Teenage Mutant Ninja Turtles', '93 хвилини (01:33)', 'Джудит Хоаг, Элиас Котеас, Рэймонд Серра, Микелан Систи, Майкл Терни, Джеймс Сайто, Лейф Тилден, Луис Кантарини, Джэй Паттерсон, Джош Пэйс, Обата Тосиро, Китти Фитцгиббон, Дэвид Форман, Тосиро Обата, Джо Д`Онофрио', NULL, '<p>За коміксами Кевіна Істмана та Пітера Лейрда. Чотири черепашки і щур у каналізаційних трубах Нью-Йорка вляпалися в радіаційні відходи, мутували і перетворилися на людського зростання розумних черепашок, а щур, який раніше жив у японського майстра ніндзюцу, навчив їх бойовим мистецтвам. Черепашки Леонардо, Рафаель, Мікеланджело та Донателло потоваришували з тележурналісткою та допомогли зупинити зростання молодіжної злочинності.</p>', 1, 61, 1, 1, 1, 4, 1, 'images/2024-04-15/uEQfPCgCS8mJi6GMArpVBp2eJSf3SoTObh8CfzWb.jpg', NULL, '2024-04-15 14:13:15'),
(254, 'Юні Мутанти Черепашки Ніндзя II. Таємниця Препарату', 'iuni-mutanti-cerepaski-nindzia-ii-tajemnicia-preparatu', 'Teenage Mutant Ninja Turtles II: The Secret of the Ooze', '88 хвилин (01:28)', 'Пейдж Турко, Мишлен Систи, Лейф Тильден, Кенн Скотт, Марк Казо, Кевин Клэш, Эрни Рейес мл., Франсуа Чау, Тосиро Обата', NULL, '<p>Вони знову борються із лиходіями з клану Футов та їх ватажком Шредером. Завдяки Ейпріл О`Ніл, професору Джордану Пері та рознощику піци Кено черепашкам вдається зупинити поширення речовини, що мутує, мутагена і врятувати жителів Нью-Йорка від страшних мутантів Токка і Разара.</p>', 1, 62, 1, 1, 1, 4, 1, 'images/2024-04-15/4Y9h0vtBrGVEzq4WHCLYTQVh8isQpD3uoo82DU8W.jpg', NULL, '2024-04-15 14:14:31'),
(255, 'Юні черепашки Ніндзя 3', 'iuni-cerepaski-nindzia-3', 'Teenage Mutant Ninja Turtles III', '96 хвилин (01:36)', 'Пейдж Турко, Вивиан Ву, Джон Айлвард, Кори Фельдман, Глен Чин, Стюарт Уилсон, Тим Келлехер', NULL, '<p>Ейпріл купує в подарунок Сплінтеру древній японський скіпетр, але цей скіпетр виявляється зовсім не такий простий, як здавалося спочатку. Незабаром з\'ясовується, що він є своєрідним варіантом машини часу, який був придуманий японцями багато століть тому. Скіпетр переносить Ейпріл в середньовічну Японію, дізнавшись про це, черепашки вирішують вирушити за нею. Але замість того, щоб потрапити до храму, де має знаходитися Ейпріл, тунелі часу відправляють черепашок у саму гущу середньовічної битви.</p>', 1, 64, 1, 1, 1, 4, 1, 'images/2024-04-15/150BFGUIN6hc5QRQfpDUXXsAXypcrQlxuhHVJKaL.jpg', NULL, '2024-04-15 14:15:48'),
(256, 'Божевільний професор', 'bozevilnii-profesor', 'The Nutty Professor', '95 хвилин (01:35)', 'Джада Пинкетт Смит, Джеймс Коберн, Ларри Миллер, Дэйв Шапелл, Джон Алес, Патриция Уилсон, Ямал Миксон, Николь МакОли, Хэмилтон Фон Уоттс', NULL, '<p>Кохання змушує професора Шермана Клампа, який страждає від надмірної повноти, провести над собою сміливий експеримент. Чудодійний препарат перетворює незграбного, але доброго та делікатного товстуна у нахабного джигуна-ловеласа. Дві іпостасі геніального вченого вступають у боротьбу право існування. Неконтрольовані метаморфози героя породжують безліч комічних ситуацій.</p>', 1, 67, 1, 1, 1, 4, 1, 'images/2024-04-15/D99xIYn1QfZZCQgzP7XPWpOfcYMBeCB5cMTHVIHp.jpg', NULL, '2024-04-15 14:17:07'),
(257, 'Фільм 43 / Муві 43', 'film-43-muvi-43', 'Movie 43', '94 хвилини (01:34)', 'Річард Гір, Кріс Пратт, Наоми Уоттс, Кейт Уинслет, Джонни Ноксвилл, Ума Турман, Анна Фаріс, Терренс Говард, Хлоя Грейс Морец, Емма Стоун, Холли Берри, Кристен Белл, Элизабет Бэнкс, Бобби Каннавале', NULL, '<p>Візьміть прикольного режисера, додайте до нього чудовий акторський склад, змішайте з гарною порцією двозначних жартів, відполіруйте безбашенністю, і тихо відійдіть. Комедійний коктейль від одного з братів Фарреллі - режисера Пітера Фарреллі змітає всі межі дозволу. Це одна з найбільш шокуючих, оригінальних та гострих комедій, які коли-небудь були створені. 25 суперзірок першої величини &ndash; у комедійному проекті, який складається з двох десятків міні-новел з нескінченним потоком жартів, гегів, дотепів і пародій, про пристрасті та пристрасті людські.е?</p>', 1, 84, 1, 1, 1, 1, 3, 'images/2024-04-15/rUkJy55TE6dVSqd3QQRbYpfqZnKPTziyYso2t8gq.jpg', NULL, '2024-04-15 14:18:27'),
(258, 'Мандрівка на захід: Нові пригоди Лакі Люка', 'mandrivka-na-zaxid-novi-prigodi-laki-liuka', 'Go West: A Lucky Luke Adventure / Tous à l\'Ouest: Une aventure de Lucky Luke', '90 хв. (01:30)', 'Ламбер Вильсон, Кловис Корнийяк, Франсуа Морел, Бернар Алан, Микаэль Лонсдаль, Титофф Жан Пиа, Ди Ди Бриджуотер', NULL, '<p>Дії пригодницького мультфільму &laquo;Мандрівка на захід: Нові пригоди Лакі Люка&raquo; розпочинаються наприкінці ХІХ століття у Нью-Йорку. Під час судового розгляду взяті під варту обвинувачені брати Дальтон втікають із в\'язниці. Опинившись на волі, четвірка відв\'язних грабіжників береться за старе і здыйснює низку зухвалих пограбувань банків у всьому місті. Поліція не може спіймати невловимих злочинців і тоді за справу береться відважний і швидкий наче блискавка ковбой Лакі Люк. Однак у протистояння між братами Дальтон і Лакі Люком втручається невелика група переселенців, яким необхідно дістатися Каліфорнії протягом вісімдесяти днів. Саме на ковбоя Лакі Люка вони покладають усі свої надії, адже він неодноразово подорожував по всій країні і знає яким шляхом провести людей через всю країну. Не втрачають нагоди втекти з Нью-Йорка і брати Дальтон, які сховали награбоване в одному з фургонів переселенців. Ось тільки в якому саме вони не запам\'ятали, тому тепер змушені вирушити у далеку подорож через Дикий Захід, а також непомітно обшукати всі фургони.</p>', 4, 78, 1, 1, 1, 5, 3, 'images/2024-04-15/MTLOrFH2Py5mQaOJRjEtAjb5tkyXKv8fQ295vW3F.jpg', NULL, '2024-04-15 14:19:49'),
(259, 'Щасливчик Люк: Балада про Дальтонів', 'shhaslivcik-liuk-balada-pro-daltoniv', 'Lucky Luke. La ballade des Dalton', '82 хв. (01:22)', 'Роже Карель, Жорж Атлас, Даніель Секкальді, Жак Балютен, Ксав\'є Депра, Жак Дешам', NULL, '<p>&laquo;Щасливчик Люк: Балада про Дальтонів&raquo; - злісні розбійники брати Далтони знову замишляють щось недобре. Ще недавно чотири злочинці начудили стільки всього в різних куточках країни, що потрапили під найсуворіший суд, який засудив їх на цілих 4200 років. Але навіть суворе буття тюремного ув\'язнення не змогло вплинути на лиходіїв і направити їх на істинний шлях. Продумавши до дрібниць план втечі, Четвірка Далтонів хитро вислизає зі злощасної в\'язниці. Вони знову на волі і надалі не мають наміру попадатися. Тепер їхня головна мета &ndash; отримати якусь спадщину і, звичайно ж, помститися одному самовпевненому детективу, який помістив їх за ґрати. Для цієї банди немає законів честі, вони не бояться наслідків і впевнені, що нікому не під силу їх зловити. Але тут на їхньому шляху встає найкращий шериф на всьому Дикому Заході, він найвлучніший стрілець і ворог номер один для всіх злочинців. Звати його Щасливчик Люк. Ось тепер і почнеться справжня гонка. Перестрілки, цікаві повороти, веселі моменти та захоплюючі пригоди, які не залишать глядача байдужим. Хто ж переможе цього разу: охоронець закону чи хитрі лиходії? Подивимося?</p>', 4, 49, 1, 1, 1, 5, 3, 'images/2024-04-15/pXa2QEAWJyuXgTOFg2BVchiRSAWzx1C38WcAvR0B.jpg', NULL, '2024-04-15 14:21:13'),
(260, 'Щасливчик Люк: Дальтони на свободі', 'shhaslivcik-liuk-daltoni-na-svobodi', 'Lucky Luke. Les Dalton en cavale', '82 хв. (01:22)', 'Jacques Thébault, Роже Карель, П\'єр Трабо, Gérard Hernandez, Жак Балютен, П\'єр Торнад', NULL, '<p>Даний мультфільм - об\'єднаний із трьох частин мультиків про Лакі Люка - французького персонажа коміксів, який запам\'ятався багатьом глядачам. Його покликання - відстоювати закон та справедливість. Із цим завданням він добре порається. Проте, в якийсь момент на його шляху постає кумедна банда братів Далтон. Напротязі фільму їх чекають постійні погоні добра за злом та винахідливість сміливого ковбоя. Спочатку він розправиться з самою бандою. Далі йому доведеться впоратись з більш грізним противником - мамусею Далтон, а в кінці викрити банду знову, адже та попала під амністію.</p>', 4, 54, 1, 1, 1, 5, 1, 'images/2024-04-15/kP2gN6ieK5IwByWfWuZgZpLTQqbjCIpgcDs6Lwb9.jpg', NULL, '2024-04-15 14:22:37'),
(261, 'Щасливчик Люк: Ромашка Таун / Дейзі Таун', 'shhaslivcik-liuk-romaska-taun-deizi-taun', 'Daisy Town', '72 хв. (01:12)', 'Марсель Боззюффи, П\'єр Трабо, Жак Балютен, Jacques Jouanneau, П\'єр Торнад, Жан Бергер', NULL, '<p>Знаєте таку приказку: \"Київ не відразу будувався\"? Так ось - Америка теж. Найперші поселенці на Західному узбережжі і уявити собі не могли, які пригоди їх чекають і що їм доведеться пережити в цій безлюдній долині. На дикому заході панують дикі закони, а Щасливчик Люк не тільки шериф за посадою, а й єдина людина, яка здатна втілити ці закони в життя. І хоча його методи нетрадиційні, проте справляють дуже хорошу дію ... Мультфільм про легендарного персонажа минулих років, який не залишить вас байдужими. Переглядайте його рідною мовою!</p>', 4, 42, 1, 1, 1, 5, 3, 'images/2024-04-15/WWikiNFhiTnxGkIAe7snptslNRMU7yfL6KFkZbW7.jpg', NULL, '2024-04-15 15:07:28'),
(262, 'Футурама: У дику зелену далич', 'futurama-u-diku-zelenu-dalic', 'Futurama: Into the Wild Green Yonder', '89 хвилин (01:29)', 'Билли Уэст, Кэти Сагал, Джон Ди Маджио, Тресс МакНилл, Морис ЛаМарш, Фил ЛаМарр, Лорен Том, Дэвид Херман, Доун Льюис, Снуп Догг', NULL, '<p>У цій серії ФУТУРАМИ, атакують злі сили, віком старше за саму історію, щоб перешкодити настанню нової чудової Зеленої Ери. Більше того, Бендер закохується у заміжнього женоробота. Ліла намагається уникнути закону - закону самого Зепа Бранігана. Фрай, як завжди - остання надія всього всесвіту. І його вербують для ультра-понад секретного завдання. Невже це кінець команди Планетного Експресу?! Вирушаємо у Дикі Зелені Далі&hellip;!</p>', 4, 80, 1, 1, 1, 4, 1, 'images/2024-04-15/iUIIaDfhEyGRJrhDZPCWFSSNEP5UUL6XXk6lsSVz.jpg', NULL, '2024-04-15 15:08:42'),
(263, 'Футурама: Велика справа Бендера', 'futurama-velika-sprava-bendera', 'Futurama: Bender\'s Big Score', '88 хв. (01:28)', 'Джон Ди Маджио, Билли Уэст, Кэти Сагал, Лорен Том, Фил ЛаМарр, Морис ЛаМарш, Тресс МакНилл, Дэвид Херман, Доун Льюис, Кэт Суси', NULL, '<p>На честь повернення planet express влаштували захід, на якому стався нещасний випадок. Через необережність Гермес відрубав собі голову, а тіло придавив космічним об\'єктом. На період відновлення, голову і тіло Гермеса помістили в біокамеру. Під час настільки незвичайної процедури Ліла знайомиться з фахівцем в області біокамер - Ларсом і закохується в нього. З лікарні команда направляється на спецзавдання. Вантаж потрібно доставити на нудистську планету з пляжами. Там у Фрая на сідницях виявили татуювання у вигляді голови Бендера. Крім усього іншого, інопланетяни-нудисти написали петицію під приводом захисту тварин і тим самим отримали доступ до електронних адрес героїв.</p>', 4, 78, 1, 1, 1, 4, 1, 'images/2024-04-15/0b7QgPGLGbVqQzr2Ju38jk9wPbjTQRg30B4XFZS1.jpg', NULL, '2024-04-15 15:09:58'),
(264, 'Футурама: Звір з мільярдом спин', 'futurama-zvir-z-miliardom-spin', 'Futurama: The Beast with a Billion Backs', '90 хв. (01:30)', 'Дэн Кастелланета, Дэвид Кросс, Джон Ди Маджио, Стефен Хаукинг, Дэвид Херман (I), Морис ЛаМарш, Фил ЛаМарр, Тресс МакНилл, Бриттани Мёрфи, Кэти Сагал', NULL, '<p>Хіба може відважна команда направити свій зореліт до якої-небудь далекої галактики і влаштувати собі невелику відпустку без всяких погонь і іншого? Звичайно ж ні! Не встигли відгриміти події попередньої частини, а головним героям знову доведеться взятися за старе і зануритися в океан пригод. Футурама: Звір з мільярдом спин мультфільм 2008 року. У всесвіті на одну планету стало більше. Тільки на відміну від своїх сусідів, новоспечена кулька більше схожа на жахливого монстра, розміри якого невідомі історії. Опинившись на Землі, чудовисько хапає Фрая і швидко робить його другим Ісусом. Тепер популярність молодого хлопця починає невблаганно зашкалювати, тому що він - батько нової релігії.</p>', 4, 79, 1, 1, 1, 4, 1, 'images/2024-04-15/9pe4HflSbeDoVTckNWSJPF3RQZDP6vBUk2bxuEOW.jpg', NULL, '2024-04-15 15:11:15'),
(265, 'Футурама: Гра Бендера', 'futurama-gra-bendera', 'Futurama: Bender\'s Game', '88 хв. (01:28)', 'Кэти Сагал, Джон Ди Маджио, Дэвид Херман (I), Морис ЛаМарш, Фил ЛаМарр, Рич Литтл, Тресс МакНилл, Кэт Суси, Джордж Такей, Лорен Том', NULL, '<p>На планеті наближається криза, адже паливо, яке раніше люди сприймали як звичайну річ, стало справжньою розкішшю. І тепер героям потрібно \"прогодувати\" себе, а точніше відправитися в єдине місце, де, на їхню думку, ще можна знайти пальне. Шлях сам по собі виявляється досить довгим, що вже говорити про сварки в дорозі. Але, тільки діставшись до місця, герої потрапляють в підземелля. І там, замість пального, виявляють цілу країну, під назвою Середньовіччя. Країна в підземеллі була б не такою дивною, якщо б не її жителі. Лицарі, їх друзі дракони, а так само добрі і злі маги, які постійно перебувають в стані наркотичного сп\'яніння. Як пояснити їм усім, що їх населення просто кишить дивними людьми, а єдине, що потрібно гостям - трохи палива? Чи може бути взагалі всьому цьому якесь логічне пояснення?</p>', 4, 79, 1, 1, 1, 4, 1, 'images/2024-04-15/vkKoneYgA6Q8DQQW9eANMkOVp9ARpq2mUKlrifDi.jpg', NULL, '2024-04-15 15:12:34');

-- --------------------------------------------------------

--
-- Структура таблиці `film_genre`
--

CREATE TABLE `film_genre` (
  `id` int UNSIGNED NOT NULL,
  `genre_id` int UNSIGNED NOT NULL,
  `film_id` int UNSIGNED NOT NULL
) ENGINE=InnoDB DEFAULT CHARSET=utf8mb4 COLLATE=utf8mb4_unicode_ci;

--
-- Дамп даних таблиці `film_genre`
--

INSERT INTO `film_genre` (`id`, `genre_id`, `film_id`) VALUES
(1, 1, 1),
(2, 6, 1),
(3, 16, 1),
(4, 1, 2),
(5, 6, 2),
(6, 16, 2),
(7, 1, 3),
(8, 6, 3),
(9, 16, 3),
(10, 17, 3),
(11, 1, 4),
(12, 6, 4),
(13, 16, 4),
(14, 1, 5),
(15, 6, 5),
(16, 1, 6),
(17, 6, 6),
(18, 9, 6),
(19, 16, 6),
(20, 17, 6),
(21, 1, 7),
(22, 6, 7),
(23, 17, 7),
(24, 1, 8),
(25, 6, 8),
(26, 1, 9),
(27, 6, 9),
(28, 1, 10),
(29, 6, 10),
(30, 1, 11),
(31, 6, 11),
(32, 7, 11),
(33, 1, 12),
(34, 6, 12),
(35, 7, 12),
(36, 16, 13),
(37, 7, 13),
(38, 1, 14),
(39, 2, 14),
(40, 6, 14),
(41, 1, 15),
(42, 4, 15),
(43, 6, 15),
(44, 13, 15),
(45, 1, 16),
(46, 6, 16),
(47, 1, 17),
(48, 6, 17),
(49, 1, 18),
(50, 6, 18),
(51, 17, 18),
(52, 6, 19),
(53, 11, 19),
(54, 14, 19),
(55, 15, 19),
(56, 17, 19),
(57, 6, 20),
(58, 14, 20),
(59, 15, 20),
(60, 1, 21),
(61, 6, 21),
(62, 13, 21),
(63, 1, 22),
(64, 2, 22),
(65, 6, 22),
(66, 17, 22),
(67, 1, 23),
(68, 6, 23),
(69, 16, 23),
(70, 6, 24),
(71, 9, 24),
(72, 15, 24),
(73, 1, 25),
(74, 6, 25),
(75, 9, 25),
(76, 15, 25),
(77, 6, 26),
(78, 11, 26),
(79, 17, 26),
(80, 6, 27),
(81, 13, 27),
(82, 14, 27),
(83, 6, 28),
(84, 11, 28),
(85, 17, 28),
(86, 6, 29),
(87, 11, 29),
(88, 16, 29),
(89, 1, 30),
(90, 6, 30),
(91, 13, 30),
(92, 14, 30),
(93, 6, 31),
(94, 9, 31),
(95, 17, 31),
(96, 6, 32),
(97, 17, 32),
(98, 1, 33),
(99, 6, 33),
(100, 17, 33),
(101, 6, 34),
(102, 14, 34),
(103, 15, 34),
(104, 1, 35),
(105, 6, 35),
(106, 16, 35),
(107, 1, 36),
(108, 6, 36),
(109, 11, 36),
(110, 15, 36),
(111, 6, 37),
(112, 11, 37),
(113, 13, 37),
(114, 16, 37),
(115, 6, 38),
(116, 11, 38),
(117, 16, 38),
(118, 1, 39),
(119, 4, 39),
(120, 6, 39),
(121, 17, 39),
(122, 1, 40),
(123, 5, 40),
(124, 14, 40),
(125, 1, 41),
(126, 6, 42),
(127, 10, 42),
(128, 16, 42),
(129, 6, 43),
(130, 15, 43),
(131, 17, 43),
(132, 1, 44),
(133, 6, 44),
(134, 15, 44),
(135, 1, 45),
(136, 6, 45),
(137, 1, 46),
(138, 6, 46),
(139, 7, 46),
(140, 9, 47),
(141, 11, 47),
(142, 15, 47),
(143, 1, 48),
(144, 5, 48),
(145, 9, 48),
(146, 11, 48),
(147, 15, 48),
(148, 1, 49),
(149, 9, 49),
(150, 15, 49),
(151, 9, 50),
(152, 11, 50),
(153, 15, 50),
(154, 1, 51),
(155, 13, 51),
(156, 11, 52),
(157, 17, 52),
(158, 8, 53),
(159, 11, 53),
(160, 12, 53),
(161, 17, 53),
(162, 1, 54),
(163, 13, 54),
(164, 17, 54),
(165, 1, 55),
(166, 11, 55),
(167, 14, 55),
(168, 1, 56),
(169, 13, 56),
(170, 13, 57),
(171, 15, 57),
(172, 1, 58),
(173, 6, 58),
(174, 8, 58),
(175, 17, 58),
(176, 1, 59),
(177, 9, 59),
(178, 14, 59),
(179, 15, 59),
(180, 17, 59),
(181, 1, 60),
(182, 13, 60),
(183, 16, 60),
(184, 1, 61),
(185, 4, 61),
(186, 5, 61),
(187, 8, 62),
(188, 9, 62),
(189, 12, 62),
(190, 17, 62),
(191, 18, 62),
(192, 9, 63),
(193, 11, 63),
(194, 17, 63),
(195, 3, 64),
(196, 13, 64),
(197, 1, 65),
(198, 6, 65),
(199, 11, 65),
(200, 17, 65),
(201, 1, 66),
(202, 11, 66),
(203, 15, 66),
(204, 19, 67),
(205, 11, 67),
(206, 9, 68),
(207, 11, 68),
(208, 1, 69),
(209, 1, 70),
(210, 2, 70),
(211, 15, 70),
(212, 1, 71),
(213, 2, 71),
(214, 15, 71),
(215, 11, 72),
(216, 14, 72),
(217, 17, 72),
(218, 18, 72),
(219, 9, 73),
(220, 11, 73),
(221, 15, 73),
(222, 1, 74),
(223, 2, 74),
(224, 1, 75),
(225, 2, 75),
(226, 6, 75),
(227, 9, 75),
(228, 11, 75),
(229, 17, 75),
(230, 9, 76),
(231, 11, 76),
(232, 17, 76),
(233, 18, 76),
(234, 1, 77),
(235, 11, 77),
(236, 9, 78),
(237, 11, 78),
(238, 13, 78),
(239, 17, 78),
(240, 9, 79),
(241, 11, 79),
(242, 12, 79),
(243, 17, 79),
(244, 9, 80),
(245, 11, 80),
(246, 12, 80),
(247, 15, 80),
(248, 17, 80),
(249, 6, 81),
(250, 9, 81),
(251, 11, 81),
(252, 17, 81),
(253, 18, 81),
(254, 1, 82),
(255, 5, 82),
(256, 9, 82),
(257, 11, 82),
(258, 1, 83),
(259, 5, 83),
(260, 9, 83),
(261, 11, 83),
(262, 1, 84),
(263, 14, 84),
(264, 1, 85),
(265, 14, 85),
(266, 1, 86),
(267, 1, 87),
(268, 15, 87),
(269, 1, 88),
(270, 4, 88),
(271, 5, 88),
(272, 1, 89),
(273, 4, 89),
(274, 5, 89),
(275, 1, 90),
(276, 4, 90),
(277, 5, 90),
(278, 1, 91),
(279, 5, 91),
(280, 14, 91),
(281, 15, 91),
(282, 1, 92),
(283, 5, 92),
(284, 14, 92),
(285, 15, 92),
(286, 1, 93),
(287, 5, 93),
(288, 14, 93),
(289, 15, 93),
(290, 1, 94),
(291, 13, 94),
(292, 10, 95),
(293, 11, 95),
(294, 13, 95),
(295, 16, 95),
(296, 9, 96),
(297, 11, 96),
(298, 13, 96),
(299, 17, 96),
(300, 6, 97),
(301, 11, 97),
(302, 16, 97),
(303, 17, 97),
(304, 9, 98),
(305, 11, 98),
(306, 6, 99),
(307, 8, 99),
(308, 9, 99),
(309, 11, 99),
(310, 13, 99),
(311, 16, 99),
(312, 17, 99),
(313, 18, 99),
(314, 6, 100),
(315, 8, 100),
(316, 9, 100),
(317, 11, 100),
(318, 13, 100),
(319, 16, 100),
(320, 17, 100),
(321, 18, 100),
(322, 1, 101),
(323, 11, 101),
(324, 15, 101),
(325, 1, 102),
(326, 4, 102),
(327, 1, 103),
(328, 4, 103),
(329, 1, 104),
(330, 4, 104),
(331, 1, 105),
(332, 4, 105),
(333, 1, 106),
(334, 11, 106),
(335, 15, 106),
(336, 9, 107),
(337, 11, 107),
(338, 13, 107),
(339, 17, 107),
(340, 9, 108),
(341, 11, 108),
(342, 13, 108),
(343, 17, 108),
(344, 18, 108),
(345, 13, 109),
(346, 17, 109),
(347, 18, 109),
(348, 6, 110),
(349, 8, 110),
(350, 9, 110),
(351, 11, 110),
(352, 15, 110),
(353, 17, 110),
(354, 18, 110),
(355, 1, 111),
(356, 12, 111),
(357, 16, 111),
(358, 9, 112),
(359, 11, 112),
(360, 15, 112),
(361, 1, 113),
(362, 6, 113),
(363, 17, 113),
(364, 1, 114),
(365, 5, 114),
(366, 6, 114),
(367, 11, 114),
(368, 17, 114),
(369, 1, 115),
(370, 6, 115),
(371, 11, 115),
(372, 17, 115),
(373, 1, 116),
(374, 15, 116),
(375, 9, 117),
(376, 11, 117),
(377, 15, 117),
(378, 1, 118),
(379, 6, 118),
(380, 15, 118),
(381, 1, 119),
(382, 6, 119),
(383, 15, 119),
(384, 9, 120),
(385, 11, 120),
(386, 15, 120),
(387, 9, 121),
(388, 11, 121),
(389, 15, 121),
(390, 11, 122),
(391, 17, 122),
(392, 1, 123),
(393, 15, 123),
(394, 1, 124),
(395, 1, 125),
(396, 6, 125),
(397, 9, 125),
(398, 11, 125),
(399, 9, 126),
(400, 11, 126),
(401, 15, 126),
(402, 1, 127),
(403, 15, 127),
(404, 1, 128),
(405, 15, 128),
(406, 1, 129),
(407, 11, 129),
(408, 15, 129),
(409, 1, 130),
(410, 6, 130),
(411, 11, 130),
(412, 17, 130),
(413, 1, 131),
(414, 6, 131),
(415, 11, 131),
(416, 17, 131),
(417, 1, 132),
(418, 6, 132),
(419, 1, 133),
(420, 6, 133),
(421, 1, 134),
(422, 6, 134),
(423, 15, 134),
(424, 1, 135),
(425, 1, 136),
(426, 11, 136),
(427, 15, 136),
(428, 6, 137),
(429, 13, 137),
(430, 17, 137),
(431, 1, 138),
(432, 6, 138),
(433, 9, 138),
(434, 11, 138),
(435, 13, 138),
(436, 15, 138),
(437, 1, 139),
(438, 6, 139),
(439, 9, 139),
(440, 11, 139),
(441, 13, 139),
(442, 15, 139),
(443, 1, 140),
(444, 6, 140),
(445, 9, 140),
(446, 11, 140),
(447, 13, 140),
(448, 15, 140),
(449, 1, 141),
(450, 6, 141),
(451, 9, 141),
(452, 11, 141),
(453, 13, 141),
(454, 15, 141),
(455, 1, 142),
(456, 6, 142),
(457, 1, 143),
(458, 6, 143),
(459, 1, 144),
(460, 6, 144),
(461, 1, 145),
(462, 6, 145),
(463, 13, 145),
(464, 17, 145),
(465, 3, 146),
(466, 13, 146),
(467, 1, 147),
(468, 6, 147),
(469, 11, 147),
(470, 1, 148),
(471, 11, 148),
(472, 15, 148),
(473, 1, 149),
(474, 6, 149),
(475, 9, 149),
(476, 11, 149),
(477, 1, 150),
(478, 6, 150),
(479, 1, 151),
(480, 6, 151),
(481, 8, 151),
(482, 14, 151),
(483, 16, 151),
(484, 6, 152),
(485, 9, 152),
(486, 11, 152),
(487, 13, 152),
(488, 15, 152),
(489, 3, 153),
(490, 6, 153),
(491, 9, 153),
(492, 13, 153),
(493, 1, 154),
(494, 6, 154),
(495, 11, 154),
(496, 1, 155),
(497, 11, 155),
(498, 14, 155),
(499, 15, 155),
(500, 13, 156),
(501, 15, 156),
(502, 1, 157),
(503, 6, 157),
(504, 11, 157),
(505, 17, 157),
(506, 1, 158),
(507, 6, 158),
(508, 9, 158),
(509, 11, 158),
(510, 15, 158),
(511, 9, 159),
(512, 11, 159),
(513, 13, 159),
(514, 15, 159),
(515, 11, 160),
(516, 14, 160),
(517, 17, 160),
(518, 18, 160),
(519, 6, 161),
(520, 9, 161),
(521, 11, 161),
(522, 17, 161),
(523, 11, 162),
(524, 15, 162),
(525, 17, 162),
(526, 1, 163),
(527, 6, 163),
(528, 9, 163),
(529, 11, 163),
(530, 15, 163),
(531, 17, 163),
(532, 1, 164),
(533, 6, 164),
(534, 13, 164),
(535, 1, 165),
(536, 2, 165),
(537, 6, 165),
(538, 9, 165),
(539, 6, 166),
(540, 8, 166),
(541, 17, 166),
(542, 6, 167),
(543, 9, 167),
(544, 11, 167),
(545, 17, 167),
(546, 6, 168),
(547, 11, 168),
(548, 17, 168),
(549, 3, 169),
(550, 13, 169),
(551, 19, 169),
(552, 1, 170),
(553, 6, 170),
(554, 9, 170),
(555, 11, 170),
(556, 15, 170),
(557, 1, 171),
(558, 6, 171),
(559, 9, 171),
(560, 11, 171),
(561, 1, 172),
(562, 11, 172),
(563, 15, 172),
(564, 6, 173),
(565, 9, 173),
(566, 11, 173),
(567, 16, 173),
(568, 1, 174),
(569, 6, 174),
(570, 8, 175),
(571, 15, 175),
(572, 9, 176),
(573, 11, 176),
(574, 13, 176),
(575, 15, 176),
(576, 11, 177),
(577, 13, 177),
(578, 15, 177),
(579, 1, 178),
(580, 6, 178),
(581, 1, 179),
(582, 2, 179),
(583, 6, 179),
(584, 1, 180),
(585, 6, 180),
(586, 7, 180),
(587, 6, 181),
(588, 11, 181),
(589, 13, 181),
(590, 17, 181),
(591, 1, 182),
(592, 6, 182),
(593, 11, 182),
(594, 15, 182),
(595, 1, 183),
(596, 2, 183),
(597, 6, 183),
(598, 8, 183),
(599, 16, 183),
(600, 1, 184),
(601, 6, 184),
(602, 6, 185),
(603, 11, 185),
(604, 17, 185),
(605, 11, 186),
(606, 15, 186),
(607, 17, 186),
(608, 1, 187),
(609, 11, 187),
(610, 15, 187),
(611, 6, 188),
(612, 11, 188),
(613, 14, 188),
(614, 17, 188),
(615, 1, 189),
(616, 6, 189),
(617, 11, 189),
(618, 6, 190),
(619, 13, 190),
(620, 1, 191),
(621, 13, 191),
(622, 17, 191),
(623, 1, 192),
(624, 6, 192),
(625, 8, 192),
(626, 11, 192),
(627, 12, 192),
(628, 13, 192),
(629, 17, 192),
(630, 1, 193),
(631, 6, 193),
(632, 11, 193),
(633, 12, 193),
(634, 17, 193),
(635, 11, 194),
(636, 13, 194),
(637, 18, 194),
(638, 1, 195),
(639, 6, 195),
(640, 8, 195),
(641, 11, 195),
(642, 15, 195),
(643, 17, 195),
(644, 1, 196),
(645, 6, 196),
(646, 13, 196),
(647, 15, 196),
(648, 6, 197),
(649, 9, 197),
(650, 11, 197),
(651, 15, 197),
(652, 17, 197),
(653, 1, 198),
(654, 2, 198),
(655, 13, 198),
(656, 11, 199),
(657, 15, 199),
(658, 9, 200),
(659, 10, 200),
(660, 11, 200),
(661, 13, 200),
(662, 1, 201),
(663, 2, 201),
(664, 6, 201),
(665, 17, 201),
(666, 9, 202),
(667, 11, 202),
(668, 15, 202),
(669, 18, 202),
(670, 9, 203),
(671, 11, 203),
(672, 15, 203),
(673, 18, 203),
(674, 6, 204),
(675, 9, 204),
(676, 11, 204),
(677, 6, 205),
(678, 9, 205),
(679, 11, 205),
(680, 6, 206),
(681, 11, 206),
(682, 17, 206),
(683, 6, 207),
(684, 11, 207),
(685, 17, 207),
(686, 6, 208),
(687, 11, 208),
(688, 17, 208),
(689, 1, 209),
(690, 6, 209),
(691, 14, 209),
(692, 17, 209),
(693, 1, 210),
(694, 6, 210),
(695, 14, 210),
(696, 6, 211),
(697, 14, 211),
(698, 6, 212),
(699, 8, 212),
(700, 11, 212),
(701, 17, 212),
(702, 6, 213),
(703, 8, 213),
(704, 11, 213),
(705, 17, 213),
(706, 6, 214),
(707, 8, 214),
(708, 11, 214),
(709, 17, 214),
(710, 6, 215),
(711, 8, 215),
(712, 11, 215),
(713, 17, 215),
(714, 6, 216),
(715, 11, 216),
(716, 17, 216),
(717, 11, 217),
(718, 17, 217),
(719, 18, 217),
(720, 1, 218),
(721, 6, 218),
(722, 9, 218),
(723, 11, 218),
(724, 6, 219),
(725, 11, 219),
(726, 17, 219),
(727, 6, 220),
(728, 11, 220),
(729, 17, 220),
(730, 6, 221),
(731, 11, 221),
(732, 17, 221),
(733, 6, 222),
(734, 11, 222),
(735, 17, 222),
(736, 6, 223),
(737, 11, 223),
(738, 17, 223),
(739, 6, 224),
(740, 11, 224),
(741, 17, 224),
(742, 6, 225),
(743, 11, 225),
(744, 17, 225),
(745, 11, 226),
(746, 12, 226),
(747, 16, 226),
(748, 1, 227),
(749, 6, 227),
(750, 11, 227),
(751, 15, 227),
(752, 1, 228),
(753, 6, 228),
(754, 11, 228),
(755, 15, 228),
(756, 1, 229),
(757, 6, 229),
(758, 11, 229),
(759, 15, 229),
(760, 1, 230),
(761, 6, 230),
(762, 11, 230),
(763, 15, 230),
(764, 1, 231),
(765, 6, 231),
(766, 11, 231),
(767, 15, 231),
(768, 9, 232),
(769, 11, 232),
(770, 13, 232),
(771, 15, 232),
(772, 1, 233),
(773, 6, 233),
(774, 9, 233),
(775, 15, 233),
(776, 1, 234),
(777, 6, 234),
(778, 9, 234),
(779, 15, 234),
(780, 1, 235),
(781, 6, 235),
(782, 9, 235),
(783, 15, 235),
(784, 1, 236),
(785, 6, 236),
(786, 9, 236),
(787, 15, 236),
(788, 1, 237),
(789, 6, 237),
(790, 9, 237),
(791, 15, 237),
(792, 1, 238),
(793, 6, 238),
(794, 9, 238),
(795, 14, 238),
(796, 15, 238),
(797, 1, 239),
(798, 6, 239),
(799, 9, 239),
(800, 15, 239),
(801, 9, 240),
(802, 11, 240),
(803, 13, 240),
(804, 1, 241),
(805, 2, 241),
(806, 6, 241),
(807, 17, 241),
(808, 1, 242),
(809, 2, 242),
(810, 6, 242),
(811, 17, 242),
(812, 1, 243),
(813, 2, 243),
(814, 6, 243),
(815, 7, 243),
(816, 17, 243),
(817, 9, 244),
(818, 10, 244),
(819, 11, 244),
(820, 13, 244),
(821, 13, 245),
(822, 19, 245),
(823, 9, 246),
(824, 11, 246),
(825, 15, 246),
(826, 6, 247),
(827, 9, 247),
(828, 11, 247),
(829, 15, 247),
(830, 6, 248),
(831, 9, 248),
(832, 11, 248),
(833, 15, 248),
(834, 6, 249),
(835, 9, 249),
(836, 11, 249),
(837, 15, 249),
(838, 1, 250),
(839, 4, 250),
(840, 6, 250),
(841, 3, 251),
(842, 13, 251),
(843, 1, 252),
(844, 6, 252),
(845, 1, 253),
(846, 2, 253),
(847, 6, 253),
(848, 8, 253),
(849, 9, 253),
(850, 11, 253),
(851, 16, 253),
(852, 17, 253),
(853, 1, 254),
(854, 2, 254),
(855, 6, 254),
(856, 8, 254),
(857, 9, 254),
(858, 11, 254),
(859, 16, 254),
(860, 17, 254),
(861, 1, 255),
(862, 2, 255),
(863, 6, 255),
(864, 8, 255),
(865, 9, 255),
(866, 11, 255),
(867, 16, 255),
(868, 17, 255),
(869, 1, 256),
(870, 2, 256),
(871, 6, 256),
(872, 17, 256),
(873, 1, 257),
(874, 5, 257),
(875, 6, 257),
(876, 16, 257),
(877, 1, 258),
(878, 7, 258),
(879, 1, 259),
(880, 6, 259),
(881, 7, 259),
(882, 1, 260),
(883, 6, 260),
(884, 7, 260),
(885, 1, 261),
(886, 6, 261),
(887, 7, 261),
(888, 1, 262),
(889, 6, 262),
(890, 16, 262),
(891, 17, 262),
(892, 1, 263),
(893, 6, 263),
(894, 16, 263),
(895, 17, 263),
(896, 1, 264),
(897, 6, 264),
(898, 16, 264),
(899, 17, 264),
(900, 1, 265),
(901, 6, 265),
(902, 16, 265),
(903, 17, 265);

-- --------------------------------------------------------

--
-- Структура таблиці `film_language`
--

CREATE TABLE `film_language` (
  `id` int UNSIGNED NOT NULL,
  `language_id` int UNSIGNED NOT NULL,
  `film_id` int UNSIGNED NOT NULL
) ENGINE=InnoDB DEFAULT CHARSET=utf8mb4 COLLATE=utf8mb4_unicode_ci;

--
-- Дамп даних таблиці `film_language`
--

INSERT INTO `film_language` (`id`, `language_id`, `film_id`) VALUES
(1, 2, 1),
(2, 2, 2),
(3, 11, 3),
(4, 10, 3),
(5, 37, 3),
(6, 38, 3),
(7, 39, 3),
(8, 2, 4),
(9, 2, 7),
(10, 2, 8),
(11, 3, 8),
(12, 3, 11),
(13, 3, 12),
(14, 3, 13),
(15, 2, 14),
(16, 3, 14),
(17, 18, 15),
(18, 34, 16),
(19, 12, 17),
(20, 18, 17),
(21, 21, 17),
(22, 21, 18),
(23, 34, 18),
(24, 35, 18),
(25, 5, 19),
(26, 9, 20),
(27, 2, 21),
(28, 5, 22),
(29, 13, 23),
(30, 5, 24),
(31, 35, 25),
(32, 34, 25),
(33, 8, 26),
(34, 13, 27),
(35, 6, 27),
(36, 24, 27),
(37, 42, 28),
(38, 13, 29),
(39, 24, 29),
(40, 8, 30),
(41, 2, 31),
(42, 5, 32),
(43, 35, 33),
(44, 34, 33),
(45, 15, 34),
(46, 2, 35),
(47, 19, 36),
(48, 23, 36),
(49, 9, 37),
(50, 2, 38),
(51, 2, 39),
(52, 2, 40),
(53, 15, 41),
(54, 2, 42),
(55, 2, 43),
(56, 2, 44),
(57, 18, 45),
(58, 12, 45),
(59, 4, 45),
(60, 3, 46),
(61, 5, 47),
(62, 20, 48),
(63, 6, 49),
(64, 41, 50),
(65, 21, 51),
(66, 1, 52),
(67, 8, 53),
(68, 12, 54),
(69, 1, 55),
(70, 15, 56),
(71, 16, 57),
(72, 16, 58),
(73, 2, 59),
(74, 15, 60),
(75, 12, 61),
(76, 7, 62),
(77, 15, 63),
(78, 22, 64),
(79, 15, 65),
(80, 30, 65),
(81, 23, 66),
(82, 23, 67),
(83, 1, 68),
(84, 7, 69),
(85, 15, 70),
(86, 12, 70),
(87, 33, 70),
(88, 15, 71),
(89, 12, 71),
(90, 7, 72),
(91, 5, 73),
(92, 15, 74),
(93, 15, 75),
(94, 24, 76),
(95, 24, 77),
(96, 15, 78),
(97, 15, 79),
(98, 15, 80),
(99, 15, 81),
(100, 11, 81),
(101, 12, 82),
(102, 12, 83),
(103, 22, 84),
(104, 22, 85),
(105, 13, 86),
(106, 5, 87),
(107, 11, 88),
(108, 22, 88),
(109, 22, 89),
(110, 12, 90),
(111, 22, 90),
(112, 12, 91),
(113, 13, 92),
(114, 12, 93),
(115, 9, 94),
(116, 15, 95),
(117, 1, 96),
(118, 1, 97),
(119, 15, 98),
(120, 12, 99),
(121, 7, 100),
(122, 1, 101),
(123, 12, 102),
(124, 8, 103),
(125, 12, 104),
(126, 23, 105),
(127, 1, 106),
(128, 7, 107),
(129, 11, 108),
(130, 15, 109),
(131, 5, 110),
(132, 1, 111),
(133, 1, 112),
(134, 15, 113),
(135, 5, 114),
(136, 13, 114),
(137, 17, 115),
(138, 16, 116),
(139, 15, 117),
(140, 11, 118),
(141, 12, 119),
(142, 5, 120),
(143, 5, 121),
(144, 5, 122),
(145, 1, 123),
(146, 25, 124),
(147, 8, 125),
(148, 11, 126),
(149, 7, 127),
(150, 7, 128),
(151, 15, 129),
(152, 9, 130),
(153, 7, 131),
(154, 24, 132),
(155, 24, 133),
(156, 15, 134),
(157, 15, 135),
(158, 5, 136),
(159, 26, 137),
(160, 5, 138),
(161, 5, 139),
(162, 5, 140),
(163, 5, 141),
(164, 5, 142),
(165, 16, 143),
(166, 1, 144),
(167, 15, 145),
(168, 27, 146),
(169, 1, 147),
(170, 9, 148),
(171, 20, 149),
(172, 17, 149),
(173, 13, 150),
(174, 12, 151),
(175, 1, 152),
(176, 11, 153),
(177, 1, 154),
(178, 25, 155),
(179, 16, 156),
(180, 15, 157),
(181, 12, 158),
(182, 24, 159),
(183, 26, 160),
(184, 17, 161),
(185, 1, 162),
(186, 15, 163),
(187, 1, 164),
(188, 5, 165),
(189, 1, 166),
(190, 28, 167),
(191, 1, 168),
(192, 13, 169),
(193, 5, 170),
(194, 1, 171),
(195, 1, 172),
(196, 16, 173),
(197, 1, 174),
(198, 11, 175),
(199, 5, 176),
(200, 12, 176),
(201, 15, 177),
(202, 1, 178),
(203, 9, 179),
(204, 15, 180),
(205, 5, 181),
(206, 29, 182),
(207, 13, 183),
(208, 15, 184),
(209, 5, 185),
(210, 8, 186),
(211, 5, 187),
(212, 26, 188),
(213, 25, 189),
(214, 15, 190),
(215, 5, 191),
(216, 23, 192),
(217, 1, 193),
(218, 23, 194),
(219, 5, 195),
(220, 15, 196),
(221, 15, 197),
(222, 21, 198),
(223, 5, 199),
(224, 5, 200),
(225, 17, 200),
(226, 12, 201),
(227, 24, 202),
(228, 24, 203),
(229, 1, 204),
(230, 15, 204),
(231, 5, 205),
(232, 17, 205),
(233, 1, 206),
(234, 1, 207),
(235, 23, 208),
(236, 4, 209),
(237, 4, 210),
(238, 4, 211),
(239, 25, 212),
(240, 25, 213),
(241, 12, 214),
(242, 1, 215),
(243, 26, 216),
(244, 27, 217),
(245, 1, 218),
(246, 23, 219),
(247, 23, 220),
(248, 23, 221),
(249, 23, 222),
(250, 23, 223),
(251, 23, 224),
(252, 23, 225),
(253, 5, 226),
(254, 15, 227),
(255, 15, 228),
(256, 5, 229),
(257, 15, 230),
(258, 1, 231),
(259, 12, 232),
(260, 15, 233),
(261, 15, 234),
(262, 15, 235),
(263, 15, 236),
(264, 15, 237),
(265, 15, 238),
(266, 15, 239),
(267, 30, 240),
(268, 11, 241),
(269, 11, 242),
(270, 11, 243),
(271, 5, 244),
(272, 31, 245),
(273, 5, 246),
(274, 15, 247),
(275, 15, 248),
(276, 1, 249),
(277, 12, 250),
(278, 32, 251),
(279, 2, 252),
(280, 13, 253),
(281, 43, 253),
(282, 15, 254),
(283, 13, 254),
(284, 15, 255),
(285, 11, 256),
(286, 1, 257),
(287, 12, 258),
(288, 24, 259),
(289, 24, 260),
(290, 1, 261),
(291, 1, 262),
(292, 34, 263),
(293, 40, 263),
(294, 1, 264),
(295, 1, 265);

-- --------------------------------------------------------

--
-- Структура таблиці `film_producer`
--

CREATE TABLE `film_producer` (
  `id` int UNSIGNED NOT NULL,
  `producer_id` int UNSIGNED NOT NULL,
  `film_id` int UNSIGNED NOT NULL
) ENGINE=InnoDB DEFAULT CHARSET=utf8mb4 COLLATE=utf8mb4_unicode_ci;

--
-- Дамп даних таблиці `film_producer`
--

INSERT INTO `film_producer` (`id`, `producer_id`, `film_id`) VALUES
(1, 449, 1),
(2, 436, 2),
(3, 344, 3),
(4, 132, 3),
(5, 262, 3),
(6, 311, 3),
(7, 194, 3),
(8, 366, 3),
(9, 66, 3),
(10, 503, 3),
(11, 325, 3),
(12, 77, 3),
(13, 168, 3),
(14, 164, 3),
(15, 298, 3),
(16, 269, 3),
(17, 154, 4),
(18, 289, 5),
(19, 427, 5),
(20, 488, 5),
(21, 498, 5),
(22, 196, 5),
(23, 229, 5),
(24, 486, 5),
(25, 482, 5),
(26, 258, 6),
(27, 376, 6),
(28, 355, 7),
(30, 31, 8),
(31, 4, 8),
(32, 13, 8),
(33, 9, 9),
(34, 128, 10),
(35, 409, 10),
(36, 336, 11),
(37, 27, 12),
(38, 2, 12),
(39, 20, 12),
(40, 6, 13),
(41, 14, 13),
(42, 501, 14),
(43, 463, 14),
(44, 255, 15),
(45, 274, 15),
(46, 178, 16),
(47, 407, 17),
(48, 113, 17),
(49, 278, 18),
(50, 111, 19),
(51, 111, 20),
(52, 475, 20),
(53, 225, 20),
(54, 117, 21),
(55, 386, 22),
(56, 474, 22),
(57, 61, 22),
(58, 446, 22),
(59, 435, 23),
(60, 416, 23),
(61, 502, 23),
(62, 296, 23),
(63, 450, 24),
(64, 35, 25),
(65, 21, 25),
(66, 25, 25),
(67, 19, 25),
(68, 26, 25),
(69, 5, 25),
(70, 33, 25),
(71, 1, 25),
(72, 15, 25),
(73, 481, 26),
(74, 84, 27),
(75, 383, 28),
(76, 435, 29),
(77, 60, 29),
(78, 285, 29),
(79, 112, 30),
(80, 225, 31),
(81, 201, 32),
(82, 228, 32),
(83, 193, 32),
(84, 315, 33),
(85, 10, 33),
(86, 29, 33),
(87, 32, 33),
(88, 18, 33),
(89, 16, 33),
(90, 34, 33),
(91, 24, 33),
(92, 335, 34),
(93, 452, 34),
(94, 17, 35),
(95, 30, 35),
(96, 356, 36),
(97, 119, 37),
(98, 232, 38),
(99, 382, 38),
(100, 476, 39),
(101, 204, 39),
(102, 414, 39),
(103, 430, 39),
(104, 100, 39),
(105, 355, 40),
(106, 342, 41),
(107, 133, 41),
(108, 257, 41),
(109, 428, 42),
(110, 294, 42),
(111, 97, 43),
(112, 184, 43),
(113, 116, 43),
(114, 343, 44),
(115, 56, 44),
(116, 290, 44),
(117, 48, 44),
(118, 231, 44),
(119, 64, 44),
(120, 49, 44),
(121, 153, 44),
(122, 106, 44),
(123, 277, 44),
(124, 181, 44),
(125, 68, 45),
(126, 217, 45),
(127, 351, 46),
(128, 397, 46),
(129, 359, 47),
(130, 276, 47),
(131, 125, 47),
(132, 170, 48),
(133, 37, 48),
(134, 372, 48),
(135, 500, 49),
(136, 456, 50),
(137, 312, 50),
(138, 46, 51),
(139, 203, 51),
(140, 52, 51),
(141, 158, 51),
(142, 495, 52),
(143, 186, 52),
(144, 451, 52),
(145, 197, 53),
(146, 302, 53),
(147, 101, 54),
(148, 421, 54),
(149, 361, 55),
(150, 249, 55),
(151, 469, 55),
(152, 89, 56),
(153, 162, 56),
(154, 52, 57),
(155, 53, 57),
(156, 426, 57),
(157, 438, 57),
(158, 156, 58),
(159, 425, 58),
(160, 484, 58),
(161, 81, 58),
(162, 399, 59),
(163, 479, 60),
(164, 105, 60),
(165, 359, 61),
(166, 271, 62),
(167, 208, 62),
(168, 192, 63),
(169, 80, 64),
(170, 328, 64),
(171, 460, 65),
(172, 93, 65),
(173, 304, 65),
(174, 367, 66),
(175, 90, 66),
(176, 41, 66),
(177, 189, 66),
(178, 59, 67),
(179, 461, 67),
(180, 248, 67),
(181, 437, 68),
(182, 456, 68),
(183, 150, 69),
(184, 198, 70),
(185, 198, 71),
(186, 505, 72),
(187, 175, 72),
(188, 93, 72),
(189, 192, 73),
(190, 318, 74),
(191, 282, 74),
(192, 370, 74),
(193, 163, 74),
(194, 340, 74),
(195, 403, 74),
(196, 95, 74),
(197, 51, 75),
(198, 205, 75),
(199, 360, 75),
(200, 412, 75),
(201, 458, 75),
(202, 417, 75),
(203, 406, 76),
(204, 267, 76),
(205, 161, 77),
(206, 447, 77),
(207, 161, 78),
(208, 11, 78),
(209, 332, 78),
(210, 307, 79),
(211, 199, 79),
(212, 192, 79),
(213, 192, 80),
(214, 307, 80),
(215, 199, 80),
(216, 332, 81),
(217, 242, 81),
(218, 371, 82),
(219, 67, 82),
(220, 371, 83),
(221, 67, 83),
(222, 160, 84),
(223, 108, 84),
(224, 375, 84),
(225, 75, 84),
(226, 160, 85),
(227, 108, 85),
(228, 75, 85),
(229, 243, 85),
(230, 468, 86),
(231, 47, 86),
(232, 266, 87),
(233, 247, 87),
(234, 496, 88),
(235, 341, 88),
(236, 247, 88),
(237, 297, 88),
(238, 72, 89),
(239, 98, 89),
(240, 496, 89),
(241, 341, 89),
(242, 63, 89),
(243, 81, 89),
(244, 137, 90),
(245, 410, 90),
(246, 410, 91),
(247, 187, 91),
(248, 410, 92),
(249, 187, 92),
(250, 410, 93),
(251, 187, 93),
(252, 137, 93),
(253, 401, 94),
(254, 338, 95),
(255, 332, 96),
(256, 147, 96),
(257, 350, 96),
(258, 88, 96),
(259, 186, 96),
(260, 242, 96),
(261, 161, 97),
(262, 202, 97),
(263, 199, 98),
(264, 301, 99),
(265, 413, 99),
(266, 308, 100),
(267, 389, 101),
(268, 337, 101),
(269, 327, 101),
(270, 280, 102),
(271, 284, 102),
(272, 95, 102),
(273, 275, 102),
(274, 284, 103),
(275, 7, 103),
(276, 381, 103),
(277, 280, 103),
(278, 40, 103),
(279, 284, 104),
(280, 381, 104),
(281, 280, 104),
(282, 40, 104),
(283, 284, 105),
(284, 40, 105),
(285, 275, 105),
(286, 95, 105),
(287, 59, 106),
(288, 110, 106),
(289, 91, 106),
(290, 440, 106),
(291, 332, 107),
(292, 242, 107),
(293, 11, 108),
(294, 279, 109),
(295, 36, 109),
(296, 245, 109),
(297, 470, 110),
(298, 254, 110),
(299, 144, 110),
(300, 214, 111),
(301, 405, 111),
(302, 121, 111),
(303, 131, 111),
(304, 86, 112),
(305, 134, 112),
(306, 250, 112),
(307, 489, 112),
(308, 313, 112),
(309, 314, 113),
(310, 137, 114),
(311, 368, 115),
(312, 256, 116),
(313, 388, 116),
(314, 442, 116),
(315, 362, 116),
(316, 306, 116),
(317, 487, 116),
(318, 192, 117),
(319, 307, 117),
(320, 236, 118),
(321, 244, 118),
(322, 8, 119),
(323, 491, 120),
(324, 307, 120),
(325, 192, 120),
(326, 242, 121),
(327, 205, 121),
(328, 359, 122),
(329, 316, 122),
(330, 22, 122),
(331, 212, 123),
(332, 220, 123),
(333, 82, 123),
(334, 279, 124),
(335, 206, 124),
(336, 82, 124),
(337, 209, 124),
(338, 155, 124),
(339, 291, 125),
(340, 394, 125),
(341, 183, 126),
(342, 101, 126),
(343, 421, 126),
(344, 165, 127),
(345, 165, 128),
(346, 58, 128),
(347, 307, 129),
(348, 491, 129),
(349, 315, 130),
(350, 140, 130),
(351, 315, 131),
(352, 246, 131),
(353, 172, 131),
(354, 411, 132),
(355, 165, 132),
(356, 411, 133),
(357, 152, 133),
(358, 165, 133),
(359, 57, 134),
(360, 473, 134),
(361, 3, 134),
(362, 65, 135),
(363, 353, 136),
(364, 415, 136),
(365, 253, 137),
(366, 377, 137),
(367, 404, 138),
(368, 192, 138),
(369, 173, 138),
(370, 404, 139),
(371, 192, 139),
(372, 378, 139),
(373, 173, 139),
(374, 404, 140),
(375, 454, 140),
(376, 323, 140),
(377, 173, 140),
(378, 454, 140),
(379, 404, 141),
(380, 141, 141),
(381, 444, 141),
(382, 150, 142),
(383, 105, 142),
(384, 270, 142),
(385, 105, 143),
(386, 62, 144),
(387, 171, 145),
(388, 130, 146),
(389, 472, 146),
(390, 393, 146),
(391, 333, 146),
(392, 226, 146),
(393, 385, 146),
(394, 42, 147),
(395, 346, 148),
(396, 455, 148),
(397, 38, 149),
(398, 259, 149),
(399, 305, 150),
(400, 239, 150),
(401, 304, 151),
(402, 93, 151),
(403, 188, 151),
(404, 92, 152),
(405, 329, 152),
(406, 359, 152),
(407, 354, 153),
(408, 319, 154),
(409, 70, 154),
(410, 126, 154),
(411, 166, 155),
(412, 199, 155),
(413, 211, 155),
(414, 234, 156),
(415, 61, 157),
(416, 326, 157),
(417, 190, 157),
(418, 312, 158),
(419, 186, 159),
(420, 287, 160),
(421, 303, 160),
(422, 268, 160),
(423, 281, 160),
(424, 109, 160),
(425, 192, 161),
(426, 462, 161),
(427, 83, 161),
(428, 143, 161),
(429, 241, 161),
(430, 408, 162),
(431, 338, 162),
(432, 395, 162),
(433, 259, 162),
(434, 339, 163),
(435, 288, 163),
(436, 87, 164),
(437, 177, 164),
(438, 443, 164),
(439, 459, 164),
(440, 79, 165),
(441, 43, 165),
(442, 326, 165),
(443, 494, 165),
(444, 190, 165),
(445, 115, 165),
(446, 39, 166),
(447, 101, 166),
(448, 421, 166),
(449, 120, 167),
(450, 467, 167),
(451, 118, 167),
(452, 127, 168),
(453, 307, 168),
(454, 299, 168),
(455, 422, 169),
(456, 429, 170),
(457, 364, 171),
(458, 363, 171),
(459, 457, 172),
(460, 213, 172),
(461, 359, 172),
(462, 493, 172),
(463, 405, 173),
(464, 150, 174),
(465, 357, 174),
(466, 129, 174),
(467, 424, 174),
(468, 169, 174),
(469, 235, 175),
(470, 69, 175),
(471, 72, 175),
(472, 396, 176),
(473, 251, 176),
(474, 418, 176),
(475, 230, 176),
(476, 483, 176),
(477, 406, 176),
(478, 179, 177),
(479, 80, 178),
(480, 328, 178),
(481, 367, 179),
(482, 130, 179),
(483, 310, 180),
(484, 499, 180),
(485, 240, 181),
(486, 492, 181),
(487, 286, 181),
(488, 224, 182),
(489, 464, 182),
(490, 96, 182),
(491, 263, 183),
(492, 485, 183),
(493, 175, 183),
(494, 102, 183),
(495, 273, 183),
(496, 85, 183),
(497, 222, 183),
(498, 157, 183),
(499, 330, 183),
(500, 179, 184),
(501, 210, 185),
(502, 380, 186),
(503, 423, 186),
(504, 176, 186),
(505, 346, 187),
(506, 54, 188),
(507, 218, 188),
(508, 200, 188),
(509, 434, 188),
(510, 387, 189),
(511, 182, 189),
(512, 379, 189),
(513, 174, 189),
(514, 123, 190),
(515, 94, 190),
(516, 369, 190),
(517, 320, 191),
(518, 159, 191),
(519, 79, 191),
(520, 39, 192),
(521, 238, 192),
(522, 345, 192),
(523, 107, 193),
(524, 167, 194),
(525, 497, 194),
(526, 233, 194),
(527, 215, 194),
(528, 74, 195),
(529, 322, 196),
(530, 192, 197),
(531, 324, 197),
(532, 349, 198),
(533, 195, 198),
(534, 331, 198),
(535, 180, 199),
(536, 227, 200),
(537, 136, 200),
(538, 78, 200),
(539, 135, 201),
(540, 309, 201),
(541, 374, 202),
(542, 321, 202),
(543, 104, 202),
(544, 374, 203),
(545, 321, 203),
(546, 104, 203),
(547, 71, 204),
(548, 480, 204),
(549, 145, 204),
(550, 38, 204),
(551, 38, 205),
(552, 146, 205),
(553, 293, 205),
(554, 259, 205),
(555, 149, 206),
(556, 139, 206),
(557, 149, 207),
(558, 139, 207),
(559, 76, 207),
(560, 45, 207),
(561, 420, 207),
(562, 151, 208),
(563, 76, 208),
(564, 420, 208),
(565, 439, 209),
(566, 44, 209),
(567, 44, 210),
(568, 439, 211),
(569, 44, 211),
(570, 260, 212),
(571, 39, 213),
(572, 260, 213),
(573, 39, 214),
(574, 286, 214),
(575, 261, 214),
(576, 261, 215),
(577, 224, 216),
(578, 295, 217),
(579, 393, 217),
(580, 441, 217),
(581, 401, 218),
(582, 478, 218),
(583, 219, 218),
(584, 445, 218),
(585, 103, 219),
(586, 216, 219),
(587, 103, 220),
(588, 216, 220),
(589, 114, 221),
(590, 216, 221),
(591, 402, 222),
(592, 402, 223),
(593, 402, 224),
(594, 263, 225),
(595, 237, 225),
(596, 431, 225),
(597, 110, 226),
(598, 317, 226),
(599, 302, 226),
(600, 348, 227),
(601, 300, 227),
(602, 312, 228),
(603, 300, 228),
(604, 348, 228),
(605, 312, 229),
(606, 312, 230),
(607, 312, 231),
(608, 365, 232),
(609, 186, 232),
(610, 448, 232),
(611, 384, 233),
(612, 384, 234),
(613, 384, 235),
(614, 384, 236),
(615, 223, 236),
(616, 384, 237),
(617, 223, 237),
(618, 384, 238),
(619, 223, 238),
(620, 384, 239),
(621, 465, 239),
(622, 292, 239),
(623, 223, 239),
(624, 55, 240),
(625, 332, 240),
(626, 242, 240),
(627, 73, 241),
(628, 358, 241),
(629, 460, 241),
(630, 485, 241),
(631, 263, 241),
(632, 73, 242),
(633, 358, 242),
(634, 73, 243),
(635, 358, 243),
(636, 94, 244),
(637, 272, 244),
(638, 221, 244),
(639, 334, 245),
(640, 359, 246),
(641, 142, 246),
(642, 283, 246),
(643, 359, 247),
(644, 359, 248),
(645, 406, 248),
(646, 148, 248),
(647, 471, 248),
(648, 50, 248),
(649, 92, 249),
(650, 359, 249),
(651, 185, 249),
(652, 191, 249),
(653, 433, 249),
(654, 504, 250),
(655, 400, 250),
(656, 398, 250),
(657, 252, 250),
(658, 347, 250),
(659, 466, 250),
(660, 352, 250),
(661, 122, 251),
(662, 124, 251),
(663, 99, 252),
(664, 453, 252),
(665, 264, 252),
(666, 432, 253),
(667, 265, 253),
(668, 138, 253),
(669, 477, 254),
(670, 265, 254),
(671, 138, 254),
(672, 138, 255),
(673, 394, 255),
(674, 419, 255),
(675, 79, 256),
(676, 392, 256),
(677, 490, 257),
(678, 373, 257),
(679, 390, 257),
(680, 207, 257),
(681, 336, 258),
(682, 27, 259),
(683, 2, 259),
(684, 355, 260),
(685, 397, 261),
(686, 28, 261),
(687, 12, 261),
(688, 23, 261),
(689, 269, 262),
(690, 298, 262),
(691, 269, 263),
(692, 269, 264),
(693, 298, 264),
(694, 269, 265),
(695, 298, 265);

-- --------------------------------------------------------

--
-- Структура таблиці `film_selection`
--

CREATE TABLE `film_selection` (
  `id` int UNSIGNED NOT NULL,
  `selection_id` int UNSIGNED NOT NULL,
  `film_id` int UNSIGNED NOT NULL
) ENGINE=InnoDB DEFAULT CHARSET=utf8mb4 COLLATE=utf8mb4_unicode_ci;

-- --------------------------------------------------------

--
-- Структура таблиці `film_source`
--

CREATE TABLE `film_source` (
  `id` int UNSIGNED NOT NULL,
  `source_id` int UNSIGNED NOT NULL,
  `film_id` int UNSIGNED NOT NULL
) ENGINE=InnoDB DEFAULT CHARSET=utf8mb4 COLLATE=utf8mb4_unicode_ci;

-- --------------------------------------------------------

--
-- Структура таблиці `genres`
--

CREATE TABLE `genres` (
  `id` int UNSIGNED NOT NULL,
  `title` varchar(255) COLLATE utf8mb4_unicode_ci NOT NULL,
  `slug` varchar(255) COLLATE utf8mb4_unicode_ci NOT NULL,
  `created_at` timestamp NULL DEFAULT NULL,
  `updated_at` timestamp NULL DEFAULT NULL
) ENGINE=InnoDB DEFAULT CHARSET=utf8mb4 COLLATE=utf8mb4_unicode_ci;

--
-- Дамп даних таблиці `genres`
--

INSERT INTO `genres` (`id`, `title`, `slug`, `created_at`, `updated_at`) VALUES
(1, 'Комедія', 'komediia', '2024-04-15 05:15:58', '2024-04-15 05:15:58'),
(2, 'Сімейний', 'simeinii', '2024-04-15 05:15:58', '2024-04-15 05:15:58'),
(3, 'Спортивний', 'sportivnii', '2024-04-15 05:15:58', '2024-04-15 05:15:58'),
(4, 'Молодіжний', 'molodiznii', '2024-04-15 05:15:58', '2024-04-15 05:15:58'),
(5, 'Пародія', 'parodiia', '2024-04-15 05:15:58', '2024-04-15 05:15:58'),
(6, 'Пригоди', 'prigodi', '2024-04-15 05:15:58', '2024-04-15 05:15:58'),
(7, 'Вестерн', 'vestern', '2024-04-15 05:15:58', '2024-04-15 05:15:58'),
(8, 'Екранізація', 'ekranizaciia', '2024-04-15 05:15:58', '2024-04-15 05:15:58'),
(9, 'Бойовик', 'boiovik', '2024-04-15 05:15:58', '2024-04-15 05:15:58'),
(10, 'Історичний', 'istoricnii', '2024-04-15 05:15:58', '2024-04-15 05:15:58'),
(11, 'Екшн', 'eksn', '2024-04-15 05:15:58', '2024-04-15 05:15:58'),
(12, 'Жахи', 'zaxi', '2024-04-15 05:15:58', '2024-04-15 05:15:58'),
(13, 'Драма', 'drama', '2024-04-15 05:15:58', '2024-04-15 05:15:58'),
(14, 'Детектив', 'detektiv', '2024-04-15 05:15:58', '2024-04-15 05:15:58'),
(15, 'Кримінал', 'kriminal', '2024-04-15 05:15:58', '2024-04-15 05:15:58'),
(16, 'Фентезі', 'fentezi', '2024-04-15 05:15:58', '2024-04-15 05:15:58'),
(17, 'Фантастика', 'fantastika', '2024-04-15 05:15:58', '2024-04-15 05:15:58'),
(18, 'Трилер', 'triler', '2024-04-15 05:15:58', '2024-04-15 05:15:58'),
(19, 'Автобіографія', 'avtobiografiia', '2024-04-15 05:15:58', '2024-04-15 05:15:58'),
(20, 'Комедія', 'komediia-1', '2024-04-15 05:15:58', '2024-04-15 05:15:58'),
(21, 'Сімейний', 'simeinii-1', '2024-04-15 05:15:58', '2024-04-15 05:15:58'),
(22, 'Спортивний', 'sportivnii-1', '2024-04-15 05:15:58', '2024-04-15 05:15:58'),
(23, 'Молодіжний', 'molodiznii-1', '2024-04-15 05:15:58', '2024-04-15 05:15:58'),
(24, 'Пародія', 'parodiia-1', '2024-04-15 05:15:58', '2024-04-15 05:15:58'),
(25, 'Пригоди', 'prigodi-1', '2024-04-15 05:15:58', '2024-04-15 05:15:58'),
(26, 'Вестерн', 'vestern-1', '2024-04-15 05:15:58', '2024-04-15 05:15:58'),
(27, 'Екранізація', 'ekranizaciia-1', '2024-04-15 05:15:58', '2024-04-15 05:15:58'),
(28, 'Бойовик', 'boiovik-1', '2024-04-15 05:15:58', '2024-04-15 05:15:58'),
(29, 'Історичний', 'istoricnii-1', '2024-04-15 05:15:58', '2024-04-15 05:15:58'),
(30, 'Екшн', 'eksn-1', '2024-04-15 05:15:58', '2024-04-15 05:15:58'),
(31, 'Жахи', 'zaxi-1', '2024-04-15 05:15:58', '2024-04-15 05:15:58'),
(32, 'Драма', 'drama-1', '2024-04-15 05:15:58', '2024-04-15 05:15:58'),
(33, 'Детектив', 'detektiv-1', '2024-04-15 05:15:58', '2024-04-15 05:15:58'),
(34, 'Кримінал', 'kriminal-1', '2024-04-15 05:15:58', '2024-04-15 05:15:58'),
(35, 'Фентезі', 'fentezi-1', '2024-04-15 05:15:58', '2024-04-15 05:15:58'),
(36, 'Фантастика', 'fantastika-1', '2024-04-15 05:15:58', '2024-04-15 05:15:58'),
(37, 'Трилер', 'triler-1', '2024-04-15 05:15:58', '2024-04-15 05:15:58'),
(38, 'Автобіографія', 'avtobiografiia-1', '2024-04-15 05:15:58', '2024-04-15 05:15:58');

-- --------------------------------------------------------

--
-- Структура таблиці `languages`
--

CREATE TABLE `languages` (
  `id` int UNSIGNED NOT NULL,
  `title` varchar(255) COLLATE utf8mb4_unicode_ci NOT NULL,
  `slug` varchar(255) COLLATE utf8mb4_unicode_ci NOT NULL,
  `created_at` timestamp NULL DEFAULT NULL,
  `updated_at` timestamp NULL DEFAULT NULL
) ENGINE=InnoDB DEFAULT CHARSET=utf8mb4 COLLATE=utf8mb4_unicode_ci;

--
-- Дамп даних таблиці `languages`
--

INSERT INTO `languages` (`id`, `title`, `slug`, `created_at`, `updated_at`) VALUES
(1, 'Українська', 'ukrayinska', '2024-04-15 05:15:58', '2024-04-15 05:15:58'),
(2, 'Російська', 'rosiiska', '2024-04-15 05:15:58', '2024-04-15 05:15:58'),
(3, 'Англійська', 'angliiska', '2024-04-15 05:15:58', '2024-04-15 05:15:58'),
(4, 'Українська (СТБ)', 'ukrayinska-stb', '2024-04-15 05:15:58', '2024-04-15 05:15:58'),
(5, 'Українська (ICTV)', 'ukrayinska-ictv', '2024-04-15 05:15:58', '2024-04-15 05:15:58'),
(6, 'Українська (НТН)', 'ukrayinska-ntn', '2024-04-15 05:15:58', '2024-04-15 05:15:58'),
(7, 'Українська (Інтер)', 'ukrayinska-inter', '2024-04-15 05:15:58', '2024-04-15 05:15:58'),
(8, 'Українська (ТРК Україна)', 'ukrayinska-trk-ukrayina', '2024-04-15 05:15:58', '2024-04-15 05:15:58'),
(9, 'Українська (ТЕТ)', 'ukrayinska-tet', '2024-04-15 05:15:58', '2024-04-15 05:15:58'),
(10, 'Українська (QTV)', 'ukrayinska-qtv', '2024-04-15 05:15:58', '2024-04-15 05:15:58'),
(11, 'Українська (НЛО TV)', 'ukrayinska-nlo-tv', '2024-04-15 05:15:58', '2024-04-15 05:15:58'),
(12, 'Українська (Новий канал)', 'ukrayinska-novii-kanal', '2024-04-15 05:15:58', '2024-04-15 05:15:58'),
(13, 'Українська (К1)', 'ukrayinska-k1', '2024-04-15 05:15:58', '2024-04-15 05:15:58'),
(14, 'Українська (М1)', 'ukrayinska-m1', '2024-04-15 05:15:58', '2024-04-15 05:15:58'),
(15, 'Українська (1+1)', 'ukrayinska-11', '2024-04-15 05:15:58', '2024-04-15 05:15:58'),
(16, 'Українська (2+2)', 'ukrayinska-22', '2024-04-15 05:15:58', '2024-04-15 05:15:58'),
(17, 'Українська (Cine+)', 'ukrayinska-cine', '2024-04-15 05:15:59', '2024-04-15 05:15:59'),
(18, 'Українська (Paramount Comedy)', 'ukrayinska-paramount-comedy', '2024-04-15 05:15:59', '2024-04-15 05:15:59'),
(19, 'Українська (Netflix)', 'ukrayinska-netflix', '2024-04-15 05:15:59', '2024-04-15 05:15:59'),
(20, 'Українська (Line-in)', 'ukrayinska-line-in', '2024-04-15 05:15:59', '2024-04-15 05:15:59'),
(21, 'Українська (Цікава Ідея)', 'ukrayinska-cikava-ideia', '2024-04-15 05:15:59', '2024-04-15 05:15:59'),
(22, 'Українська (AMC)', 'ukrayinska-amc', '2024-04-15 05:15:59', '2024-04-15 05:15:59'),
(23, 'Українська (LeDoyen)', 'ukrayinska-ledoyen', '2024-04-15 05:15:59', '2024-04-15 05:15:59'),
(24, 'Українська (ТакТребаПродакш)', 'ukrayinska-taktrebaprodaks', '2024-04-15 05:15:59', '2024-04-15 05:15:59'),
(25, 'Українська (Postmodern)', 'ukrayinska-postmodern', '2024-04-15 05:15:59', '2024-04-15 05:15:59'),
(26, 'Українська (Кіно)', 'ukrayinska-kino', '2024-04-15 05:15:59', '2024-04-15 05:15:59'),
(27, 'Українська (Tretyakoff production)', 'ukrayinska-tretyakoff-production', '2024-04-15 05:15:59', '2024-04-15 05:15:59'),
(28, 'Українська (AniUA)', 'ukrayinska-aniua', '2024-04-15 05:15:59', '2024-04-15 05:15:59'),
(29, 'Українська (Pie Post Production)', 'ukrayinska-pie-post-production', '2024-04-15 05:15:59', '2024-04-15 05:15:59'),
(30, 'Українська (Cinema Sound Production)', 'ukrayinska-cinema-sound-production', '2024-04-15 05:15:59', '2024-04-15 05:15:59'),
(31, 'Українська (КІТ)', 'ukrayinska-kit', '2024-04-15 05:15:59', '2024-04-15 05:15:59'),
(32, 'Українська (Омікрон(Hurtom))', 'ukrayinska-omikronhurtom', '2024-04-15 05:15:59', '2024-04-15 05:15:59'),
(33, 'Українська (SkomUA)', 'ukrayinska-skomua', '2024-04-15 05:15:59', '2024-04-15 05:15:59'),
(34, 'Українська (DniproFilm)', 'ukrayinska-dniprofilm', '2024-04-15 05:15:59', '2024-04-15 05:15:59'),
(35, 'Українська (HDrezka Studio)', 'ukrayinska-hdrezka-studio', '2024-04-15 05:15:59', '2024-04-15 05:15:59'),
(36, 'Українська (КІНОТА)', 'ukrayinska-kinota', '2024-04-15 05:15:59', '2024-04-15 05:15:59'),
(37, 'Українська (UATeam)', 'ukrayinska-uateam', '2024-04-15 05:15:59', '2024-04-15 05:15:59'),
(38, 'Українська ( simpsonsua.tv)', 'ukrayinska-simpsonsuatv', '2024-04-15 05:15:59', '2024-04-15 05:15:59'),
(39, 'Українська (Колодій)', 'ukrayinska-kolodii', '2024-04-15 05:15:59', '2024-04-15 05:15:59'),
(40, 'Українська (AAA-Sound)', 'ukrayinska-aaa-sound', '2024-04-15 05:15:59', '2024-04-15 05:15:59'),
(41, 'Українська (Багатоголосий закадровий)', 'ukrayinska-bagatogolosii-zakadrovii', '2024-04-15 05:15:59', '2024-04-15 05:15:59'),
(42, 'Українська (Двоголосий)', 'ukrayinska-dvogolosii', '2024-04-15 05:15:59', '2024-04-15 05:15:59'),
(43, 'Українська (Одноголосий)', 'ukrayinska-odnogolosii', '2024-04-15 05:15:59', '2024-04-15 05:15:59');

-- --------------------------------------------------------

--
-- Структура таблиці `migrations`
--

CREATE TABLE `migrations` (
  `id` int UNSIGNED NOT NULL,
  `migration` varchar(255) COLLATE utf8mb4_unicode_ci NOT NULL,
  `batch` int NOT NULL
) ENGINE=InnoDB DEFAULT CHARSET=utf8mb4 COLLATE=utf8mb4_unicode_ci;

--
-- Дамп даних таблиці `migrations`
--

INSERT INTO `migrations` (`id`, `migration`, `batch`) VALUES
(1, '2014_10_12_000000_create_users_table', 1),
(2, '2014_10_12_100000_create_password_reset_tokens_table', 1),
(3, '2019_08_19_000000_create_failed_jobs_table', 1),
(4, '2019_12_14_000001_create_personal_access_tokens_table', 1),
(5, '2023_12_21_131639_create_categories_table', 1),
(6, '2023_12_21_131640_create_years_table', 1),
(7, '2023_12_21_131642_create_seasons_table', 1),
(8, '2023_12_21_131645_create_ratings_table', 1),
(9, '2023_12_21_131648_create_directors_table', 1),
(10, '2023_12_21_131651_create_films_table', 1),
(11, '2023_12_21_131815_create_genres_table', 1),
(12, '2023_12_21_134403_create_actors_table', 1),
(13, '2023_12_21_135526_create_actor_film_table', 1),
(14, '2023_12_21_135603_create_film_genre_table', 1),
(15, '2023_12_21_141456_create_producers_table', 1),
(16, '2023_12_21_141601_create_countries_table', 1),
(17, '2023_12_21_142305_create_languages_table', 1),
(18, '2024_01_02_224722_create_film_producer_table', 1),
(19, '2024_01_02_232229_create_film_language_table', 1),
(20, '2024_01_04_001418_create_country_film_table', 1),
(21, '2024_01_05_035052_create_companies_table', 1),
(22, '2024_01_05_050715_create_captions_table', 1),
(23, '2024_01_05_050829_create_caption_film_table', 1),
(24, '2024_01_08_021204_create_statuses_table', 1),
(25, '2024_01_08_021240_create_selections_table', 1),
(26, '2024_01_08_021327_create_composers_table', 1),
(27, '2024_01_08_021445_create_ages_table', 1),
(28, '2024_01_08_224908_create_film_selection_table', 1),
(29, '2024_01_08_224921_create_film_source_table', 1),
(30, '2024_01_09_214639_create_qualities_table', 1),
(31, '2024_04_02_144407_create_director_film_table', 1),
(32, '2024_04_02_154556_create_composer_film_table', 1),
(33, '2024_04_02_154600_create_company_film_table', 1);

-- --------------------------------------------------------

--
-- Структура таблиці `password_reset_tokens`
--

CREATE TABLE `password_reset_tokens` (
  `email` varchar(255) COLLATE utf8mb4_unicode_ci NOT NULL,
  `token` varchar(255) COLLATE utf8mb4_unicode_ci NOT NULL,
  `created_at` timestamp NULL DEFAULT NULL
) ENGINE=InnoDB DEFAULT CHARSET=utf8mb4 COLLATE=utf8mb4_unicode_ci;

-- --------------------------------------------------------

--
-- Структура таблиці `personal_access_tokens`
--

CREATE TABLE `personal_access_tokens` (
  `id` bigint UNSIGNED NOT NULL,
  `tokenable_type` varchar(255) COLLATE utf8mb4_unicode_ci NOT NULL,
  `tokenable_id` bigint UNSIGNED NOT NULL,
  `name` varchar(255) COLLATE utf8mb4_unicode_ci NOT NULL,
  `token` varchar(64) COLLATE utf8mb4_unicode_ci NOT NULL,
  `abilities` text COLLATE utf8mb4_unicode_ci,
  `last_used_at` timestamp NULL DEFAULT NULL,
  `expires_at` timestamp NULL DEFAULT NULL,
  `created_at` timestamp NULL DEFAULT NULL,
  `updated_at` timestamp NULL DEFAULT NULL
) ENGINE=InnoDB DEFAULT CHARSET=utf8mb4 COLLATE=utf8mb4_unicode_ci;

-- --------------------------------------------------------

--
-- Структура таблиці `producers`
--

CREATE TABLE `producers` (
  `id` bigint UNSIGNED NOT NULL,
  `name` varchar(255) COLLATE utf8mb4_unicode_ci NOT NULL,
  `slug` varchar(255) COLLATE utf8mb4_unicode_ci NOT NULL,
  `created_at` timestamp NULL DEFAULT NULL,
  `updated_at` timestamp NULL DEFAULT NULL
) ENGINE=InnoDB DEFAULT CHARSET=utf8mb4 COLLATE=utf8mb4_unicode_ci;

--
-- Дамп даних таблиці `producers`
--

INSERT INTO `producers` (`id`, `name`, `slug`, `created_at`, `updated_at`) VALUES
(1, 'Andy Brereton', 'andy-brereton', '2024-04-15 05:15:59', '2024-04-15 05:15:59'),
(2, 'Art Scott', 'art-scott', '2024-04-15 05:15:59', '2024-04-15 05:15:59'),
(3, 'Barry Josephson', 'barry-josephson', '2024-04-15 05:15:59', '2024-04-15 05:15:59'),
(4, 'Blair Peters', 'blair-peters', '2024-04-15 05:15:59', '2024-04-15 05:15:59'),
(5, 'Brian Steinberg', 'brian-steinberg', '2024-04-15 05:15:59', '2024-04-15 05:15:59'),
(6, 'Bruno-René Huchez', 'bruno-rene-huchez', '2024-04-15 05:15:59', '2024-04-15 05:15:59'),
(7, 'Chris Bender', 'chris-bender', '2024-04-15 05:15:59', '2024-04-15 05:15:59'),
(8, 'David Bergstein', 'david-bergstein', '2024-04-15 05:15:59', '2024-04-15 05:15:59'),
(9, 'E. C. Segar', 'e-c-segar', '2024-04-15 05:15:59', '2024-04-15 05:15:59'),
(10, 'Ed Dyson', 'ed-dyson', '2024-04-15 05:15:59', '2024-04-15 05:15:59'),
(11, 'Gale Anne Hurd', 'gale-anne-hurd', '2024-04-15 05:15:59', '2024-04-15 05:15:59'),
(12, 'Gerard Dargaud', 'gerard-dargaud', '2024-04-15 05:15:59', '2024-04-15 05:15:59'),
(13, 'Greg Sullivan', 'greg-sullivan', '2024-04-15 05:15:59', '2024-04-15 05:15:59'),
(14, 'Hélène Fatou', 'helene-fatou', '2024-04-15 05:15:59', '2024-04-15 05:15:59'),
(15, 'James De Frond', 'james-de-frond', '2024-04-15 05:15:59', '2024-04-15 05:15:59'),
(16, 'Jason Weinberg', 'jason-weinberg', '2024-04-15 05:15:59', '2024-04-15 05:15:59'),
(17, 'Jill Lopez Danton', 'jill-lopez-danton', '2024-04-15 05:15:59', '2024-04-15 05:15:59'),
(18, 'John Lyons', 'john-lyons', '2024-04-15 05:15:59', '2024-04-15 05:15:59'),
(19, 'Jonathan Stern', 'jonathan-stern', '2024-04-15 05:15:59', '2024-04-15 05:15:59'),
(20, 'Kay Wright', 'kay-wright', '2024-04-15 05:15:59', '2024-04-15 05:15:59'),
(21, 'Krister Johnson', 'krister-johnson', '2024-04-15 05:15:59', '2024-04-15 05:15:59'),
(22, 'Laura Ziskin', 'laura-ziskin', '2024-04-15 05:15:59', '2024-04-15 05:15:59'),
(23, 'Leon Zuratas', 'leon-zuratas', '2024-04-15 05:15:59', '2024-04-15 05:15:59'),
(24, 'Lilly Burns', 'lilly-burns', '2024-04-15 05:15:59', '2024-04-15 05:15:59'),
(25, 'Marc Forman', 'marc-forman', '2024-04-15 05:15:59', '2024-04-15 05:15:59'),
(26, 'Peter Principato', 'peter-principato', '2024-04-15 05:15:59', '2024-04-15 05:15:59'),
(27, 'Philippe Landrot', 'philippe-landrot', '2024-04-15 05:15:59', '2024-04-15 05:15:59'),
(28, 'Raymond LeBlanc', 'raymond-leblanc', '2024-04-15 05:15:59', '2024-04-15 05:15:59'),
(29, 'Roger Drew', 'roger-drew', '2024-04-15 05:15:59', '2024-04-15 05:15:59'),
(30, 'Sheree Guitar', 'sheree-guitar', '2024-04-15 05:15:59', '2024-04-15 05:15:59'),
(31, 'Terry Klassen', 'terry-klassen', '2024-04-15 05:15:59', '2024-04-15 05:15:59'),
(32, 'Tim Kirkby', 'tim-kirkby', '2024-04-15 05:15:59', '2024-04-15 05:15:59'),
(33, 'Tom Davis', 'tom-davis', '2024-04-15 05:15:59', '2024-04-15 05:15:59'),
(34, 'Tony Hernandez', 'tony-hernandez', '2024-04-15 05:15:59', '2024-04-15 05:15:59'),
(35, 'Will Arnett', 'will-arnett', '2024-04-15 05:15:59', '2024-04-15 05:15:59'),
(36, 'А. Дж. Дикс', 'a-dz-diks', '2024-04-15 05:15:59', '2024-04-15 05:15:59'),
(37, 'Аарон Зельцер', 'aaron-zelcer', '2024-04-15 05:15:59', '2024-04-15 05:15:59'),
(38, 'Аве Лернер', 'ave-lerner', '2024-04-15 05:15:59', '2024-04-15 05:15:59'),
(39, 'Аві Арад', 'avi-arad', '2024-04-15 05:15:59', '2024-04-15 05:15:59'),
(40, 'Адам Герц', 'adam-gerc', '2024-04-15 05:15:59', '2024-04-15 05:15:59'),
(41, 'Адам МакКей', 'adam-makkei', '2024-04-15 05:15:59', '2024-04-15 05:15:59'),
(42, 'Адам Сендлер', 'adam-sendler', '2024-04-15 05:16:00', '2024-04-15 05:16:00'),
(43, 'Айвен Рейтман', 'aiven-reitman', '2024-04-15 05:16:00', '2024-04-15 05:16:00'),
(44, 'Алан Пуаре', 'alan-puare', '2024-04-15 05:16:00', '2024-04-15 05:16:00'),
(45, 'Алекс Куртцман', 'aleks-kurtcman', '2024-04-15 05:16:00', '2024-04-15 05:16:00'),
(46, 'Алехандро Г. Иньярриту', 'alexandro-g-iniarritu', '2024-04-15 05:16:00', '2024-04-15 05:16:00'),
(47, 'Альберт Беверідж', 'albert-beveridz', '2024-04-15 05:16:00', '2024-04-15 05:16:00'),
(48, 'Арне Салтан', 'arne-saltan', '2024-04-15 05:16:00', '2024-04-15 05:16:00'),
(49, 'Арни Розен', 'arni-rozen', '2024-04-15 05:16:00', '2024-04-15 05:16:00'),
(50, 'Арні Шмідт', 'arni-smidt', '2024-04-15 05:16:00', '2024-04-15 05:16:00'),
(51, 'Арнольд Шварценеггер', 'arnold-svarcenegger', '2024-04-15 05:16:00', '2024-04-15 05:16:00'),
(52, 'Арнон Мілчен', 'arnon-milcen', '2024-04-15 05:16:00', '2024-04-15 05:16:00'),
(53, 'Арт Лінсон', 'art-linson', '2024-04-15 05:16:00', '2024-04-15 05:16:00'),
(54, 'Ауреліо Де Лаурентіс', 'aurelio-de-laurentis', '2024-04-15 05:16:00', '2024-04-15 05:16:00'),
(55, 'Базз Фейтшанс', 'bazz-feitsans', '2024-04-15 05:16:00', '2024-04-15 05:16:00'),
(56, 'Бак Генри', 'bak-genri', '2024-04-15 05:16:00', '2024-04-15 05:16:00'),
(57, 'Баррі Зонненфельд', 'barri-zonnenfeld', '2024-04-15 05:16:00', '2024-04-15 05:16:00'),
(58, 'Баррі Левінсон', 'barri-levinson', '2024-04-15 05:16:00', '2024-04-15 05:16:00'),
(59, 'Бен Стіллер', 'ben-stiller', '2024-04-15 05:16:00', '2024-04-15 05:16:00'),
(60, 'Бернадетт Джойс', 'bernadett-dzois', '2024-04-15 05:16:00', '2024-04-15 05:16:00'),
(61, 'Берні Бріллштейн', 'berni-brillstein', '2024-04-15 05:16:00', '2024-04-15 05:16:00'),
(62, 'Беррі Бернарді', 'berri-bernardi', '2024-04-15 05:16:00', '2024-04-15 05:16:00'),
(63, 'Беррі Розенбуш', 'berri-rozenbus', '2024-04-15 05:16:00', '2024-04-15 05:16:00'),
(64, 'Берт Ноделла', 'bert-nodella', '2024-04-15 05:16:00', '2024-04-15 05:16:00'),
(65, 'Беті Томас', 'beti-tomas', '2024-04-15 05:16:00', '2024-04-15 05:16:00'),
(66, 'Билл Оденкирк', 'bill-odenkirk', '2024-04-15 05:16:00', '2024-04-15 05:16:00'),
(67, 'Білл Бадалато', 'bill-badalato', '2024-04-15 05:16:00', '2024-04-15 05:16:00'),
(68, 'Білл Лоуренс', 'bill-lourens', '2024-04-15 05:16:00', '2024-04-15 05:16:00'),
(69, 'Білл Скотт', 'bill-skott', '2024-04-15 05:16:00', '2024-04-15 05:16:00'),
(70, 'Бо Флін', 'bo-flin', '2024-04-15 05:16:00', '2024-04-15 05:16:00'),
(71, 'Боаз Дэвідсон', 'boaz-devidson', '2024-04-15 05:16:00', '2024-04-15 05:16:00'),
(72, 'Боб Вайнштейн', 'bob-vainstein', '2024-04-15 05:16:00', '2024-04-15 05:16:00'),
(73, 'Боб Ґейл', 'bob-geil', '2024-04-15 05:16:00', '2024-04-15 05:16:00'),
(74, 'Боб Енжелмен', 'bob-enzelmen', '2024-04-15 05:16:00', '2024-04-15 05:16:00'),
(75, 'Боб Ізраель', 'bob-izrael', '2024-04-15 05:16:00', '2024-04-15 05:16:00'),
(76, 'Брайан Берк', 'braian-berk', '2024-04-15 05:16:00', '2024-04-15 05:16:00'),
(77, 'Брайан Коуэн', 'braian-kouen', '2024-04-15 05:16:00', '2024-04-15 05:16:00'),
(78, 'Бранко Люстіґ', 'branko-liustig', '2024-04-15 05:16:00', '2024-04-15 05:16:00'),
(79, 'Браян Грейзер', 'braian-greizer', '2024-04-15 05:16:00', '2024-04-15 05:16:00'),
(80, 'Браян Роббінс', 'braian-robbins', '2024-04-15 05:16:00', '2024-04-15 05:16:00'),
(81, 'Бред Вестон', 'bred-veston', '2024-04-15 05:16:00', '2024-04-15 05:16:00'),
(82, 'Брет Ретнер', 'bret-retner', '2024-04-15 05:16:00', '2024-04-15 05:16:00'),
(83, 'Бродерік Джонсон', 'broderik-dzonson', '2024-04-15 05:16:00', '2024-04-15 05:16:00'),
(84, 'Бруно Геллер', 'bruno-geller', '2024-04-15 05:16:00', '2024-04-15 05:16:00'),
(85, 'Брюс Коен', 'brius-koen', '2024-04-15 05:16:00', '2024-04-15 05:16:00'),
(86, 'Василь Іваник', 'vasil-ivanik', '2024-04-15 05:16:00', '2024-04-15 05:16:00'),
(87, 'Вес Андерсон', 'ves-anderson', '2024-04-15 05:16:00', '2024-04-15 05:16:00'),
(88, 'Віктор Кубічек', 'viktor-kubicek', '2024-04-15 05:16:00', '2024-04-15 05:16:00'),
(89, 'Вілл Сміт', 'vill-smit', '2024-04-15 05:16:00', '2024-04-15 05:16:00'),
(90, 'Вілл Феррелл', 'vill-ferrell', '2024-04-15 05:16:00', '2024-04-15 05:16:00'),
(91, 'Вільям Блінн', 'viliam-blinn', '2024-04-15 05:16:00', '2024-04-15 05:16:00'),
(92, 'Він Дізель', 'vin-dizel', '2024-04-15 05:16:00', '2024-04-15 05:16:00'),
(93, 'Волтер Паркс', 'volter-parks', '2024-04-15 05:16:00', '2024-04-15 05:16:00'),
(94, 'Вольфганг Петерсен', 'volfgang-petersen', '2024-04-15 05:16:00', '2024-04-15 05:16:00'),
(95, 'Воррен Зайд', 'vorren-zaid', '2024-04-15 05:16:00', '2024-04-15 05:16:00'),
(96, 'Гала Эвэри', 'gala-everi', '2024-04-15 05:16:00', '2024-04-15 05:16:00'),
(97, 'Гарві Беннетт', 'garvi-bennett', '2024-04-15 05:16:00', '2024-04-15 05:16:00'),
(98, 'Гарві Вайнштайн', 'garvi-vainstain', '2024-04-15 05:16:00', '2024-04-15 05:16:00'),
(99, 'Гари Донтзиг', 'gari-dontzig', '2024-04-15 05:16:00', '2024-04-15 05:16:00'),
(100, 'Гари Ло', 'gari-lo', '2024-04-15 05:16:00', '2024-04-15 05:16:00'),
(101, 'Гарі Барбер', 'gari-barber', '2024-04-15 05:16:00', '2024-04-15 05:16:00'),
(102, 'Гарі Еделсон', 'gari-edelson', '2024-04-15 05:16:00', '2024-04-15 05:16:00'),
(103, 'Гарі Курц', 'gari-kurc', '2024-04-15 05:16:01', '2024-04-15 05:16:01'),
(104, 'Гарі Лучезі', 'gari-lucezi', '2024-04-15 05:16:01', '2024-04-15 05:16:01'),
(105, 'Гарольд Реміс', 'garold-remis', '2024-04-15 05:16:01', '2024-04-15 05:16:01'),
(106, 'Гарри Шерман', 'garri-serman', '2024-04-15 05:16:01', '2024-04-15 05:16:01'),
(107, 'Гевін Полоун', 'gevin-poloun', '2024-04-15 05:16:01', '2024-04-15 05:16:01'),
(108, 'Гері Барбер', 'geri-barber', '2024-04-15 05:16:01', '2024-04-15 05:16:01'),
(109, 'Гері Скотт Томпсон', 'geri-skott-tompson', '2024-04-15 05:16:01', '2024-04-15 05:16:01'),
(110, 'Гілберт Адлер', 'gilbert-adler', '2024-04-15 05:16:01', '2024-04-15 05:16:01'),
(111, 'Глен Ларсон', 'glen-larson', '2024-04-15 05:16:01', '2024-04-15 05:16:01'),
(112, 'Гленн Гордон Керон', 'glenn-gordon-keron', '2024-04-15 05:16:01', '2024-04-15 05:16:01'),
(113, 'Гленн Хоуэртон', 'glenn-xouerton', '2024-04-15 05:16:01', '2024-04-15 05:16:01'),
(114, 'Говард Казанян', 'govard-kazanian', '2024-04-15 05:16:01', '2024-04-15 05:16:01'),
(115, 'Гордон А. Вебб', 'gordon-a-vebb', '2024-04-15 05:16:01', '2024-04-15 05:16:01'),
(116, 'Грант Розенберг', 'grant-rozenberg', '2024-04-15 05:16:01', '2024-04-15 05:16:01'),
(117, 'Грег Гарсія', 'greg-garsiia', '2024-04-15 05:16:01', '2024-04-15 05:16:01'),
(118, 'Грег Кут', 'greg-kut', '2024-04-15 05:16:01', '2024-04-15 05:16:01'),
(119, 'Грегори Уайден', 'gregori-uaiden', '2024-04-15 05:16:01', '2024-04-15 05:16:01'),
(120, 'Грехем Бурк', 'grexem-burk', '2024-04-15 05:16:01', '2024-04-15 05:16:01'),
(121, 'Грехем Кінг', 'grexem-king', '2024-04-15 05:16:01', '2024-04-15 05:16:01'),
(122, 'Ґевін О\'Коннор', 'gevin-okonnor', '2024-04-15 05:16:01', '2024-04-15 05:16:01'),
(123, 'Ґейл Катц', 'geil-katc', '2024-04-15 05:16:01', '2024-04-15 05:16:01'),
(124, 'Ґреґ О\'Коннор', 'greg-okonnor', '2024-04-15 05:16:01', '2024-04-15 05:16:01'),
(125, 'Даг Клейборн', 'dag-kleiborn', '2024-04-15 05:16:01', '2024-04-15 05:16:01'),
(126, 'Двейн Джонсон', 'dvein-dzonson', '2024-04-15 05:16:01', '2024-04-15 05:16:01'),
(127, 'Дебора Снайдер', 'debora-snaider', '2024-04-15 05:16:01', '2024-04-15 05:16:01'),
(128, 'Девид Фейс', 'devid-feis', '2024-04-15 05:16:01', '2024-04-15 05:16:01'),
(129, 'Девід Бушвелл', 'devid-busvell', '2024-04-15 05:16:01', '2024-04-15 05:16:01'),
(130, 'Девід Гоберман', 'devid-goberman', '2024-04-15 05:16:01', '2024-04-15 05:16:01'),
(131, 'Девід Кеннеді', 'devid-kennedi', '2024-04-15 05:16:01', '2024-04-15 05:16:01'),
(132, 'Девід Коен', 'devid-koen', '2024-04-15 05:16:01', '2024-04-15 05:16:01'),
(133, 'Девід Крейн', 'devid-krein', '2024-04-15 05:16:01', '2024-04-15 05:16:01'),
(134, 'Девід Лейтч', 'devid-leitc', '2024-04-15 05:16:01', '2024-04-15 05:16:01'),
(135, 'Девід Фостер', 'devid-foster', '2024-04-15 05:16:01', '2024-04-15 05:16:01'),
(136, 'Девід Франзоні', 'devid-franzoni', '2024-04-15 05:16:01', '2024-04-15 05:16:01'),
(137, 'Девід Цукер', 'devid-cuker', '2024-04-15 05:16:01', '2024-04-15 05:16:01'),
(138, 'Девід Чан', 'devid-can', '2024-04-15 05:16:01', '2024-04-15 05:16:01'),
(139, 'Деймон Лінделоф', 'deimon-lindelof', '2024-04-15 05:16:01', '2024-04-15 05:16:01'),
(140, 'Демі Мур', 'demi-mur', '2024-04-15 05:16:01', '2024-04-15 05:16:01'),
(141, 'Ден Краччіоло', 'den-kracciolo', '2024-04-15 05:16:01', '2024-04-15 05:16:01'),
(142, 'Ден Холстед', 'den-xolsted', '2024-04-15 05:16:01', '2024-04-15 05:16:01'),
(143, 'Дензел Вашингтон', 'denzel-vasington', '2024-04-15 05:16:01', '2024-04-15 05:16:01'),
(144, 'Денис Ди Нови', 'denis-di-novi', '2024-04-15 05:16:01', '2024-04-15 05:16:01'),
(145, 'Денні Дімборт', 'denni-dimbort', '2024-04-15 05:16:01', '2024-04-15 05:16:01'),
(146, 'Денні Лернер', 'denni-lerner', '2024-04-15 05:16:01', '2024-04-15 05:16:01'),
(147, 'Дерек Андерсон', 'derek-anderson', '2024-04-15 05:16:01', '2024-04-15 05:16:01'),
(148, 'Дерек Дочі', 'derek-doci', '2024-04-15 05:16:01', '2024-04-15 05:16:01'),
(149, 'Дж. Дж. Абрамс', 'dz-dz-abrams', '2024-04-15 05:16:01', '2024-04-15 05:16:01'),
(150, 'Джадд Апатоу', 'dzadd-apatou', '2024-04-15 05:16:01', '2024-04-15 05:16:01'),
(151, 'Джей Джей Абрамс', 'dzei-dzei-abrams', '2024-04-15 05:16:01', '2024-04-15 05:16:01'),
(152, 'Джей Роуч', 'dzei-rouc', '2024-04-15 05:16:01', '2024-04-15 05:16:01'),
(153, 'Джей Сандрич', 'dzei-sandric', '2024-04-15 05:16:01', '2024-04-15 05:16:01'),
(154, 'Джей Уорд', 'dzei-uord', '2024-04-15 05:16:01', '2024-04-15 05:16:01'),
(155, 'Джей Штерн', 'dzei-stern', '2024-04-15 05:16:01', '2024-04-15 05:16:01'),
(156, 'Джейк Ебертс', 'dzeik-eberts', '2024-04-15 05:16:01', '2024-04-15 05:16:01'),
(157, 'Джеймс В. Гарт', 'dzeims-v-gart', '2024-04-15 05:16:01', '2024-04-15 05:16:01'),
(158, 'Джеймс В. Скотчдопоул', 'dzeims-v-skotcdopoul', '2024-04-15 05:16:01', '2024-04-15 05:16:01'),
(159, 'Джеймс Д. Брубейкер', 'dzeims-d-brubeiker', '2024-04-15 05:16:01', '2024-04-15 05:16:01'),
(160, 'Джеймс Дж. Робінсон', 'dzeims-dz-robinson', '2024-04-15 05:16:01', '2024-04-15 05:16:01'),
(161, 'Джеймс Кемерон', 'dzeims-kemeron', '2024-04-15 05:16:02', '2024-04-15 05:16:02'),
(162, 'Джеймс Лассітер', 'dzeims-lassiter', '2024-04-15 05:16:02', '2024-04-15 05:16:02'),
(163, 'Джеймс Малай', 'dzeims-malai', '2024-04-15 05:16:02', '2024-04-15 05:16:02'),
(164, 'Джейн О’Брайэн', 'dzein-obraien', '2024-04-15 05:16:02', '2024-04-15 05:16:02'),
(165, 'Джейн Розенталь', 'dzein-rozental', '2024-04-15 05:16:02', '2024-04-15 05:16:02'),
(166, 'Джейсон Бейтман', 'dzeison-beitman', '2024-04-15 05:16:02', '2024-04-15 05:16:02'),
(167, 'Джейсон Блум', 'dzeison-blum', '2024-04-15 05:16:02', '2024-04-15 05:16:02'),
(168, 'Джейсон Грод', 'dzeison-grod', '2024-04-15 05:16:02', '2024-04-15 05:16:02'),
(169, 'Джейсон Сігел', 'dzeison-sigel', '2024-04-15 05:16:02', '2024-04-15 05:16:02'),
(170, 'Джейсон Фридберг', 'dzeison-fridberg', '2024-04-15 05:16:02', '2024-04-15 05:16:02'),
(171, 'Джек Джіаррапуто', 'dzek-dziarraputo', '2024-04-15 05:16:02', '2024-04-15 05:16:02'),
(172, 'Дженіфер Тодд', 'dzenifer-todd', '2024-04-15 05:16:02', '2024-04-15 05:16:02'),
(173, 'Дженні Лью Тадженд', 'dzenni-liu-tadzend', '2024-04-15 05:16:02', '2024-04-15 05:16:02'),
(174, 'Дженно Топпінг', 'dzenno-topping', '2024-04-15 05:16:02', '2024-04-15 05:16:02'),
(175, 'Джеральд Молен', 'dzerald-molen', '2024-04-15 05:16:02', '2024-04-15 05:16:02'),
(176, 'Джеремі Болт', 'dzeremi-bolt', '2024-04-15 05:16:02', '2024-04-15 05:16:02'),
(177, 'Джеремі Довсон', 'dzeremi-dovson', '2024-04-15 05:16:02', '2024-04-15 05:16:02'),
(178, 'Джерри Вайнтрауб', 'dzerri-vaintraub', '2024-04-15 05:16:02', '2024-04-15 05:16:02'),
(179, 'Джеррі Брукгаймер', 'dzerri-brukgaimer', '2024-04-15 05:16:02', '2024-04-15 05:16:02'),
(180, 'Джеррі Вайнтрауб', 'dzerri-vaintraub-1', '2024-04-15 05:16:02', '2024-04-15 05:16:02'),
(181, 'Джесс Опенхаймер', 'dzess-openxaimer', '2024-04-15 05:16:02', '2024-04-15 05:16:02'),
(182, 'Джессі Хендерсон', 'dzessi-xenderson', '2024-04-15 05:16:02', '2024-04-15 05:16:02'),
(183, 'Джефф Еппл', 'dzeff-eppl', '2024-04-15 05:16:02', '2024-04-15 05:16:02'),
(184, 'Джеффри М. Хэйес', 'dzeffri-m-xeies', '2024-04-15 05:16:02', '2024-04-15 05:16:02'),
(185, 'Джеффрі Кірченбаум', 'dzeffri-kircenbaum', '2024-04-15 05:16:02', '2024-04-15 05:16:02'),
(186, 'Джеффрі Сільвер', 'dzeffri-silver', '2024-04-15 05:16:02', '2024-04-15 05:16:02'),
(187, 'Джим Абрахамс', 'dzim-abraxams', '2024-04-15 05:16:02', '2024-04-15 05:16:02'),
(188, 'Джим Ван Вік', 'dzim-van-vik', '2024-04-15 05:16:02', '2024-04-15 05:16:02'),
(189, 'Джиммі Міллер', 'dzimmi-miller', '2024-04-15 05:16:02', '2024-04-15 05:16:02'),
(190, 'Джо Медьяк', 'dzo-mediak', '2024-04-15 05:16:02', '2024-04-15 05:16:02'),
(191, 'Джо Рот', 'dzo-rot', '2024-04-15 05:16:02', '2024-04-15 05:16:02'),
(192, 'Джоел Сільвер', 'dzoel-silver', '2024-04-15 05:16:02', '2024-04-15 05:16:02'),
(193, 'Джозеф Майкл Стражинський', 'dzozef-maikl-strazinskii', '2024-04-15 05:16:02', '2024-04-15 05:16:02'),
(194, 'Джозеф Стюарт Барнс', 'dzozef-stiuart-barns', '2024-04-15 05:16:02', '2024-04-15 05:16:02'),
(195, 'Джон Бартнікі', 'dzon-bartniki', '2024-04-15 05:16:02', '2024-04-15 05:16:02'),
(196, 'Джон Бёртон ', 'dzon-berton', '2024-04-15 05:16:02', '2024-04-15 05:16:02'),
(197, 'Джон Веллс', 'dzon-vells', '2024-04-15 05:16:02', '2024-04-15 05:16:02'),
(198, 'Джон Г\'юз', 'dzon-giuz', '2024-04-15 05:16:02', '2024-04-15 05:16:02'),
(199, 'Джон Девіс', 'dzon-devis', '2024-04-15 05:16:02', '2024-04-15 05:16:02'),
(200, 'Джон Евнет', 'dzon-evnet', '2024-04-15 05:16:02', '2024-04-15 05:16:02'),
(201, 'Джон Коупленд', 'dzon-kouplend', '2024-04-15 05:16:02', '2024-04-15 05:16:02'),
(202, 'Джон Ландау', 'dzon-landau', '2024-04-15 05:16:02', '2024-04-15 05:16:02'),
(203, 'Джон Лешер', 'dzon-leser', '2024-04-15 05:16:02', '2024-04-15 05:16:02'),
(204, 'Джон Лэндис', 'dzon-lendis', '2024-04-15 05:16:02', '2024-04-15 05:16:02'),
(205, 'Джон МакТірнан', 'dzon-maktirnan', '2024-04-15 05:16:02', '2024-04-15 05:16:02'),
(206, 'Джон Морріс', 'dzon-morris', '2024-04-15 05:16:02', '2024-04-15 05:16:02'),
(207, 'Джон Пенотти', 'dzon-penotti', '2024-04-15 05:16:02', '2024-04-15 05:16:02'),
(208, 'Джон Питерс', 'dzon-piters', '2024-04-15 05:16:02', '2024-04-15 05:16:02'),
(209, 'Джон Рікард', 'dzon-rikard', '2024-04-15 05:16:02', '2024-04-15 05:16:02'),
(210, 'Джон Траволта', 'dzon-travolta', '2024-04-15 05:16:02', '2024-04-15 05:16:02'),
(211, 'Джон Фокс', 'dzon-foks', '2024-04-15 05:16:02', '2024-04-15 05:16:02'),
(212, 'Джон Чен', 'dzon-cen', '2024-04-15 05:16:02', '2024-04-15 05:16:02'),
(213, 'Джона Гілл', 'dzona-gill', '2024-04-15 05:16:02', '2024-04-15 05:16:02'),
(214, 'Джонні Депп', 'dzonni-depp', '2024-04-15 05:16:02', '2024-04-15 05:16:02'),
(215, 'Джордан Піл', 'dzordan-pil', '2024-04-15 05:16:02', '2024-04-15 05:16:02'),
(216, 'Джордж Лукас', 'dzordz-lukas', '2024-04-15 05:16:02', '2024-04-15 05:16:02'),
(217, 'Джош Байсел', 'dzos-baisel', '2024-04-15 05:16:02', '2024-04-15 05:16:02'),
(218, 'Джуд Лоу', 'dzud-lou', '2024-04-15 05:16:02', '2024-04-15 05:16:02'),
(219, 'Джуліс Делі', 'dzulis-deli', '2024-04-15 05:16:02', '2024-04-15 05:16:02'),
(220, 'Діана Покорни', 'diana-pokorni', '2024-04-15 05:16:02', '2024-04-15 05:16:02'),
(221, 'Діана Ратбан', 'diana-ratban', '2024-04-15 05:16:02', '2024-04-15 05:16:02'),
(222, 'Доді Файєд', 'dodi-faijed', '2024-04-15 05:16:02', '2024-04-15 05:16:02'),
(223, 'Дон Вест', 'don-vest', '2024-04-15 05:16:03', '2024-04-15 05:16:03'),
(224, 'Дон Кармоді', 'don-karmodi', '2024-04-15 05:16:03', '2024-04-15 05:16:03'),
(225, 'Дональд П. Беллисарио', 'donald-p-bellisario', '2024-04-15 05:16:03', '2024-04-15 05:16:03'),
(226, 'Дороті Офієро', 'doroti-ofijero', '2024-04-15 05:16:03', '2024-04-15 05:16:03'),
(227, 'Дуглас Вік', 'duglas-vik', '2024-04-15 05:16:03', '2024-04-15 05:16:03'),
(228, 'Дуглас Неттлер', 'duglas-nettler', '2024-04-15 05:16:03', '2024-04-15 05:16:03'),
(229, 'Дэвид Депати', 'devid-depati', '2024-04-15 05:16:03', '2024-04-15 05:16:03'),
(230, 'Дэвид Уинклер', 'devid-uinkler', '2024-04-15 05:16:03', '2024-04-15 05:16:03'),
(231, 'Дэйв Дэвис', 'deiv-devis', '2024-04-15 05:16:03', '2024-04-15 05:16:03'),
(232, 'Дэнни Билсон', 'denni-bilson', '2024-04-15 05:16:03', '2024-04-15 05:16:03'),
(233, 'Едвард Гемм-молодший', 'edvard-gemm-molodsii', '2024-04-15 05:16:03', '2024-04-15 05:16:03'),
(234, 'Едвард Прессман', 'edvard-pressman', '2024-04-15 05:16:03', '2024-04-15 05:16:03'),
(235, 'Елізабет Авеллан', 'elizabet-avellan', '2024-04-15 05:16:03', '2024-04-15 05:16:03'),
(236, 'Еллі Самаха', 'elli-samaxa', '2024-04-15 05:16:03', '2024-04-15 05:16:03'),
(237, 'Еллісон Шермур', 'ellison-sermur', '2024-04-15 05:16:03', '2024-04-15 05:16:03'),
(238, 'Емі Паскаль', 'emi-paskal', '2024-04-15 05:16:03', '2024-04-15 05:16:03'),
(239, 'Емі Хекерлінг', 'emi-xekerling', '2024-04-15 05:16:03', '2024-04-15 05:16:03'),
(240, 'Емма Томас', 'emma-tomas', '2024-04-15 05:16:03', '2024-04-15 05:16:03'),
(241, 'Ендрю А. Косов', 'endriu-a-kosov', '2024-04-15 05:16:03', '2024-04-15 05:16:03'),
(242, 'Ендрю Вайна', 'endriu-vaina', '2024-04-15 05:16:03', '2024-04-15 05:16:03'),
(243, 'Ендрю Дж. Ла Марка', 'endriu-dz-la-marka', '2024-04-15 05:16:03', '2024-04-15 05:16:03'),
(244, 'Ендрю Стівенс', 'endriu-stivens', '2024-04-15 05:16:03', '2024-04-15 05:16:03'),
(245, 'Ентоні Рулен', 'entoni-rulen', '2024-04-15 05:16:03', '2024-04-15 05:16:03'),
(246, 'Ервін Стофф', 'ervin-stoff', '2024-04-15 05:16:03', '2024-04-15 05:16:03'),
(247, 'Ерік Голд', 'erik-gold', '2024-04-15 05:16:03', '2024-04-15 05:16:03'),
(248, 'Ерік Маклеод', 'erik-makleod', '2024-04-15 05:16:03', '2024-04-15 05:16:03'),
(249, 'Ерік Фелнер', 'erik-felner', '2024-04-15 05:16:03', '2024-04-15 05:16:03'),
(250, 'Єва Лонгорія', 'jeva-longoriia', '2024-04-15 05:16:03', '2024-04-15 05:16:03'),
(251, 'Ирвин Уинклер', 'irvin-uinkler', '2024-04-15 05:16:03', '2024-04-15 05:16:03'),
(252, 'Ицхак Гинсберг', 'icxak-ginsberg', '2024-04-15 05:16:03', '2024-04-15 05:16:03'),
(253, 'Іра Дойчмен', 'ira-doicmen', '2024-04-15 05:16:03', '2024-04-15 05:16:03'),
(254, 'Йєн Брюс', 'ijen-brius', '2024-04-15 05:16:03', '2024-04-15 05:16:03'),
(255, 'Картер Бейз', 'karter-beiz', '2024-04-15 05:16:03', '2024-04-15 05:16:03'),
(256, 'Квентін Тарантіно', 'kventin-tarantino', '2024-04-15 05:16:03', '2024-04-15 05:16:03'),
(257, 'Кевін Брайт', 'kevin-brait', '2024-04-15 05:16:03', '2024-04-15 05:16:03'),
(258, 'Кевін Істмен', 'kevin-istmen', '2024-04-15 05:16:03', '2024-04-15 05:16:03'),
(259, 'Кевін Кінг Темплтон', 'kevin-king-templton', '2024-04-15 05:16:03', '2024-04-15 05:16:03'),
(260, 'Кевін Файгі', 'kevin-faigi', '2024-04-15 05:16:03', '2024-04-15 05:16:03'),
(261, 'Кевін Фейдж', 'kevin-feidz', '2024-04-15 05:16:03', '2024-04-15 05:16:03'),
(262, 'Кен Кілер', 'ken-kiler', '2024-04-15 05:16:03', '2024-04-15 05:16:03'),
(263, 'Кетлін Кеннеді', 'ketlin-kennedi', '2024-04-15 05:16:03', '2024-04-15 05:16:03'),
(264, 'Ким Моусес', 'kim-mouses', '2024-04-15 05:16:04', '2024-04-15 05:16:04'),
(265, 'Кім Доусон', 'kim-douson', '2024-04-15 05:16:04', '2024-04-15 05:16:04'),
(266, 'Кінен Айворі Веянс', 'kinen-aivori-veians', '2024-04-15 05:16:04', '2024-04-15 05:16:04'),
(267, 'Кіт Баріш', 'kit-baris', '2024-04-15 05:16:04', '2024-04-15 05:16:04'),
(268, 'Кіт Кейвел', 'kit-keivel', '2024-04-15 05:16:04', '2024-04-15 05:16:04'),
(269, 'Клаудия Кац', 'klaudiia-kac', '2024-04-15 05:16:04', '2024-04-15 05:16:04'),
(270, 'Клейтон Таунсенд', 'kleiton-taunsend', '2024-04-15 05:16:04', '2024-04-15 05:16:04'),
(271, 'Клинт Гольдман', 'klint-goldman', '2024-04-15 05:16:04', '2024-04-15 05:16:04'),
(272, 'Колін Вілсон', 'kolin-vilson', '2024-04-15 05:16:04', '2024-04-15 05:16:04'),
(273, 'Крейг Баумгартен', 'kreig-baumgarten', '2024-04-15 05:16:04', '2024-04-15 05:16:04'),
(274, 'Крейг Томас', 'kreig-tomas', '2024-04-15 05:16:04', '2024-04-15 05:16:04'),
(275, 'Крейґ Перрі', 'kreig-perri', '2024-04-15 05:16:04', '2024-04-15 05:16:04'),
(276, 'Крейтон Беллингер', 'kreiton-bellinger', '2024-04-15 05:16:04', '2024-04-15 05:16:04'),
(277, 'Крис Хайвард', 'kris-xaivard', '2024-04-15 05:16:04', '2024-04-15 05:16:04'),
(278, 'Крис Шеридан', 'kris-seridan', '2024-04-15 05:16:04', '2024-04-15 05:16:04'),
(279, 'Кріс Бендер', 'kris-bender', '2024-04-15 05:16:04', '2024-04-15 05:16:04'),
(280, 'Кріс Вайц', 'kris-vaic', '2024-04-15 05:16:04', '2024-04-15 05:16:04'),
(281, 'Кріс Генлі', 'kris-genli', '2024-04-15 05:16:04', '2024-04-15 05:16:04'),
(282, 'Кріс Коламбус', 'kris-kolambus', '2024-04-15 05:16:04', '2024-04-15 05:16:04'),
(283, 'Кріс Лі', 'kris-li', '2024-04-15 05:16:04', '2024-04-15 05:16:04'),
(284, 'Кріс Мур', 'kris-mur', '2024-04-15 05:16:04', '2024-04-15 05:16:04'),
(285, 'Крістіан Вільямс', 'kristian-viliams', '2024-04-15 05:16:04', '2024-04-15 05:16:04'),
(286, 'Ларрі Дж. Франко', 'larri-dz-franko', '2024-04-15 05:16:04', '2024-04-15 05:16:04'),
(287, 'Лаура Грегорі', 'laura-gregori', '2024-04-15 05:16:04', '2024-04-15 05:16:04'),
(288, 'Лейла Сміт', 'leila-smit', '2024-04-15 05:16:04', '2024-04-15 05:16:04'),
(289, 'Леон Шлезингер', 'leon-slezinger', '2024-04-15 05:16:04', '2024-04-15 05:16:04'),
(290, 'Леонард Стерн', 'leonard-stern', '2024-04-15 05:16:04', '2024-04-15 05:16:04'),
(291, 'Леонард Хо', 'leonard-xo', '2024-04-15 05:16:04', '2024-04-15 05:16:04'),
(292, 'Леонід Верещагін', 'leonid-vereshhagin', '2024-04-15 05:16:04', '2024-04-15 05:16:04'),
(293, 'Лес Велдон', 'les-veldon', '2024-04-15 05:16:04', '2024-04-15 05:16:04'),
(294, 'Лесли Джонс', 'lesli-dzons', '2024-04-15 05:16:04', '2024-04-15 05:16:04'),
(295, 'Леслі Діксон', 'lesli-dikson', '2024-04-15 05:16:04', '2024-04-15 05:16:04'),
(296, 'Лиз Фридман', 'liz-fridman', '2024-04-15 05:16:04', '2024-04-15 05:16:04'),
(297, 'Лі Меєс', 'li-mejes', '2024-04-15 05:16:04', '2024-04-15 05:16:04'),
(298, 'Лі Суперчинські', 'li-supercinski', '2024-04-15 05:16:04', '2024-04-15 05:16:04'),
(299, 'Ллойд Левін', 'lloid-levin', '2024-04-15 05:16:04', '2024-04-15 05:16:04'),
(300, 'Лоран Петен', 'loran-peten', '2024-04-15 05:16:04', '2024-04-15 05:16:04'),
(301, 'Лоренс Казаноф', 'lorens-kazanof', '2024-04-15 05:16:04', '2024-04-15 05:16:04'),
(302, 'Лоренцо ді Бонавентура', 'lorenco-di-bonaventura', '2024-04-15 05:16:04', '2024-04-15 05:16:04'),
(303, 'Лорі Борг', 'lori-borg', '2024-04-15 05:16:04', '2024-04-15 05:16:04'),
(304, 'Лорі Макдональд', 'lori-makdonald', '2024-04-15 05:16:04', '2024-04-15 05:16:04'),
(305, 'Лорні Майклс', 'lorni-maikls', '2024-04-15 05:16:04', '2024-04-15 05:16:04'),
(306, 'Лоуренс Бендер', 'lourens-bender', '2024-04-15 05:16:04', '2024-04-15 05:16:04'),
(307, 'Лоуренс Гордон', 'lourens-gordon', '2024-04-15 05:16:05', '2024-04-15 05:16:05'),
(308, 'Лоуренс Касанофф', 'lourens-kasanoff', '2024-04-15 05:16:05', '2024-04-15 05:16:05'),
(309, 'Лоуренс Турман', 'lourens-turman', '2024-04-15 05:16:05', '2024-04-15 05:16:05'),
(310, 'Лучио Бомпани', 'lucio-bompani', '2024-04-15 05:16:05', '2024-04-15 05:16:05'),
(311, 'Льюис Мортон', 'liuis-morton', '2024-04-15 05:16:05', '2024-04-15 05:16:05'),
(312, 'Люк Бессон', 'liuk-besson', '2024-04-15 05:16:05', '2024-04-15 05:16:05'),
(313, 'Майк Вітерілл', 'maik-viterill', '2024-04-15 05:16:05', '2024-04-15 05:16:05'),
(314, 'Майк Джадж', 'maik-dzadz', '2024-04-15 05:16:05', '2024-04-15 05:16:05'),
(315, 'Майк Маєрс', 'maik-majers', '2024-04-15 05:16:05', '2024-04-15 05:16:05'),
(316, 'Майк Медавой', 'maik-medavoi', '2024-04-15 05:16:05', '2024-04-15 05:16:05'),
(317, 'Майкл Агіляр', 'maikl-agiliar', '2024-04-15 05:16:05', '2024-04-15 05:16:05'),
(318, 'Майкл Барнатан', 'maikl-barnatan', '2024-04-15 05:16:05', '2024-04-15 05:16:05'),
(319, 'Майкл Берк', 'maikl-berk', '2024-04-15 05:16:05', '2024-04-15 05:16:05'),
(320, 'Майкл Бостік', 'maikl-bostik', '2024-04-15 05:16:05', '2024-04-15 05:16:05'),
(321, 'Майкл Девіс', 'maikl-devis', '2024-04-15 05:16:05', '2024-04-15 05:16:05'),
(322, 'Майкл Дуглас', 'maikl-duglas', '2024-04-15 05:16:05', '2024-04-15 05:16:05'),
(323, 'Майкл Класторін', 'maikl-klastorin', '2024-04-15 05:16:05', '2024-04-15 05:16:05'),
(324, 'Майкл Леві', 'maikl-levi', '2024-04-15 05:16:05', '2024-04-15 05:16:05'),
(325, 'Майкл Роу', 'maikl-rou', '2024-04-15 05:16:05', '2024-04-15 05:16:05'),
(326, 'Майкл С. Гросс', 'maikl-s-gross', '2024-04-15 05:16:05', '2024-04-15 05:16:05'),
(327, 'Майкл Тедросс', 'maikl-tedross', '2024-04-15 05:16:05', '2024-04-15 05:16:05'),
(328, 'Майкл Толлін', 'maikl-tollin', '2024-04-15 05:16:05', '2024-04-15 05:16:05'),
(329, 'Майкл Фоттрел', 'maikl-fottrel', '2024-04-15 05:16:05', '2024-04-15 05:16:05'),
(330, 'Малія Скотч Мармо', 'maliia-skotc-marmo', '2024-04-15 05:16:05', '2024-04-15 05:16:05'),
(331, 'Марина Беспалов', 'marina-bespalov', '2024-04-15 05:16:05', '2024-04-15 05:16:05'),
(332, 'Маріо Кассар', 'mario-kassar', '2024-04-15 05:16:05', '2024-04-15 05:16:05'),
(333, 'Марк Волберг', 'mark-volberg', '2024-04-15 05:16:05', '2024-04-15 05:16:05'),
(334, 'Марк Галмі', 'mark-galmi', '2024-04-15 05:16:05', '2024-04-15 05:16:05'),
(335, 'Марк Гэтисс', 'mark-getiss', '2024-04-15 05:16:05', '2024-04-15 05:16:05'),
(336, 'Марк дю Понтавік', 'mark-diu-pontavik', '2024-04-15 05:16:05', '2024-04-15 05:16:05'),
(337, 'Марк Е. Платт', 'mark-e-platt', '2024-04-15 05:16:05', '2024-04-15 05:16:05'),
(338, 'Марк Кантон', 'mark-kanton', '2024-04-15 05:16:05', '2024-04-15 05:16:05'),
(339, 'Марк Ліберт', 'mark-libert', '2024-04-15 05:16:05', '2024-04-15 05:16:05'),
(340, 'Марк Редкліфф', 'mark-redkliff', '2024-04-15 05:16:05', '2024-04-15 05:16:05'),
(341, 'Марлон Веянс', 'marlon-veians', '2024-04-15 05:16:05', '2024-04-15 05:16:05'),
(342, 'Марта Кауффман', 'marta-kauffman', '2024-04-15 05:16:05', '2024-04-15 05:16:05'),
(343, 'Мел Брукс', 'mel-bruks', '2024-04-15 05:16:05', '2024-04-15 05:16:05'),
(344, 'Метт Ґрейнінґ', 'mett-greining', '2024-04-15 05:16:05', '2024-04-15 05:16:05'),
(345, 'Метт Толмач', 'mett-tolmac', '2024-04-15 05:16:05', '2024-04-15 05:16:05'),
(346, 'Метью Вон', 'metiu-von', '2024-04-15 05:16:05', '2024-04-15 05:16:05'),
(347, 'Мишель Липкин', 'misel-lipkin', '2024-04-15 05:16:05', '2024-04-15 05:16:05'),
(348, 'Мішель Петен', 'misel-peten', '2024-04-15 05:16:05', '2024-04-15 05:16:05'),
(349, 'Моллі Аллен', 'molli-allen', '2024-04-15 05:16:05', '2024-04-15 05:16:05'),
(350, 'Моріц Борман', 'moric-borman', '2024-04-15 05:16:05', '2024-04-15 05:16:05'),
(351, 'Морріс', 'morris', '2024-04-15 05:16:05', '2024-04-15 05:16:05'),
(352, 'Моше Питербург', 'mose-piterburg', '2024-04-15 05:16:05', '2024-04-15 05:16:05'),
(353, 'Мэйс Нойфелд', 'meis-noifeld', '2024-04-15 05:16:05', '2024-04-15 05:16:05'),
(354, 'Нг Сіюень', 'ng-siiuen', '2024-04-15 05:16:05', '2024-04-15 05:16:05'),
(355, 'Невідомо', 'nevidomo', '2024-04-15 05:16:05', '2024-04-15 05:16:05'),
(356, 'Нік Сантора', 'nik-santora', '2024-04-15 05:16:05', '2024-04-15 05:16:05'),
(357, 'Ніколас Столлер', 'nikolas-stoller', '2024-04-15 05:16:05', '2024-04-15 05:16:05'),
(358, 'Ніл Кентон', 'nil-kenton', '2024-04-15 05:16:05', '2024-04-15 05:16:05'),
(359, 'Ніл Моріц', 'nil-moric', '2024-04-15 05:16:05', '2024-04-15 05:16:05'),
(360, 'Ніл Нордлінгер', 'nil-nordlinger', '2024-04-15 05:16:05', '2024-04-15 05:16:05'),
(361, 'Ніра Парк', 'nira-park', '2024-04-15 05:16:05', '2024-04-15 05:16:05'),
(362, 'Олександр Роквелл', 'oleksandr-rokvell', '2024-04-15 05:16:05', '2024-04-15 05:16:05'),
(363, 'Оліас Барко ', 'olias-barko', '2024-04-15 05:16:05', '2024-04-15 05:16:05'),
(364, 'Олів\'є Альбу ', 'olivje-albu', '2024-04-15 05:16:05', '2024-04-15 05:16:05'),
(365, 'Паскаль Кочето', 'paskal-koceto', '2024-04-15 05:16:05', '2024-04-15 05:16:05'),
(366, 'Патрик Веррон', 'patrik-verron', '2024-04-15 05:16:05', '2024-04-15 05:16:05'),
(367, 'Патрік Кровлі', 'patrik-krovli', '2024-04-15 05:16:05', '2024-04-15 05:16:05'),
(368, 'Патріс Леду', 'patris-ledu', '2024-04-15 05:16:05', '2024-04-15 05:16:05'),
(369, 'Паула Вайнштайн', 'paula-vainstain', '2024-04-15 05:16:05', '2024-04-15 05:16:05'),
(370, 'Паула Дюпре Песмен', 'paula-diupre-pesmen', '2024-04-15 05:16:05', '2024-04-15 05:16:05'),
(371, 'Пет Профт', 'pet-proft', '2024-04-15 05:16:05', '2024-04-15 05:16:05'),
(372, 'Питер Сафран', 'piter-safran', '2024-04-15 05:16:05', '2024-04-15 05:16:05'),
(373, 'Питер Фаррелли', 'piter-farrelli', '2024-04-15 05:16:05', '2024-04-15 05:16:05'),
(374, 'Пітер Блок', 'piter-blok', '2024-04-15 05:16:05', '2024-04-15 05:16:05'),
(375, 'Пітер Богарт', 'piter-bogart', '2024-04-15 05:16:05', '2024-04-15 05:16:05'),
(376, 'Пітер Лерд', 'piter-lerd', '2024-04-15 05:16:05', '2024-04-15 05:16:05'),
(377, 'Пітер Ньюмен', 'piter-niumen', '2024-04-15 05:16:05', '2024-04-15 05:16:05'),
(378, 'Пітер Франкфурт', 'piter-frankfurt', '2024-04-15 05:16:06', '2024-04-15 05:16:06'),
(379, 'Пітер Чернін', 'piter-cernin', '2024-04-15 05:16:06', '2024-04-15 05:16:06'),
(380, 'Пол В. С. Андерсон ', 'pol-v-s-anderson', '2024-04-15 05:16:06', '2024-04-15 05:16:06'),
(381, 'Пол Вайц', 'pol-vaic', '2024-04-15 05:16:06', '2024-04-15 05:16:06'),
(382, 'Пол Де Мео', 'pol-de-meo', '2024-04-15 05:16:06', '2024-04-15 05:16:06'),
(383, 'Пол Донован', 'pol-donovan', '2024-04-15 05:16:06', '2024-04-15 05:16:06'),
(384, 'Пол Масланський', 'pol-maslanskii', '2024-04-15 05:16:06', '2024-04-15 05:16:06'),
(385, 'Пол Тамасі', 'pol-tamasi', '2024-04-15 05:16:06', '2024-04-15 05:16:06'),
(386, 'Пол Фаско', 'pol-fasko', '2024-04-15 05:16:06', '2024-04-15 05:16:06'),
(387, 'Пол Фіг', 'pol-fig', '2024-04-15 05:16:06', '2024-04-15 05:16:06'),
(388, 'Пол Хеллерман', 'pol-xellerman', '2024-04-15 05:16:06', '2024-04-15 05:16:06'),
(389, 'Поллі Коен', 'polli-koen', '2024-04-15 05:16:06', '2024-04-15 05:16:06'),
(390, 'Райан Каванах', 'raian-kavanax', '2024-04-15 05:16:06', '2024-04-15 05:16:06'),
(391, 'Раймонд Чоу', 'raimond-cou', '2024-04-15 05:16:06', '2024-04-15 05:16:06'),
(392, 'Расселл Сіммонс', 'rassell-simmons', '2024-04-15 05:16:06', '2024-04-15 05:16:06'),
(393, 'Раян Кавано', 'raian-kavano', '2024-04-15 05:16:06', '2024-04-15 05:16:06'),
(394, 'Реймонд Чоу', 'reimond-cou', '2024-04-15 05:16:06', '2024-04-15 05:16:06'),
(395, 'Рендалл Емметт', 'rendall-emmett', '2024-04-15 05:16:06', '2024-04-15 05:16:06'),
(396, 'Рене Бессон', 'rene-besson', '2024-04-15 05:16:06', '2024-04-15 05:16:06'),
(397, 'Рене Госіні', 'rene-gosini', '2024-04-15 05:16:06', '2024-04-15 05:16:06'),
(398, 'Ричард Б.Л. Флеминг', 'ricard-bl-fleming', '2024-04-15 05:16:06', '2024-04-15 05:16:06'),
(399, 'Ричард Гилберт Абрамсон', 'ricard-gilbert-abramson', '2024-04-15 05:16:06', '2024-04-15 05:16:06'),
(400, 'Ричард Финни', 'ricard-finni', '2024-04-15 05:16:06', '2024-04-15 05:16:06'),
(401, 'Рідлі Скотт', 'ridli-skott', '2024-04-15 05:16:06', '2024-04-15 05:16:06'),
(402, 'Рік Маккаллум', 'rik-makkallum', '2024-04-15 05:16:06', '2024-04-15 05:16:06'),
(403, 'Річард Вейн', 'ricard-vein', '2024-04-15 05:16:06', '2024-04-15 05:16:06'),
(404, 'Річард Доннер', 'ricard-donner', '2024-04-15 05:16:06', '2024-04-15 05:16:06'),
(405, 'Річард Занук', 'ricard-zanuk', '2024-04-15 05:16:06', '2024-04-15 05:16:06'),
(406, 'Роб Коен', 'rob-koen', '2024-04-15 05:16:06', '2024-04-15 05:16:06'),
(407, 'Роб Макэлхенни', 'rob-makelxenni', '2024-04-15 05:16:06', '2024-04-15 05:16:06'),
(408, 'Роббі Бреннер', 'robbi-brenner', '2024-04-15 05:16:06', '2024-04-15 05:16:06'),
(409, 'Роберт Альварез', 'robert-alvarez', '2024-04-15 05:16:06', '2024-04-15 05:16:06'),
(410, 'Роберт Вайсс', 'robert-vaiss', '2024-04-15 05:16:06', '2024-04-15 05:16:06'),
(411, 'Роберт Де Ніро', 'robert-de-niro', '2024-04-15 05:16:06', '2024-04-15 05:16:06'),
(412, 'Роберт Е. Реліа', 'robert-e-relia', '2024-04-15 05:16:06', '2024-04-15 05:16:06'),
(413, 'Роберт Енгельман', 'robert-engelman', '2024-04-15 05:16:06', '2024-04-15 05:16:06'),
(414, 'Роберт Ллойд Льюис', 'robert-lloid-liuis', '2024-04-15 05:16:06', '2024-04-15 05:16:06'),
(415, 'Роберт Реми', 'robert-remi', '2024-04-15 05:16:06', '2024-04-15 05:16:06'),
(416, 'Роберт Таперт', 'robert-tapert', '2024-04-15 05:16:06', '2024-04-15 05:16:06'),
(417, 'Роберт Х. Лемер', 'robert-x-lemer', '2024-04-15 05:16:06', '2024-04-15 05:16:06'),
(418, 'Роберт Чартофф', 'robert-cartoff', '2024-04-15 05:16:06', '2024-04-15 05:16:06'),
(419, 'Роберта Чоу', 'roberta-cou', '2024-04-15 05:16:06', '2024-04-15 05:16:06'),
(420, 'Роберто Орсі', 'roberto-orsi', '2024-04-15 05:16:06', '2024-04-15 05:16:06'),
(421, 'Роджер Бірнбаум', 'rodzer-birnbaum', '2024-04-15 05:16:06', '2024-04-15 05:16:06'),
(422, 'Роджер Дональдсон', 'rodzer-donaldson', '2024-04-15 05:16:06', '2024-04-15 05:16:06'),
(423, 'Роджер Корман', 'rodzer-korman', '2024-04-15 05:16:06', '2024-04-15 05:16:06'),
(424, 'Родні Ротман', 'rodni-rotman', '2024-04-15 05:16:06', '2024-04-15 05:16:06'),
(425, 'Ролан Жоффе', 'rolan-zoffe', '2024-04-15 05:16:06', '2024-04-15 05:16:06'),
(426, 'Росс Ґрейсон Белл', 'ross-greison-bell', '2024-04-15 05:16:06', '2024-04-15 05:16:06'),
(427, 'Рудольф Айзинг ', 'rudolf-aizing', '2024-04-15 05:16:06', '2024-04-15 05:16:06'),
(428, 'Рэймонд Томпсон', 'reimond-tompson', '2024-04-15 05:16:06', '2024-04-15 05:16:06'),
(429, 'Рэймонд Фанг', 'reimond-fang', '2024-04-15 05:16:06', '2024-04-15 05:16:06'),
(430, 'Рэнди Нельсон', 'rendi-nelson', '2024-04-15 05:16:06', '2024-04-15 05:16:06'),
(431, 'Саймон Емануел', 'saimon-emanuel', '2024-04-15 05:16:06', '2024-04-15 05:16:06'),
(432, 'Саймон Філдс', 'saimon-filds', '2024-04-15 05:16:06', '2024-04-15 05:16:06'),
(433, 'Саманта Вінсент', 'samanta-vinsent', '2024-04-15 05:16:06', '2024-04-15 05:16:06'),
(434, 'Сейді Фрост', 'seidi-frost', '2024-04-15 05:16:06', '2024-04-15 05:16:06'),
(435, 'Сем Реймі', 'sem-reimi', '2024-04-15 05:16:06', '2024-04-15 05:16:06'),
(436, 'Сигэру Миямото', 'sigeru-miiamoto', '2024-04-15 05:16:06', '2024-04-15 05:16:06'),
(437, 'Сігуржон Сігватссон', 'sigurzon-sigvatsson', '2024-04-15 05:16:06', '2024-04-15 05:16:06'),
(438, 'Сін Шаффен', 'sin-saffen', '2024-04-15 05:16:06', '2024-04-15 05:16:06'),
(439, 'Сіріл Гріз', 'siril-griz', '2024-04-15 05:16:06', '2024-04-15 05:16:06'),
(440, 'Скотт Буднік ', 'skott-budnik', '2024-04-15 05:16:06', '2024-04-15 05:16:06'),
(441, 'Скотт Крупф', 'skott-krupf', '2024-04-15 05:16:06', '2024-04-15 05:16:06'),
(442, 'Скотт Ламберт', 'skott-lambert', '2024-04-15 05:16:06', '2024-04-15 05:16:06'),
(443, 'Скотт Рудін ', 'skott-rudin', '2024-04-15 05:16:06', '2024-04-15 05:16:06'),
(444, 'Спенсер Франклін', 'spenser-franklin', '2024-04-15 05:16:06', '2024-04-15 05:16:06'),
(445, 'Стефан Конелл', 'stefan-konell', '2024-04-15 05:16:06', '2024-04-15 05:16:06'),
(446, 'Стефани Хейген', 'stefani-xeigen', '2024-04-15 05:16:06', '2024-04-15 05:16:06'),
(447, 'Стефані Остін', 'stefani-ostin', '2024-04-15 05:16:06', '2024-04-15 05:16:06'),
(448, 'Стефані Сперрі', 'stefani-sperri', '2024-04-15 05:16:06', '2024-04-15 05:16:06'),
(449, 'Стив Байндер', 'stiv-bainder', '2024-04-15 05:16:06', '2024-04-15 05:16:06'),
(450, 'Стивен Кеннелл', 'stiven-kennell', '2024-04-15 05:16:07', '2024-04-15 05:16:07'),
(451, 'Стивен Лисбергер', 'stiven-lisberger', '2024-04-15 05:16:07', '2024-04-15 05:16:07'),
(452, 'Стивен Моффат', 'stiven-moffat', '2024-04-15 05:16:07', '2024-04-15 05:16:07'),
(453, 'Стивен Питерман', 'stiven-piterman', '2024-04-15 05:16:07', '2024-04-15 05:16:07'),
(454, 'Стів Перрі', 'stiv-perri', '2024-04-15 05:16:07', '2024-04-15 05:16:07'),
(455, 'Стів Тіш', 'stiv-tis', '2024-04-15 05:16:07', '2024-04-15 05:16:07'),
(456, 'Стів Чесман', 'stiv-cesman', '2024-04-15 05:16:07', '2024-04-15 05:16:07'),
(457, 'Стівен Дж. Каннелл', 'stiven-dz-kannell', '2024-04-15 05:16:07', '2024-04-15 05:16:07'),
(458, 'Стівен Дж. Рот', 'stiven-dz-rot', '2024-04-15 05:16:07', '2024-04-15 05:16:07'),
(459, 'Стівен М. Рейлс', 'stiven-m-reils', '2024-04-15 05:16:07', '2024-04-15 05:16:07'),
(460, 'Стівен Спілберг', 'stiven-spilberg', '2024-04-15 05:16:07', '2024-04-15 05:16:07'),
(461, 'Стюарт Корнфелд', 'stiuart-kornfeld', '2024-04-15 05:16:07', '2024-04-15 05:16:07'),
(462, 'Сьюзен Дауні', 'siuzen-dauni', '2024-04-15 05:16:07', '2024-04-15 05:16:07'),
(463, 'Сьюзэн Боровиц', 'siuzen-borovic', '2024-04-15 05:16:07', '2024-04-15 05:16:07'),
(464, 'Сэмюэл Хадида', 'semiuel-xadida', '2024-04-15 05:16:07', '2024-04-15 05:16:07'),
(465, 'Сюзанн Лорі', 'siuzann-lori', '2024-04-15 05:16:07', '2024-04-15 05:16:07'),
(466, 'Теренс Майкл', 'terens-maikl', '2024-04-15 05:16:07', '2024-04-15 05:16:07'),
(467, 'Теренс Райан ', 'terens-raian', '2024-04-15 05:16:07', '2024-04-15 05:16:07'),
(468, 'Террі Остін', 'terri-ostin', '2024-04-15 05:16:07', '2024-04-15 05:16:07'),
(469, 'Тім Беван', 'tim-bevan', '2024-04-15 05:16:07', '2024-04-15 05:16:07'),
(470, 'Тім Бертон', 'tim-berton', '2024-04-15 05:16:07', '2024-04-15 05:16:07'),
(471, 'Тодд Гарнер', 'todd-garner', '2024-04-15 05:16:07', '2024-04-15 05:16:07'),
(472, 'Тодд Ліберман', 'todd-liberman', '2024-04-15 05:16:07', '2024-04-15 05:16:07'),
(473, 'Том Джейкобсон', 'tom-dzeikobson', '2024-04-15 05:16:07', '2024-04-15 05:16:07'),
(474, 'Том Патчет', 'tom-patcet', '2024-04-15 05:16:07', '2024-04-15 05:16:07'),
(475, 'Том Селлек', 'tom-sellek', '2024-04-15 05:16:07', '2024-04-15 05:16:07'),
(476, 'Том Спеціалі', 'tom-speciali', '2024-04-15 05:16:07', '2024-04-15 05:16:07'),
(477, 'Томас К. Грей', 'tomas-k-grei', '2024-04-15 05:16:07', '2024-04-15 05:16:07'),
(478, 'Тоні Скотт', 'toni-skott', '2024-04-15 05:16:07', '2024-04-15 05:16:07'),
(479, 'Тревор Альберт', 'trevor-albert', '2024-04-15 05:16:07', '2024-04-15 05:16:07'),
(480, 'Тревор Шорт', 'trevor-sort', '2024-04-15 05:16:07', '2024-04-15 05:16:07'),
(481, 'Трейсі Торм', 'treisi-torm', '2024-04-15 05:16:07', '2024-04-15 05:16:07'),
(482, 'Уильям Хендрикс', 'uiliam-xendriks', '2024-04-15 05:16:07', '2024-04-15 05:16:07'),
(483, 'Уильям Чартофф', 'uiliam-cartoff', '2024-04-15 05:16:07', '2024-04-15 05:16:07'),
(484, 'Фред С. Карузо', 'fred-s-karuzo', '2024-04-15 05:16:07', '2024-04-15 05:16:07'),
(485, 'Френк Маршалл', 'frenk-marsall', '2024-04-15 05:16:07', '2024-04-15 05:16:07'),
(486, 'Фриц Фреленг ', 'fric-freleng', '2024-04-15 05:16:07', '2024-04-15 05:16:07'),
(487, 'Хайди Фогель', 'xaidi-fogel', '2024-04-15 05:16:07', '2024-04-15 05:16:07'),
(488, 'Хью Харман ', 'xiu-xarman', '2024-04-15 05:16:07', '2024-04-15 05:16:07'),
(489, 'Чад Стахельскі', 'cad-staxelski', '2024-04-15 05:16:07', '2024-04-15 05:16:07'),
(490, 'Чарльз Б. Уэсслер', 'carlz-b-uessler', '2024-04-15 05:16:07', '2024-04-15 05:16:07'),
(491, 'Чарльз Гордон', 'carlz-gordon', '2024-04-15 05:16:07', '2024-04-15 05:16:07'),
(492, 'Чарльз Ровен', 'carlz-roven', '2024-04-15 05:16:07', '2024-04-15 05:16:07'),
(493, 'Ченнінг Татум', 'cenning-tatum', '2024-04-15 05:16:07', '2024-04-15 05:16:07'),
(494, 'Шелдон Кан', 'seldon-kan', '2024-04-15 05:16:07', '2024-04-15 05:16:07'),
(495, 'Шон Бэйли', 'son-beili', '2024-04-15 05:16:07', '2024-04-15 05:16:07'),
(496, 'Шон Веянс', 'son-veians', '2024-04-15 05:16:07', '2024-04-15 05:16:07'),
(497, 'Шон Маккітрік', 'son-makkitrik', '2024-04-15 05:16:07', '2024-04-15 05:16:07'),
(498, 'Эдди Зелцер', 'eddi-zelcer', '2024-04-15 05:16:07', '2024-04-15 05:16:07'),
(499, 'Эдоардо Маргерити', 'edoardo-margeriti', '2024-04-15 05:16:07', '2024-04-15 05:16:07'),
(500, 'Эли Самаха', 'eli-samaxa', '2024-04-15 05:16:07', '2024-04-15 05:16:07'),
(501, 'Энди Боровиц', 'endi-borovic', '2024-04-15 05:16:07', '2024-04-15 05:16:07'),
(502, 'Эрик Грюндеманн', 'erik-griundemann', '2024-04-15 05:16:07', '2024-04-15 05:16:07'),
(503, 'Эрик Каплан', 'erik-kaplan', '2024-04-15 05:16:07', '2024-04-15 05:16:07'),
(504, 'Эхуд Блайберг', 'exud-blaiberg', '2024-04-15 05:16:07', '2024-04-15 05:16:07'),
(505, 'Ян де Бонт', 'ian-de-bont', '2024-04-15 05:16:07', '2024-04-15 05:16:07');

-- --------------------------------------------------------

--
-- Структура таблиці `qualities`
--

CREATE TABLE `qualities` (
  `id` int UNSIGNED NOT NULL,
  `title` varchar(255) COLLATE utf8mb4_unicode_ci NOT NULL,
  `slug` varchar(255) COLLATE utf8mb4_unicode_ci NOT NULL,
  `created_at` timestamp NULL DEFAULT NULL,
  `updated_at` timestamp NULL DEFAULT NULL
) ENGINE=InnoDB DEFAULT CHARSET=utf8mb4 COLLATE=utf8mb4_unicode_ci;

--
-- Дамп даних таблиці `qualities`
--

INSERT INTO `qualities` (`id`, `title`, `slug`, `created_at`, `updated_at`) VALUES
(1, '1080p', '1080p', '2024-04-15 05:16:07', '2024-04-15 05:16:07'),
(2, '480p', '480p', '2024-04-15 05:16:07', '2024-04-15 05:16:07'),
(3, 'HD 720p', 'hd-720p', '2024-04-15 05:16:07', '2024-04-15 05:16:07'),
(4, '360p', '360p', '2024-04-15 05:16:07', '2024-04-15 05:16:07'),
(5, 'BDRip', 'bdrip', '2024-04-15 05:16:07', '2024-04-15 05:16:07'),
(6, 'TVRip (720x576)', 'tvrip-720x576', '2024-04-15 05:16:07', '2024-04-15 05:16:07'),
(7, 'Невідомо', 'nevidomo', '2024-04-15 05:16:07', '2024-04-15 05:16:07');

-- --------------------------------------------------------

--
-- Структура таблиці `ratings`
--

CREATE TABLE `ratings` (
  `id` int UNSIGNED NOT NULL,
  `title` int NOT NULL,
  `slug` varchar(255) COLLATE utf8mb4_unicode_ci NOT NULL,
  `created_at` timestamp NULL DEFAULT NULL,
  `updated_at` timestamp NULL DEFAULT NULL
) ENGINE=InnoDB DEFAULT CHARSET=utf8mb4 COLLATE=utf8mb4_unicode_ci;

--
-- Дамп даних таблиці `ratings`
--

INSERT INTO `ratings` (`id`, `title`, `slug`, `created_at`, `updated_at`) VALUES
(1, 4, '4', '2024-04-15 05:15:36', '2024-04-15 05:15:36'),
(2, 5, '5', '2024-04-15 05:15:36', '2024-04-15 05:15:36'),
(3, 10, '10', '2024-04-15 05:15:36', '2024-04-15 05:15:36');

-- --------------------------------------------------------

--
-- Структура таблиці `seasons`
--

CREATE TABLE `seasons` (
  `id` int UNSIGNED NOT NULL,
  `title` varchar(255) COLLATE utf8mb4_unicode_ci NOT NULL,
  `slug` varchar(255) COLLATE utf8mb4_unicode_ci NOT NULL,
  `created_at` timestamp NULL DEFAULT NULL,
  `updated_at` timestamp NULL DEFAULT NULL
) ENGINE=InnoDB DEFAULT CHARSET=utf8mb4 COLLATE=utf8mb4_unicode_ci;

--
-- Дамп даних таблиці `seasons`
--

INSERT INTO `seasons` (`id`, `title`, `slug`, `created_at`, `updated_at`) VALUES
(1, 'Сезон 1', 'sezon-1', '2024-04-15 05:15:36', '2024-04-15 05:15:36'),
(2, 'Сезон 1-2', 'sezon-1-2', '2024-04-15 05:15:36', '2024-04-15 05:15:36'),
(3, 'Сезон 1-3', 'sezon-1-3', '2024-04-15 05:15:36', '2024-04-15 05:15:36'),
(4, 'Сезон 1-4', 'sezon-1-4', '2024-04-15 05:15:36', '2024-04-15 05:15:36'),
(5, 'Сезон 1-5', 'sezon-1-5', '2024-04-15 05:15:36', '2024-04-15 05:15:36'),
(6, 'Сезон 1-6', 'sezon-1-6', '2024-04-15 05:15:36', '2024-04-15 05:15:36'),
(7, 'Сезон 1-7', 'sezon-1-7', '2024-04-15 05:15:36', '2024-04-15 05:15:36'),
(8, 'Сезон 1-8', 'sezon-1-8', '2024-04-15 05:15:36', '2024-04-15 05:15:36'),
(9, 'Сезон 1-9', 'sezon-1-9', '2024-04-15 05:15:36', '2024-04-15 05:15:36'),
(10, 'Сезон 1-10', 'sezon-1-10', '2024-04-15 05:15:36', '2024-04-15 05:15:36'),
(11, 'Сезон 1-11', 'sezon-1-11', '2024-04-15 05:15:36', '2024-04-15 05:15:36'),
(12, 'Сезон 1-12', 'sezon-1-12', '2024-04-15 05:15:36', '2024-04-15 05:15:36'),
(13, 'Сезон 1-13', 'sezon-1-13', '2024-04-15 05:15:36', '2024-04-15 05:15:36'),
(14, 'Сезон 1-14', 'sezon-1-14', '2024-04-15 05:15:36', '2024-04-15 05:15:36'),
(15, 'Сезон 1-15', 'sezon-1-15', '2024-04-15 05:15:36', '2024-04-15 05:15:36'),
(16, 'Сезон 1-16', 'sezon-1-16', '2024-04-15 05:15:36', '2024-04-15 05:15:36'),
(17, 'Сезон 1-17', 'sezon-1-17', '2024-04-15 05:15:36', '2024-04-15 05:15:36'),
(18, 'Сезон 1-18', 'sezon-1-18', '2024-04-15 05:15:36', '2024-04-15 05:15:36'),
(19, 'Сезон 1-19', 'sezon-1-19', '2024-04-15 05:15:36', '2024-04-15 05:15:36'),
(20, 'Сезон 1-20', 'sezon-1-20', '2024-04-15 05:15:36', '2024-04-15 05:15:36');

-- --------------------------------------------------------

--
-- Структура таблиці `selections`
--

CREATE TABLE `selections` (
  `id` int UNSIGNED NOT NULL,
  `title` varchar(255) COLLATE utf8mb4_unicode_ci NOT NULL,
  `slug` varchar(255) COLLATE utf8mb4_unicode_ci NOT NULL,
  `created_at` timestamp NULL DEFAULT NULL,
  `updated_at` timestamp NULL DEFAULT NULL
) ENGINE=InnoDB DEFAULT CHARSET=utf8mb4 COLLATE=utf8mb4_unicode_ci;

--
-- Дамп даних таблиці `selections`
--

INSERT INTO `selections` (`id`, `title`, `slug`, `created_at`, `updated_at`) VALUES
(1, 'Зимові', 'zimovi', '2024-04-15 05:16:08', '2024-04-15 05:16:08'),
(2, 'Тачки', 'tacki', '2024-04-15 05:16:08', '2024-04-15 05:16:08'),
(3, 'Поліція', 'policiia', '2024-04-15 05:16:08', '2024-04-15 05:16:08'),
(4, 'Спок', 'spok', '2024-04-15 05:16:08', '2024-04-15 05:16:08'),
(5, 'Шпигуни', 'spiguni', '2024-04-15 05:16:08', '2024-04-15 05:16:08'),
(6, 'Супергерої', 'supergeroyi', '2024-04-15 05:16:08', '2024-04-15 05:16:08'),
(7, 'Космічні', 'kosmicni', '2024-04-15 05:16:08', '2024-04-15 05:16:08'),
(8, 'Французькі', 'francuzki', '2024-04-15 05:16:08', '2024-04-15 05:16:08');

-- --------------------------------------------------------

--
-- Структура таблиці `statuses`
--

CREATE TABLE `statuses` (
  `id` int UNSIGNED NOT NULL,
  `title` varchar(255) COLLATE utf8mb4_unicode_ci NOT NULL,
  `slug` varchar(255) COLLATE utf8mb4_unicode_ci NOT NULL,
  `created_at` timestamp NULL DEFAULT NULL,
  `updated_at` timestamp NULL DEFAULT NULL
) ENGINE=InnoDB DEFAULT CHARSET=utf8mb4 COLLATE=utf8mb4_unicode_ci;

--
-- Дамп даних таблиці `statuses`
--

INSERT INTO `statuses` (`id`, `title`, `slug`, `created_at`, `updated_at`) VALUES
(1, 'Завершений', 'zaversenii', '2024-04-15 05:16:07', '2024-04-15 05:16:07'),
(2, 'Незавершений', 'nezaversenii', '2024-04-15 05:16:07', '2024-04-15 05:16:07'),
(3, 'Невідомо', 'nevidomo', '2024-04-15 05:16:07', '2024-04-15 05:16:07');

-- --------------------------------------------------------

--
-- Структура таблиці `users`
--

CREATE TABLE `users` (
  `id` bigint UNSIGNED NOT NULL,
  `name` varchar(255) COLLATE utf8mb4_unicode_ci NOT NULL,
  `email` varchar(255) COLLATE utf8mb4_unicode_ci NOT NULL,
  `email_verified_at` timestamp NULL DEFAULT NULL,
  `password` varchar(255) COLLATE utf8mb4_unicode_ci NOT NULL,
  `remember_token` varchar(100) COLLATE utf8mb4_unicode_ci DEFAULT NULL,
  `created_at` timestamp NULL DEFAULT NULL,
  `updated_at` timestamp NULL DEFAULT NULL
) ENGINE=InnoDB DEFAULT CHARSET=utf8mb4 COLLATE=utf8mb4_unicode_ci;

-- --------------------------------------------------------

--
-- Структура таблиці `years`
--

CREATE TABLE `years` (
  `id` int UNSIGNED NOT NULL,
  `title` varchar(255) COLLATE utf8mb4_unicode_ci NOT NULL,
  `slug` varchar(255) COLLATE utf8mb4_unicode_ci NOT NULL,
  `created_at` timestamp NULL DEFAULT NULL,
  `updated_at` timestamp NULL DEFAULT NULL
) ENGINE=InnoDB DEFAULT CHARSET=utf8mb4 COLLATE=utf8mb4_unicode_ci;

--
-- Дамп даних таблиці `years`
--

INSERT INTO `years` (`id`, `title`, `slug`, `created_at`, `updated_at`) VALUES
(1, '1930', '1930', '2024-04-15 05:16:42', '2024-04-15 05:16:42'),
(2, '1931', '1931', '2024-04-15 05:16:42', '2024-04-15 05:16:42'),
(3, '1932', '1932', '2024-04-15 05:16:42', '2024-04-15 05:16:42'),
(4, '1933', '1933', '2024-04-15 05:16:42', '2024-04-15 05:16:42'),
(5, '1934', '1934', '2024-04-15 05:16:42', '2024-04-15 05:16:42'),
(6, '1935', '1935', '2024-04-15 05:16:42', '2024-04-15 05:16:42'),
(7, '1936', '1936', '2024-04-15 05:16:42', '2024-04-15 05:16:42'),
(8, '1937', '1937', '2024-04-15 05:16:42', '2024-04-15 05:16:42'),
(9, '1938', '1938', '2024-04-15 05:16:42', '2024-04-15 05:16:42'),
(10, '1939', '1939', '2024-04-15 05:16:42', '2024-04-15 05:16:42'),
(11, '1940', '1940', '2024-04-15 05:16:42', '2024-04-15 05:16:42'),
(12, '1941', '1941', '2024-04-15 05:16:42', '2024-04-15 05:16:42'),
(13, '1942', '1942', '2024-04-15 05:16:42', '2024-04-15 05:16:42'),
(14, '1943', '1943', '2024-04-15 05:16:42', '2024-04-15 05:16:42'),
(15, '1944', '1944', '2024-04-15 05:16:42', '2024-04-15 05:16:42'),
(16, '1945', '1945', '2024-04-15 05:16:42', '2024-04-15 05:16:42'),
(17, '1946', '1946', '2024-04-15 05:16:42', '2024-04-15 05:16:42'),
(18, '1947', '1947', '2024-04-15 05:16:42', '2024-04-15 05:16:42'),
(19, '1948', '1948', '2024-04-15 05:16:42', '2024-04-15 05:16:42'),
(20, '1949', '1949', '2024-04-15 05:16:42', '2024-04-15 05:16:42'),
(21, '1950', '1950', '2024-04-15 05:16:42', '2024-04-15 05:16:42'),
(22, '1951', '1951', '2024-04-15 05:16:42', '2024-04-15 05:16:42'),
(23, '1952', '1952', '2024-04-15 05:16:42', '2024-04-15 05:16:42'),
(24, '1953', '1953', '2024-04-15 05:16:42', '2024-04-15 05:16:42'),
(25, '1954', '1954', '2024-04-15 05:16:42', '2024-04-15 05:16:42'),
(26, '1955', '1955', '2024-04-15 05:16:42', '2024-04-15 05:16:42'),
(27, '1956', '1956', '2024-04-15 05:16:42', '2024-04-15 05:16:42'),
(28, '1957', '1957', '2024-04-15 05:16:42', '2024-04-15 05:16:42'),
(29, '1958', '1958', '2024-04-15 05:16:42', '2024-04-15 05:16:42'),
(30, '1959', '1959', '2024-04-15 05:16:42', '2024-04-15 05:16:42'),
(31, '1960', '1960', '2024-04-15 05:16:42', '2024-04-15 05:16:42'),
(32, '1961', '1961', '2024-04-15 05:16:42', '2024-04-15 05:16:42'),
(33, '1962', '1962', '2024-04-15 05:16:42', '2024-04-15 05:16:42'),
(34, '1963', '1963', '2024-04-15 05:16:42', '2024-04-15 05:16:42'),
(35, '1964', '1964', '2024-04-15 05:16:42', '2024-04-15 05:16:42'),
(36, '1965', '1965', '2024-04-15 05:16:42', '2024-04-15 05:16:42'),
(37, '1966', '1966', '2024-04-15 05:16:42', '2024-04-15 05:16:42'),
(38, '1967', '1967', '2024-04-15 05:16:42', '2024-04-15 05:16:42'),
(39, '1968', '1968', '2024-04-15 05:16:42', '2024-04-15 05:16:42'),
(40, '1969', '1969', '2024-04-15 05:16:42', '2024-04-15 05:16:42'),
(41, '1970', '1970', '2024-04-15 05:16:42', '2024-04-15 05:16:42'),
(42, '1971', '1971', '2024-04-15 05:16:42', '2024-04-15 05:16:42'),
(43, '1972', '1972', '2024-04-15 05:16:43', '2024-04-15 05:16:43'),
(44, '1973', '1973', '2024-04-15 05:16:43', '2024-04-15 05:16:43'),
(45, '1974', '1974', '2024-04-15 05:16:43', '2024-04-15 05:16:43'),
(46, '1975', '1975', '2024-04-15 05:16:43', '2024-04-15 05:16:43'),
(47, '1976', '1976', '2024-04-15 05:16:43', '2024-04-15 05:16:43'),
(48, '1977', '1977', '2024-04-15 05:16:43', '2024-04-15 05:16:43'),
(49, '1978', '1978', '2024-04-15 05:16:43', '2024-04-15 05:16:43'),
(50, '1979', '1979', '2024-04-15 05:16:43', '2024-04-15 05:16:43'),
(51, '1980', '1980', '2024-04-15 05:16:43', '2024-04-15 05:16:43'),
(52, '1981', '1981', '2024-04-15 05:16:43', '2024-04-15 05:16:43'),
(53, '1982', '1982', '2024-04-15 05:16:43', '2024-04-15 05:16:43'),
(54, '1983', '1983', '2024-04-15 05:16:43', '2024-04-15 05:16:43'),
(55, '1984', '1984', '2024-04-15 05:16:43', '2024-04-15 05:16:43'),
(56, '1985', '1985', '2024-04-15 05:16:43', '2024-04-15 05:16:43'),
(57, '1986', '1986', '2024-04-15 05:16:43', '2024-04-15 05:16:43'),
(58, '1987', '1987', '2024-04-15 05:16:43', '2024-04-15 05:16:43'),
(59, '1988', '1988', '2024-04-15 05:16:43', '2024-04-15 05:16:43'),
(60, '1989', '1989', '2024-04-15 05:16:43', '2024-04-15 05:16:43'),
(61, '1990', '1990', '2024-04-15 05:16:43', '2024-04-15 05:16:43'),
(62, '1991', '1991', '2024-04-15 05:16:43', '2024-04-15 05:16:43'),
(63, '1992', '1992', '2024-04-15 05:16:43', '2024-04-15 05:16:43'),
(64, '1993', '1993', '2024-04-15 05:16:43', '2024-04-15 05:16:43'),
(65, '1994', '1994', '2024-04-15 05:16:43', '2024-04-15 05:16:43'),
(66, '1995', '1995', '2024-04-15 05:16:43', '2024-04-15 05:16:43'),
(67, '1996', '1996', '2024-04-15 05:16:43', '2024-04-15 05:16:43'),
(68, '1997', '1997', '2024-04-15 05:16:43', '2024-04-15 05:16:43'),
(69, '1998', '1998', '2024-04-15 05:16:43', '2024-04-15 05:16:43'),
(70, '1999', '1999', '2024-04-15 05:16:43', '2024-04-15 05:16:43'),
(71, '2000', '2000', '2024-04-15 05:16:43', '2024-04-15 05:16:43'),
(72, '2001', '2001', '2024-04-15 05:16:43', '2024-04-15 05:16:43'),
(73, '2002', '2002', '2024-04-15 05:16:43', '2024-04-15 05:16:43'),
(74, '2003', '2003', '2024-04-15 05:16:43', '2024-04-15 05:16:43'),
(75, '2004', '2004', '2024-04-15 05:16:43', '2024-04-15 05:16:43'),
(76, '2005', '2005', '2024-04-15 05:16:43', '2024-04-15 05:16:43'),
(77, '2006', '2006', '2024-04-15 05:16:44', '2024-04-15 05:16:44'),
(78, '2007', '2007', '2024-04-15 05:16:44', '2024-04-15 05:16:44'),
(79, '2008', '2008', '2024-04-15 05:16:44', '2024-04-15 05:16:44'),
(80, '2009', '2009', '2024-04-15 05:16:44', '2024-04-15 05:16:44'),
(81, '2010', '2010', '2024-04-15 05:16:44', '2024-04-15 05:16:44'),
(82, '2011', '2011', '2024-04-15 05:16:44', '2024-04-15 05:16:44'),
(83, '2012', '2012', '2024-04-15 05:16:44', '2024-04-15 05:16:44'),
(84, '2013', '2013', '2024-04-15 05:16:44', '2024-04-15 05:16:44'),
(85, '2014', '2014', '2024-04-15 05:16:44', '2024-04-15 05:16:44'),
(86, '2015', '2015', '2024-04-15 05:16:44', '2024-04-15 05:16:44'),
(87, '2016', '2016', '2024-04-15 05:16:44', '2024-04-15 05:16:44'),
(88, '2017', '2017', '2024-04-15 05:16:44', '2024-04-15 05:16:44'),
(89, '2018', '2018', '2024-04-15 05:16:44', '2024-04-15 05:16:44'),
(90, '2019', '2019', '2024-04-15 05:16:44', '2024-04-15 05:16:44'),
(91, '2020', '2020', '2024-04-15 05:16:44', '2024-04-15 05:16:44'),
(92, '2021', '2021', '2024-04-15 05:16:44', '2024-04-15 05:16:44'),
(93, '2022', '2022', '2024-04-15 05:16:44', '2024-04-15 05:16:44'),
(94, '2023', '2023', '2024-04-15 05:16:44', '2024-04-15 05:16:44');

--
-- Індекси збережених таблиць
--

--
-- Індекси таблиці `actors`
--
ALTER TABLE `actors`
  ADD PRIMARY KEY (`id`),
  ADD UNIQUE KEY `actors_slug_unique` (`slug`);

--
-- Індекси таблиці `actor_film`
--
ALTER TABLE `actor_film`
  ADD PRIMARY KEY (`id`);

--
-- Індекси таблиці `ages`
--
ALTER TABLE `ages`
  ADD PRIMARY KEY (`id`),
  ADD UNIQUE KEY `ages_slug_unique` (`slug`);

--
-- Індекси таблиці `captions`
--
ALTER TABLE `captions`
  ADD PRIMARY KEY (`id`),
  ADD UNIQUE KEY `captions_slug_unique` (`slug`);

--
-- Індекси таблиці `caption_film`
--
ALTER TABLE `caption_film`
  ADD PRIMARY KEY (`id`);

--
-- Індекси таблиці `categories`
--
ALTER TABLE `categories`
  ADD PRIMARY KEY (`id`),
  ADD UNIQUE KEY `categories_slug_unique` (`slug`);

--
-- Індекси таблиці `companies`
--
ALTER TABLE `companies`
  ADD PRIMARY KEY (`id`),
  ADD UNIQUE KEY `companies_slug_unique` (`slug`);

--
-- Індекси таблиці `company_film`
--
ALTER TABLE `company_film`
  ADD PRIMARY KEY (`id`);

--
-- Індекси таблиці `composers`
--
ALTER TABLE `composers`
  ADD PRIMARY KEY (`id`),
  ADD UNIQUE KEY `composers_slug_unique` (`slug`);

--
-- Індекси таблиці `composer_film`
--
ALTER TABLE `composer_film`
  ADD PRIMARY KEY (`id`);

--
-- Індекси таблиці `countries`
--
ALTER TABLE `countries`
  ADD PRIMARY KEY (`id`),
  ADD UNIQUE KEY `countries_slug_unique` (`slug`);

--
-- Індекси таблиці `country_film`
--
ALTER TABLE `country_film`
  ADD PRIMARY KEY (`id`);

--
-- Індекси таблиці `directors`
--
ALTER TABLE `directors`
  ADD PRIMARY KEY (`id`),
  ADD UNIQUE KEY `directors_slug_unique` (`slug`);

--
-- Індекси таблиці `director_film`
--
ALTER TABLE `director_film`
  ADD PRIMARY KEY (`id`);

--
-- Індекси таблиці `failed_jobs`
--
ALTER TABLE `failed_jobs`
  ADD PRIMARY KEY (`id`),
  ADD UNIQUE KEY `failed_jobs_uuid_unique` (`uuid`);

--
-- Індекси таблиці `films`
--
ALTER TABLE `films`
  ADD PRIMARY KEY (`id`),
  ADD UNIQUE KEY `films_slug_unique` (`slug`);

--
-- Індекси таблиці `film_genre`
--
ALTER TABLE `film_genre`
  ADD PRIMARY KEY (`id`);

--
-- Індекси таблиці `film_language`
--
ALTER TABLE `film_language`
  ADD PRIMARY KEY (`id`);

--
-- Індекси таблиці `film_producer`
--
ALTER TABLE `film_producer`
  ADD PRIMARY KEY (`id`);

--
-- Індекси таблиці `film_selection`
--
ALTER TABLE `film_selection`
  ADD PRIMARY KEY (`id`);

--
-- Індекси таблиці `film_source`
--
ALTER TABLE `film_source`
  ADD PRIMARY KEY (`id`);

--
-- Індекси таблиці `genres`
--
ALTER TABLE `genres`
  ADD PRIMARY KEY (`id`),
  ADD UNIQUE KEY `genres_slug_unique` (`slug`);

--
-- Індекси таблиці `languages`
--
ALTER TABLE `languages`
  ADD PRIMARY KEY (`id`),
  ADD UNIQUE KEY `languages_slug_unique` (`slug`);

--
-- Індекси таблиці `migrations`
--
ALTER TABLE `migrations`
  ADD PRIMARY KEY (`id`);

--
-- Індекси таблиці `password_reset_tokens`
--
ALTER TABLE `password_reset_tokens`
  ADD PRIMARY KEY (`email`);

--
-- Індекси таблиці `personal_access_tokens`
--
ALTER TABLE `personal_access_tokens`
  ADD PRIMARY KEY (`id`),
  ADD UNIQUE KEY `personal_access_tokens_token_unique` (`token`),
  ADD KEY `personal_access_tokens_tokenable_type_tokenable_id_index` (`tokenable_type`,`tokenable_id`);

--
-- Індекси таблиці `producers`
--
ALTER TABLE `producers`
  ADD PRIMARY KEY (`id`),
  ADD UNIQUE KEY `producers_slug_unique` (`slug`);

--
-- Індекси таблиці `qualities`
--
ALTER TABLE `qualities`
  ADD PRIMARY KEY (`id`),
  ADD UNIQUE KEY `qualities_slug_unique` (`slug`);

--
-- Індекси таблиці `ratings`
--
ALTER TABLE `ratings`
  ADD PRIMARY KEY (`id`),
  ADD UNIQUE KEY `ratings_slug_unique` (`slug`);

--
-- Індекси таблиці `seasons`
--
ALTER TABLE `seasons`
  ADD PRIMARY KEY (`id`),
  ADD UNIQUE KEY `seasons_slug_unique` (`slug`);

--
-- Індекси таблиці `selections`
--
ALTER TABLE `selections`
  ADD PRIMARY KEY (`id`),
  ADD UNIQUE KEY `selections_slug_unique` (`slug`);

--
-- Індекси таблиці `statuses`
--
ALTER TABLE `statuses`
  ADD PRIMARY KEY (`id`),
  ADD UNIQUE KEY `statuses_slug_unique` (`slug`);

--
-- Індекси таблиці `users`
--
ALTER TABLE `users`
  ADD PRIMARY KEY (`id`),
  ADD UNIQUE KEY `users_email_unique` (`email`);

--
-- Індекси таблиці `years`
--
ALTER TABLE `years`
  ADD PRIMARY KEY (`id`),
  ADD UNIQUE KEY `years_slug_unique` (`slug`);

--
-- AUTO_INCREMENT для збережених таблиць
--

--
-- AUTO_INCREMENT для таблиці `actors`
--
ALTER TABLE `actors`
  MODIFY `id` int UNSIGNED NOT NULL AUTO_INCREMENT, AUTO_INCREMENT=286;

--
-- AUTO_INCREMENT для таблиці `actor_film`
--
ALTER TABLE `actor_film`
  MODIFY `id` int UNSIGNED NOT NULL AUTO_INCREMENT, AUTO_INCREMENT=599;

--
-- AUTO_INCREMENT для таблиці `ages`
--
ALTER TABLE `ages`
  MODIFY `id` int UNSIGNED NOT NULL AUTO_INCREMENT, AUTO_INCREMENT=15;

--
-- AUTO_INCREMENT для таблиці `captions`
--
ALTER TABLE `captions`
  MODIFY `id` int UNSIGNED NOT NULL AUTO_INCREMENT, AUTO_INCREMENT=6;

--
-- AUTO_INCREMENT для таблиці `caption_film`
--
ALTER TABLE `caption_film`
  MODIFY `id` int UNSIGNED NOT NULL AUTO_INCREMENT, AUTO_INCREMENT=573;

--
-- AUTO_INCREMENT для таблиці `categories`
--
ALTER TABLE `categories`
  MODIFY `id` int UNSIGNED NOT NULL AUTO_INCREMENT, AUTO_INCREMENT=5;

--
-- AUTO_INCREMENT для таблиці `companies`
--
ALTER TABLE `companies`
  MODIFY `id` int UNSIGNED NOT NULL AUTO_INCREMENT, AUTO_INCREMENT=422;

--
-- AUTO_INCREMENT для таблиці `company_film`
--
ALTER TABLE `company_film`
  MODIFY `id` int UNSIGNED NOT NULL AUTO_INCREMENT, AUTO_INCREMENT=795;

--
-- AUTO_INCREMENT для таблиці `composers`
--
ALTER TABLE `composers`
  MODIFY `id` int UNSIGNED NOT NULL AUTO_INCREMENT, AUTO_INCREMENT=170;

--
-- AUTO_INCREMENT для таблиці `composer_film`
--
ALTER TABLE `composer_film`
  MODIFY `id` int UNSIGNED NOT NULL AUTO_INCREMENT, AUTO_INCREMENT=307;

--
-- AUTO_INCREMENT для таблиці `countries`
--
ALTER TABLE `countries`
  MODIFY `id` int UNSIGNED NOT NULL AUTO_INCREMENT, AUTO_INCREMENT=43;

--
-- AUTO_INCREMENT для таблиці `country_film`
--
ALTER TABLE `country_film`
  MODIFY `id` int UNSIGNED NOT NULL AUTO_INCREMENT, AUTO_INCREMENT=352;

--
-- AUTO_INCREMENT для таблиці `directors`
--
ALTER TABLE `directors`
  MODIFY `id` bigint UNSIGNED NOT NULL AUTO_INCREMENT, AUTO_INCREMENT=346;

--
-- AUTO_INCREMENT для таблиці `director_film`
--
ALTER TABLE `director_film`
  MODIFY `id` int UNSIGNED NOT NULL AUTO_INCREMENT, AUTO_INCREMENT=420;

--
-- AUTO_INCREMENT для таблиці `failed_jobs`
--
ALTER TABLE `failed_jobs`
  MODIFY `id` bigint UNSIGNED NOT NULL AUTO_INCREMENT;

--
-- AUTO_INCREMENT для таблиці `films`
--
ALTER TABLE `films`
  MODIFY `id` int UNSIGNED NOT NULL AUTO_INCREMENT, AUTO_INCREMENT=266;

--
-- AUTO_INCREMENT для таблиці `film_genre`
--
ALTER TABLE `film_genre`
  MODIFY `id` int UNSIGNED NOT NULL AUTO_INCREMENT, AUTO_INCREMENT=904;

--
-- AUTO_INCREMENT для таблиці `film_language`
--
ALTER TABLE `film_language`
  MODIFY `id` int UNSIGNED NOT NULL AUTO_INCREMENT, AUTO_INCREMENT=296;

--
-- AUTO_INCREMENT для таблиці `film_producer`
--
ALTER TABLE `film_producer`
  MODIFY `id` int UNSIGNED NOT NULL AUTO_INCREMENT, AUTO_INCREMENT=696;

--
-- AUTO_INCREMENT для таблиці `film_selection`
--
ALTER TABLE `film_selection`
  MODIFY `id` int UNSIGNED NOT NULL AUTO_INCREMENT;

--
-- AUTO_INCREMENT для таблиці `film_source`
--
ALTER TABLE `film_source`
  MODIFY `id` int UNSIGNED NOT NULL AUTO_INCREMENT;

--
-- AUTO_INCREMENT для таблиці `genres`
--
ALTER TABLE `genres`
  MODIFY `id` int UNSIGNED NOT NULL AUTO_INCREMENT, AUTO_INCREMENT=39;

--
-- AUTO_INCREMENT для таблиці `languages`
--
ALTER TABLE `languages`
  MODIFY `id` int UNSIGNED NOT NULL AUTO_INCREMENT, AUTO_INCREMENT=44;

--
-- AUTO_INCREMENT для таблиці `migrations`
--
ALTER TABLE `migrations`
  MODIFY `id` int UNSIGNED NOT NULL AUTO_INCREMENT, AUTO_INCREMENT=34;

--
-- AUTO_INCREMENT для таблиці `personal_access_tokens`
--
ALTER TABLE `personal_access_tokens`
  MODIFY `id` bigint UNSIGNED NOT NULL AUTO_INCREMENT;

--
-- AUTO_INCREMENT для таблиці `producers`
--
ALTER TABLE `producers`
  MODIFY `id` bigint UNSIGNED NOT NULL AUTO_INCREMENT, AUTO_INCREMENT=506;

--
-- AUTO_INCREMENT для таблиці `qualities`
--
ALTER TABLE `qualities`
  MODIFY `id` int UNSIGNED NOT NULL AUTO_INCREMENT, AUTO_INCREMENT=8;

--
-- AUTO_INCREMENT для таблиці `ratings`
--
ALTER TABLE `ratings`
  MODIFY `id` int UNSIGNED NOT NULL AUTO_INCREMENT, AUTO_INCREMENT=4;

--
-- AUTO_INCREMENT для таблиці `seasons`
--
ALTER TABLE `seasons`
  MODIFY `id` int UNSIGNED NOT NULL AUTO_INCREMENT, AUTO_INCREMENT=21;

--
-- AUTO_INCREMENT для таблиці `selections`
--
ALTER TABLE `selections`
  MODIFY `id` int UNSIGNED NOT NULL AUTO_INCREMENT, AUTO_INCREMENT=9;

--
-- AUTO_INCREMENT для таблиці `statuses`
--
ALTER TABLE `statuses`
  MODIFY `id` int UNSIGNED NOT NULL AUTO_INCREMENT, AUTO_INCREMENT=4;

--
-- AUTO_INCREMENT для таблиці `users`
--
ALTER TABLE `users`
  MODIFY `id` bigint UNSIGNED NOT NULL AUTO_INCREMENT;

--
-- AUTO_INCREMENT для таблиці `years`
--
ALTER TABLE `years`
  MODIFY `id` int UNSIGNED NOT NULL AUTO_INCREMENT, AUTO_INCREMENT=95;
COMMIT;

/*!40101 SET CHARACTER_SET_CLIENT=@OLD_CHARACTER_SET_CLIENT */;
/*!40101 SET CHARACTER_SET_RESULTS=@OLD_CHARACTER_SET_RESULTS */;
/*!40101 SET COLLATION_CONNECTION=@OLD_COLLATION_CONNECTION */;
