-- phpMyAdmin SQL Dump
-- version 5.2.1
-- https://www.phpmyadmin.net/
--
-- Хост: localhost
-- Час створення: Вер 17 2024 р., 07:25
-- Версія сервера: 8.0.31-0ubuntu0.20.04.2
-- Версія PHP: 8.2.13

SET SQL_MODE = "NO_AUTO_VALUE_ON_ZERO";
START TRANSACTION;
SET time_zone = "+00:00";


/*!40101 SET @OLD_CHARACTER_SET_CLIENT=@@CHARACTER_SET_CLIENT */;
/*!40101 SET @OLD_CHARACTER_SET_RESULTS=@@CHARACTER_SET_RESULTS */;
/*!40101 SET @OLD_COLLATION_CONNECTION=@@COLLATION_CONNECTION */;
/*!40101 SET NAMES utf8mb4 */;

--
-- База даних: `kinoimages`
--

-- --------------------------------------------------------

--
-- Структура таблиці `actors`
--

CREATE TABLE `actors` (
  `id` int UNSIGNED NOT NULL,
  `name` varchar(255) COLLATE utf8mb4_unicode_ci NOT NULL,
  `slug` varchar(255) COLLATE utf8mb4_unicode_ci NOT NULL,
  `created_at` timestamp NULL DEFAULT NULL,
  `updated_at` timestamp NULL DEFAULT NULL
) ENGINE=InnoDB DEFAULT CHARSET=utf8mb4 COLLATE=utf8mb4_unicode_ci;

--
-- Дамп даних таблиці `actors`
--

INSERT INTO `actors` (`id`, `name`, `slug`, `created_at`, `updated_at`) VALUES
(1, 'Джефф Бриджес', 'dzeff-bridzes', '2024-09-17 02:23:45', '2024-09-17 02:23:45'),
(2, 'Тим Роббинс', 'tim-robbins', '2024-09-17 02:23:45', '2024-09-17 02:23:45'),
(3, 'Брюс Дэвисон', 'brius-devison', '2024-09-17 02:23:45', '2024-09-17 02:23:45'),
(4, 'Гэбриел Луна', 'gebriel-luna', '2024-09-17 02:23:45', '2024-09-17 02:23:45'),
(5, 'Джонатан Такер', 'dzonatan-taker', '2024-09-17 02:23:45', '2024-09-17 02:23:45'),
(6, 'Мэтт МакКой', 'mett-makkoi', '2024-09-17 02:23:45', '2024-09-17 02:23:45'),
(7, 'Эдвард Платт', 'edvard-platt', '2024-09-17 02:23:45', '2024-09-17 02:23:45'),
(8, 'Адам Сэндлер', 'adam-sendler', '2024-09-17 02:23:45', '2024-09-17 02:23:45'),
(9, 'Айс Кьюб', 'ais-kiub', '2024-09-17 02:23:45', '2024-09-17 02:23:45'),
(10, 'Алан Тьюдик', 'alan-tiudik', '2024-09-17 02:23:45', '2024-09-17 02:23:45'),
(11, 'Алекс Ашбаух', 'aleks-asbaux', '2024-09-17 02:23:45', '2024-09-17 02:23:45'),
(12, 'Аль Пачино', 'al-pacino', '2024-09-17 02:23:45', '2024-09-17 02:23:45'),
(13, 'Альфонсо Рибейро', 'alfonso-ribeiro', '2024-09-17 02:23:45', '2024-09-17 02:23:45'),
(14, 'Аманда Пит', 'amanda-pit', '2024-09-17 02:23:45', '2024-09-17 02:23:45'),
(15, 'Анджелина Джоли', 'andzelina-dzoli', '2024-09-17 02:23:45', '2024-09-17 02:23:45'),
(16, 'Антонио Бандерас', 'antonio-banderas', '2024-09-17 02:23:45', '2024-09-17 02:23:45'),
(17, 'Арнольд Шварценеггер', 'arnold-svarcenegger', '2024-09-17 02:23:45', '2024-09-17 02:23:45'),
(18, 'Барбра Стрейзанд', 'barbra-streizand', '2024-09-17 02:23:45', '2024-09-17 02:23:45'),
(19, 'Бен Аффлек', 'ben-afflek', '2024-09-17 02:23:45', '2024-09-17 02:23:45'),
(20, 'Бен Стиллер', 'ben-stiller', '2024-09-17 02:23:45', '2024-09-17 02:23:45'),
(21, 'Бен Фостер', 'ben-foster', '2024-09-17 02:23:45', '2024-09-17 02:23:45'),
(22, 'Бенедикт Камбербэтч', 'benedikt-kamberbetc', '2024-09-17 02:23:45', '2024-09-17 02:23:45'),
(23, 'Бенисио Дель Торо', 'benisio-del-toro', '2024-09-17 02:23:45', '2024-09-17 02:23:45'),
(24, 'Билл Мюррей', 'bill-miurrei', '2024-09-17 02:23:45', '2024-09-17 02:23:45'),
(25, 'Билли Кристал', 'billi-kristal', '2024-09-17 02:23:45', '2024-09-17 02:23:45'),
(26, 'Боб Хоскинс', 'bob-xoskins', '2024-09-17 02:23:45', '2024-09-17 02:23:45'),
(27, 'Брендан Фрейзер', 'brendan-freizer', '2024-09-17 02:23:45', '2024-09-17 02:23:45'),
(28, 'Брэд Питт', 'bred-pitt', '2024-09-17 02:23:45', '2024-09-17 02:23:45'),
(29, 'Брэдли Купер', 'bredli-kuper', '2024-09-17 02:23:45', '2024-09-17 02:23:45'),
(30, 'Брюс Бокслейтнер', 'brius-boksleitner', '2024-09-17 02:23:45', '2024-09-17 02:23:45'),
(31, 'Брюс Уиллис', 'brius-uillis', '2024-09-17 02:23:45', '2024-09-17 02:23:45'),
(32, 'Бэрри Пеппер', 'berri-pepper', '2024-09-17 02:23:45', '2024-09-17 02:23:45'),
(33, 'Винни Джонс', 'vinni-dzons', '2024-09-17 02:23:45', '2024-09-17 02:23:45'),
(34, 'Винс Вон', 'vins-von', '2024-09-17 02:23:45', '2024-09-17 02:23:45'),
(35, 'Винсент Д`Онофрио', 'vinsent-donofrio', '2024-09-17 02:23:45', '2024-09-17 02:23:45'),
(36, 'Він Дізель', 'vin-dizel', '2024-09-17 02:23:45', '2024-09-17 02:23:45'),
(37, 'Вуди Харрельсон', 'vudi-xarrelson', '2024-09-17 02:23:45', '2024-09-17 02:23:45'),
(38, 'Вупи Голдберг', 'vupi-goldberg', '2024-09-17 02:23:45', '2024-09-17 02:23:45'),
(39, 'Гай Пирс', 'gai-pirs', '2024-09-17 02:23:45', '2024-09-17 02:23:45'),
(40, 'Гаррет Хедлунд', 'garret-xedlund', '2024-09-17 02:23:45', '2024-09-17 02:23:45'),
(41, 'Гленн Хоуертон', 'glenn-xouerton', '2024-09-17 02:23:45', '2024-09-17 02:23:45'),
(42, 'Гэвин Россдэйл', 'gevin-rossdeil', '2024-09-17 02:23:45', '2024-09-17 02:23:45'),
(43, 'Давид Белль', 'david-bell', '2024-09-17 02:23:45', '2024-09-17 02:23:45'),
(44, 'Дастин Хоффман', 'dastin-xoffman', '2024-09-17 02:23:45', '2024-09-17 02:23:45'),
(45, 'Дензел Вашингтон', 'denzel-vasington', '2024-09-17 02:23:45', '2024-09-17 02:23:45'),
(46, 'Денніс Квейд', 'dennis-kveid', '2024-09-17 02:23:45', '2024-09-17 02:23:45'),
(47, 'Дж.К. Симмонс', 'dzk-simmons', '2024-09-17 02:23:45', '2024-09-17 02:23:45'),
(48, 'Джаред Лето', 'dzared-leto', '2024-09-17 02:23:45', '2024-09-17 02:23:45'),
(49, 'Джастін Лонг', 'dzastin-long', '2024-09-17 02:23:45', '2024-09-17 02:23:45'),
(50, 'Джейми Фокс', 'dzeimi-foks', '2024-09-17 02:23:45', '2024-09-17 02:23:45'),
(51, 'Джеймі Преслі', 'dzeimi-presli', '2024-09-17 02:23:45', '2024-09-17 02:23:45'),
(52, 'Джеймс Белуши', 'dzeims-belusi', '2024-09-17 02:23:45', '2024-09-17 02:23:45'),
(53, 'Джеймс Марсден', 'dzeims-marsden', '2024-09-17 02:23:45', '2024-09-17 02:23:45'),
(54, 'Джеймс Эйври', 'dzeims-eivri', '2024-09-17 02:23:45', '2024-09-17 02:23:45'),
(55, 'Джейсон Бейтмен', 'dzeison-beitmen', '2024-09-17 02:23:45', '2024-09-17 02:23:45'),
(56, 'Джейсон Биггз', 'dzeison-biggz', '2024-09-17 02:23:45', '2024-09-17 02:23:45'),
(57, 'Джейсон Ли', 'dzeison-li', '2024-09-17 02:23:45', '2024-09-17 02:23:45'),
(58, 'Джейсон Сигел', 'dzeison-sigel', '2024-09-17 02:23:45', '2024-09-17 02:23:45'),
(59, 'Джейсон Стэйтем', 'dzeison-steitem', '2024-09-17 02:23:45', '2024-09-17 02:23:45'),
(60, 'Джейсон Судейкіс', 'dzeison-sudeikis', '2024-09-17 02:23:45', '2024-09-17 02:23:45'),
(61, 'Джейсон Флеминг', 'dzeison-fleming', '2024-09-17 02:23:45', '2024-09-17 02:23:45'),
(62, 'Джек Блэк', 'dzek-blek', '2024-09-17 02:23:45', '2024-09-17 02:23:45'),
(63, 'Джеки Чан', 'dzeki-can', '2024-09-17 02:23:45', '2024-09-17 02:23:45'),
(64, 'Дженнифер Энистон', 'dzennifer-eniston', '2024-09-17 02:23:45', '2024-09-17 02:23:45'),
(65, 'Джерард Батлер', 'dzerard-batler', '2024-09-17 02:23:45', '2024-09-17 02:23:45'),
(66, 'Джереми Айронс', 'dzeremi-airons', '2024-09-17 02:23:45', '2024-09-17 02:23:45'),
(67, 'Джереми Реннер', 'dzeremi-renner', '2024-09-17 02:23:45', '2024-09-17 02:23:45'),
(68, 'Джеремі Аллен Вайт', 'dzeremi-allen-vait', '2024-09-17 02:23:45', '2024-09-17 02:23:45'),
(69, 'Джерри О`Коннелл', 'dzerri-okonnell', '2024-09-17 02:23:45', '2024-09-17 02:23:45'),
(70, 'Джесси Айзенберг', 'dzessi-aizenberg', '2024-09-17 02:23:45', '2024-09-17 02:23:45'),
(71, 'Джет Ли', 'dzet-li', '2024-09-17 02:23:45', '2024-09-17 02:23:45'),
(72, 'Джим Керри', 'dzim-kerri', '2024-09-17 02:23:45', '2024-09-17 02:23:45'),
(73, 'Джо Пеши', 'dzo-pesi', '2024-09-17 02:23:45', '2024-09-17 02:23:45'),
(74, 'Джон К. МакГинли', 'dzon-k-makginli', '2024-09-17 02:23:45', '2024-09-17 02:23:45'),
(75, 'Джон Кэнди', 'dzon-kendi', '2024-09-17 02:23:45', '2024-09-17 02:23:45'),
(76, 'Джон Легуизамо', 'dzon-leguizamo', '2024-09-17 02:23:45', '2024-09-17 02:23:45'),
(77, 'Джон Литгоу', 'dzon-litgou', '2024-09-17 02:23:45', '2024-09-17 02:23:45'),
(78, 'Джон Мэллори Ашер', 'dzon-mellori-aser', '2024-09-17 02:23:45', '2024-09-17 02:23:45'),
(79, 'Джон Рис-Дэвис', 'dzon-ris-devis', '2024-09-17 02:23:45', '2024-09-17 02:23:45'),
(80, 'Джон Траволта', 'dzon-travolta', '2024-09-17 02:23:45', '2024-09-17 02:23:45'),
(81, 'Джон Уэсли Шипп', 'dzon-uesli-sipp', '2024-09-17 02:23:45', '2024-09-17 02:23:45'),
(82, 'Джон Фавро', 'dzon-favro', '2024-09-17 02:23:45', '2024-09-17 02:23:45'),
(83, 'Джона Хилл', 'dzona-xill', '2024-09-17 02:23:45', '2024-09-17 02:23:45'),
(84, 'Джонни Депп', 'dzonni-depp', '2024-09-17 02:23:45', '2024-09-17 02:23:45'),
(85, 'Джордж Клуни', 'dzordz-kluni', '2024-09-17 02:23:45', '2024-09-17 02:23:45'),
(86, 'Джош Лукас', 'dzos-lukas', '2024-09-17 02:23:45', '2024-09-17 02:23:45'),
(87, 'Джош Рэднор', 'dzos-rednor', '2024-09-17 02:23:45', '2024-09-17 02:23:45'),
(88, 'Джош Хартнетт', 'dzos-xartnett', '2024-09-17 02:23:45', '2024-09-17 02:23:45'),
(89, 'Джоэл Эдгертон', 'dzoel-edgerton', '2024-09-17 02:23:45', '2024-09-17 02:23:45'),
(90, 'Джуд Лоу', 'dzud-lou', '2024-09-17 02:23:45', '2024-09-17 02:23:45'),
(91, 'Дин o`Горман', 'din-ogorman', '2024-09-17 02:23:45', '2024-09-17 02:23:45'),
(92, 'Дольф Лундгрен', 'dolf-lundgren', '2024-09-17 02:23:45', '2024-09-17 02:23:45'),
(93, 'Доминик Пёрселл', 'dominik-persell', '2024-09-17 02:23:45', '2024-09-17 02:23:45'),
(94, 'Дон Адамс', 'don-adams', '2024-09-17 02:23:45', '2024-09-17 02:23:45'),
(95, 'Дональд Сазерленд', 'donald-sazerlend', '2024-09-17 02:23:45', '2024-09-17 02:23:45'),
(96, 'Дуэйн Джонсон', 'duein-dzonson', '2024-09-17 02:23:45', '2024-09-17 02:23:45'),
(97, 'Дэвид Кросс', 'devid-kross', '2024-09-17 02:23:45', '2024-09-17 02:23:45'),
(98, 'Дэвид Спейд', 'devid-speid', '2024-09-17 02:23:45', '2024-09-17 02:23:45'),
(99, 'Дэвид Хорнсби', 'devid-xornsbi', '2024-09-17 02:23:45', '2024-09-17 02:23:45'),
(100, 'Дэвид Хэсселхофф', 'devid-xesselxoff', '2024-09-17 02:23:45', '2024-09-17 02:23:45'),
(101, 'Дэвид Швиммер', 'devid-svimmer', '2024-09-17 02:23:45', '2024-09-17 02:23:45'),
(102, 'Дэйл Мидкифф', 'deil-midkiff', '2024-09-17 02:23:45', '2024-09-17 02:23:45'),
(103, 'Дэйл Павински', 'deil-pavinski', '2024-09-17 02:23:45', '2024-09-17 02:23:45'),
(104, 'Дэймон Уайанс мл.', 'deimon-uaians-ml', '2024-09-17 02:23:45', '2024-09-17 02:23:45'),
(105, 'Дэкс Шепард', 'deks-separd', '2024-09-17 02:23:45', '2024-09-17 02:23:45'),
(106, 'Дэн Эйкройд', 'den-eikroid', '2024-09-17 02:23:45', '2024-09-17 02:23:45'),
(107, 'Дэниэл Калуя', 'deniel-kaluia', '2024-09-17 02:23:45', '2024-09-17 02:23:45'),
(108, 'Дэниэл Стерн', 'deniel-stern', '2024-09-17 02:23:45', '2024-09-17 02:23:45'),
(109, 'Дэнни Гловер', 'denni-glover', '2024-09-17 02:23:45', '2024-09-17 02:23:45'),
(110, 'Дэнни ДеВито', 'denni-devito', '2024-09-17 02:23:45', '2024-09-17 02:23:45'),
(111, 'Ентоні Андерсон', 'entoni-anderson', '2024-09-17 02:23:45', '2024-09-17 02:23:45'),
(112, 'Євгеній Кошовий', 'jevgenii-kosovii', '2024-09-17 02:23:45', '2024-09-17 02:23:45'),
(113, 'Жан Марэ', 'zan-mare', '2024-09-17 02:23:45', '2024-09-17 02:23:45'),
(114, 'Жан-Клод Ван Дамм', 'zan-klod-van-damm', '2024-09-17 02:23:45', '2024-09-17 02:23:45'),
(115, 'Зак Брафф', 'zak-braff', '2024-09-17 02:23:45', '2024-09-17 02:23:45'),
(116, 'Зак Галифианакис', 'zak-galifianakis', '2024-09-17 02:23:45', '2024-09-17 02:23:45'),
(117, 'Зак Эфрон', 'zak-efron', '2024-09-17 02:23:45', '2024-09-17 02:23:45'),
(118, 'Идрис Эльба', 'idris-elba', '2024-09-17 02:23:45', '2024-09-17 02:23:45'),
(119, 'Иксзибит', 'ikszibit', '2024-09-17 02:23:45', '2024-09-17 02:23:45'),
(120, 'Итэн Хоук', 'iten-xouk', '2024-09-17 02:23:45', '2024-09-17 02:23:45'),
(121, 'Карл Урбан', 'karl-urban', '2024-09-17 02:23:45', '2024-09-17 02:23:45'),
(122, 'Кевин Джеймс', 'kevin-dzeims', '2024-09-17 02:23:45', '2024-09-17 02:23:45'),
(123, 'Кевин Сорбо', 'kevin-sorbo', '2024-09-17 02:23:45', '2024-09-17 02:23:45'),
(124, 'Кевін Гарт', 'kevin-gart', '2024-09-17 02:23:45', '2024-09-17 02:23:45'),
(125, 'Кен Дженкинс', 'ken-dzenkins', '2024-09-17 02:23:45', '2024-09-17 02:23:45'),
(126, 'Кёртис Армстронг', 'kertis-armstrong', '2024-09-17 02:23:45', '2024-09-17 02:23:45'),
(127, 'Киану Ривз', 'kianu-rivz', '2024-09-17 02:23:45', '2024-09-17 02:23:45'),
(128, 'Кинен Айвори Уайанс', 'kinen-aivori-uaians', '2024-09-17 02:23:45', '2024-09-17 02:23:45'),
(129, 'Кирен Хатчинсон', 'kiren-xatcinson', '2024-09-17 02:23:45', '2024-09-17 02:23:45'),
(130, 'Кіран Калкін', 'kiran-kalkin', '2024-09-17 02:23:45', '2024-09-17 02:23:45'),
(131, 'Клайв Оуэн', 'klaiv-ouen', '2024-09-17 02:23:45', '2024-09-17 02:23:45'),
(132, 'Колин Фаррелл', 'kolin-farrell', '2024-09-17 02:23:45', '2024-09-17 02:23:45'),
(133, 'Крис Конрад', 'kris-konrad', '2024-09-17 02:23:45', '2024-09-17 02:23:45'),
(134, 'Крис Кэттэн', 'kris-ketten', '2024-09-17 02:23:45', '2024-09-17 02:23:45'),
(135, 'Крис Пайн', 'kris-pain', '2024-09-17 02:23:45', '2024-09-17 02:23:45'),
(136, 'Крис Рок', 'kris-rok', '2024-09-17 02:23:45', '2024-09-17 02:23:45'),
(137, 'Крис Такер', 'kris-taker', '2024-09-17 02:23:45', '2024-09-17 02:23:45'),
(138, 'Крис Хемсворт', 'kris-xemsvort', '2024-09-17 02:23:45', '2024-09-17 02:23:45'),
(139, 'Крис Эванс', 'kris-evans', '2024-09-17 02:23:45', '2024-09-17 02:23:45'),
(140, 'Криспин Гловер', 'krispin-glover', '2024-09-17 02:23:45', '2024-09-17 02:23:45'),
(141, 'Кристиан Бэйл', 'kristian-beil', '2024-09-17 02:23:45', '2024-09-17 02:23:45'),
(142, 'Кристоф Вальц', 'kristof-valc', '2024-09-17 02:23:45', '2024-09-17 02:23:45'),
(143, 'Кристофер Ламберт', 'kristofer-lambert', '2024-09-17 02:23:45', '2024-09-17 02:23:45'),
(144, 'Кристофер Ллойд', 'kristofer-lloid', '2024-09-17 02:23:45', '2024-09-17 02:23:45'),
(145, 'Кристофер Минц-Плассе', 'kristofer-minc-plasse', '2024-09-17 02:23:45', '2024-09-17 02:23:45'),
(146, 'Кэри Элвес', 'keri-elves', '2024-09-17 02:23:45', '2024-09-17 02:23:45'),
(147, 'Кэри-Хироюки Тагава', 'keri-xiroiuki-tagava', '2024-09-17 02:23:45', '2024-09-17 02:23:45'),
(148, 'Леслі Нільсен', 'lesli-nilsen', '2024-09-17 02:23:45', '2024-09-17 02:23:45'),
(149, 'Ли Тергесен', 'li-tergesen', '2024-09-17 02:23:45', '2024-09-17 02:23:45'),
(150, 'Лиам Нисон', 'liam-nison', '2024-09-17 02:23:45', '2024-09-17 02:23:45'),
(151, 'Лиам Хемсворт', 'liam-xemsvort', '2024-09-17 02:23:45', '2024-09-17 02:23:45'),
(152, 'Линда Хэмилтон', 'linda-xemilton', '2024-09-17 02:23:45', '2024-09-17 02:23:45'),
(153, 'Линден Эшби', 'linden-esbi', '2024-09-17 02:23:45', '2024-09-17 02:23:45'),
(154, 'Лієв Шрайбер', 'lijev-sraiber', '2024-09-17 02:23:45', '2024-09-17 02:23:45'),
(155, 'Лоренцо Ламас', 'lorenco-lamas', '2024-09-17 02:23:45', '2024-09-17 02:23:45'),
(156, 'Лоуренс Фишборн', 'lourens-fisborn', '2024-09-17 02:23:45', '2024-09-17 02:23:45'),
(157, 'Луи де Фюнес', 'lui-de-fiunes', '2024-09-17 02:23:45', '2024-09-17 02:23:45'),
(158, 'Люк Брейси', 'liuk-breisi', '2024-09-17 02:23:45', '2024-09-17 02:23:45'),
(159, 'Люк Уилсон', 'liuk-uilson', '2024-09-17 02:23:45', '2024-09-17 02:23:45'),
(160, 'Мадс Миккельсен', 'mads-mikkelsen', '2024-09-17 02:23:45', '2024-09-17 02:23:45'),
(161, 'Майк Маєрс', 'maik-majers', '2024-09-17 02:23:45', '2024-09-17 02:23:45'),
(162, 'Майкл Б. Джордан', 'maikl-b-dzordan', '2024-09-17 02:23:45', '2024-09-17 02:23:45'),
(163, 'Майкл Бин', 'maikl-bin', '2024-09-17 02:23:45', '2024-09-17 02:23:45'),
(164, 'Майкл Дж. Уайт', 'maikl-dz-uait', '2024-09-17 02:23:45', '2024-09-17 02:23:45'),
(165, 'Майкл Дж. Фокс', 'maikl-dz-foks', '2024-09-17 02:23:45', '2024-09-17 02:23:45'),
(166, 'Майкл Дуглас', 'maikl-duglas', '2024-09-17 02:23:45', '2024-09-17 02:23:45'),
(167, 'Майкл Китон', 'maikl-kiton', '2024-09-17 02:23:45', '2024-09-17 02:23:45'),
(168, 'Майкл МакМанус', 'maikl-makmanus', '2024-09-17 02:23:45', '2024-09-17 02:23:45'),
(169, 'Майкл Манассери', 'maikl-manasseri', '2024-09-17 02:23:45', '2024-09-17 02:23:45'),
(170, 'Майкл Сера', 'maikl-sera', '2024-09-17 02:23:45', '2024-09-17 02:23:45'),
(171, 'Майкл Фассбендер', 'maikl-fassbender', '2024-09-17 02:23:45', '2024-09-17 02:23:45'),
(172, 'Маколей Калкин', 'makolei-kalkin', '2024-09-17 02:23:45', '2024-09-17 02:23:45'),
(173, 'Макс Райт', 'maks-rait', '2024-09-17 02:23:45', '2024-09-17 02:23:45'),
(174, 'Малкольм МакДауэлл', 'malkolm-makdauell', '2024-09-17 02:23:45', '2024-09-17 02:23:45'),
(175, 'Марк Дакаскос', 'mark-dakaskos', '2024-09-17 02:23:45', '2024-09-17 02:23:45'),
(176, 'Марк Уолберг', 'mark-uolberg', '2024-09-17 02:23:45', '2024-09-17 02:23:45'),
(177, 'Марк Хэмилл', 'mark-xemill', '2024-09-17 02:23:45', '2024-09-17 02:23:45'),
(178, 'Марлон Веянс', 'marlon-veians', '2024-09-17 02:23:45', '2024-09-17 02:23:45'),
(179, 'Мартин Лоуренс', 'martin-lourens', '2024-09-17 02:23:45', '2024-09-17 02:23:45'),
(180, 'Мартин Фриман', 'martin-friman', '2024-09-17 02:23:45', '2024-09-17 02:23:45'),
(181, 'Мартін Шин', 'martin-sin', '2024-09-17 02:23:45', '2024-09-17 02:23:45'),
(182, 'Мелисса МакКарти', 'melissa-makkarti', '2024-09-17 02:23:45', '2024-09-17 02:23:45'),
(183, 'Микки Рурк', 'mikki-rurk', '2024-09-17 02:23:45', '2024-09-17 02:23:45'),
(184, 'Милла Йовович', 'milla-iovovic', '2024-09-17 02:23:45', '2024-09-17 02:23:45'),
(185, 'Морган Фримен', 'morgan-frimen', '2024-09-17 02:23:45', '2024-09-17 02:23:45'),
(186, 'Мэл Гибсон', 'mel-gibson', '2024-09-17 02:23:45', '2024-09-17 02:23:45'),
(187, 'Мэтт Дэймон', 'mett-deimon', '2024-09-17 02:23:45', '2024-09-17 02:23:45'),
(188, 'Мэтт ЛеБлан', 'mett-leblan', '2024-09-17 02:23:45', '2024-09-17 02:23:45'),
(189, 'Мэтт Шульц', 'mett-sulc', '2024-09-17 02:23:45', '2024-09-17 02:23:45'),
(190, 'Мэттью Лиллард', 'mettiu-lillard', '2024-09-17 02:23:45', '2024-09-17 02:23:45'),
(191, 'Мэттью МакКонахи', 'mettiu-makkonaxi', '2024-09-17 02:23:45', '2024-09-17 02:23:45'),
(192, 'Мэттью Перри', 'mettiu-perri', '2024-09-17 02:23:45', '2024-09-17 02:23:45'),
(193, 'Ник Нолти', 'nik-nolti', '2024-09-17 02:23:45', '2024-09-17 02:23:45'),
(194, 'Ник Стал', 'nik-stal', '2024-09-17 02:23:45', '2024-09-17 02:23:45'),
(195, 'Ник Фрост', 'nik-frost', '2024-09-17 02:23:45', '2024-09-17 02:23:45'),
(196, 'Николас Кейдж', 'nikolas-keidz', '2024-09-17 02:23:45', '2024-09-17 02:23:45'),
(197, 'Нил Патрик Харрис', 'nil-patrik-xarris', '2024-09-17 02:23:45', '2024-09-17 02:23:45'),
(198, 'Овайн Йомэн', 'ovain-iomen', '2024-09-17 02:23:45', '2024-09-17 02:23:45'),
(199, 'Олена Кравець', 'olena-kravec', '2024-09-17 02:23:45', '2024-09-17 02:23:45'),
(200, 'Орландо Блум', 'orlando-blum', '2024-09-17 02:23:45', '2024-09-17 02:23:45'),
(201, 'Оуэн Уилсон', 'ouen-uilson', '2024-09-17 02:23:45', '2024-09-17 02:23:45'),
(202, 'Патрик Уилсон', 'patrik-uilson', '2024-09-17 02:23:45', '2024-09-17 02:23:45'),
(203, 'Питер Уэллер', 'piter-ueller', '2024-09-17 02:23:45', '2024-09-17 02:23:45'),
(204, 'Пол Вокер', 'pol-voker', '2024-09-17 02:23:45', '2024-09-17 02:23:45'),
(205, 'Пол Радд', 'pol-radd', '2024-09-17 02:23:45', '2024-09-17 02:23:45'),
(206, 'Райан Гослинг', 'raian-gosling', '2024-09-17 02:23:45', '2024-09-17 02:23:45'),
(207, 'Расселл Брэнд', 'rassell-brend', '2024-09-17 02:23:45', '2024-09-17 02:23:45'),
(208, 'Расселл Кроу', 'rassell-krou', '2024-09-17 02:23:45', '2024-09-17 02:23:45'),
(209, 'Роб МакЭлхенни', 'rob-makelxenni', '2024-09-17 02:23:45', '2024-09-17 02:23:45'),
(210, 'Роб Шнайдер', 'rob-snaider', '2024-09-17 02:23:45', '2024-09-17 02:23:45'),
(211, 'Роберт Дауни мл.', 'robert-dauni-ml', '2024-09-17 02:23:45', '2024-09-17 02:23:45'),
(212, 'Роберт Де Ниро', 'robert-de-niro', '2024-09-17 02:23:45', '2024-09-17 02:23:45'),
(213, 'Робин Уильямс', 'robin-uiliams', '2024-09-17 02:23:45', '2024-09-17 02:23:45'),
(214, 'Робин Шоу', 'robin-sou', '2024-09-17 02:23:45', '2024-09-17 02:23:45'),
(215, 'Рон Перлман', 'ron-perlman', '2024-09-17 02:23:45', '2024-09-17 02:23:45'),
(216, 'Роуэн Аткинсон', 'rouen-atkinson', '2024-09-17 02:23:45', '2024-09-17 02:23:45'),
(217, 'Рутгер Хауэр', 'rutger-xauer', '2024-09-17 02:23:45', '2024-09-17 02:23:45'),
(218, 'Саймон Бэйкер', 'saimon-beiker', '2024-09-17 02:23:45', '2024-09-17 02:23:45'),
(219, 'Саймон Пегг', 'saimon-pegg', '2024-09-17 02:23:45', '2024-09-17 02:23:45'),
(220, 'Саймон Рекс', 'saimon-reks', '2024-09-17 02:23:45', '2024-09-17 02:23:45'),
(221, 'Сами Насери', 'sami-naseri', '2024-09-17 02:23:45', '2024-09-17 02:23:45'),
(222, 'Сильвестр Сталлоне', 'silvestr-stallone', '2024-09-17 02:23:45', '2024-09-17 02:23:45'),
(223, 'Синбад', 'sinbad', '2024-09-17 02:23:45', '2024-09-17 02:23:45'),
(224, 'Сирил Раффаэлли', 'siril-raffaelli', '2024-09-17 02:23:45', '2024-09-17 02:23:45'),
(225, 'Скотт Спидман', 'skott-spidman', '2024-09-17 02:23:45', '2024-09-17 02:23:45'),
(226, 'Снуп Догг', 'snup-dogg', '2024-09-17 02:23:45', '2024-09-17 02:23:45'),
(227, 'Степан Казанін', 'stepan-kazanin', '2024-09-17 02:23:45', '2024-09-17 02:23:45'),
(228, 'Стив Бушеми', 'stiv-busemi', '2024-09-17 02:23:45', '2024-09-17 02:23:45'),
(229, 'Стив Гуттенберг', 'stiv-guttenberg', '2024-09-17 02:23:45', '2024-09-17 02:23:45'),
(230, 'Стив Карелл', 'stiv-karell', '2024-09-17 02:23:45', '2024-09-17 02:23:45'),
(231, 'Стэн Кирш', 'sten-kirs', '2024-09-17 02:23:45', '2024-09-17 02:23:45'),
(232, 'Стэнли Туччи', 'stenli-tucci', '2024-09-17 02:23:45', '2024-09-17 02:23:45'),
(233, 'Сэм Уортингтон', 'sem-uortington', '2024-09-17 02:23:45', '2024-09-17 02:23:45'),
(234, 'Сэм Эллиотт', 'sem-elliott', '2024-09-17 02:23:45', '2024-09-17 02:23:45'),
(235, 'Сэмюэл Л. Джексон', 'semiuel-l-dzekson', '2024-09-17 02:23:45', '2024-09-17 02:23:45'),
(236, 'Тайриз Гибсон', 'tairiz-gibson', '2024-09-17 02:23:45', '2024-09-17 02:23:45'),
(237, 'Теренс Хілл', 'terens-xill', '2024-09-17 02:23:45', '2024-09-17 02:23:45'),
(238, 'Терри Крюс', 'terri-krius', '2024-09-17 02:23:45', '2024-09-17 02:23:45'),
(239, 'Тим Рот', 'tim-rot', '2024-09-17 02:23:45', '2024-09-17 02:23:45'),
(240, 'Тимоти Далтон', 'timoti-dalton', '2024-09-17 02:23:45', '2024-09-17 02:23:45'),
(241, 'Том Беренджер', 'tom-berendzer', '2024-09-17 02:23:45', '2024-09-17 02:23:45'),
(242, 'Том Круз', 'tom-kruz', '2024-09-17 02:23:45', '2024-09-17 02:23:45'),
(243, 'Том Селлек', 'tom-sellek', '2024-09-17 02:23:45', '2024-09-17 02:23:45'),
(244, 'Том Харди', 'tom-xardi', '2024-09-17 02:23:45', '2024-09-17 02:23:45'),
(245, 'Том Хэнкс', 'tom-xenks', '2024-09-17 02:23:45', '2024-09-17 02:23:45'),
(246, 'Томас Иэн Гриффит', 'tomas-ien-griffit', '2024-09-17 02:23:45', '2024-09-17 02:23:45'),
(247, 'Томми Ли Джонс', 'tommi-li-dzons', '2024-09-17 02:23:45', '2024-09-17 02:23:45'),
(248, 'Трэйси Морган', 'treisi-morgan', '2024-09-17 02:23:45', '2024-09-17 02:23:45'),
(249, 'Уилл Арнетт', 'uill-arnett', '2024-09-17 02:23:45', '2024-09-17 02:23:45'),
(250, 'Уилл Смит', 'uill-smit', '2024-09-17 02:23:45', '2024-09-17 02:23:45'),
(251, 'Уилл Феррелл', 'uill-ferrell', '2024-09-17 02:23:45', '2024-09-17 02:23:45'),
(252, 'Уэсли Снайпс', 'uesli-snaips', '2024-09-17 02:23:45', '2024-09-17 02:23:45'),
(253, 'Форест Уитакер', 'forest-uitaker', '2024-09-17 02:23:45', '2024-09-17 02:23:45'),
(254, 'Франк Гастамбид', 'frank-gastambid', '2024-09-17 02:23:45', '2024-09-17 02:23:45'),
(255, 'Фредерик Дифенталь', 'frederik-difental', '2024-09-17 02:23:45', '2024-09-17 02:23:45'),
(256, 'Харрисон Форд', 'xarrison-ford', '2024-09-17 02:23:45', '2024-09-17 02:23:45'),
(257, 'Хью Джекман', 'xiu-dzekman', '2024-09-17 02:23:45', '2024-09-17 02:23:45'),
(258, 'Хьюго Уивинг', 'xiugo-uiving', '2024-09-17 02:23:45', '2024-09-17 02:23:45'),
(259, 'Чак Норрис', 'cak-norris', '2024-09-17 02:23:45', '2024-09-17 02:23:45'),
(260, 'Чарли Дэй', 'carli-dei', '2024-09-17 02:23:45', '2024-09-17 02:23:45'),
(261, 'Чарли Шин', 'carli-sin', '2024-09-17 02:23:45', '2024-09-17 02:23:45'),
(262, 'Ченнинг Татум', 'cenning-tatum', '2024-09-17 02:23:45', '2024-09-17 02:23:45'),
(263, 'Честер Беннінгтон', 'cester-bennington', '2024-09-17 02:23:45', '2024-09-17 02:23:45'),
(264, 'Шайа ЛаБаф', 'saia-labaf', '2024-09-17 02:23:46', '2024-09-17 02:23:46'),
(265, 'Шемар Мур', 'semar-mur', '2024-09-17 02:23:46', '2024-09-17 02:23:46'),
(266, 'Шон «Пи Дидди» Комбс', 'son-pi-diddi-kombs', '2024-09-17 02:23:46', '2024-09-17 02:23:46'),
(267, 'Шон Бин', 'son-bin', '2024-09-17 02:23:46', '2024-09-17 02:23:46'),
(268, 'Шон Веянс', 'son-veians', '2024-09-17 02:23:46', '2024-09-17 02:23:46'),
(269, 'Шонн Уильям Скотт', 'sonn-uiliam-skott', '2024-09-17 02:23:46', '2024-09-17 02:23:46'),
(270, 'Эван МакГрегор', 'evan-makgregor', '2024-09-17 02:23:46', '2024-09-17 02:23:46'),
(271, 'Эдвард Нортон', 'edvard-norton', '2024-09-17 02:23:46', '2024-09-17 02:23:46'),
(272, 'Эдди Мёрфи', 'eddi-merfi', '2024-09-17 02:23:46', '2024-09-17 02:23:46'),
(273, 'Эдриан Пол', 'edrian-pol', '2024-09-17 02:23:46', '2024-09-17 02:23:46'),
(274, 'Элиас Котеас', 'elias-koteas', '2024-09-17 02:23:46', '2024-09-17 02:23:46'),
(275, 'Энди Гарсиа', 'endi-garsia', '2024-09-17 02:23:46', '2024-09-17 02:23:46'),
(276, 'Энтони Андерсон', 'entoni-anderson-1', '2024-09-17 02:23:46', '2024-09-17 02:23:46'),
(277, 'Энтони Хопкинс', 'entoni-xopkins', '2024-09-17 02:23:46', '2024-09-17 02:23:46'),
(278, 'Эрик Бана', 'erik-bana', '2024-09-17 02:23:46', '2024-09-17 02:23:46'),
(279, 'Эштон Кутчер', 'eston-kutcer', '2024-09-17 02:23:46', '2024-09-17 02:23:46'),
(280, 'Юджин Леви', 'iudzin-levi', '2024-09-17 02:23:46', '2024-09-17 02:23:46'),
(281, 'Юрій Крапов', 'iurii-krapov', '2024-09-17 02:23:46', '2024-09-17 02:23:46'),
(282, 'Ян-Майкл Винсент', 'ian-maikl-vinsent', '2024-09-17 02:23:46', '2024-09-17 02:23:46'),
(283, 'Невідомо', 'nevidomo', '2024-09-17 02:23:46', '2024-09-17 02:23:46'),
(284, 'Ніл Данкен', 'nil-danken', '2024-09-17 02:23:46', '2024-09-17 02:23:46'),
(285, 'Девід Ворнер', 'devid-vorner', '2024-09-17 02:23:46', '2024-09-17 02:23:46');

-- --------------------------------------------------------

--
-- Структура таблиці `actor_film`
--

CREATE TABLE `actor_film` (
  `id` int UNSIGNED NOT NULL,
  `actor_id` int UNSIGNED NOT NULL,
  `film_id` int UNSIGNED NOT NULL
) ENGINE=InnoDB DEFAULT CHARSET=utf8mb4 COLLATE=utf8mb4_unicode_ci;

--
-- Дамп даних таблиці `actor_film`
--

INSERT INTO `actor_film` (`id`, `actor_id`, `film_id`) VALUES
(1, 250, 14),
(2, 54, 14),
(3, 13, 14),
(4, 87, 15),
(5, 58, 15),
(6, 197, 15),
(7, 62, 16),
(8, 2, 16),
(9, 260, 17),
(10, 41, 17),
(11, 209, 17),
(12, 110, 17),
(13, 99, 17),
(14, 10, 18),
(15, 100, 19),
(16, 243, 20),
(17, 57, 21),
(18, 51, 21),
(19, 173, 22),
(20, 206, 23),
(21, 133, 23),
(22, 91, 23),
(23, 155, 24),
(24, 249, 25),
(25, 69, 26),
(26, 79, 26),
(27, 218, 27),
(28, 198, 27),
(29, 168, 28),
(30, 217, 28),
(31, 123, 29),
(32, 31, 30),
(33, 126, 30),
(34, 282, 31),
(35, 30, 32),
(36, 161, 33),
(37, 66, 33),
(38, 22, 34),
(39, 180, 34),
(40, 3, 35),
(41, 17, 36),
(42, 4, 36),
(43, 273, 37),
(44, 231, 37),
(45, 143, 37),
(46, 81, 38),
(47, 169, 39),
(48, 78, 39),
(49, 149, 39),
(50, 112, 40),
(51, 281, 40),
(52, 227, 40),
(53, 199, 40),
(54, 64, 41),
(55, 192, 41),
(56, 101, 41),
(57, 188, 41),
(58, 205, 41),
(59, 129, 42),
(60, 102, 43),
(61, 94, 44),
(62, 7, 44),
(63, 115, 45),
(64, 74, 45),
(65, 125, 45),
(66, 237, 46),
(67, 204, 47),
(68, 36, 47),
(69, 189, 47),
(70, 11, 48),
(71, 103, 48),
(72, 246, 49),
(73, 95, 49),
(74, 77, 49),
(75, 59, 50),
(76, 189, 50),
(77, 167, 51),
(78, 271, 51),
(79, 116, 51),
(80, 1, 52),
(81, 40, 52),
(82, 30, 52),
(83, 96, 53),
(84, 121, 53),
(85, 72, 54),
(86, 185, 54),
(87, 64, 54),
(88, 230, 54),
(89, 219, 55),
(90, 195, 55),
(91, 240, 55),
(92, 180, 55),
(93, 250, 56),
(94, 122, 56),
(95, 271, 57),
(96, 28, 57),
(97, 48, 57),
(98, 26, 58),
(99, 76, 58),
(100, 38, 59),
(101, 24, 60),
(102, 139, 61),
(103, 51, 61),
(104, 87, 61),
(105, 164, 62),
(106, 76, 62),
(107, 181, 62),
(108, 127, 63),
(109, 156, 63),
(110, 258, 63),
(111, 127, 64),
(112, 162, 64),
(113, 250, 65),
(114, 247, 65),
(115, 35, 65),
(116, 251, 66),
(117, 176, 66),
(118, 167, 66),
(119, 104, 66),
(120, 235, 66),
(121, 96, 66),
(122, 20, 67),
(123, 211, 67),
(124, 62, 67),
(125, 242, 67),
(126, 191, 67),
(127, 193, 67),
(128, 59, 68),
(129, 131, 68),
(130, 212, 68),
(131, 93, 68),
(132, 251, 69),
(133, 205, 69),
(134, 230, 69),
(135, 34, 69),
(136, 172, 70),
(137, 73, 70),
(138, 75, 70),
(139, 108, 70),
(140, 130, 70),
(141, 172, 71),
(142, 73, 71),
(143, 108, 71),
(144, 130, 71),
(145, 242, 72),
(146, 132, 72),
(147, 17, 73),
(148, 17, 74),
(149, 52, 74),
(150, 223, 74),
(151, 17, 75),
(152, 17, 76),
(153, 17, 77),
(154, 17, 78),
(155, 152, 78),
(156, 17, 79),
(157, 109, 80),
(158, 17, 81),
(159, 261, 82),
(160, 146, 82),
(161, 261, 83),
(162, 216, 83),
(163, 181, 83),
(164, 72, 84),
(165, 72, 85),
(166, 178, 86),
(167, 98, 86),
(168, 190, 86),
(169, 268, 87),
(170, 178, 87),
(171, 128, 87),
(172, 268, 88),
(173, 178, 88),
(174, 178, 89),
(175, 268, 89),
(176, 97, 89),
(177, 261, 90),
(178, 220, 90),
(179, 148, 90),
(180, 111, 90),
(181, 124, 90),
(182, 148, 91),
(183, 148, 92),
(184, 148, 93),
(185, 208, 94),
(186, 65, 95),
(187, 171, 95),
(188, 141, 96),
(189, 233, 96),
(190, 233, 97),
(191, 201, 98),
(192, 214, 99),
(193, 153, 99),
(194, 143, 99),
(195, 147, 99),
(196, 214, 100),
(197, 31, 101),
(198, 248, 101),
(199, 269, 101),
(200, 56, 102),
(201, 269, 102),
(202, 280, 102),
(203, 56, 103),
(204, 269, 103),
(205, 280, 103),
(206, 56, 104),
(207, 269, 104),
(208, 280, 104),
(209, 56, 105),
(210, 269, 105),
(211, 280, 105),
(212, 20, 106),
(213, 201, 106),
(214, 226, 106),
(215, 34, 106),
(216, 55, 106),
(217, 17, 107),
(218, 194, 107),
(219, 17, 108),
(220, 163, 108),
(221, 152, 108),
(222, 279, 109),
(223, 167, 110),
(224, 110, 110),
(225, 84, 111),
(226, 127, 112),
(227, 76, 112),
(228, 159, 113),
(229, 105, 113),
(230, 238, 113),
(231, 49, 113),
(232, 148, 114),
(233, 31, 115),
(234, 184, 115),
(235, 137, 115),
(236, 239, 116),
(237, 16, 116),
(238, 31, 116),
(239, 31, 117),
(240, 31, 118),
(241, 192, 118),
(242, 14, 118),
(243, 31, 119),
(244, 192, 119),
(245, 14, 119),
(246, 31, 120),
(247, 31, 121),
(248, 235, 121),
(249, 66, 121),
(250, 86, 122),
(251, 50, 122),
(252, 55, 123),
(253, 260, 123),
(254, 60, 123),
(255, 64, 123),
(256, 132, 123),
(257, 50, 123),
(258, 95, 123),
(259, 55, 124),
(260, 60, 124),
(261, 260, 124),
(262, 135, 124),
(263, 64, 124),
(264, 142, 124),
(265, 50, 124),
(266, 63, 125),
(267, 12, 126),
(268, 132, 126),
(269, 25, 127),
(270, 212, 127),
(271, 212, 128),
(272, 25, 128),
(273, 52, 129),
(274, 161, 130),
(275, 161, 131),
(276, 212, 132),
(277, 20, 132),
(278, 201, 132),
(279, 212, 133),
(280, 20, 133),
(281, 44, 133),
(282, 18, 133),
(283, 201, 133),
(284, 245, 134),
(285, 47, 134),
(286, 178, 134),
(287, 19, 135),
(288, 272, 136),
(289, 53, 137),
(290, 165, 137),
(291, 144, 137),
(292, 186, 138),
(293, 109, 138),
(294, 186, 139),
(295, 109, 139),
(296, 73, 139),
(297, 186, 140),
(298, 109, 140),
(299, 73, 140),
(300, 186, 141),
(301, 109, 141),
(302, 73, 141),
(303, 136, 141),
(304, 71, 141),
(305, 62, 142),
(306, 170, 142),
(307, 97, 142),
(308, 145, 142),
(309, 33, 142),
(310, 205, 142),
(311, 27, 143),
(312, 8, 144),
(313, 122, 144),
(314, 136, 144),
(315, 98, 144),
(316, 210, 144),
(317, 228, 144),
(318, 8, 145),
(319, 100, 145),
(320, 83, 145),
(321, 176, 146),
(322, 141, 146),
(323, 8, 147),
(324, 210, 147),
(325, 59, 148),
(326, 61, 148),
(327, 33, 148),
(328, 222, 149),
(329, 59, 149),
(330, 71, 149),
(331, 16, 149),
(332, 252, 149),
(333, 92, 149),
(334, 186, 149),
(335, 256, 149),
(336, 17, 149),
(337, 251, 150),
(338, 134, 150),
(339, 72, 151),
(340, 90, 151),
(341, 36, 152),
(342, 204, 152),
(343, 114, 153),
(344, 96, 154),
(345, 117, 154),
(346, 55, 155),
(347, 166, 156),
(348, 261, 156),
(349, 181, 156),
(350, 24, 157),
(351, 106, 157),
(352, 224, 158),
(353, 43, 158),
(354, 45, 159),
(355, 120, 159),
(356, 241, 159),
(357, 226, 159),
(358, 217, 160),
(359, 284, 160),
(360, 45, 161),
(361, 174, 161),
(362, 222, 162),
(363, 17, 162),
(364, 33, 162),
(365, 35, 162),
(366, 39, 163),
(367, 90, 164),
(368, 271, 164),
(369, 17, 165),
(370, 196, 166),
(371, 234, 166),
(372, 143, 167),
(373, 202, 168),
(374, 277, 169),
(375, 114, 170),
(376, 210, 170),
(377, 114, 171),
(378, 83, 172),
(379, 262, 172),
(380, 9, 172),
(381, 141, 173),
(382, 191, 173),
(383, 65, 173),
(384, 83, 174),
(385, 207, 174),
(386, 266, 174),
(387, 31, 175),
(388, 131, 175),
(389, 183, 175),
(390, 23, 175),
(391, 217, 175),
(392, 88, 175),
(393, 59, 176),
(394, 21, 176),
(395, 95, 176),
(396, 250, 177),
(397, 80, 178),
(398, 179, 178),
(399, 204, 179),
(400, 56, 179),
(401, 237, 180),
(402, 141, 181),
(403, 150, 181),
(404, 217, 181),
(405, 185, 181),
(406, 158, 182),
(407, 140, 182),
(408, 175, 182),
(409, 213, 183),
(410, 44, 183),
(411, 69, 184),
(412, 276, 184),
(413, 80, 185),
(414, 32, 185),
(415, 253, 185),
(416, 59, 186),
(417, 236, 186),
(418, 214, 186),
(419, 59, 187),
(420, 28, 187),
(421, 23, 187),
(422, 33, 187),
(423, 61, 187),
(424, 90, 188),
(425, 15, 188),
(426, 182, 189),
(427, 59, 189),
(428, 90, 189),
(429, 85, 190),
(430, 176, 190),
(431, 72, 191),
(432, 146, 191),
(433, 244, 192),
(434, 37, 192),
(435, 37, 193),
(436, 70, 193),
(437, 24, 193),
(438, 107, 194),
(439, 72, 195),
(440, 166, 196),
(441, 110, 196),
(442, 222, 197),
(443, 252, 197),
(444, 82, 198),
(445, 76, 198),
(446, 44, 198),
(447, 211, 198),
(448, 85, 199),
(449, 28, 199),
(450, 187, 199),
(451, 275, 199),
(452, 208, 200),
(453, 229, 201),
(454, 59, 202),
(455, 41, 202),
(456, 263, 202),
(457, 59, 203),
(458, 41, 203),
(459, 263, 203),
(460, 222, 204),
(461, 59, 204),
(462, 71, 204),
(463, 92, 204),
(464, 238, 204),
(465, 183, 204),
(466, 222, 205),
(467, 59, 205),
(468, 114, 205),
(469, 92, 205),
(470, 238, 205),
(471, 31, 205),
(472, 71, 205),
(473, 17, 205),
(474, 259, 205),
(475, 135, 206),
(476, 278, 206),
(477, 121, 206),
(478, 219, 206),
(479, 135, 207),
(480, 121, 207),
(481, 22, 207),
(482, 219, 207),
(483, 203, 207),
(484, 135, 208),
(485, 219, 208),
(486, 121, 208),
(487, 118, 208),
(488, 113, 209),
(489, 157, 209),
(490, 113, 210),
(491, 157, 210),
(492, 113, 211),
(493, 157, 211),
(494, 139, 212),
(495, 258, 212),
(496, 247, 212),
(497, 232, 212),
(498, 211, 213),
(499, 1, 213),
(500, 278, 214),
(501, 234, 214),
(502, 86, 214),
(503, 193, 214),
(504, 138, 215),
(505, 277, 215),
(506, 118, 215),
(507, 127, 216),
(508, 92, 216),
(509, 29, 217),
(510, 212, 217),
(511, 150, 218),
(512, 29, 218),
(513, 202, 218),
(514, 177, 219),
(515, 256, 219),
(516, 177, 220),
(517, 256, 220),
(518, 177, 221),
(519, 256, 221),
(520, 150, 222),
(521, 270, 222),
(522, 270, 223),
(523, 235, 223),
(524, 270, 224),
(525, 235, 224),
(526, 10, 225),
(527, 160, 225),
(528, 253, 225),
(529, 127, 226),
(530, 264, 226),
(531, 42, 226),
(532, 221, 227),
(533, 255, 227),
(534, 221, 228),
(535, 255, 228),
(536, 221, 229),
(537, 255, 229),
(538, 222, 229),
(539, 221, 230),
(540, 255, 230),
(541, 254, 231),
(542, 120, 232),
(543, 156, 232),
(544, 76, 232),
(545, 229, 233),
(546, 229, 234),
(547, 229, 235),
(548, 229, 236),
(549, 6, 237),
(550, 6, 238),
(551, 215, 239),
(552, 222, 240),
(553, 165, 241),
(554, 144, 241),
(555, 140, 241),
(556, 165, 242),
(557, 144, 242),
(558, 165, 243),
(559, 144, 243),
(560, 28, 244),
(561, 278, 244),
(562, 200, 244),
(563, 267, 244),
(564, 40, 244),
(565, 198, 244),
(566, 279, 245),
(567, 47, 245),
(568, 235, 246),
(569, 132, 246),
(570, 67, 246),
(571, 36, 247),
(572, 235, 247),
(573, 9, 248),
(574, 235, 248),
(575, 225, 248),
(576, 119, 248),
(577, 36, 249),
(578, 235, 249),
(579, 5, 250),
(580, 51, 250),
(581, 89, 251),
(582, 244, 251),
(583, 193, 251),
(584, 265, 252),
(585, 274, 253),
(586, 285, 254),
(587, 274, 255),
(588, 272, 256),
(589, 65, 257),
(590, 257, 257),
(591, 145, 257),
(592, 269, 257),
(593, 49, 257),
(594, 60, 257),
(595, 130, 257),
(596, 154, 257),
(597, 68, 257),
(598, 46, 257),
(599, 8, 266);

-- --------------------------------------------------------

--
-- Структура таблиці `ages`
--

CREATE TABLE `ages` (
  `id` int UNSIGNED NOT NULL,
  `title` varchar(255) COLLATE utf8mb4_unicode_ci NOT NULL,
  `slug` varchar(255) COLLATE utf8mb4_unicode_ci NOT NULL,
  `created_at` timestamp NULL DEFAULT NULL,
  `updated_at` timestamp NULL DEFAULT NULL
) ENGINE=InnoDB DEFAULT CHARSET=utf8mb4 COLLATE=utf8mb4_unicode_ci;

--
-- Дамп даних таблиці `ages`
--

INSERT INTO `ages` (`id`, `title`, `slug`, `created_at`, `updated_at`) VALUES
(1, '18+', '18', '2024-09-17 02:23:46', '2024-09-17 02:23:46'),
(2, '16+', '16', '2024-09-17 02:23:46', '2024-09-17 02:23:46'),
(3, '14+', '14', '2024-09-17 02:23:46', '2024-09-17 02:23:46'),
(4, '12+', '12', '2024-09-17 02:23:46', '2024-09-17 02:23:46'),
(5, '6+', '6', '2024-09-17 02:23:46', '2024-09-17 02:23:46'),
(6, '3+', '3', '2024-09-17 02:23:46', '2024-09-17 02:23:46'),
(7, '0+', '0', '2024-09-17 02:23:46', '2024-09-17 02:23:46'),
(8, 'R', 'r', '2024-09-17 02:23:46', '2024-09-17 02:23:46'),
(9, 'TV-14', 'tv-14', '2024-09-17 02:23:46', '2024-09-17 02:23:46'),
(10, 'TV-MA', 'tv-ma', '2024-09-17 02:23:46', '2024-09-17 02:23:46'),
(11, 'TV-PG', 'tv-pg', '2024-09-17 02:23:46', '2024-09-17 02:23:46'),
(12, 'TV-G', 'tv-g', '2024-09-17 02:23:46', '2024-09-17 02:23:46'),
(13, 'PG', 'pg', '2024-09-17 02:23:46', '2024-09-17 02:23:46'),
(14, 'Невідомо', 'nevidomo', '2024-09-17 02:23:46', '2024-09-17 02:23:46');

-- --------------------------------------------------------

--
-- Структура таблиці `captions`
--

CREATE TABLE `captions` (
  `id` int UNSIGNED NOT NULL,
  `title` varchar(255) COLLATE utf8mb4_unicode_ci NOT NULL,
  `slug` varchar(255) COLLATE utf8mb4_unicode_ci NOT NULL,
  `created_at` timestamp NULL DEFAULT NULL,
  `updated_at` timestamp NULL DEFAULT NULL
) ENGINE=InnoDB DEFAULT CHARSET=utf8mb4 COLLATE=utf8mb4_unicode_ci;

--
-- Дамп даних таблиці `captions`
--

INSERT INTO `captions` (`id`, `title`, `slug`, `created_at`, `updated_at`) VALUES
(1, 'Англійські', 'angliiski', '2024-09-17 02:23:46', '2024-09-17 02:23:46'),
(2, 'Українські', 'ukrayinski', '2024-09-17 02:23:46', '2024-09-17 02:23:46'),
(3, 'Російські', 'rosiiski', '2024-09-17 02:23:46', '2024-09-17 02:23:46'),
(4, 'Ютуб', 'iutub', '2024-09-17 02:23:46', '2024-09-17 02:23:46'),
(5, 'Немає', 'nemaje', '2024-09-17 02:23:46', '2024-09-17 02:23:46');

-- --------------------------------------------------------

--
-- Структура таблиці `caption_film`
--

CREATE TABLE `caption_film` (
  `id` int UNSIGNED NOT NULL,
  `caption_id` int UNSIGNED NOT NULL,
  `film_id` int UNSIGNED NOT NULL
) ENGINE=InnoDB DEFAULT CHARSET=utf8mb4 COLLATE=utf8mb4_unicode_ci;

--
-- Дамп даних таблиці `caption_film`
--

INSERT INTO `caption_film` (`id`, `caption_id`, `film_id`) VALUES
(1, 4, 1),
(2, 4, 2),
(3, 1, 3),
(4, 3, 3),
(5, 4, 4),
(6, 1, 5),
(7, 3, 5),
(8, 1, 6),
(9, 4, 7),
(10, 4, 8),
(11, 4, 9),
(12, 4, 10),
(13, 4, 11),
(14, 4, 12),
(15, 4, 13),
(16, 1, 14),
(17, 2, 14),
(18, 3, 14),
(19, 1, 15),
(20, 3, 15),
(21, 1, 16),
(22, 3, 16),
(23, 1, 17),
(24, 3, 17),
(25, 1, 18),
(26, 3, 18),
(27, 5, 19),
(28, 3, 20),
(29, 1, 21),
(30, 1, 22),
(31, 3, 22),
(32, 5, 23),
(33, 5, 24),
(34, 1, 25),
(35, 2, 25),
(36, 3, 25),
(37, 5, 26),
(38, 1, 27),
(39, 3, 27),
(40, 5, 28),
(41, 5, 29),
(42, 1, 30),
(43, 3, 30),
(44, 3, 31),
(45, 1, 32),
(46, 3, 32),
(47, 1, 33),
(48, 2, 33),
(49, 3, 33),
(50, 1, 34),
(51, 3, 34),
(52, 1, 35),
(53, 1, 36),
(54, 3, 36),
(55, 5, 37),
(56, 1, 38),
(57, 3, 38),
(58, 5, 39),
(59, 4, 40),
(60, 1, 41),
(61, 2, 41),
(62, 3, 41),
(63, 1, 42),
(64, 5, 43),
(65, 1, 44),
(66, 1, 45),
(67, 3, 45),
(68, 4, 46),
(69, 1, 47),
(70, 3, 47),
(71, 1, 48),
(72, 5, 49),
(73, 1, 50),
(74, 3, 50),
(75, 1, 51),
(76, 2, 51),
(77, 3, 51),
(78, 1, 52),
(79, 3, 52),
(80, 1, 53),
(81, 3, 53),
(82, 1, 54),
(83, 3, 54),
(84, 1, 55),
(85, 3, 55),
(86, 1, 56),
(87, 3, 56),
(88, 1, 57),
(89, 2, 57),
(90, 3, 57),
(91, 1, 58),
(92, 3, 58),
(93, 5, 59),
(94, 1, 60),
(95, 2, 60),
(96, 3, 60),
(97, 1, 61),
(98, 3, 61),
(99, 1, 62),
(100, 3, 62),
(101, 1, 63),
(102, 2, 63),
(103, 3, 63),
(104, 1, 64),
(105, 3, 64),
(106, 1, 65),
(107, 2, 65),
(108, 3, 65),
(109, 1, 66),
(110, 2, 66),
(111, 3, 66),
(112, 1, 67),
(113, 2, 67),
(114, 3, 67),
(115, 1, 68),
(116, 3, 68),
(117, 1, 69),
(118, 3, 69),
(119, 1, 70),
(120, 2, 70),
(121, 3, 70),
(122, 1, 71),
(123, 3, 71),
(124, 1, 72),
(125, 2, 72),
(126, 3, 72),
(127, 1, 73),
(128, 3, 73),
(129, 1, 74),
(130, 3, 74),
(131, 1, 75),
(132, 3, 75),
(133, 1, 76),
(134, 3, 76),
(135, 1, 77),
(136, 2, 77),
(137, 3, 77),
(138, 1, 78),
(139, 2, 78),
(140, 3, 78),
(141, 1, 79),
(142, 2, 79),
(143, 3, 79),
(144, 1, 80),
(145, 3, 80),
(146, 1, 81),
(147, 2, 81),
(148, 3, 81),
(149, 1, 82),
(150, 2, 82),
(151, 3, 82),
(152, 1, 83),
(153, 2, 83),
(154, 3, 83),
(155, 1, 84),
(156, 3, 84),
(157, 1, 85),
(158, 3, 85),
(159, 1, 86),
(160, 2, 86),
(161, 3, 86),
(162, 1, 87),
(163, 3, 87),
(164, 1, 88),
(165, 3, 88),
(166, 1, 89),
(167, 3, 89),
(168, 1, 90),
(169, 3, 90),
(170, 1, 91),
(171, 3, 91),
(172, 1, 92),
(173, 3, 92),
(174, 1, 93),
(175, 3, 93),
(176, 1, 94),
(177, 2, 94),
(178, 3, 94),
(179, 1, 95),
(180, 2, 95),
(181, 3, 95),
(182, 1, 96),
(183, 2, 96),
(184, 3, 96),
(185, 1, 97),
(186, 2, 97),
(187, 3, 97),
(188, 1, 98),
(189, 3, 98),
(190, 1, 99),
(191, 3, 99),
(192, 1, 100),
(193, 3, 100),
(194, 1, 101),
(195, 3, 101),
(196, 1, 102),
(197, 3, 102),
(198, 1, 103),
(199, 3, 103),
(200, 5, 104),
(201, 1, 105),
(202, 3, 105),
(203, 1, 106),
(204, 3, 106),
(205, 1, 107),
(206, 3, 107),
(207, 1, 108),
(208, 2, 108),
(209, 3, 108),
(210, 1, 109),
(211, 2, 109),
(212, 3, 109),
(213, 1, 110),
(214, 2, 110),
(215, 3, 110),
(216, 1, 111),
(217, 3, 111),
(218, 1, 112),
(219, 2, 112),
(220, 3, 112),
(221, 1, 113),
(222, 3, 113),
(223, 1, 114),
(224, 3, 114),
(225, 1, 115),
(226, 2, 115),
(227, 3, 115),
(228, 1, 116),
(229, 3, 116),
(230, 1, 117),
(231, 2, 117),
(232, 3, 117),
(233, 1, 118),
(234, 3, 118),
(235, 1, 119),
(236, 3, 119),
(237, 1, 120),
(238, 2, 120),
(239, 3, 120),
(240, 1, 121),
(241, 2, 121),
(242, 3, 121),
(243, 1, 122),
(244, 3, 122),
(245, 1, 123),
(246, 2, 123),
(247, 3, 123),
(248, 1, 124),
(249, 3, 124),
(250, 1, 125),
(251, 2, 125),
(252, 3, 125),
(253, 1, 126),
(254, 3, 126),
(255, 1, 127),
(256, 3, 127),
(257, 1, 128),
(258, 3, 128),
(259, 1, 129),
(260, 3, 129),
(261, 1, 130),
(262, 3, 130),
(263, 1, 131),
(264, 3, 131),
(265, 1, 132),
(266, 2, 132),
(267, 3, 132),
(268, 1, 133),
(269, 2, 133),
(270, 3, 133),
(271, 1, 134),
(272, 3, 134),
(273, 1, 135),
(274, 2, 135),
(275, 3, 135),
(276, 1, 136),
(277, 3, 136),
(278, 1, 137),
(279, 3, 137),
(280, 1, 138),
(281, 3, 138),
(282, 1, 139),
(283, 3, 139),
(284, 1, 140),
(285, 3, 140),
(286, 1, 141),
(287, 3, 141),
(288, 1, 142),
(289, 2, 142),
(290, 1, 143),
(291, 3, 143),
(292, 1, 144),
(293, 3, 144),
(294, 1, 145),
(295, 2, 145),
(296, 3, 145),
(297, 1, 146),
(298, 2, 146),
(299, 3, 146),
(300, 1, 147),
(301, 2, 147),
(302, 3, 147),
(303, 1, 148),
(304, 3, 148),
(305, 1, 149),
(306, 3, 149),
(307, 1, 150),
(308, 3, 150),
(309, 1, 151),
(310, 3, 151),
(311, 1, 152),
(312, 3, 152),
(313, 1, 153),
(314, 3, 153),
(315, 1, 154),
(316, 2, 154),
(317, 3, 154),
(318, 1, 155),
(319, 2, 155),
(320, 3, 155),
(321, 1, 156),
(322, 3, 156),
(323, 1, 157),
(324, 2, 157),
(325, 3, 157),
(326, 1, 158),
(327, 3, 158),
(328, 1, 159),
(329, 2, 159),
(330, 3, 159),
(331, 1, 160),
(332, 3, 160),
(333, 1, 161),
(334, 3, 161),
(335, 1, 162),
(336, 3, 162),
(337, 1, 163),
(338, 2, 163),
(339, 3, 163),
(340, 1, 164),
(341, 2, 164),
(342, 3, 164),
(343, 1, 165),
(344, 2, 165),
(345, 3, 165),
(346, 1, 166),
(347, 2, 166),
(348, 3, 166),
(349, 1, 167),
(350, 3, 167),
(351, 1, 168),
(352, 2, 168),
(353, 3, 168),
(354, 1, 169),
(355, 3, 169),
(356, 1, 170),
(357, 3, 170),
(358, 1, 171),
(359, 2, 171),
(360, 3, 171),
(361, 1, 172),
(362, 2, 172),
(363, 3, 172),
(364, 1, 173),
(365, 3, 173),
(366, 1, 174),
(367, 3, 174),
(368, 1, 175),
(369, 2, 175),
(370, 3, 175),
(371, 1, 176),
(372, 3, 176),
(373, 1, 177),
(374, 2, 177),
(375, 3, 177),
(376, 1, 178),
(377, 3, 178),
(378, 1, 179),
(379, 3, 179),
(380, 5, 180),
(381, 1, 181),
(382, 3, 181),
(383, 1, 182),
(384, 2, 182),
(385, 1, 183),
(386, 3, 183),
(387, 1, 184),
(388, 2, 184),
(389, 3, 184),
(390, 1, 185),
(391, 3, 185),
(392, 1, 186),
(393, 2, 186),
(394, 3, 186),
(395, 1, 187),
(396, 2, 187),
(397, 3, 187),
(398, 1, 188),
(399, 3, 188),
(400, 1, 189),
(401, 2, 189),
(402, 3, 189),
(403, 1, 190),
(404, 3, 190),
(405, 1, 191),
(406, 2, 191),
(407, 3, 191),
(408, 1, 192),
(409, 2, 192),
(410, 3, 192),
(411, 1, 193),
(412, 2, 193),
(413, 3, 193),
(414, 1, 194),
(415, 3, 194),
(416, 1, 195),
(417, 2, 195),
(418, 3, 195),
(419, 1, 196),
(420, 2, 196),
(421, 3, 196),
(422, 1, 197),
(423, 3, 197),
(424, 1, 198),
(425, 3, 198),
(426, 1, 199),
(427, 2, 199),
(428, 3, 199),
(429, 1, 200),
(430, 2, 200),
(431, 3, 200),
(432, 1, 201),
(433, 3, 201),
(434, 1, 202),
(435, 3, 202),
(436, 1, 203),
(437, 2, 203),
(438, 3, 203),
(439, 1, 204),
(440, 2, 204),
(441, 3, 204),
(442, 1, 205),
(443, 3, 205),
(444, 1, 206),
(445, 2, 206),
(446, 3, 206),
(447, 1, 207),
(448, 2, 207),
(449, 3, 207),
(450, 1, 208),
(451, 2, 208),
(452, 3, 208),
(453, 1, 209),
(454, 3, 209),
(455, 1, 210),
(456, 3, 210),
(457, 1, 211),
(458, 3, 211),
(459, 1, 212),
(460, 2, 212),
(461, 3, 212),
(462, 1, 213),
(463, 2, 213),
(464, 3, 213),
(465, 1, 214),
(466, 2, 214),
(467, 3, 214),
(468, 1, 215),
(469, 2, 215),
(470, 3, 215),
(471, 1, 216),
(472, 3, 216),
(473, 1, 217),
(474, 2, 217),
(475, 3, 217),
(476, 1, 218),
(477, 3, 218),
(478, 1, 219),
(479, 2, 219),
(480, 3, 219),
(481, 1, 220),
(482, 2, 220),
(483, 3, 220),
(484, 1, 221),
(485, 2, 221),
(486, 3, 221),
(487, 1, 222),
(488, 2, 222),
(489, 3, 222),
(490, 1, 223),
(491, 2, 223),
(492, 3, 223),
(493, 1, 224),
(494, 2, 224),
(495, 3, 224),
(496, 1, 225),
(497, 2, 225),
(498, 3, 225),
(499, 1, 226),
(500, 3, 226),
(501, 1, 227),
(502, 3, 227),
(503, 1, 228),
(504, 3, 228),
(505, 1, 229),
(506, 3, 229),
(507, 1, 230),
(508, 3, 230),
(509, 1, 231),
(510, 1, 232),
(511, 3, 232),
(512, 1, 233),
(513, 3, 233),
(514, 1, 234),
(515, 3, 234),
(516, 1, 235),
(517, 1, 236),
(518, 1, 237),
(519, 1, 238),
(520, 1, 239),
(521, 3, 239),
(522, 1, 240),
(523, 3, 240),
(524, 1, 241),
(525, 2, 241),
(526, 3, 241),
(527, 1, 242),
(528, 2, 242),
(529, 3, 242),
(530, 1, 243),
(531, 2, 243),
(532, 3, 243),
(533, 1, 244),
(534, 2, 244),
(535, 3, 244),
(536, 1, 245),
(537, 1, 246),
(538, 3, 246),
(539, 1, 247),
(540, 3, 247),
(541, 1, 248),
(542, 3, 248),
(543, 1, 249),
(544, 2, 249),
(545, 3, 249),
(546, 1, 250),
(547, 3, 250),
(548, 1, 251),
(549, 3, 251),
(550, 1, 252),
(551, 1, 253),
(552, 3, 253),
(553, 1, 254),
(554, 3, 254),
(555, 1, 255),
(556, 3, 255),
(557, 1, 256),
(558, 3, 256),
(559, 1, 257),
(560, 3, 257),
(561, 5, 258),
(562, 4, 259),
(563, 5, 260),
(564, 4, 261),
(565, 1, 262),
(566, 3, 262),
(567, 1, 263),
(568, 3, 263),
(569, 1, 264),
(570, 3, 264),
(571, 1, 265),
(572, 3, 265),
(573, 5, 266);

-- --------------------------------------------------------

--
-- Структура таблиці `categories`
--

CREATE TABLE `categories` (
  `id` int UNSIGNED NOT NULL,
  `title` varchar(255) COLLATE utf8mb4_unicode_ci NOT NULL,
  `slug` varchar(255) COLLATE utf8mb4_unicode_ci NOT NULL,
  `created_at` timestamp NULL DEFAULT NULL,
  `updated_at` timestamp NULL DEFAULT NULL
) ENGINE=InnoDB DEFAULT CHARSET=utf8mb4 COLLATE=utf8mb4_unicode_ci;

--
-- Дамп даних таблиці `categories`
--

INSERT INTO `categories` (`id`, `title`, `slug`, `created_at`, `updated_at`) VALUES
(1, 'Фільми', 'filmi', '2024-09-17 02:23:44', '2024-09-17 02:23:44'),
(2, 'Серіали', 'seriali', '2024-09-17 02:23:44', '2024-09-17 02:23:44'),
(3, 'Мультики', 'multiki', '2024-09-17 02:23:44', '2024-09-17 02:23:44'),
(4, 'Мультсеріали', 'multseriali', '2024-09-17 02:23:44', '2024-09-17 02:23:44');

-- --------------------------------------------------------

--
-- Структура таблиці `comments`
--

CREATE TABLE `comments` (
  `id` int UNSIGNED NOT NULL,
  `subject` varchar(255) COLLATE utf8mb4_unicode_ci NOT NULL,
  `body` text COLLATE utf8mb4_unicode_ci NOT NULL,
  `film_id` int NOT NULL,
  `created_at` timestamp NULL DEFAULT NULL,
  `updated_at` timestamp NULL DEFAULT NULL
) ENGINE=InnoDB DEFAULT CHARSET=utf8mb4 COLLATE=utf8mb4_unicode_ci;

--
-- Дамп даних таблиці `comments`
--

INSERT INTO `comments` (`id`, `subject`, `body`, `film_id`, `created_at`, `updated_at`) VALUES
(1, 'Eligendi aut recusandae.', 'Neque voluptatem consequuntur fugit corrupti et et non. Nam qui dicta soluta suscipit similique. Quas vitae aut assumenda velit ab sequi.', 1, '2024-09-17 02:24:00', '2024-09-17 02:24:00'),
(2, 'Voluptas eius.', 'Velit et voluptatem libero voluptas vel eum autem. Officiis voluptatem sint maiores dolores. Mollitia vel iure nesciunt est et necessitatibus.', 1, '2024-09-17 02:24:00', '2024-09-17 02:24:00'),
(3, 'Nemo ut quia.', 'Distinctio ipsam in labore asperiores aliquam tenetur voluptate qui. Odit eum fuga quibusdam expedita optio. Natus quasi quia eius suscipit adipisci hic a.', 1, '2024-09-17 02:24:00', '2024-09-17 02:24:00'),
(4, 'Expedita sunt qui vel commodi.', 'Est molestiae a quisquam. Consequatur voluptatibus autem distinctio voluptas consequatur officiis. Dolorem cupiditate fuga libero reprehenderit quos saepe illo voluptas.', 2, '2024-09-17 02:24:00', '2024-09-17 02:24:00'),
(5, 'In aliquam quam.', 'Molestiae officiis labore velit omnis. Et dolor provident blanditiis enim eum excepturi distinctio. Quod laborum cupiditate velit placeat quis.', 2, '2024-09-17 02:24:00', '2024-09-17 02:24:00'),
(6, 'Dolorum eaque animi.', 'Blanditiis aliquam qui consequuntur ex soluta doloribus tenetur. Provident qui quos quia quibusdam deleniti quisquam blanditiis. Occaecati quam quibusdam omnis laudantium.', 2, '2024-09-17 02:24:00', '2024-09-17 02:24:00'),
(7, 'Molestias qui illo.', 'Aut excepturi alias voluptas iure. Recusandae at molestiae ut illum est enim unde. Consequatur et praesentium tenetur itaque omnis quidem.', 3, '2024-09-17 02:24:00', '2024-09-17 02:24:00'),
(8, 'Velit deleniti doloribus aspernatur libero.', 'Ullam eius esse recusandae illum molestiae. Qui quo aliquam repellendus saepe itaque dolores tempore. Doloribus illo deserunt quis iusto eum iusto quidem consequuntur.', 3, '2024-09-17 02:24:00', '2024-09-17 02:24:00'),
(9, 'Quaerat excepturi eos omnis.', 'Sunt ab natus veritatis inventore qui excepturi. Deleniti expedita ut veniam ad id quo eos. Quo et qui nobis officia veniam qui.', 3, '2024-09-17 02:24:00', '2024-09-17 02:24:00'),
(10, 'Aut cupiditate ut repudiandae.', 'Maxime et atque sit non molestias. Aspernatur aut corporis aut quibusdam sapiente. Impedit nihil vero quasi iusto voluptate nostrum molestiae enim.', 4, '2024-09-17 02:24:00', '2024-09-17 02:24:00'),
(11, 'Fugit eos.', 'Porro in nam sed voluptates dolorem distinctio. Omnis consequatur aut veritatis molestias placeat. Voluptates distinctio rerum qui quis consequatur.', 4, '2024-09-17 02:24:00', '2024-09-17 02:24:00'),
(12, 'Rerum aut quis.', 'Omnis laborum id iste earum omnis a. Vero vero eveniet nulla vitae ipsa. Minus eos repudiandae est earum et voluptate.', 4, '2024-09-17 02:24:00', '2024-09-17 02:24:00'),
(13, 'Distinctio et sed id.', 'Recusandae ipsa doloribus aut delectus nemo repellat. Voluptatem saepe ipsam sed ipsam rerum nesciunt. Provident debitis sed laboriosam neque voluptas est quibusdam.', 5, '2024-09-17 02:24:00', '2024-09-17 02:24:00'),
(14, 'Fugiat aut accusantium.', 'Et voluptatibus eligendi dolorem asperiores. Qui iure et velit distinctio et consequatur ea. Nulla in facilis qui.', 5, '2024-09-17 02:24:00', '2024-09-17 02:24:00'),
(15, 'Quod dolores et.', 'Atque voluptatem aspernatur ullam. Eum impedit et excepturi vitae ratione assumenda. Et odio amet autem placeat culpa in.', 5, '2024-09-17 02:24:00', '2024-09-17 02:24:00'),
(16, 'Totam necessitatibus eum et id.', 'Quia ratione cum qui iusto aspernatur. Molestiae in maiores qui dignissimos quia rerum. Aut ut facilis nam eos repudiandae aut nisi.', 6, '2024-09-17 02:24:00', '2024-09-17 02:24:00'),
(17, 'Ad velit consequatur aspernatur eligendi.', 'Itaque consequatur eaque accusantium eveniet est sunt. Qui libero alias earum et. Architecto nihil impedit est repellendus nemo deserunt.', 6, '2024-09-17 02:24:00', '2024-09-17 02:24:00'),
(18, 'Excepturi at occaecati.', 'Omnis alias repellendus doloremque aliquid. Pariatur exercitationem rem quam temporibus. Voluptatem inventore perferendis hic earum.', 6, '2024-09-17 02:24:00', '2024-09-17 02:24:00'),
(19, 'Nemo nihil aut.', 'Molestiae adipisci assumenda quis. Ea cupiditate consequatur qui accusantium nesciunt quod et. Laudantium reiciendis quia sed.', 7, '2024-09-17 02:24:00', '2024-09-17 02:24:00'),
(20, 'Voluptas qui.', 'Aliquam occaecati quo et laboriosam sed. Quis fuga tenetur ea blanditiis id corporis repudiandae. Enim id est ut impedit est.', 7, '2024-09-17 02:24:00', '2024-09-17 02:24:00'),
(21, 'Dolorum dolores non molestiae.', 'Molestiae dolores nostrum voluptatem qui. Quas iste et et iste distinctio aliquam. Quod voluptatem modi illo autem illum consequatur hic.', 7, '2024-09-17 02:24:00', '2024-09-17 02:24:00'),
(22, 'Est quisquam incidunt aut.', 'Repellat eaque molestiae molestiae quo ratione. Est et quae totam fuga et. Qui qui ab magnam impedit quae nostrum ipsam.', 8, '2024-09-17 02:24:00', '2024-09-17 02:24:00'),
(23, 'Aperiam earum consequatur et.', 'Dolores molestiae unde tempore harum temporibus aut. Sit qui repellat debitis animi rem ut corporis. Iste at impedit neque et sed ab rerum.', 8, '2024-09-17 02:24:00', '2024-09-17 02:24:00'),
(24, 'Cupiditate dolor autem quo.', 'Recusandae qui omnis qui ut adipisci. Velit est recusandae ex aut quo ut et eos. Culpa laborum nostrum corrupti deleniti.', 8, '2024-09-17 02:24:00', '2024-09-17 02:24:00'),
(25, 'Qui voluptas.', 'Et aperiam non dolor omnis et vel. Labore quos et optio ad. Earum cumque maxime explicabo praesentium aliquid quisquam at consequuntur.', 9, '2024-09-17 02:24:00', '2024-09-17 02:24:00'),
(26, 'Quis autem sequi assumenda.', 'Deleniti porro rem repellendus maiores ad ut inventore. Laudantium omnis magnam autem placeat non ad esse. Suscipit et natus ad qui et et.', 9, '2024-09-17 02:24:00', '2024-09-17 02:24:00'),
(27, 'Dolorem ut possimus.', 'Est sit unde similique recusandae cum sint ullam. Rerum aut beatae facere sed facilis aut sit consequatur. Non odit cumque qui magni.', 9, '2024-09-17 02:24:00', '2024-09-17 02:24:00'),
(28, 'Fugiat odio quis voluptatum.', 'Quas alias placeat dolorum voluptatibus iure. Voluptas delectus ratione est quas minus. Non nobis harum nemo aspernatur animi ut aut.', 10, '2024-09-17 02:24:00', '2024-09-17 02:24:00'),
(29, 'Magnam nostrum sed accusantium.', 'Totam nulla maiores qui harum adipisci quaerat quo et. Ea sapiente magni dolorem numquam ipsa. Rerum cum voluptatem quo est.', 10, '2024-09-17 02:24:00', '2024-09-17 02:24:00'),
(30, 'Consequatur ratione porro.', 'Nihil et reiciendis rerum natus. Porro assumenda voluptatum molestiae iure dicta. Velit sed debitis rerum cum rerum.', 10, '2024-09-17 02:24:00', '2024-09-17 02:24:00'),
(31, 'Perferendis iusto tempore illum quidem.', 'A tenetur recusandae magni repellat. Ut aut totam exercitationem deserunt ut optio id. Non et provident nihil quia autem.', 11, '2024-09-17 02:24:00', '2024-09-17 02:24:00'),
(32, 'Itaque a minus.', 'Quia et expedita sint aperiam perspiciatis vel voluptatem veniam. Soluta sunt sunt temporibus quia vel qui quia. Doloremque recusandae dolore sit ut tempora et aut.', 11, '2024-09-17 02:24:00', '2024-09-17 02:24:00'),
(33, 'Qui ut suscipit ducimus.', 'Qui fugit quam optio necessitatibus consequatur incidunt. Quos quo tenetur nulla quasi quidem molestias assumenda. Voluptate consequatur in illum similique sit sed.', 11, '2024-09-17 02:24:00', '2024-09-17 02:24:00'),
(34, 'Id molestiae.', 'Quasi consequatur in ducimus illo architecto. Voluptatibus dignissimos at magni fugiat. Nobis ut est qui laborum.', 12, '2024-09-17 02:24:00', '2024-09-17 02:24:00'),
(35, 'Autem at vero.', 'Natus laboriosam soluta quo error dolores. Qui molestiae dolor vel laudantium et. Rerum in velit qui.', 12, '2024-09-17 02:24:00', '2024-09-17 02:24:00'),
(36, 'Dolores incidunt.', 'Voluptatem vel voluptatem labore sequi quia et sit. Neque quia ipsum inventore dolorem accusantium at. Odit dolor sunt eaque et quo dignissimos.', 12, '2024-09-17 02:24:00', '2024-09-17 02:24:00'),
(37, 'Facere corporis cum est.', 'Maxime quo amet cumque incidunt est qui. Enim sit odit odit dolorem dignissimos eaque nihil consequatur. Inventore ut sed eos voluptate tenetur recusandae.', 13, '2024-09-17 02:24:00', '2024-09-17 02:24:00'),
(38, 'Nam tenetur animi cum.', 'Unde eum similique quo illum molestias ratione. Modi optio ex itaque a vel. Ut laboriosam iure rerum et.', 13, '2024-09-17 02:24:00', '2024-09-17 02:24:00'),
(39, 'Iusto dolor fuga.', 'Repudiandae quis officiis vel voluptatem adipisci numquam. Rerum eos iusto magnam laborum quo. Et perferendis quo eum sunt at nam.', 13, '2024-09-17 02:24:00', '2024-09-17 02:24:00'),
(40, 'Sit qui et dolorem maxime.', 'Voluptas quas aut veritatis vel. Libero aspernatur blanditiis ratione debitis occaecati. Possimus optio placeat sint corrupti similique.', 14, '2024-09-17 02:24:00', '2024-09-17 02:24:00'),
(41, 'Porro quia.', 'Ipsam sapiente quia voluptatem repellendus excepturi similique. Ipsa dicta non nam illo. Error et reprehenderit rerum adipisci laborum impedit.', 14, '2024-09-17 02:24:00', '2024-09-17 02:24:00'),
(42, 'Est dolorem omnis.', 'Quae a rerum deserunt quas provident laboriosam totam. Aut quo doloribus maxime. Aspernatur quia aliquid consequatur saepe optio rerum.', 14, '2024-09-17 02:24:00', '2024-09-17 02:24:00'),
(43, 'Eaque dicta molestiae nihil et.', 'Nulla eius ea illum mollitia aut odio molestias. Rem consequatur voluptatibus sequi esse possimus aut. Velit hic aut eius qui dolores ut aut.', 15, '2024-09-17 02:24:00', '2024-09-17 02:24:00'),
(44, 'Magni sunt nisi.', 'Modi voluptatem et nulla quasi totam ab fugit quis. Quasi exercitationem itaque harum nesciunt beatae in quia ipsum. Quia sit ad nostrum consequatur.', 15, '2024-09-17 02:24:00', '2024-09-17 02:24:00'),
(45, 'Consequatur corrupti quod sit.', 'Velit ab consequuntur voluptatem sunt. Aliquid voluptas et est et molestias provident. Nihil dolores veritatis autem saepe voluptates.', 15, '2024-09-17 02:24:00', '2024-09-17 02:24:00'),
(46, 'Et sequi neque minima.', 'Similique voluptates sit nesciunt modi eum. Laudantium nobis labore voluptatibus. Ea nulla sit cumque molestiae est.', 16, '2024-09-17 02:24:00', '2024-09-17 02:24:00'),
(47, 'Illo molestias eius nihil possimus.', 'Veniam aut laboriosam asperiores at nisi. Consequatur voluptatem est maiores officia magni est. Magnam quis consequuntur debitis.', 16, '2024-09-17 02:24:00', '2024-09-17 02:24:00'),
(48, 'Quidem cupiditate non et rerum.', 'Et cumque omnis et. Adipisci quaerat qui consequuntur dolore. Qui sed voluptatem ut ut.', 16, '2024-09-17 02:24:00', '2024-09-17 02:24:00'),
(49, 'In voluptatem qui.', 'Dolores quos et distinctio ipsam ipsum architecto. Voluptates qui aliquid autem sit provident doloremque. Qui totam minus dolor necessitatibus.', 17, '2024-09-17 02:24:00', '2024-09-17 02:24:00'),
(50, 'Aspernatur ratione aut.', 'Nobis omnis nihil voluptate. Consequatur similique fuga aut exercitationem sed. Reprehenderit voluptatem nisi est ad ea illo.', 17, '2024-09-17 02:24:00', '2024-09-17 02:24:00'),
(51, 'Incidunt voluptas facere.', 'Unde quibusdam quis delectus ducimus blanditiis. Nulla animi et tenetur aut voluptatem veniam ut libero. Qui quod laudantium architecto eligendi perferendis dolore.', 17, '2024-09-17 02:24:00', '2024-09-17 02:24:00'),
(52, 'Optio non.', 'Voluptates fugiat laboriosam qui laborum aut ipsam et. Voluptate fuga nulla voluptate ut neque eos dicta. Accusantium et voluptatem est non quidem provident sit.', 18, '2024-09-17 02:24:00', '2024-09-17 02:24:00'),
(53, 'Quaerat ad itaque.', 'Quibusdam ut voluptate tempora sed est dolorum dignissimos. Et id cum officia ut dolor qui. Magnam voluptas aperiam iusto sapiente inventore eius cupiditate.', 18, '2024-09-17 02:24:00', '2024-09-17 02:24:00'),
(54, 'Aut rerum eum sint et.', 'Id facilis voluptatem culpa eligendi impedit quo. Consequuntur earum qui numquam ut in porro fugiat. Odit rerum unde omnis provident molestias provident eaque.', 18, '2024-09-17 02:24:00', '2024-09-17 02:24:00'),
(55, 'Aspernatur saepe.', 'Esse ducimus eum velit necessitatibus. Sed ea vel vel recusandae odio provident labore. Ad deleniti placeat est dignissimos.', 19, '2024-09-17 02:24:00', '2024-09-17 02:24:00'),
(56, 'Dolorem a molestiae et.', 'Quia ipsa rerum eos eum harum enim. Consequatur aliquid voluptatem optio dolores consequatur ea. Consequatur est rerum voluptate quibusdam.', 19, '2024-09-17 02:24:00', '2024-09-17 02:24:00'),
(57, 'Odit nobis doloremque.', 'Dicta magni deserunt fuga porro omnis dolorem. Recusandae et eos cupiditate et architecto explicabo qui minus. Eos omnis fugiat maxime consequatur rerum sint.', 19, '2024-09-17 02:24:00', '2024-09-17 02:24:00'),
(58, 'Voluptas debitis quaerat.', 'Ut assumenda maxime similique ea qui. Autem ut neque doloribus quia. A nesciunt amet id sit assumenda earum aut.', 20, '2024-09-17 02:24:00', '2024-09-17 02:24:00'),
(59, 'Velit voluptas id illo.', 'Eius aut aliquid possimus culpa qui accusantium. Sequi molestiae in beatae qui. Rem maiores saepe voluptas nihil velit.', 20, '2024-09-17 02:24:00', '2024-09-17 02:24:00'),
(60, 'Cupiditate omnis dolor aut.', 'Quos atque ea illum expedita eaque molestiae tenetur. Alias labore id omnis aut qui debitis. Quos in quae aut et et voluptates velit.', 20, '2024-09-17 02:24:00', '2024-09-17 02:24:00'),
(61, 'Atque amet minima aut.', 'Maiores voluptas fugiat a laboriosam. Nihil modi eius dolores dolorem. Aut incidunt unde optio doloribus quam animi.', 21, '2024-09-17 02:24:00', '2024-09-17 02:24:00'),
(62, 'Doloribus ducimus sint.', 'Dolorem et sed omnis voluptatem nobis. Ducimus quis iure qui aut. Optio magni enim quasi dicta illum.', 21, '2024-09-17 02:24:00', '2024-09-17 02:24:00'),
(63, 'Animi veritatis veniam.', 'Et quo et impedit totam voluptas. A laborum et labore tempore ullam aut. Totam ipsam id sint quidem dolorem dolorem.', 21, '2024-09-17 02:24:00', '2024-09-17 02:24:00'),
(64, 'Explicabo modi aliquam.', 'Temporibus veritatis tempore quia perferendis suscipit. Omnis velit perferendis non perspiciatis rem qui omnis. Commodi et nobis aperiam autem.', 22, '2024-09-17 02:24:00', '2024-09-17 02:24:00'),
(65, 'Assumenda ut quia in.', 'Animi a ipsum hic asperiores repellendus quia eos. Velit eligendi aspernatur vitae ratione rerum praesentium. Sequi non sequi adipisci.', 22, '2024-09-17 02:24:00', '2024-09-17 02:24:00'),
(66, 'Et dolores qui amet.', 'Ab dolores quisquam quia debitis iste harum possimus. Inventore occaecati vero nisi iste. Asperiores sed quis voluptas quae qui ducimus.', 22, '2024-09-17 02:24:00', '2024-09-17 02:24:00'),
(67, 'Quas similique facere error.', 'Perferendis ut illum et ullam laudantium vitae adipisci soluta. Enim minima itaque nulla facilis nulla. Aperiam consequatur voluptate consequuntur.', 23, '2024-09-17 02:24:00', '2024-09-17 02:24:00'),
(68, 'Quia et.', 'Earum id maxime modi sit omnis. Voluptas reprehenderit cum sunt modi eius omnis. Consequatur dolor et quo magni quo nam.', 23, '2024-09-17 02:24:00', '2024-09-17 02:24:00'),
(69, 'Animi nihil distinctio.', 'Officia et est accusamus. Animi magnam quia dolor cupiditate amet officiis. Earum quia et tempore et omnis dolorem non.', 23, '2024-09-17 02:24:00', '2024-09-17 02:24:00'),
(70, 'Voluptatibus voluptatem.', 'A temporibus optio mollitia voluptas fugit molestiae. Officiis sit voluptas et inventore a sint. Unde aut qui sit quam.', 24, '2024-09-17 02:24:00', '2024-09-17 02:24:00'),
(71, 'Aspernatur dicta adipisci dolor.', 'Eum quos sint tenetur. Incidunt aut sapiente suscipit dolore quasi excepturi. Iure quis dolorum sed suscipit atque eius.', 24, '2024-09-17 02:24:01', '2024-09-17 02:24:01'),
(72, 'Repellat qui recusandae.', 'Laudantium et necessitatibus incidunt porro. Sequi esse dolor aperiam quam quo. Eum voluptatem molestiae et quisquam libero et et.', 24, '2024-09-17 02:24:01', '2024-09-17 02:24:01'),
(73, 'Asperiores enim sed aliquid.', 'Recusandae quas at omnis nemo voluptatem. Id reiciendis officia fugit eius est. Deleniti officia debitis aperiam.', 25, '2024-09-17 02:24:01', '2024-09-17 02:24:01'),
(74, 'Nemo iure voluptatem ratione.', 'Officiis reiciendis placeat asperiores et magnam. Pariatur in pariatur architecto non eum minima eos. In exercitationem id et tempora rem.', 25, '2024-09-17 02:24:01', '2024-09-17 02:24:01'),
(75, 'Ut ipsa possimus commodi.', 'Quaerat enim qui nobis. Adipisci rem quos necessitatibus non. Non aut nihil alias commodi minima mollitia nam.', 25, '2024-09-17 02:24:01', '2024-09-17 02:24:01'),
(76, 'Similique non atque accusamus.', 'Assumenda quis deserunt earum molestias magnam. Animi provident at vel nisi omnis. Quis praesentium labore sint omnis.', 26, '2024-09-17 02:24:01', '2024-09-17 02:24:01'),
(77, 'Voluptatem animi doloribus qui.', 'Dolorum voluptatibus voluptas molestiae aut magni quia. Consectetur hic nisi tenetur delectus sunt minus dolore eligendi. Unde et quae aspernatur perferendis.', 26, '2024-09-17 02:24:01', '2024-09-17 02:24:01'),
(78, 'Vitae accusamus ducimus.', 'Et est totam sapiente porro commodi id sit. Voluptates vero occaecati et sunt et incidunt tempora. Quasi nulla soluta pariatur qui voluptates et ut.', 26, '2024-09-17 02:24:01', '2024-09-17 02:24:01'),
(79, 'Reprehenderit quia eum.', 'Quam occaecati nostrum quia velit beatae. Sint architecto est rem commodi quibusdam. Eos iure soluta ut reprehenderit odit aut facilis quasi.', 27, '2024-09-17 02:24:01', '2024-09-17 02:24:01'),
(80, 'Tenetur voluptas voluptatibus.', 'Et voluptatibus ut natus est in perferendis. Veniam quidem quidem aut quia quam alias. Reprehenderit dolor quisquam enim soluta porro.', 27, '2024-09-17 02:24:01', '2024-09-17 02:24:01'),
(81, 'Et nihil dolore at atque.', 'Vel commodi voluptas dolore vitae voluptatem voluptas. Rerum dicta atque consequatur delectus ullam. Provident corporis neque eos nam sunt.', 27, '2024-09-17 02:24:01', '2024-09-17 02:24:01'),
(82, 'Repellat voluptatibus maiores sed quam.', 'Amet porro distinctio nam eum. Qui ullam rerum a officiis dolor et. Eos aut amet molestias cum iure laboriosam.', 28, '2024-09-17 02:24:01', '2024-09-17 02:24:01'),
(83, 'Consectetur omnis aut.', 'Et quia ex optio nesciunt architecto ullam voluptatem. Voluptatem suscipit dolorem perspiciatis autem. Dolorum et commodi natus ducimus.', 28, '2024-09-17 02:24:01', '2024-09-17 02:24:01'),
(84, 'Voluptas et beatae dolor.', 'Nam porro sit tempora soluta. Dignissimos pariatur amet cumque est sapiente autem expedita. Nisi nesciunt nulla nisi sed.', 28, '2024-09-17 02:24:01', '2024-09-17 02:24:01'),
(85, 'Consequuntur minima.', 'Aut ut non est omnis non non. Vel voluptatem consequatur aut corrupti molestias. Voluptas labore cupiditate error corrupti.', 29, '2024-09-17 02:24:01', '2024-09-17 02:24:01'),
(86, 'Ad animi eum.', 'Aliquam enim ratione officiis et nam itaque et. Ut consequatur voluptates iste sed. Consequatur excepturi omnis ea alias et quisquam enim.', 29, '2024-09-17 02:24:01', '2024-09-17 02:24:01'),
(87, 'Veritatis ea et.', 'Provident corrupti numquam autem sed aut soluta dignissimos. In soluta quia omnis perspiciatis non at. Impedit ut amet et ducimus asperiores ea quis.', 29, '2024-09-17 02:24:01', '2024-09-17 02:24:01'),
(88, 'Distinctio aliquam repudiandae tempora doloribus.', 'Autem ut ut sint ut. Voluptate recusandae temporibus atque et corrupti. Suscipit ut quia est quasi.', 30, '2024-09-17 02:24:01', '2024-09-17 02:24:01'),
(89, 'Reiciendis et blanditiis et consequatur.', 'Quaerat recusandae consequatur ut est atque. Libero eius iusto nisi officia accusamus et. Et aut eveniet magni rerum saepe.', 30, '2024-09-17 02:24:01', '2024-09-17 02:24:01'),
(90, 'Voluptatibus sequi eligendi.', 'At natus doloremque dolor aut nam. Repellendus modi mollitia tempora consectetur est cumque id. Debitis itaque non libero consequatur quae ex.', 30, '2024-09-17 02:24:01', '2024-09-17 02:24:01'),
(91, 'Eveniet facere sint qui.', 'Autem recusandae numquam explicabo quaerat. Et sint fugit tenetur cupiditate minus. Neque aut modi maxime totam ipsa magnam corporis molestiae.', 31, '2024-09-17 02:24:01', '2024-09-17 02:24:01'),
(92, 'Odit blanditiis laborum deleniti.', 'Iure aut ut quas quia rerum totam. Odio nihil in et quo. Temporibus voluptatum consequatur est reiciendis praesentium labore dolor.', 31, '2024-09-17 02:24:01', '2024-09-17 02:24:01'),
(93, 'Doloremque nam.', 'Quam perferendis optio nesciunt sed iusto assumenda. Perspiciatis asperiores sit ab nobis aliquam dolorem. Explicabo non laborum assumenda maxime labore incidunt ex.', 31, '2024-09-17 02:24:01', '2024-09-17 02:24:01'),
(94, 'Incidunt tempora illum error.', 'Doloribus qui dolorem esse repellendus rem atque. Et vitae consectetur est et quia corrupti. At praesentium quam est rerum dolorem voluptate praesentium et.', 32, '2024-09-17 02:24:01', '2024-09-17 02:24:01'),
(95, 'In optio eveniet id.', 'Facere enim et quia harum. Qui est alias pariatur doloremque excepturi tempore deleniti. Sunt minus facere quo.', 32, '2024-09-17 02:24:01', '2024-09-17 02:24:01'),
(96, 'Architecto maxime placeat ipsum.', 'Mollitia et deserunt voluptatum voluptatibus. Earum eum recusandae facere doloribus et aut perspiciatis. Repudiandae aut accusantium nihil et voluptatem.', 32, '2024-09-17 02:24:01', '2024-09-17 02:24:01'),
(97, 'Modi labore laborum numquam.', 'Odit quo delectus eum neque. Est adipisci sint voluptatem est sed. Magnam a laboriosam ea exercitationem aut neque error.', 33, '2024-09-17 02:24:01', '2024-09-17 02:24:01'),
(98, 'Officiis sapiente mollitia quo.', 'Ad maiores consequatur ipsa. Necessitatibus impedit dolor minus dolores minus iusto voluptatem. Iusto ut quas exercitationem eaque odio sint.', 33, '2024-09-17 02:24:01', '2024-09-17 02:24:01'),
(99, 'Sunt in aut sit.', 'Asperiores tempore architecto assumenda. Blanditiis earum et culpa aliquam. Ut dignissimos voluptatem eaque et quia qui nemo.', 33, '2024-09-17 02:24:01', '2024-09-17 02:24:01'),
(100, 'Consequuntur quibusdam illum.', 'Earum sapiente sit possimus. Nisi quis quia dignissimos qui voluptatem. Minima non autem labore aut.', 34, '2024-09-17 02:24:01', '2024-09-17 02:24:01'),
(101, 'Commodi sed eligendi.', 'Commodi molestiae veritatis excepturi quis non. Quo veritatis necessitatibus voluptates quisquam. Saepe aut dicta consequatur veniam dolorem voluptate.', 34, '2024-09-17 02:24:01', '2024-09-17 02:24:01'),
(102, 'Quod quia odit architecto.', 'Quia eveniet qui enim voluptate quia impedit illo provident. Sunt aliquam qui ullam voluptas. Autem vel laudantium sit aliquid.', 34, '2024-09-17 02:24:01', '2024-09-17 02:24:01'),
(103, 'Architecto voluptatibus quibusdam.', 'Doloribus provident dolorem sint nulla. Similique ut aut sit aut commodi dolores. Quia quo libero perspiciatis ea optio.', 35, '2024-09-17 02:24:01', '2024-09-17 02:24:01'),
(104, 'Iste cum eos.', 'Delectus dolor mollitia neque nesciunt sit est. Similique nobis quia animi sed. Explicabo maxime dolores tenetur perferendis.', 35, '2024-09-17 02:24:01', '2024-09-17 02:24:01'),
(105, 'Aut assumenda voluptas non.', 'Iusto maxime eligendi magnam quo. Earum impedit assumenda aut debitis. Et ratione voluptas veniam repudiandae aperiam quaerat.', 35, '2024-09-17 02:24:01', '2024-09-17 02:24:01'),
(106, 'Sed sit aspernatur.', 'Nihil soluta quis et et architecto enim. Deleniti omnis ullam hic nemo et saepe sit. Voluptate exercitationem et aut minus fugiat accusamus a vitae.', 36, '2024-09-17 02:24:01', '2024-09-17 02:24:01'),
(107, 'Et distinctio perspiciatis pariatur.', 'Velit voluptate maxime harum culpa. Facere ea at omnis explicabo. Est quia quo iure sunt reiciendis id.', 36, '2024-09-17 02:24:01', '2024-09-17 02:24:01'),
(108, 'Animi deleniti maiores.', 'Eveniet suscipit ut minima molestias minima dolores eos dolores. Enim doloremque libero in sit eos accusantium cum. Quo assumenda qui iste eos tempore eaque.', 36, '2024-09-17 02:24:01', '2024-09-17 02:24:01'),
(109, 'Vel quis totam nobis.', 'Ex quod qui saepe impedit ut praesentium temporibus quod. Accusamus itaque voluptatem similique eum est. Laboriosam perferendis tempora sequi accusantium delectus a.', 37, '2024-09-17 02:24:01', '2024-09-17 02:24:01'),
(110, 'Nobis cum iure porro.', 'Voluptate sit ab laboriosam aut vel odit aut quo. Qui maxime et dolorem aliquid. Et odio necessitatibus molestiae repellendus saepe et veniam.', 37, '2024-09-17 02:24:01', '2024-09-17 02:24:01'),
(111, 'Veniam accusantium voluptatibus modi.', 'Consectetur nesciunt voluptate a nihil sequi corrupti quia. Sit cumque at ad est esse iure. Eligendi quia cumque ut odio.', 37, '2024-09-17 02:24:01', '2024-09-17 02:24:01'),
(112, 'Sit et qui vel.', 'Sint unde aliquam minus sequi commodi nam eum. Quas impedit quae ad ab. Quibusdam consequuntur ea pariatur id.', 38, '2024-09-17 02:24:01', '2024-09-17 02:24:01'),
(113, 'Hic voluptas perspiciatis asperiores.', 'Eum quia sed eligendi pariatur odio ex nobis. Eaque non veniam possimus dolor. Ipsam dolore dicta aut eos dolorum molestiae.', 38, '2024-09-17 02:24:01', '2024-09-17 02:24:01'),
(114, 'Illo magni explicabo.', 'Labore non odit neque ab. Quo deserunt porro deleniti est. Corrupti quas sint libero consequatur quod.', 38, '2024-09-17 02:24:01', '2024-09-17 02:24:01'),
(115, 'Provident rerum dolorem.', 'In qui iure vitae blanditiis sunt sint. Consectetur ea atque ex necessitatibus. Aut voluptatem omnis maxime consequatur veniam ea.', 39, '2024-09-17 02:24:01', '2024-09-17 02:24:01'),
(116, 'Et dolore officia.', 'Sint sit sapiente omnis qui velit. Blanditiis est quisquam beatae nobis voluptatum est assumenda unde. Aut quasi vero nisi occaecati voluptas eligendi.', 39, '2024-09-17 02:24:01', '2024-09-17 02:24:01'),
(117, 'Quibusdam veritatis vero maiores.', 'Nam ut et repudiandae voluptatem aspernatur corporis. Dolores possimus voluptas eum. Quis consequatur assumenda et numquam at possimus recusandae.', 39, '2024-09-17 02:24:01', '2024-09-17 02:24:01'),
(118, 'Consequatur est nobis porro.', 'Omnis aliquid dolorum ipsum ex rem. Quis earum consequuntur culpa quos. Aut saepe harum repudiandae nisi.', 40, '2024-09-17 02:24:01', '2024-09-17 02:24:01'),
(119, 'Quis error omnis odio.', 'Saepe ipsa et ad ratione natus. Qui atque corporis dolor est ut. Illum fuga voluptatem iste incidunt iste dolor et perferendis.', 40, '2024-09-17 02:24:01', '2024-09-17 02:24:01'),
(120, 'Eveniet doloremque est.', 'Labore vitae eaque sit. Expedita dolor ut voluptatem qui deserunt consequuntur. Et illum deserunt quia recusandae voluptate.', 40, '2024-09-17 02:24:01', '2024-09-17 02:24:01'),
(121, 'Et possimus soluta.', 'Atque sed rerum possimus iste maxime magni corrupti. Eum consectetur fugiat est rem sint. Optio sapiente inventore eos officiis distinctio nam maiores.', 41, '2024-09-17 02:24:01', '2024-09-17 02:24:01'),
(122, 'Similique quibusdam.', 'Maxime enim quia enim culpa nihil perspiciatis sit sint. Est et odio dolore qui et doloremque explicabo fugit. Deserunt itaque aut in quam cum quidem aut.', 41, '2024-09-17 02:24:01', '2024-09-17 02:24:01'),
(123, 'Ut in ea quia.', 'Itaque tenetur quo in ut neque facere et. Et est neque eaque rerum ut natus necessitatibus. Laudantium explicabo tenetur architecto quibusdam.', 41, '2024-09-17 02:24:01', '2024-09-17 02:24:01'),
(124, 'Reprehenderit cumque.', 'Mollitia qui ut sunt maiores praesentium veniam impedit porro. Fugiat et commodi eum et non. Enim ex ex ut nulla voluptas.', 42, '2024-09-17 02:24:01', '2024-09-17 02:24:01'),
(125, 'Minus voluptatem omnis quasi.', 'Magnam veniam veritatis ex mollitia nemo sapiente eius modi. Quia ipsum ut voluptatem suscipit aut nostrum. Molestias nihil vel earum natus repellat veritatis.', 42, '2024-09-17 02:24:01', '2024-09-17 02:24:01'),
(126, 'Et odio ipsam consequatur.', 'Aperiam earum voluptatum deserunt et. Reprehenderit et quia incidunt est placeat earum cupiditate. Quia aut vel omnis quis magni debitis blanditiis sit.', 42, '2024-09-17 02:24:01', '2024-09-17 02:24:01'),
(127, 'Et accusantium saepe ad.', 'Occaecati aut id amet aut quis totam neque. Rerum commodi totam voluptatem qui sed. Earum et unde ut voluptatem dolorum sed accusamus.', 43, '2024-09-17 02:24:01', '2024-09-17 02:24:01'),
(128, 'Officiis et.', 'Eos illum dolore voluptas. Veritatis nulla vero repellendus quasi repellat qui omnis. Repellat sed earum recusandae ipsam possimus reprehenderit voluptatem.', 43, '2024-09-17 02:24:01', '2024-09-17 02:24:01'),
(129, 'Perferendis dicta id necessitatibus.', 'Ratione maiores tempora minus vero. Molestiae quasi tenetur earum id incidunt mollitia. Necessitatibus distinctio nesciunt rem eligendi numquam dolores molestiae.', 43, '2024-09-17 02:24:01', '2024-09-17 02:24:01'),
(130, 'Fuga consequuntur eum perspiciatis.', 'Consequatur est odio nihil fugiat. Quia consequatur quia qui aut rerum et. Magni earum eos et tempore.', 44, '2024-09-17 02:24:01', '2024-09-17 02:24:01'),
(131, 'Excepturi laboriosam cupiditate omnis.', 'Sapiente expedita soluta dolore est. Impedit vel voluptates et autem minima est. Aliquam omnis eveniet aspernatur molestias similique aut similique.', 44, '2024-09-17 02:24:01', '2024-09-17 02:24:01'),
(132, 'Quisquam et fuga nihil.', 'Quasi recusandae explicabo optio quae. Nulla et necessitatibus consequatur eius. Provident animi deserunt est sint.', 44, '2024-09-17 02:24:01', '2024-09-17 02:24:01'),
(133, 'At quis unde.', 'Est rerum est non. Vel autem ex suscipit nobis sint nam. Culpa atque voluptas aut velit recusandae sit et.', 45, '2024-09-17 02:24:01', '2024-09-17 02:24:01'),
(134, 'Doloremque unde quibusdam.', 'Natus repellendus cumque amet. Est facilis rerum quibusdam deleniti. Architecto hic ad eum officiis numquam.', 45, '2024-09-17 02:24:01', '2024-09-17 02:24:01'),
(135, 'Quisquam et.', 'Cupiditate est tempora cupiditate ab eos. Culpa laborum ea blanditiis eum. A molestiae cumque vero ratione aspernatur sequi aut labore.', 45, '2024-09-17 02:24:01', '2024-09-17 02:24:01'),
(136, 'Asperiores qui autem non.', 'Cupiditate similique ut quia alias qui. Quia culpa est commodi omnis optio ea nihil. Quia ducimus at nostrum reiciendis et labore perferendis.', 46, '2024-09-17 02:24:01', '2024-09-17 02:24:01'),
(137, 'Unde vitae et ipsum.', 'Dolor maiores provident nemo porro aut non. Perferendis sunt optio architecto aperiam vitae voluptatem. Omnis ut pariatur dolorum quibusdam eligendi reprehenderit.', 46, '2024-09-17 02:24:01', '2024-09-17 02:24:01'),
(138, 'Quas quibusdam enim voluptas at.', 'Quidem odit eveniet minima sint expedita sit facilis. Dolores sed et qui aut aut debitis soluta ipsam. Est in et et aspernatur est qui.', 46, '2024-09-17 02:24:01', '2024-09-17 02:24:01'),
(139, 'Exercitationem tempora quaerat quas.', 'Consectetur quam qui debitis consequuntur voluptatum ipsam. Aliquid error ut error beatae veritatis. Dolorem eaque est dolor nulla ratione nisi quo.', 47, '2024-09-17 02:24:01', '2024-09-17 02:24:01'),
(140, 'Enim ipsum ut.', 'Quia vel corporis harum at quaerat. Impedit dolore hic repudiandae rerum sed nisi eius. Ut repudiandae dolor et non fuga beatae.', 47, '2024-09-17 02:24:01', '2024-09-17 02:24:01'),
(141, 'Incidunt in accusamus consectetur.', 'Distinctio iusto tempora voluptates vel nostrum delectus nisi. Quam aperiam ut dolores aut voluptas et. Eius perferendis quae accusamus labore.', 47, '2024-09-17 02:24:01', '2024-09-17 02:24:01'),
(142, 'Placeat voluptas.', 'Dolorum nihil sequi dolor doloremque et. Quam aut nam dolor et sed. Libero aut omnis in et velit commodi expedita ut.', 48, '2024-09-17 02:24:01', '2024-09-17 02:24:01'),
(143, 'Aut incidunt delectus nulla deserunt.', 'Non et voluptatem nesciunt iusto. Pariatur rem quibusdam corporis rerum. Quos ut eum nihil aut.', 48, '2024-09-17 02:24:01', '2024-09-17 02:24:01'),
(144, 'Vero quia ducimus culpa.', 'Blanditiis magnam natus vitae assumenda minima eos omnis. Impedit reprehenderit architecto rerum officia. Minima dolorum nemo quia nihil voluptatem.', 48, '2024-09-17 02:24:01', '2024-09-17 02:24:01'),
(145, 'Accusantium ipsam temporibus sapiente.', 'Rerum sint sapiente libero deserunt. Rem quia omnis tempora eum illum. Autem voluptas dicta similique libero.', 49, '2024-09-17 02:24:01', '2024-09-17 02:24:01'),
(146, 'Modi dolor soluta voluptatem.', 'Illo deserunt occaecati quia cumque ex voluptate. Repellendus perferendis aut a in rerum porro. Et ut qui voluptates quod voluptatem iusto.', 49, '2024-09-17 02:24:01', '2024-09-17 02:24:01'),
(147, 'Exercitationem qui id accusantium.', 'Fugit optio saepe nihil. Et dolores similique quas vel esse. Vero aliquam nihil ut vitae autem unde.', 49, '2024-09-17 02:24:01', '2024-09-17 02:24:01'),
(148, 'Eveniet necessitatibus quis.', 'Dolore ipsa tempora et blanditiis et ut quae. Natus perferendis commodi alias sit ut tempora reprehenderit. Alias error asperiores voluptatem dicta voluptas.', 50, '2024-09-17 02:24:01', '2024-09-17 02:24:01'),
(149, 'Dolores et ullam.', 'Fugiat consequatur amet molestiae odio repellendus. Quas perferendis et praesentium et deleniti saepe. Reprehenderit autem debitis non autem minus numquam ducimus et.', 50, '2024-09-17 02:24:01', '2024-09-17 02:24:01'),
(150, 'Dolor corporis numquam animi.', 'Aliquid recusandae beatae unde. Velit molestiae molestiae voluptatum minus. Ut voluptates molestias nobis.', 50, '2024-09-17 02:24:01', '2024-09-17 02:24:01'),
(151, 'Voluptatem eos.', 'Nihil sed culpa aut velit ut debitis. Qui veritatis sunt et est aliquam eveniet qui. Voluptatem et molestias nostrum sunt et maiores nisi ullam.', 51, '2024-09-17 02:24:01', '2024-09-17 02:24:01'),
(152, 'Tempora ut consectetur.', 'Deleniti vel minima illo consequatur ratione mollitia placeat aut. Voluptas omnis non consequuntur dolorum eum. Nam accusantium in ratione ea eius corporis aliquam.', 51, '2024-09-17 02:24:01', '2024-09-17 02:24:01'),
(153, 'Dolorem sit et qui.', 'In cum ab velit sit. Quis est provident saepe officia rerum omnis numquam. Non vero magni distinctio quod sequi.', 51, '2024-09-17 02:24:01', '2024-09-17 02:24:01'),
(154, 'Ratione reiciendis rerum beatae.', 'Omnis sunt qui voluptate dolorem reprehenderit. Odio est et nostrum minima pariatur voluptas quis. Quibusdam ea dolorem perferendis voluptatum.', 52, '2024-09-17 02:24:01', '2024-09-17 02:24:01'),
(155, 'Fuga ea pariatur.', 'In aut hic accusamus voluptatum doloribus commodi voluptatem. Nulla qui libero totam quisquam modi. Et sit fugit et impedit qui praesentium.', 52, '2024-09-17 02:24:01', '2024-09-17 02:24:01'),
(156, 'Dolorum nesciunt minus aliquam quia.', 'Ipsum cupiditate qui eius et. Reiciendis iure dolor quam rerum dolor quia. Quidem placeat rerum sint doloremque voluptatem deleniti.', 52, '2024-09-17 02:24:01', '2024-09-17 02:24:01'),
(157, 'Dolorem qui adipisci.', 'Tenetur nam provident nobis voluptate. Quo similique a corporis dicta dolores aut aut quos. Soluta nemo reprehenderit eveniet porro beatae.', 53, '2024-09-17 02:24:01', '2024-09-17 02:24:01'),
(158, 'Tempora eligendi vitae.', 'Nobis qui dolorum fugit illum officiis eos. Qui aut fugit dolorem est. Vitae accusantium est eos repellendus repudiandae autem.', 53, '2024-09-17 02:24:01', '2024-09-17 02:24:01'),
(159, 'Totam ut voluptates rerum.', 'Aut impedit dolorum porro molestiae tempora voluptates velit porro. Rerum reiciendis perferendis hic quia. Dolorem et et ipsam consequatur consequatur.', 53, '2024-09-17 02:24:01', '2024-09-17 02:24:01'),
(160, 'Mollitia officia non ut.', 'Quo ipsum praesentium nihil impedit aut. Distinctio dicta expedita enim quisquam. Ducimus veritatis voluptatem ab dolor magnam nesciunt explicabo.', 54, '2024-09-17 02:24:01', '2024-09-17 02:24:01'),
(161, 'Reprehenderit qui quae commodi.', 'Qui voluptatem veniam nostrum ut. Sint ut sed numquam suscipit. Dolor optio minus itaque.', 54, '2024-09-17 02:24:01', '2024-09-17 02:24:01'),
(162, 'Unde atque occaecati repellendus.', 'Distinctio deserunt laboriosam voluptatem dicta ut ex suscipit provident. Rerum debitis qui ad nostrum nam quod quia. Qui eum suscipit dolor.', 54, '2024-09-17 02:24:01', '2024-09-17 02:24:01'),
(163, 'Quis a necessitatibus quia excepturi.', 'Possimus rem id consequatur enim dicta iure enim sunt. Eveniet dignissimos modi qui mollitia veritatis. Voluptatem perspiciatis non explicabo autem illum.', 55, '2024-09-17 02:24:01', '2024-09-17 02:24:01'),
(164, 'Aliquid a ea repudiandae.', 'Sunt molestias repudiandae et consequatur similique praesentium iure. Occaecati ratione fuga officiis vel. Optio est odio rerum nesciunt qui ut.', 55, '2024-09-17 02:24:01', '2024-09-17 02:24:01'),
(165, 'Qui quo quibusdam consequatur.', 'Consectetur et sit adipisci vel. Dolorem laudantium occaecati veniam eveniet voluptate animi minus. Et exercitationem quo officiis eos.', 55, '2024-09-17 02:24:01', '2024-09-17 02:24:01'),
(166, 'Iusto non dolores adipisci.', 'Aut reprehenderit est vel incidunt et est fuga sed. Dolor dolore asperiores adipisci eos. Repellat sint sit provident tempora itaque occaecati reprehenderit.', 56, '2024-09-17 02:24:01', '2024-09-17 02:24:01'),
(167, 'Eos quos laborum nihil ut.', 'Hic dignissimos dolore vitae omnis sed enim. Quae dolores aut autem molestiae perferendis. Quisquam reprehenderit deleniti eveniet velit expedita.', 56, '2024-09-17 02:24:01', '2024-09-17 02:24:01'),
(168, 'Aut ipsum est.', 'Aut dolor est molestiae. Voluptatem ab voluptatem quia vero corporis animi. Illum atque id earum quos nihil.', 56, '2024-09-17 02:24:01', '2024-09-17 02:24:01'),
(169, 'Aut laborum id laudantium.', 'Eos dignissimos quia ut doloremque doloribus ut aut. Nemo placeat doloribus vel eaque nulla aut fugit. Doloribus et non natus facere consequatur quo non necessitatibus.', 57, '2024-09-17 02:24:01', '2024-09-17 02:24:01'),
(170, 'Et occaecati at distinctio.', 'Quia optio est omnis minima maiores ad. Aliquam in similique ut ut nemo occaecati et. Quia ut corporis rerum cumque accusantium unde.', 57, '2024-09-17 02:24:01', '2024-09-17 02:24:01'),
(171, 'Ea ratione sint voluptatibus.', 'Quisquam quidem optio in nisi occaecati sunt sed est. Enim quos recusandae voluptas doloremque. Odio rerum dolores quam eum accusamus dolores et porro.', 57, '2024-09-17 02:24:01', '2024-09-17 02:24:01'),
(172, 'Blanditiis consequatur necessitatibus.', 'Atque tenetur amet rerum molestias. Neque molestias et aliquid consequuntur nobis. Quibusdam provident possimus eos eius ad soluta.', 58, '2024-09-17 02:24:01', '2024-09-17 02:24:01'),
(173, 'Doloribus et harum.', 'Beatae voluptatem facere maiores at minus. Voluptatum repellendus sint omnis. Dolor nostrum odit doloremque impedit.', 58, '2024-09-17 02:24:01', '2024-09-17 02:24:01'),
(174, 'Voluptate aspernatur animi.', 'Aut praesentium culpa veniam a reiciendis. Non accusantium eaque aut qui. Unde culpa optio dolorem aut sint.', 58, '2024-09-17 02:24:01', '2024-09-17 02:24:01'),
(175, 'Consequatur distinctio quae.', 'At sed nostrum aut et aut ullam. Repudiandae autem iste laudantium et. Quo est aut earum nulla eaque.', 59, '2024-09-17 02:24:01', '2024-09-17 02:24:01'),
(176, 'Ut numquam.', 'Ullam ab saepe dolores corporis quo. Fuga et ab voluptates. Dolor placeat autem facilis dignissimos consequatur sunt cumque.', 59, '2024-09-17 02:24:01', '2024-09-17 02:24:01'),
(177, 'Natus ratione libero.', 'Dolores nesciunt accusantium adipisci soluta libero voluptatibus. At dolorem est est nihil sint aut aliquid nam. Inventore quas illo consequatur omnis.', 59, '2024-09-17 02:24:01', '2024-09-17 02:24:01'),
(178, 'Sit non tempore autem ut.', 'Consequatur enim iste quaerat. Necessitatibus aut voluptatem placeat assumenda. Itaque quia molestias explicabo nihil reprehenderit.', 60, '2024-09-17 02:24:01', '2024-09-17 02:24:01'),
(179, 'Quam qui iure incidunt amet.', 'Id eius similique rerum doloremque. Earum quia maiores optio et provident. Ducimus doloribus nemo est.', 60, '2024-09-17 02:24:01', '2024-09-17 02:24:01'),
(180, 'Libero numquam ut temporibus est.', 'Earum eum molestiae quia doloribus commodi iure veritatis molestiae. Est sit ad laboriosam officiis dolores assumenda id. Sed et similique a architecto deserunt amet.', 60, '2024-09-17 02:24:01', '2024-09-17 02:24:01'),
(181, 'Voluptatem inventore ea.', 'At est officiis delectus eos blanditiis architecto soluta. Repudiandae eum adipisci totam velit et eum. At natus eos officiis.', 61, '2024-09-17 02:24:01', '2024-09-17 02:24:01'),
(182, 'Beatae ipsum eveniet tempore.', 'Possimus et et voluptatem vero ratione eaque inventore. Consequuntur in odit at quaerat voluptas. Quo fugiat quo rerum qui ut.', 61, '2024-09-17 02:24:01', '2024-09-17 02:24:01'),
(183, 'Molestiae neque vitae.', 'Beatae expedita aperiam omnis doloribus voluptatem voluptatem nobis minima. Culpa soluta non commodi sunt. In velit ea impedit voluptatem.', 61, '2024-09-17 02:24:01', '2024-09-17 02:24:01'),
(184, 'Ut quae et.', 'Inventore vitae recusandae tempore assumenda. Aut non qui eaque fugiat debitis ipsam. Rerum earum laborum fugiat fugiat ducimus autem.', 62, '2024-09-17 02:24:01', '2024-09-17 02:24:01'),
(185, 'Tempore in ipsa alias.', 'Praesentium expedita maiores accusamus quidem voluptates dolorem. Ut voluptatem quis quia porro. Numquam nesciunt qui ut quos sed deserunt.', 62, '2024-09-17 02:24:01', '2024-09-17 02:24:01'),
(186, 'A velit est.', 'Est aut et quo iusto ipsam eum fugit. Quis aliquam harum exercitationem et beatae et. Ut sunt possimus molestiae error aut ut reiciendis.', 62, '2024-09-17 02:24:01', '2024-09-17 02:24:01'),
(187, 'Quas ducimus a.', 'Voluptatum qui est voluptatem adipisci earum vero consequatur. Aut repellat amet omnis nulla qui. Consequatur beatae numquam dicta sit vitae officiis odit.', 63, '2024-09-17 02:24:01', '2024-09-17 02:24:01'),
(188, 'Velit recusandae quia.', 'Ducimus et voluptates et minima nulla. Culpa nam aut aliquid deleniti ipsum nemo harum at. Molestiae omnis assumenda qui exercitationem nisi iusto.', 63, '2024-09-17 02:24:01', '2024-09-17 02:24:01'),
(189, 'Laudantium sed id.', 'Soluta pariatur omnis praesentium. Dolorum aut maiores nobis assumenda. Consequatur quisquam autem reiciendis nesciunt voluptatem.', 63, '2024-09-17 02:24:01', '2024-09-17 02:24:01'),
(190, 'Sunt sequi asperiores enim.', 'Saepe sequi non aut fugit laborum. Et vitae ut ducimus ad est explicabo. Totam non sit sed perferendis sit optio.', 64, '2024-09-17 02:24:01', '2024-09-17 02:24:01'),
(191, 'Ut molestiae voluptatem sequi.', 'Minima labore nam dolorem. Ut quis quia aliquam omnis adipisci eum dolores. Ipsam dolor voluptatem nihil at ipsa et asperiores.', 64, '2024-09-17 02:24:01', '2024-09-17 02:24:01'),
(192, 'Dolorum delectus quisquam ipsum.', 'Sed culpa qui distinctio dolores. Ut dolores voluptatem aspernatur eius et quis aut. Non qui rem libero.', 64, '2024-09-17 02:24:01', '2024-09-17 02:24:01'),
(193, 'Magnam fuga consequatur nostrum.', 'Blanditiis voluptate natus aut aperiam. Ratione ipsum quos fugiat omnis. Nam voluptas accusantium sint esse itaque ex.', 65, '2024-09-17 02:24:01', '2024-09-17 02:24:01'),
(194, 'Explicabo ullam deserunt voluptate.', 'Quam deleniti est placeat. Natus qui eos voluptatibus. Et enim dicta expedita voluptatem.', 65, '2024-09-17 02:24:01', '2024-09-17 02:24:01'),
(195, 'Eius ut eligendi.', 'Distinctio veniam perferendis vero vel exercitationem autem earum. Facere eum omnis vel quos. Corrupti autem soluta similique aut quisquam nihil.', 65, '2024-09-17 02:24:01', '2024-09-17 02:24:01'),
(196, 'Atque praesentium ipsa laborum eum.', 'Quas natus iste qui eveniet natus cum. Odio culpa corrupti est blanditiis exercitationem vel. Id aut inventore assumenda quos repellendus.', 66, '2024-09-17 02:24:01', '2024-09-17 02:24:01'),
(197, 'Dolorem ratione omnis quis.', 'Ratione et quasi harum sequi aut. Natus voluptatem nisi eum ducimus quia alias ab. Dignissimos et et ut fuga id aut et.', 66, '2024-09-17 02:24:01', '2024-09-17 02:24:01'),
(198, 'Ut laboriosam in laudantium.', 'Nesciunt minima illum aut facere impedit consequatur aut. Nulla et at quam facilis voluptatibus ipsa. Itaque accusantium amet neque id non ea eum.', 66, '2024-09-17 02:24:01', '2024-09-17 02:24:01'),
(199, 'Sapiente quia eum autem.', 'Perspiciatis eaque doloribus soluta dicta magnam sit. Officiis qui odio voluptatibus repudiandae perferendis. Cum eos unde aut cupiditate id.', 67, '2024-09-17 02:24:01', '2024-09-17 02:24:01'),
(200, 'Amet in.', 'Magni qui iste architecto optio nihil. Deserunt et est aperiam repudiandae debitis magni. Quia sit ut cumque similique iusto labore.', 67, '2024-09-17 02:24:01', '2024-09-17 02:24:01'),
(201, 'Est cupiditate aut eum.', 'Commodi deserunt ut et ipsum tempore expedita aut fugit. Reprehenderit omnis architecto velit doloribus qui temporibus. Sit saepe reiciendis et aspernatur.', 67, '2024-09-17 02:24:01', '2024-09-17 02:24:01'),
(202, 'Laboriosam sequi placeat.', 'Aut similique in neque. Nam accusantium assumenda iure sint est. Molestias tempora occaecati ea et ipsa voluptas.', 68, '2024-09-17 02:24:01', '2024-09-17 02:24:01'),
(203, 'Et adipisci dolores.', 'Libero non animi velit nemo incidunt aperiam ducimus. Voluptatem perspiciatis culpa qui vel qui dolores. Nihil voluptatem repudiandae totam perspiciatis minima id quia.', 68, '2024-09-17 02:24:01', '2024-09-17 02:24:01'),
(204, 'Dolorem alias.', 'Quas ab temporibus sit vel. Mollitia dolor blanditiis non commodi et. Libero velit laboriosam quasi sed minus maiores.', 68, '2024-09-17 02:24:01', '2024-09-17 02:24:01'),
(205, 'Facere earum.', 'Ea voluptatem rem repudiandae perspiciatis voluptatem. Ratione ex sapiente et voluptas rerum illo ullam. Soluta sunt nemo similique exercitationem deserunt quia.', 69, '2024-09-17 02:24:01', '2024-09-17 02:24:01'),
(206, 'Perspiciatis mollitia reiciendis.', 'Similique vero fugit fugiat est provident. Quam facilis rerum minima nemo iusto atque. Officia porro expedita unde excepturi.', 69, '2024-09-17 02:24:01', '2024-09-17 02:24:01'),
(207, 'Nihil in blanditiis.', 'In dolorem similique aut distinctio. Odit et suscipit laudantium voluptas ratione suscipit dicta. Dolores voluptatibus aut ut sit expedita eos minus.', 69, '2024-09-17 02:24:01', '2024-09-17 02:24:01'),
(208, 'Esse neque delectus cupiditate.', 'Commodi dolor molestiae est at voluptatem. Assumenda sunt est praesentium quas. Et ratione qui nulla iusto.', 70, '2024-09-17 02:24:01', '2024-09-17 02:24:01'),
(209, 'Amet modi totam itaque.', 'Ut et esse magnam et. Et vel ad numquam placeat hic doloribus quas quae. Officia reprehenderit quo rerum.', 70, '2024-09-17 02:24:01', '2024-09-17 02:24:01'),
(210, 'Et ut facere ullam.', 'Minima non vel reiciendis sint quos. Fuga minus atque amet optio dolorum repudiandae. Animi quo porro soluta corporis earum ea.', 70, '2024-09-17 02:24:01', '2024-09-17 02:24:01'),
(211, 'Quam cumque repellendus quia harum.', 'Eveniet aspernatur repellendus eveniet nisi debitis unde consequatur vel. Commodi est blanditiis dolores recusandae excepturi autem. Doloribus animi rerum reiciendis ut pariatur quis officiis quo.', 71, '2024-09-17 02:24:01', '2024-09-17 02:24:01'),
(212, 'Ratione sapiente ducimus.', 'Tempore et aut unde. Minima iste minima quasi animi. Rerum qui atque quia possimus repellat.', 71, '2024-09-17 02:24:01', '2024-09-17 02:24:01'),
(213, 'Iure sint mollitia quia.', 'Corporis aperiam molestiae velit sed at in et. Corrupti facere commodi omnis. Voluptatem vero molestiae saepe molestiae hic sit.', 71, '2024-09-17 02:24:01', '2024-09-17 02:24:01'),
(214, 'Quibusdam vero.', 'Delectus eaque debitis ea ratione consequatur soluta quibusdam. Id atque itaque impedit tenetur veniam deleniti. Non aut ea vel quia ex quis quas.', 72, '2024-09-17 02:24:01', '2024-09-17 02:24:01'),
(215, 'Optio qui a.', 'Impedit laudantium dolores enim repellat. Quo saepe quia soluta autem sint facilis. Ut repudiandae quas rerum.', 72, '2024-09-17 02:24:01', '2024-09-17 02:24:01'),
(216, 'Temporibus temporibus quasi odio.', 'Nostrum at laborum sunt dolorum cupiditate dolor est. Earum fugiat ea qui dicta. Ratione sed ad eaque iste nisi nihil illo error.', 72, '2024-09-17 02:24:01', '2024-09-17 02:24:01'),
(217, 'Sequi aut fugiat eum.', 'Ea rerum eaque qui eum dolor qui. Veritatis omnis sed consequatur dolores voluptas aut ut. Doloribus quo eos cumque.', 73, '2024-09-17 02:24:01', '2024-09-17 02:24:01'),
(218, 'Aut quia blanditiis.', 'Quas adipisci at quis est commodi. Aperiam blanditiis dignissimos voluptas aut quia quis tenetur. Dolores aut temporibus libero nam minus.', 73, '2024-09-17 02:24:01', '2024-09-17 02:24:01'),
(219, 'Reiciendis ut et.', 'Perferendis amet distinctio est fugit praesentium sequi dicta. Doloremque consequatur unde voluptas eligendi temporibus et. Quo aperiam dolorem mollitia dolore ut delectus ut esse.', 73, '2024-09-17 02:24:01', '2024-09-17 02:24:01'),
(220, 'Hic dicta dolorem temporibus.', 'Fugit nihil tempora adipisci mollitia repellendus vitae. Repellendus et voluptates pariatur voluptas omnis aspernatur officia placeat. Adipisci tempore qui non voluptas rerum quia occaecati.', 74, '2024-09-17 02:24:01', '2024-09-17 02:24:01'),
(221, 'Non est quod totam facilis.', 'Facilis nisi inventore eum. Iste ratione eum nisi. Ipsam ut voluptas quidem distinctio delectus tempora.', 74, '2024-09-17 02:24:01', '2024-09-17 02:24:01'),
(222, 'Odit doloremque.', 'Laboriosam nemo reprehenderit eum placeat. Quidem rerum iusto ad consequatur esse eius assumenda voluptatem. Blanditiis nobis nihil magni.', 74, '2024-09-17 02:24:01', '2024-09-17 02:24:01'),
(223, 'Enim molestiae cum nobis.', 'Omnis aut facilis quod non dicta et ut. Distinctio et aut sit. Incidunt et aut distinctio qui et est.', 75, '2024-09-17 02:24:01', '2024-09-17 02:24:01'),
(224, 'Doloremque numquam eveniet quo.', 'A blanditiis qui dolores ipsum. Repellendus fugit aut nesciunt maxime aut vel. Magni maiores expedita incidunt reprehenderit.', 75, '2024-09-17 02:24:01', '2024-09-17 02:24:01'),
(225, 'Sit itaque dolores.', 'Nesciunt deserunt molestiae ea facilis est qui minima. Doloribus in et atque qui quibusdam ratione. Reiciendis facere porro qui et dolor quis eum.', 75, '2024-09-17 02:24:01', '2024-09-17 02:24:01'),
(226, 'Sequi quis sapiente qui.', 'Eius officia itaque temporibus cum quis officiis vero qui. Doloribus omnis ut delectus. Eaque aut et maiores perferendis doloribus fugiat qui rem.', 76, '2024-09-17 02:24:01', '2024-09-17 02:24:01');
INSERT INTO `comments` (`id`, `subject`, `body`, `film_id`, `created_at`, `updated_at`) VALUES
(227, 'Sit maxime facilis nam.', 'Perferendis voluptatum voluptatum odit id. Qui consequatur velit id enim eos. Rem quo dicta officiis alias ratione officia.', 76, '2024-09-17 02:24:01', '2024-09-17 02:24:01'),
(228, 'Voluptatem ullam corporis doloremque.', 'Ipsum debitis a corrupti adipisci occaecati occaecati enim. Et sapiente aut nostrum recusandae sed in vel. Quia blanditiis aliquam corporis autem.', 76, '2024-09-17 02:24:01', '2024-09-17 02:24:01'),
(229, 'Aut impedit et.', 'Suscipit aut voluptas rem necessitatibus ipsam. Error nemo sed aut tempora inventore quisquam. Nam et placeat sunt earum vel et rerum.', 77, '2024-09-17 02:24:01', '2024-09-17 02:24:01'),
(230, 'Dolores in ut.', 'Architecto facere est repellendus omnis facilis. Repudiandae eligendi quasi et. Sit id dolorum laudantium vero quaerat repellat et.', 77, '2024-09-17 02:24:01', '2024-09-17 02:24:01'),
(231, 'Nihil enim voluptas.', 'Natus earum dolorem eligendi cumque id et. Labore fugiat reprehenderit suscipit vel ab numquam omnis. Suscipit alias sapiente omnis natus qui.', 77, '2024-09-17 02:24:01', '2024-09-17 02:24:01'),
(232, 'Ipsa ut fugit.', 'At aut libero est sint non sit porro. Qui praesentium temporibus dolor error minima similique reiciendis. Corrupti rem illum voluptas consequatur itaque quos exercitationem.', 78, '2024-09-17 02:24:01', '2024-09-17 02:24:01'),
(233, 'Atque numquam magnam temporibus.', 'Quasi voluptatem non vitae laborum ut recusandae ut. Velit repellat voluptatem est iusto aut dolores. Nesciunt labore nesciunt dolore sint aut veritatis sit repellendus.', 78, '2024-09-17 02:24:01', '2024-09-17 02:24:01'),
(234, 'Laboriosam non eos odit.', 'Et ad id laudantium cupiditate molestiae velit. Aut laudantium quia nulla sunt. Blanditiis accusantium animi qui.', 78, '2024-09-17 02:24:01', '2024-09-17 02:24:01'),
(235, 'Temporibus et cupiditate aut.', 'Atque deleniti aut ut aut facere assumenda minima. Error ea rerum voluptates natus voluptatem iure. Sit maiores repudiandae aliquam repellat ipsa similique.', 79, '2024-09-17 02:24:01', '2024-09-17 02:24:01'),
(236, 'Voluptatem non cum quia.', 'Consequuntur qui sint dolorem. Maxime repudiandae provident aspernatur sed. Porro ipsum culpa optio doloribus animi nihil.', 79, '2024-09-17 02:24:01', '2024-09-17 02:24:01'),
(237, 'Deleniti eum est et.', 'Ea tenetur inventore beatae est alias repudiandae harum. Ducimus et est quae. Et laborum accusamus reprehenderit totam corporis sint.', 79, '2024-09-17 02:24:01', '2024-09-17 02:24:01'),
(238, 'Dolorum maxime et.', 'Autem qui enim eum expedita eum omnis molestiae. Minus sit fugit sit voluptatem praesentium voluptatem. Enim eum et ratione odit fugit cupiditate qui asperiores.', 80, '2024-09-17 02:24:01', '2024-09-17 02:24:01'),
(239, 'Sit fuga excepturi.', 'Voluptatem voluptatem quam voluptatem voluptas modi vero ipsum. Alias quas est recusandae eligendi. Eaque illum reprehenderit sit omnis.', 80, '2024-09-17 02:24:01', '2024-09-17 02:24:01'),
(240, 'At expedita perferendis voluptate.', 'Beatae quisquam deleniti enim consectetur asperiores. Fuga vero sit rerum sit delectus et. Ut porro sunt est provident dolorem officiis quae.', 80, '2024-09-17 02:24:01', '2024-09-17 02:24:01'),
(241, 'Cum quo.', 'Non aut velit sint facere quaerat quas tenetur quo. Est dolor est veritatis enim quasi. Ab cupiditate quis fugiat et rerum aliquam nihil.', 81, '2024-09-17 02:24:01', '2024-09-17 02:24:01'),
(242, 'Qui voluptates.', 'Enim maxime in ipsum non adipisci consequatur rem. Provident qui deleniti molestias nisi sint omnis. Laborum cumque consequuntur vel et.', 81, '2024-09-17 02:24:01', '2024-09-17 02:24:01'),
(243, 'Tempore deleniti temporibus sit.', 'Expedita esse officiis voluptates et. Expedita harum est ut soluta et eius doloribus. Ullam nihil magnam perferendis enim officia qui id.', 81, '2024-09-17 02:24:01', '2024-09-17 02:24:01'),
(244, 'A doloribus qui non.', 'Assumenda numquam odio sapiente perspiciatis in qui dignissimos aut. Enim hic ex et nulla delectus optio. Eos magnam dolorem pariatur voluptas pariatur accusantium veniam.', 82, '2024-09-17 02:24:01', '2024-09-17 02:24:01'),
(245, 'Dolores aut sequi et.', 'Velit est deserunt officia ratione aliquid dolores est. Unde qui ad quo et sequi et. Et molestias eum qui ad exercitationem eum.', 82, '2024-09-17 02:24:01', '2024-09-17 02:24:01'),
(246, 'Dignissimos omnis eos.', 'Accusamus ut fuga et voluptatem quo dolor non. Amet maiores reiciendis iste et. Voluptas est adipisci consequatur autem repellat cupiditate.', 82, '2024-09-17 02:24:01', '2024-09-17 02:24:01'),
(247, 'Aut facilis reiciendis.', 'Maiores nobis sed sit similique earum sit. Fugiat quia occaecati ut vitae. Accusantium non quos rerum voluptatem.', 83, '2024-09-17 02:24:01', '2024-09-17 02:24:01'),
(248, 'Et excepturi repellendus sit et.', 'Sed nam quo recusandae dolor. Et omnis minus labore consectetur. Quae repudiandae est hic doloribus id.', 83, '2024-09-17 02:24:01', '2024-09-17 02:24:01'),
(249, 'Dolores repellat sunt.', 'Unde a voluptas fuga nihil. Quo ea dolorem omnis aspernatur et. Minus dolore iste ipsam cupiditate aut.', 83, '2024-09-17 02:24:01', '2024-09-17 02:24:01'),
(250, 'Et omnis sint.', 'Qui autem tenetur sed voluptas. Optio sit quia et amet cupiditate sunt praesentium. Nisi possimus vel iusto numquam.', 84, '2024-09-17 02:24:01', '2024-09-17 02:24:01'),
(251, 'Illum sapiente maxime.', 'Et voluptas eum velit dolorem repudiandae suscipit. Qui consectetur sit recusandae. Optio asperiores voluptatibus atque voluptatem minima qui.', 84, '2024-09-17 02:24:01', '2024-09-17 02:24:01'),
(252, 'Omnis reiciendis amet.', 'Dolor et quae nihil qui beatae hic. Quia dolorem vitae ratione nihil ratione natus. Et sequi beatae culpa voluptas sed eos sequi.', 84, '2024-09-17 02:24:01', '2024-09-17 02:24:01'),
(253, 'Consequatur et possimus sit.', 'Accusamus laudantium at vero. Dolores eligendi voluptates sed neque qui ut ipsa. Atque perferendis omnis voluptates.', 85, '2024-09-17 02:24:01', '2024-09-17 02:24:01'),
(254, 'Illum earum laudantium et qui.', 'Cupiditate eveniet ratione omnis veniam rerum. Sit quia inventore sed porro eum a nihil amet. Porro illo perspiciatis quasi in maxime animi.', 85, '2024-09-17 02:24:01', '2024-09-17 02:24:01'),
(255, 'Sequi sapiente eligendi.', 'Non debitis nemo fugit placeat enim. Nostrum eveniet quis consequatur adipisci accusamus sint. Cupiditate nam ut aspernatur officia non sed.', 85, '2024-09-17 02:24:01', '2024-09-17 02:24:01'),
(256, 'Odit et non aut.', 'Impedit eveniet veniam omnis repellat in. Id officiis autem ipsam facilis. Ratione eveniet ad molestias et impedit.', 86, '2024-09-17 02:24:01', '2024-09-17 02:24:01'),
(257, 'Dolor maiores qui.', 'Assumenda tempora magni ab eos voluptatum. Dolore minus quis id voluptate eos vel animi. Autem et amet aut eos.', 86, '2024-09-17 02:24:01', '2024-09-17 02:24:01'),
(258, 'Cum necessitatibus eum et.', 'Itaque ut vel rerum deleniti cum soluta. Deserunt qui et nam et ad deserunt. Adipisci odit est laborum repellat.', 86, '2024-09-17 02:24:01', '2024-09-17 02:24:01'),
(259, 'Dolores ipsa adipisci.', 'Quibusdam laboriosam voluptatem enim molestiae rerum accusantium. Est quod aut optio modi. Laboriosam est quibusdam repellendus ut ea qui.', 87, '2024-09-17 02:24:01', '2024-09-17 02:24:01'),
(260, 'Autem vitae rerum.', 'Voluptas dolores recusandae ut quis aut. Tempora molestias odit eum quaerat odit commodi libero. Veniam cum neque sit ut ab quas.', 87, '2024-09-17 02:24:01', '2024-09-17 02:24:01'),
(261, 'Aut quo officiis id.', 'Nulla id ut voluptas officiis nemo vel. Sapiente fugit error ea delectus. Optio qui ab est alias blanditiis sint.', 87, '2024-09-17 02:24:01', '2024-09-17 02:24:01'),
(262, 'Quia possimus officiis.', 'Totam et architecto quis reiciendis et. Asperiores ut debitis et consectetur harum aut autem. Consequatur a ullam rerum dicta.', 88, '2024-09-17 02:24:01', '2024-09-17 02:24:01'),
(263, 'Deleniti eveniet.', 'Mollitia animi aut accusantium quos dolor ex. Maxime aut sit labore voluptatem. Quibusdam repudiandae corporis id ducimus fugit.', 88, '2024-09-17 02:24:01', '2024-09-17 02:24:01'),
(264, 'Et dolorum porro earum.', 'Qui sint cupiditate fuga perspiciatis quibusdam velit. Odio id molestiae sed minus distinctio quasi et. Provident corrupti quae voluptas qui nostrum maiores.', 88, '2024-09-17 02:24:01', '2024-09-17 02:24:01'),
(265, 'Omnis corrupti fugiat aspernatur.', 'Nostrum similique delectus velit natus eveniet maxime cumque eius. Et et sed temporibus. Voluptas eaque eius velit.', 89, '2024-09-17 02:24:01', '2024-09-17 02:24:01'),
(266, 'Repudiandae cumque accusantium laboriosam.', 'Quaerat sint odit tenetur et sed autem. Error dolorum accusamus vel excepturi. Eaque dolorum similique accusantium sint quam voluptatem possimus.', 89, '2024-09-17 02:24:01', '2024-09-17 02:24:01'),
(267, 'Reprehenderit et similique inventore.', 'Rerum labore est aut est. Repellendus consequatur velit nesciunt non qui natus provident. Unde voluptas ipsa inventore iure qui.', 89, '2024-09-17 02:24:01', '2024-09-17 02:24:01'),
(268, 'Eum voluptates repudiandae.', 'Quia laudantium quae sint natus necessitatibus et. Necessitatibus consequatur dolores culpa ducimus ad sint et. Corrupti voluptatem aut ratione unde.', 90, '2024-09-17 02:24:01', '2024-09-17 02:24:01'),
(269, 'Quae vel quo.', 'Amet officia deserunt eos minima assumenda. Odit soluta non laborum quis eum sunt. Hic quam optio sit similique at.', 90, '2024-09-17 02:24:01', '2024-09-17 02:24:01'),
(270, 'Labore pariatur totam qui.', 'Nemo architecto quo sit neque architecto voluptate sint. Molestiae eaque dolores ex est et nam. Quis et repellendus harum rerum mollitia voluptatem mollitia perferendis.', 90, '2024-09-17 02:24:01', '2024-09-17 02:24:01'),
(271, 'Doloribus sit dolorem.', 'Voluptatum eius ducimus deleniti aspernatur qui. Est ut velit iusto aut voluptatem similique. Earum placeat quam ut delectus.', 91, '2024-09-17 02:24:01', '2024-09-17 02:24:01'),
(272, 'Eum recusandae excepturi repudiandae.', 'Consequatur dolores aut praesentium et facilis quisquam. Quidem consequuntur dicta corporis ullam incidunt neque. Sint suscipit temporibus amet rerum.', 91, '2024-09-17 02:24:01', '2024-09-17 02:24:01'),
(273, 'Et quia sint consequuntur.', 'Ut error repudiandae sint saepe hic est. Esse est qui sit voluptatibus. Omnis nostrum nemo quisquam exercitationem fugiat corrupti.', 91, '2024-09-17 02:24:01', '2024-09-17 02:24:01'),
(274, 'Iure dolorem nemo minima.', 'Ut rerum totam delectus consequatur voluptatem et. Debitis aut est fugiat voluptates. Beatae in molestias nam soluta excepturi.', 92, '2024-09-17 02:24:01', '2024-09-17 02:24:01'),
(275, 'Itaque eveniet commodi.', 'Enim quas repudiandae non quae ex in quia nesciunt. Perferendis et iste deserunt. Ea laborum tempora eum corrupti quasi voluptates excepturi.', 92, '2024-09-17 02:24:01', '2024-09-17 02:24:01'),
(276, 'Ut et aut.', 'Repudiandae dignissimos expedita consequatur soluta debitis. Nemo et ut sit maxime corrupti voluptas fugiat. Corporis atque et natus vel.', 92, '2024-09-17 02:24:01', '2024-09-17 02:24:01'),
(277, 'Necessitatibus molestias eos sed praesentium.', 'Vero fuga cupiditate aliquam est provident soluta beatae. Culpa aut sequi aliquam maxime dolore et. Perspiciatis sed sunt doloremque.', 93, '2024-09-17 02:24:01', '2024-09-17 02:24:01'),
(278, 'Ad assumenda dolores porro.', 'Qui perferendis qui repellat qui. Minima et provident ut a aut. Illo asperiores et qui veniam blanditiis quam enim.', 93, '2024-09-17 02:24:01', '2024-09-17 02:24:01'),
(279, 'Est culpa natus.', 'Dignissimos neque eum illum nisi. Eos inventore est et qui quam laboriosam. Error aliquid perspiciatis neque repellendus qui accusantium accusantium.', 93, '2024-09-17 02:24:01', '2024-09-17 02:24:01'),
(280, 'Occaecati odio aut.', 'Nostrum excepturi culpa consequatur quibusdam in eveniet. Aperiam magnam corrupti aspernatur magni saepe. Dolor officiis mollitia quidem fugiat ea aut et quae.', 94, '2024-09-17 02:24:01', '2024-09-17 02:24:01'),
(281, 'Iure voluptate quos temporibus.', 'Porro voluptas sit eos ab rem nihil. In dicta qui quis. Occaecati occaecati voluptatum corporis id.', 94, '2024-09-17 02:24:01', '2024-09-17 02:24:01'),
(282, 'Nulla architecto voluptas est.', 'Impedit excepturi unde reiciendis maxime quia. Reprehenderit eaque molestiae et iusto hic natus. Recusandae ipsa porro nihil quia tempore.', 94, '2024-09-17 02:24:01', '2024-09-17 02:24:01'),
(283, 'Qui quo dolorum.', 'Unde quia dolore necessitatibus velit et. Sunt doloremque sit ea laborum ad. Sequi corrupti molestias voluptas ipsum et.', 95, '2024-09-17 02:24:01', '2024-09-17 02:24:01'),
(284, 'Exercitationem voluptas corporis.', 'Sit ipsum consequuntur omnis sint sed aut. Fugiat id unde voluptatem dolor. Ea delectus dolor suscipit blanditiis.', 95, '2024-09-17 02:24:01', '2024-09-17 02:24:01'),
(285, 'A et quod ut.', 'Accusamus rerum similique modi. Et nam laborum qui et nesciunt temporibus. Possimus laborum eius error eaque a et sapiente.', 95, '2024-09-17 02:24:01', '2024-09-17 02:24:01'),
(286, 'Consequatur natus dolorem debitis rerum.', 'Reprehenderit dolore facere et ut repellendus dolores. Est nihil unde est est. Autem ut veniam consequuntur enim omnis quia qui.', 96, '2024-09-17 02:24:01', '2024-09-17 02:24:01'),
(287, 'Modi accusamus aliquid atque.', 'Error voluptatem eos ab eos. Eos et corporis aut placeat sit aspernatur. Consequatur autem dolores labore ut illo dolore illo.', 96, '2024-09-17 02:24:01', '2024-09-17 02:24:01'),
(288, 'Et qui.', 'Voluptas saepe laudantium distinctio similique omnis cupiditate velit. Fuga labore aut possimus voluptates quo. Ut omnis praesentium quam nam harum quam.', 96, '2024-09-17 02:24:01', '2024-09-17 02:24:01'),
(289, 'Possimus exercitationem animi.', 'Dolor vel dolorem tenetur officia corporis nobis. Beatae dicta porro pariatur nihil culpa. Illum id error minus voluptatem.', 97, '2024-09-17 02:24:01', '2024-09-17 02:24:01'),
(290, 'Rerum maiores saepe in.', 'Ad officia doloremque voluptate nihil quos adipisci. Ullam nihil officiis quo laboriosam quisquam qui voluptatibus. Et maiores blanditiis ratione occaecati autem.', 97, '2024-09-17 02:24:01', '2024-09-17 02:24:01'),
(291, 'Minima blanditiis asperiores sint voluptatem.', 'Ut optio nobis animi dolor iure. Sapiente nihil et sint deleniti excepturi eos. Aut corrupti neque saepe facere.', 97, '2024-09-17 02:24:01', '2024-09-17 02:24:01'),
(292, 'Deserunt molestiae architecto reiciendis.', 'Aut ut sint aspernatur. Quod dolorum eum aspernatur quia dolor et incidunt. Voluptatibus esse qui omnis dolorem.', 98, '2024-09-17 02:24:01', '2024-09-17 02:24:01'),
(293, 'Provident iure odit sed.', 'Quisquam nisi fuga odit voluptate. Neque voluptates omnis ratione omnis eligendi. Asperiores voluptatem rem quos ad cumque harum placeat.', 98, '2024-09-17 02:24:01', '2024-09-17 02:24:01'),
(294, 'Dolore voluptatibus dolor recusandae aut.', 'Aliquid sit eveniet sequi nam id perferendis. Quam amet non sint fuga aut. Et officiis rerum qui sit iure.', 98, '2024-09-17 02:24:01', '2024-09-17 02:24:01'),
(295, 'Et hic eos aut.', 'Animi quia consectetur iure neque necessitatibus rem. Nam consequatur dicta placeat repellat soluta. Illum quod est eos ad.', 99, '2024-09-17 02:24:01', '2024-09-17 02:24:01'),
(296, 'Porro harum quibusdam.', 'Aut fuga sint quo consequuntur facere ipsam fugit. Harum non aliquid et quia hic. Quis sit dolores omnis numquam et id.', 99, '2024-09-17 02:24:01', '2024-09-17 02:24:01'),
(297, 'Harum soluta error qui.', 'Temporibus inventore dolor culpa autem ratione. Illo quia non quia exercitationem unde facere ea. Sapiente sit odio ipsum natus et tenetur qui eaque.', 99, '2024-09-17 02:24:01', '2024-09-17 02:24:01'),
(298, 'Deleniti fugit optio atque.', 'Quam et veniam voluptatem dolorum. Facilis sint sequi sequi quisquam consectetur. Consequatur voluptates unde aliquam recusandae.', 100, '2024-09-17 02:24:01', '2024-09-17 02:24:01'),
(299, 'Sunt et dolores ratione.', 'Qui quis non corrupti qui temporibus. Alias cum atque ad pariatur. Est officia rerum et fugiat repudiandae unde.', 100, '2024-09-17 02:24:01', '2024-09-17 02:24:01'),
(300, 'Expedita et recusandae aut.', 'Et quia qui magni deserunt necessitatibus dignissimos magni. Minus nostrum labore repudiandae. Dolore quasi architecto et vitae.', 100, '2024-09-17 02:24:01', '2024-09-17 02:24:01'),
(301, 'Aperiam sunt repellendus libero.', 'Velit reiciendis quo incidunt facere dolorem nobis. A ea molestias dignissimos officiis praesentium illum provident. Corrupti nemo placeat tempore quia saepe tempore autem rerum.', 101, '2024-09-17 02:24:01', '2024-09-17 02:24:01'),
(302, 'Pariatur omnis quia distinctio.', 'Velit et tempora aliquid corrupti consequatur ea. Unde ex nemo qui nesciunt laboriosam perferendis. Nostrum facere tempore ab quaerat quia.', 101, '2024-09-17 02:24:01', '2024-09-17 02:24:01'),
(303, 'Doloremque ut qui inventore.', 'Veniam similique est ut nisi architecto voluptatem aut. Saepe saepe fugit dolore excepturi accusamus voluptas. Ea doloremque ipsa iusto impedit.', 101, '2024-09-17 02:24:01', '2024-09-17 02:24:01'),
(304, 'Id animi dolores ducimus.', 'Distinctio blanditiis odio officia ut voluptatem cum. Ut quia esse voluptatem id. Sed accusantium eos ut.', 102, '2024-09-17 02:24:01', '2024-09-17 02:24:01'),
(305, 'Vero quae quaerat rerum id.', 'Non delectus placeat ipsum dolor fuga. Adipisci qui sequi dolores. Debitis natus temporibus odit tenetur.', 102, '2024-09-17 02:24:01', '2024-09-17 02:24:01'),
(306, 'Suscipit eaque.', 'Eligendi nemo voluptas animi. Optio ut odio dolorem laborum ipsam aperiam. Ex error ea cum aliquam iusto minima provident.', 102, '2024-09-17 02:24:01', '2024-09-17 02:24:01'),
(307, 'A voluptatem eaque debitis unde.', 'Dolore est dolore ut et est est. Et quia non reiciendis aut. Iusto nulla odio voluptas unde.', 103, '2024-09-17 02:24:01', '2024-09-17 02:24:01'),
(308, 'Eum laborum et.', 'Distinctio nisi facilis architecto qui inventore ut. Et omnis distinctio velit voluptas fugit enim magni. Ut et non assumenda dolorum qui minima quae.', 103, '2024-09-17 02:24:01', '2024-09-17 02:24:01'),
(309, 'Perspiciatis velit officiis et.', 'Cum accusamus occaecati vel. Et est et voluptatum vel. Aspernatur et nihil facilis deserunt autem fugit autem.', 103, '2024-09-17 02:24:01', '2024-09-17 02:24:01'),
(310, 'Possimus velit.', 'Facere reprehenderit quam vero quidem excepturi. Harum nostrum et beatae officiis illum consequatur deserunt. Sit ipsum rem ut.', 104, '2024-09-17 02:24:01', '2024-09-17 02:24:01'),
(311, 'Et delectus ratione vitae.', 'Sint alias dolorem esse laborum maiores at sed. Qui et quod ut at mollitia. Sit ad voluptates vero.', 104, '2024-09-17 02:24:01', '2024-09-17 02:24:01'),
(312, 'Consequatur quis itaque doloribus.', 'Repellat minus aut sed blanditiis aut. Laudantium optio illum atque officiis et qui alias enim. Tenetur a dolorum dicta nihil nulla mollitia doloremque.', 104, '2024-09-17 02:24:01', '2024-09-17 02:24:01'),
(313, 'Non laudantium illum laborum.', 'Nemo quaerat corrupti est. Incidunt corporis at est pariatur tempore ea. Asperiores reiciendis molestias deleniti magnam ut dolorum dolor.', 105, '2024-09-17 02:24:01', '2024-09-17 02:24:01'),
(314, 'Qui et ut.', 'Et natus atque voluptate ratione sunt. Sequi nobis tenetur officiis eos eaque. Ut dolor excepturi expedita voluptates totam quod ut placeat.', 105, '2024-09-17 02:24:01', '2024-09-17 02:24:01'),
(315, 'Ipsa eos sit.', 'Est voluptatem ea eaque atque nostrum facere repellat voluptatem. Accusantium voluptate voluptas voluptatum cumque. Cum et id porro tenetur rerum ut vel.', 105, '2024-09-17 02:24:01', '2024-09-17 02:24:01'),
(316, 'Sit ea modi enim.', 'Itaque temporibus rerum dolor dignissimos ipsum nulla earum sunt. Aut natus officia quia unde quo aspernatur non beatae. Excepturi vitae deserunt autem velit.', 106, '2024-09-17 02:24:01', '2024-09-17 02:24:01'),
(317, 'Cupiditate magnam ullam asperiores.', 'Et laudantium doloribus eaque et optio sit. Ut at qui consequatur cum voluptates dolor. Debitis sint possimus nisi sit.', 106, '2024-09-17 02:24:01', '2024-09-17 02:24:01'),
(318, 'Rerum et alias.', 'Pariatur pariatur maxime animi qui laborum suscipit dolor. Distinctio maxime molestiae sit illum. Ut assumenda id inventore.', 106, '2024-09-17 02:24:02', '2024-09-17 02:24:02'),
(319, 'Amet voluptatem tempora.', 'Blanditiis voluptas rerum iure dolores facere nesciunt. Sit enim autem hic explicabo voluptas accusamus tempora. Doloribus deleniti aperiam ut maxime autem iure quibusdam repellendus.', 107, '2024-09-17 02:24:02', '2024-09-17 02:24:02'),
(320, 'Est iure enim.', 'Tenetur mollitia numquam voluptates natus ab dolores sint. Cum molestiae voluptatem fugiat impedit tempore. Recusandae laborum ut id sunt quia.', 107, '2024-09-17 02:24:02', '2024-09-17 02:24:02'),
(321, 'Esse cum vel alias.', 'Et quaerat rem iusto corrupti impedit at iure. Exercitationem ab et repellat molestiae. Saepe odio id in qui voluptatem qui odit et.', 107, '2024-09-17 02:24:02', '2024-09-17 02:24:02'),
(322, 'Sit corporis cum occaecati.', 'Quam non inventore reiciendis amet blanditiis. Consequatur excepturi sed et repellat cupiditate ipsa. Perspiciatis perferendis error sed minima praesentium blanditiis pariatur architecto.', 108, '2024-09-17 02:24:02', '2024-09-17 02:24:02'),
(323, 'Et pariatur numquam.', 'Vel rerum est in dolor alias quam numquam. Molestias voluptatem aut consequatur in quo. Repellendus dolores sunt vitae qui.', 108, '2024-09-17 02:24:02', '2024-09-17 02:24:02'),
(324, 'Fuga repudiandae officiis qui.', 'Optio deleniti ut tempore. Eos hic aliquam velit maiores dolorem in hic. Pariatur a fuga minima.', 108, '2024-09-17 02:24:02', '2024-09-17 02:24:02'),
(325, 'Odio deserunt vel.', 'Temporibus neque molestiae maxime sint accusantium ut tempore. Voluptatem ab repellat reiciendis. Quasi est et dolorum rem nostrum architecto eligendi.', 109, '2024-09-17 02:24:02', '2024-09-17 02:24:02'),
(326, 'Et laboriosam nostrum.', 'Neque quis nesciunt itaque esse asperiores. Deleniti ipsam laboriosam hic at ipsum praesentium. Facilis corporis dolorem deleniti quas.', 109, '2024-09-17 02:24:02', '2024-09-17 02:24:02'),
(327, 'Dolor aspernatur laborum.', 'Iusto libero culpa dolore aut voluptatum qui. Quis qui ut suscipit et impedit. Laborum ut quos voluptatem dolores ipsa dolor.', 109, '2024-09-17 02:24:02', '2024-09-17 02:24:02'),
(328, 'Voluptatem voluptatem nemo provident.', 'Quia reiciendis voluptates veniam dolorum. Dolore minima quibusdam similique alias. Ipsum neque libero odio tempora repellat repellat.', 110, '2024-09-17 02:24:02', '2024-09-17 02:24:02'),
(329, 'Non officia deserunt alias.', 'Vitae omnis iste molestias suscipit fuga aut alias repudiandae. Fugiat rem hic eius laudantium voluptatum explicabo eligendi dolor. Adipisci aut et doloribus.', 110, '2024-09-17 02:24:02', '2024-09-17 02:24:02'),
(330, 'Cupiditate libero omnis.', 'Excepturi beatae at sequi fuga veniam voluptas. Suscipit officia qui qui est eligendi dolorem. Aut voluptas illum provident nihil omnis.', 110, '2024-09-17 02:24:02', '2024-09-17 02:24:02'),
(331, 'Quisquam ipsa aliquid id.', 'Ut nulla occaecati impedit quasi beatae aspernatur tempora. Illo ut voluptate iure recusandae non. Quia enim nam architecto.', 111, '2024-09-17 02:24:02', '2024-09-17 02:24:02'),
(332, 'In beatae doloremque sed.', 'Natus delectus et libero blanditiis odio doloribus. Quo facilis dolores molestiae aut labore harum amet voluptas. Quia eveniet autem provident molestias numquam.', 111, '2024-09-17 02:24:02', '2024-09-17 02:24:02'),
(333, 'Maiores veritatis sed saepe.', 'Ut totam quos odio. Est inventore aut quod ex totam nesciunt qui. Ut ipsa quam cumque aperiam.', 111, '2024-09-17 02:24:02', '2024-09-17 02:24:02'),
(334, 'Ratione quibusdam qui quis.', 'Porro ipsam sint error qui dolorem. Dolores voluptatum officiis at culpa commodi debitis. Porro labore mollitia iste quaerat omnis id.', 112, '2024-09-17 02:24:02', '2024-09-17 02:24:02'),
(335, 'Et dolor necessitatibus molestiae.', 'Quidem reprehenderit at facilis nihil vitae. Qui ut quibusdam qui autem enim doloribus laborum. Saepe in dignissimos necessitatibus voluptatem molestias odio praesentium.', 112, '2024-09-17 02:24:02', '2024-09-17 02:24:02'),
(336, 'Aut voluptatum labore est.', 'Voluptas molestiae exercitationem laborum et nemo quam. Cumque repudiandae nisi possimus doloremque et molestias enim. Eum delectus eos voluptatem.', 112, '2024-09-17 02:24:02', '2024-09-17 02:24:02'),
(337, 'Dolor ut rem tenetur dolor.', 'Repellat expedita ea labore est aut esse. Placeat tenetur consequatur amet sed culpa et vel. In sit et aliquid facere.', 113, '2024-09-17 02:24:02', '2024-09-17 02:24:02'),
(338, 'Porro sunt et.', 'Aliquid eos sit voluptas aspernatur ut qui nemo. Enim velit quibusdam exercitationem nihil incidunt quas. Dolorem harum voluptates dolores et ut aliquid minima.', 113, '2024-09-17 02:24:02', '2024-09-17 02:24:02'),
(339, 'Et porro porro.', 'Doloremque voluptas laudantium ipsa rerum natus. Vero et qui voluptatibus et dolorem. Sapiente ex id distinctio neque facilis tempore.', 113, '2024-09-17 02:24:02', '2024-09-17 02:24:02'),
(340, 'Mollitia cum enim.', 'Earum qui illo sint est. Quas dolores est numquam ipsum. Voluptatum rerum dolorem animi et debitis dolorem aut.', 114, '2024-09-17 02:24:02', '2024-09-17 02:24:02'),
(341, 'Corrupti rem quia.', 'Voluptas delectus at doloremque ut ut labore quia. At deleniti doloribus ad ab. Est velit culpa et qui est.', 114, '2024-09-17 02:24:02', '2024-09-17 02:24:02'),
(342, 'Perferendis voluptate officia non.', 'Natus sed error praesentium sed ea. Harum et et voluptate. Quas voluptatem enim voluptates nihil est.', 114, '2024-09-17 02:24:02', '2024-09-17 02:24:02'),
(343, 'Explicabo rerum dolorem.', 'Ullam consectetur sunt voluptatum ea quam quia minus. Dolorem excepturi repudiandae vel eos aut. Quaerat et quia aut.', 115, '2024-09-17 02:24:02', '2024-09-17 02:24:02'),
(344, 'Ut quaerat et et.', 'Expedita voluptas omnis sit nisi quo nostrum. Quidem inventore et quis ex blanditiis adipisci rerum cupiditate. Velit iusto corporis qui quia.', 115, '2024-09-17 02:24:02', '2024-09-17 02:24:02'),
(345, 'Officia eligendi id quas.', 'Rerum perspiciatis fugiat pariatur magnam. Quis est architecto voluptas error aut. Veniam magni minus id et in sit.', 115, '2024-09-17 02:24:02', '2024-09-17 02:24:02'),
(346, 'Quisquam omnis placeat aut.', 'Quasi ea in quis placeat sed qui. Ea mollitia vel expedita magnam. Error aut perferendis maxime libero beatae dolor.', 116, '2024-09-17 02:24:02', '2024-09-17 02:24:02'),
(347, 'Possimus commodi voluptatum.', 'Sunt nulla magni provident est laborum non dolores nihil. Ipsam et incidunt rerum ab eum a. Quibusdam enim odit et quaerat.', 116, '2024-09-17 02:24:02', '2024-09-17 02:24:02'),
(348, 'Voluptatem quod et.', 'Velit eum et atque ipsa eum neque. Quae aperiam cupiditate sunt omnis. Voluptatem eius consequatur molestiae alias et aut et.', 116, '2024-09-17 02:24:02', '2024-09-17 02:24:02'),
(349, 'Repudiandae quidem molestias.', 'Quo ut quo qui ab velit perferendis. Et eos molestiae blanditiis eius dignissimos. Similique hic aperiam et quia quibusdam velit.', 117, '2024-09-17 02:24:02', '2024-09-17 02:24:02'),
(350, 'Et dolores ipsa perferendis.', 'Quia illo architecto assumenda in ut mollitia. Eveniet sed rerum modi qui est magnam voluptas recusandae. Suscipit et omnis quidem accusantium nostrum quo officiis.', 117, '2024-09-17 02:24:02', '2024-09-17 02:24:02'),
(351, 'Facilis similique non molestiae.', 'Velit qui nam aut impedit earum soluta porro. Assumenda esse odit quas consequatur quo consequatur. Recusandae aut rerum est delectus molestias.', 117, '2024-09-17 02:24:02', '2024-09-17 02:24:02'),
(352, 'Consequatur mollitia reprehenderit.', 'Aut aut asperiores in non aliquam magni itaque. Vel modi minima illo inventore. Veniam autem nihil veritatis molestiae velit quas doloremque.', 118, '2024-09-17 02:24:02', '2024-09-17 02:24:02'),
(353, 'Qui aut qui sint.', 'Magnam qui occaecati facere molestiae quasi eius quae. Est et deleniti nam maiores. Aspernatur itaque sapiente atque sit.', 118, '2024-09-17 02:24:02', '2024-09-17 02:24:02'),
(354, 'Et dolorum provident neque.', 'Iusto animi inventore pariatur delectus. Nemo commodi nemo nihil doloribus quidem delectus aut. Blanditiis nesciunt ut non minima aperiam consectetur aut.', 118, '2024-09-17 02:24:02', '2024-09-17 02:24:02'),
(355, 'Fugiat mollitia sed quia.', 'Pariatur officia natus asperiores corrupti. At animi soluta molestiae quaerat harum animi. Blanditiis eos officiis dignissimos.', 119, '2024-09-17 02:24:02', '2024-09-17 02:24:02'),
(356, 'Eius earum eius ipsam a.', 'Ipsam voluptatibus et vel id quo iure. Dolor saepe ea asperiores quis. Blanditiis dolor vitae sapiente consequatur.', 119, '2024-09-17 02:24:02', '2024-09-17 02:24:02'),
(357, 'Voluptates quod non sed.', 'Consequatur et dignissimos ipsam. Voluptas adipisci aut et accusantium est omnis. Praesentium impedit odio placeat quis veritatis ut.', 119, '2024-09-17 02:24:02', '2024-09-17 02:24:02'),
(358, 'Possimus explicabo ea ab.', 'Qui aut quam aut cum cumque aperiam quibusdam quo. Cum qui harum possimus voluptas aut non. Deserunt aut praesentium dolor et molestiae.', 120, '2024-09-17 02:24:02', '2024-09-17 02:24:02'),
(359, 'Quas fugiat corporis.', 'Explicabo quam et qui aut sequi corporis id non. Molestiae quasi voluptatem molestiae impedit esse beatae. Expedita reiciendis non laborum dolorum eos.', 120, '2024-09-17 02:24:02', '2024-09-17 02:24:02'),
(360, 'Molestiae iusto eaque voluptatem.', 'Perferendis culpa nemo non est magnam. Cupiditate vitae dolorum consectetur similique aut repudiandae. Vero nihil soluta ullam velit.', 120, '2024-09-17 02:24:02', '2024-09-17 02:24:02'),
(361, 'Mollitia perspiciatis laudantium.', 'Dignissimos accusamus eius quia sint fugit ea soluta. Necessitatibus id est ea dicta. Fugit voluptas dolorum voluptatibus doloremque.', 121, '2024-09-17 02:24:02', '2024-09-17 02:24:02'),
(362, 'Officiis blanditiis aliquam.', 'Tempore molestias aliquam quia voluptas. Modi aut maxime eveniet. Velit atque provident repellat voluptatem est similique aut.', 121, '2024-09-17 02:24:02', '2024-09-17 02:24:02'),
(363, 'Officiis ex consectetur.', 'Alias a magni molestias. Rerum aut ad itaque praesentium enim non. Sint voluptate itaque quo ex voluptates tempore.', 121, '2024-09-17 02:24:02', '2024-09-17 02:24:02'),
(364, 'Unde adipisci aut et in.', 'Aut praesentium et tenetur autem eligendi. Voluptatem deserunt numquam qui vel voluptatibus est. Inventore excepturi voluptatem eum itaque aut.', 122, '2024-09-17 02:24:02', '2024-09-17 02:24:02'),
(365, 'Voluptatem fugiat iure.', 'Molestiae atque id tempora. Sunt in vitae cumque. Sunt qui ut molestias hic dolor et quia.', 122, '2024-09-17 02:24:02', '2024-09-17 02:24:02'),
(366, 'Deleniti nisi doloribus occaecati.', 'Nesciunt beatae perspiciatis et modi assumenda. Cupiditate quia nostrum harum at nesciunt. Debitis assumenda praesentium a rerum et necessitatibus.', 122, '2024-09-17 02:24:02', '2024-09-17 02:24:02'),
(367, 'Dolores iure explicabo.', 'Autem consequatur molestiae voluptatem aut et hic facilis. Harum aut rem libero enim quidem dolore enim. Et consequuntur ratione ullam enim placeat sit labore.', 123, '2024-09-17 02:24:02', '2024-09-17 02:24:02'),
(368, 'Deleniti similique sit.', 'At quis voluptatem asperiores esse saepe. Sed doloremque ut nesciunt aut non laudantium beatae. Non sed quis ipsum minima.', 123, '2024-09-17 02:24:02', '2024-09-17 02:24:02'),
(369, 'Velit cum et.', 'Impedit nisi perferendis quo aliquid excepturi officiis quo. Perspiciatis incidunt non officiis recusandae quos. Assumenda dolor ipsa ut et.', 123, '2024-09-17 02:24:02', '2024-09-17 02:24:02'),
(370, 'Dolores ut et illo ab.', 'Repudiandae iste exercitationem et molestias. Illum laboriosam maiores ratione dolor in veritatis accusantium. Aut temporibus voluptates voluptate impedit ab.', 124, '2024-09-17 02:24:02', '2024-09-17 02:24:02'),
(371, 'Omnis similique quaerat.', 'Temporibus quisquam accusantium sed quas tempore quia. Quidem cum distinctio minima ut. Expedita ut sed dolorum temporibus.', 124, '2024-09-17 02:24:02', '2024-09-17 02:24:02'),
(372, 'Omnis voluptatem error.', 'Vel aspernatur et eum. Eum soluta autem consequatur blanditiis omnis. Sed ullam mollitia possimus optio assumenda non aut.', 124, '2024-09-17 02:24:02', '2024-09-17 02:24:02'),
(373, 'Minima perferendis quis inventore.', 'Nihil omnis dolore nihil laudantium et tempore dolor eos. Sed veniam doloremque architecto sunt. Iure nam reprehenderit dolores reprehenderit quia ipsam.', 125, '2024-09-17 02:24:02', '2024-09-17 02:24:02'),
(374, 'Quaerat velit et et.', 'Accusamus aut saepe rem. Non a est voluptatibus. Magni consequuntur vel doloremque tenetur mollitia.', 125, '2024-09-17 02:24:02', '2024-09-17 02:24:02'),
(375, 'Recusandae non et quidem.', 'Numquam nulla est vero ea. Voluptas voluptatem sequi quia qui rem. Aliquam saepe vel amet harum qui ratione aut.', 125, '2024-09-17 02:24:02', '2024-09-17 02:24:02'),
(376, 'Est architecto quisquam repellat.', 'Cumque quia rerum minima. Ratione nam cupiditate possimus optio. Voluptas animi exercitationem veniam.', 126, '2024-09-17 02:24:02', '2024-09-17 02:24:02'),
(377, 'Omnis ut corporis.', 'Deserunt ullam mollitia quaerat consequuntur qui ea consequatur. Debitis asperiores autem deserunt non ab est sit. Id sed dolore excepturi soluta ea.', 126, '2024-09-17 02:24:02', '2024-09-17 02:24:02'),
(378, 'Vitae cumque accusantium placeat.', 'Quia ab odio ut odio eligendi velit amet. Illo enim dolores voluptatem magni. Labore voluptatem sint explicabo velit debitis.', 126, '2024-09-17 02:24:02', '2024-09-17 02:24:02'),
(379, 'Voluptatem impedit itaque.', 'Sed et est et consequatur. Nihil itaque enim quasi nisi ad. Quibusdam hic deserunt ea quod ut ea.', 127, '2024-09-17 02:24:02', '2024-09-17 02:24:02'),
(380, 'Fuga reprehenderit vitae enim odit.', 'Cupiditate nesciunt soluta in tenetur omnis voluptates qui id. Aut sequi sunt eos quia consequatur mollitia omnis. Et sed enim ab.', 127, '2024-09-17 02:24:02', '2024-09-17 02:24:02'),
(381, 'A tempore deleniti.', 'Inventore omnis tempora adipisci est saepe eos. Pariatur ut aut deleniti eligendi. Similique placeat repellendus aspernatur sed laboriosam aut mollitia.', 127, '2024-09-17 02:24:02', '2024-09-17 02:24:02'),
(382, 'Consequatur aut facilis aut.', 'Qui nisi laboriosam veniam impedit et aut. Necessitatibus sapiente adipisci recusandae quis laborum quo. Dolorem vitae unde ipsum rerum porro.', 128, '2024-09-17 02:24:02', '2024-09-17 02:24:02'),
(383, 'Minima dolorem facere.', 'Cupiditate excepturi iusto eos libero. Saepe ad et commodi vel voluptatem dicta. Accusamus animi ducimus et dolore soluta.', 128, '2024-09-17 02:24:02', '2024-09-17 02:24:02'),
(384, 'Velit rerum sequi eos.', 'In voluptatem quibusdam minus quisquam sed est id. Similique dignissimos non id rerum. Amet ex tempore amet enim illum.', 128, '2024-09-17 02:24:02', '2024-09-17 02:24:02'),
(385, 'Doloribus id ipsum.', 'Id minima qui deleniti excepturi. Nihil nesciunt ad dolor numquam. Enim in nobis placeat quasi doloribus voluptatem.', 129, '2024-09-17 02:24:02', '2024-09-17 02:24:02'),
(386, 'Rerum distinctio expedita ipsam.', 'Nostrum odit sint impedit ratione a esse quae. Accusantium deleniti ea aut eaque ullam molestiae. Voluptate aut ad voluptates aut cupiditate quod vitae nobis.', 129, '2024-09-17 02:24:02', '2024-09-17 02:24:02'),
(387, 'Vero vero.', 'Aliquam voluptatem adipisci officia saepe in esse. Voluptas illo non quibusdam vitae. Ea error corrupti et quam non quisquam enim.', 129, '2024-09-17 02:24:02', '2024-09-17 02:24:02'),
(388, 'Odit rerum nulla eaque.', 'Voluptates non aliquid et exercitationem beatae. Nihil enim omnis enim iusto. Quisquam fugit magnam iure ullam ipsum itaque reprehenderit.', 130, '2024-09-17 02:24:02', '2024-09-17 02:24:02'),
(389, 'Enim nulla ipsum est et.', 'Dolore ut ratione atque. Eveniet et optio maxime ab. Nulla delectus qui expedita laborum ducimus reiciendis.', 130, '2024-09-17 02:24:02', '2024-09-17 02:24:02'),
(390, 'Sed consequatur voluptatibus.', 'Incidunt consequuntur laboriosam aut tempora et quam. Et illo est tempore ad ut earum dolores. Odio quaerat exercitationem ipsa dolorum quas quam quo.', 130, '2024-09-17 02:24:02', '2024-09-17 02:24:02'),
(391, 'Mollitia non expedita exercitationem.', 'Modi laudantium nihil delectus minus voluptatem occaecati consequatur. Rem temporibus iusto nesciunt doloribus numquam. Impedit ut optio ratione autem voluptatem rem neque.', 131, '2024-09-17 02:24:02', '2024-09-17 02:24:02'),
(392, 'Minus animi tempora molestiae.', 'Quia inventore et possimus quis voluptatem. Laboriosam voluptates architecto ea officia eaque rerum asperiores. Aut nobis a quod quasi.', 131, '2024-09-17 02:24:02', '2024-09-17 02:24:02'),
(393, 'Dolor beatae et reiciendis.', 'Consequatur distinctio autem eum facilis debitis quod. Culpa quia corporis laborum id dolorem. Tempora minima ipsam eius illo.', 131, '2024-09-17 02:24:02', '2024-09-17 02:24:02'),
(394, 'Molestias impedit non.', 'Sed quisquam voluptatum exercitationem non quia error. Modi reprehenderit omnis quia nihil debitis. Nihil reprehenderit saepe quaerat cum.', 132, '2024-09-17 02:24:02', '2024-09-17 02:24:02'),
(395, 'Ab vel neque perferendis beatae.', 'Velit quae est saepe distinctio nesciunt nihil. Non iure adipisci beatae eum ut hic omnis. Eum molestiae impedit aperiam doloremque voluptatem sit.', 132, '2024-09-17 02:24:02', '2024-09-17 02:24:02'),
(396, 'Quas aut fuga corrupti.', 'Eum omnis unde quaerat quasi. Vel reiciendis ut quos quae ut quidem. Iusto sunt quia beatae doloribus.', 132, '2024-09-17 02:24:02', '2024-09-17 02:24:02'),
(397, 'Veniam expedita amet.', 'Omnis suscipit hic in ut unde autem. Quia delectus est non quis magni aut. Harum temporibus ipsum rem sed aut est nisi dolorem.', 133, '2024-09-17 02:24:02', '2024-09-17 02:24:02'),
(398, 'Rerum aliquid libero sit.', 'Pariatur cupiditate dolore repellat iste sit porro et quo. Quo excepturi recusandae ex illum et ut. Placeat porro qui facilis ad voluptas.', 133, '2024-09-17 02:24:02', '2024-09-17 02:24:02'),
(399, 'In ea.', 'Enim similique accusamus consectetur. Assumenda vitae nemo laboriosam voluptas. Qui sequi animi doloribus nulla temporibus rerum ratione.', 133, '2024-09-17 02:24:02', '2024-09-17 02:24:02'),
(400, 'Rerum sed facilis.', 'Voluptate dolores eos quidem nihil. Voluptate mollitia necessitatibus eaque. Ea laborum qui dolorem et.', 134, '2024-09-17 02:24:02', '2024-09-17 02:24:02'),
(401, 'Velit soluta et est.', 'Laudantium et sit excepturi non amet. Quisquam aut rerum accusamus aliquam error. Dolore ut qui sed expedita voluptas necessitatibus.', 134, '2024-09-17 02:24:02', '2024-09-17 02:24:02'),
(402, 'Sit minima tempora.', 'Ratione culpa consequuntur facilis saepe eaque et. Temporibus accusantium possimus dolore. Eum possimus quibusdam rerum non veritatis quod.', 134, '2024-09-17 02:24:02', '2024-09-17 02:24:02'),
(403, 'Inventore laborum corrupti eum.', 'Ut aut et amet aspernatur laudantium officiis. Aperiam quam sunt minima voluptates. Aliquid minima aperiam et quam.', 135, '2024-09-17 02:24:02', '2024-09-17 02:24:02'),
(404, 'Praesentium eum rerum.', 'Voluptate nesciunt nihil aut modi est dicta et. In qui perspiciatis magni repellat. Unde nesciunt illum impedit fugit omnis voluptas sed.', 135, '2024-09-17 02:24:02', '2024-09-17 02:24:02'),
(405, 'Eos temporibus.', 'Voluptatum numquam provident enim explicabo sapiente impedit eius veniam. Soluta ea nostrum veniam eos. Voluptas et quidem rerum.', 135, '2024-09-17 02:24:02', '2024-09-17 02:24:02'),
(406, 'Odit dolorum.', 'Quam fugiat adipisci dignissimos cum et velit ut velit. Ipsam quaerat libero sit dolores delectus dicta iure. Voluptatum qui laudantium laborum natus beatae nulla ipsa.', 136, '2024-09-17 02:24:02', '2024-09-17 02:24:02'),
(407, 'Unde officia aut delectus ea.', 'Beatae nihil vel esse corrupti dignissimos omnis. Aliquam voluptatem omnis aut consequuntur nihil corrupti ipsa dolorum. Nostrum consequatur unde quos accusamus expedita quia doloribus.', 136, '2024-09-17 02:24:02', '2024-09-17 02:24:02'),
(408, 'Quia repellat enim.', 'Reiciendis repudiandae et et consequatur pariatur. Et rerum laudantium libero sapiente. Quae non enim sed fugit.', 136, '2024-09-17 02:24:02', '2024-09-17 02:24:02'),
(409, 'Voluptate qui debitis ducimus.', 'Libero necessitatibus officia sed et nobis. Itaque perferendis dolorum ipsum fugiat qui rerum et. Consequatur animi aliquid in fugiat.', 137, '2024-09-17 02:24:02', '2024-09-17 02:24:02'),
(410, 'Totam omnis animi rerum dicta.', 'Fugiat vero atque deleniti vel velit. Sed ullam fuga facilis architecto odio fuga ut. Illo aperiam dolor beatae.', 137, '2024-09-17 02:24:02', '2024-09-17 02:24:02'),
(411, 'In est excepturi.', 'Recusandae et ea qui quis saepe minima aut. Alias neque culpa culpa adipisci porro doloribus deleniti. Dolores qui accusamus a repellendus ut.', 137, '2024-09-17 02:24:02', '2024-09-17 02:24:02'),
(412, 'Maiores omnis ab debitis.', 'Omnis pariatur optio doloremque omnis non modi voluptas. Facilis non sint alias eligendi ab dolor et. Occaecati iure qui sit cupiditate ut eligendi et.', 138, '2024-09-17 02:24:02', '2024-09-17 02:24:02'),
(413, 'Suscipit quam nesciunt.', 'Rerum accusamus est repudiandae voluptatem. Fugiat amet rerum dolorem ab odio consectetur eos. Deserunt qui provident qui id culpa sequi.', 138, '2024-09-17 02:24:02', '2024-09-17 02:24:02'),
(414, 'Qui sed culpa.', 'Eius repellat est quisquam consequatur officiis nam et. Quos voluptatibus excepturi magnam enim et. Odio sunt adipisci enim atque quia enim excepturi.', 138, '2024-09-17 02:24:02', '2024-09-17 02:24:02'),
(415, 'Provident aperiam ea.', 'Iste voluptas magnam at excepturi. Qui quo recusandae non aut culpa eligendi maxime. Sit ut in repudiandae esse.', 139, '2024-09-17 02:24:02', '2024-09-17 02:24:02'),
(416, 'Alias in neque.', 'Et exercitationem neque qui fugiat iure earum id. Excepturi ut ea et totam quo labore soluta. Maxime libero omnis ea maxime.', 139, '2024-09-17 02:24:02', '2024-09-17 02:24:02'),
(417, 'Velit praesentium numquam.', 'Quam necessitatibus praesentium animi et. Quidem quisquam quam eum vel saepe cupiditate. Officia quia qui dicta eum.', 139, '2024-09-17 02:24:02', '2024-09-17 02:24:02'),
(418, 'Excepturi deleniti quisquam.', 'Qui atque est illum quas eaque maiores. Non sunt deleniti error porro nulla. Hic hic qui aut nobis qui.', 140, '2024-09-17 02:24:02', '2024-09-17 02:24:02'),
(419, 'Reprehenderit inventore fugit.', 'Rem culpa perferendis rerum expedita iure. Molestiae porro eius fugit omnis iure laborum iste. Nesciunt et est illum sit.', 140, '2024-09-17 02:24:02', '2024-09-17 02:24:02'),
(420, 'Cum quis illo officiis.', 'Natus aliquid deleniti possimus totam veniam. Dignissimos iure voluptatum dolorem et voluptatem. Qui cupiditate itaque consequatur.', 140, '2024-09-17 02:24:02', '2024-09-17 02:24:02'),
(421, 'Maiores fugiat qui.', 'Et rerum et nemo sequi reiciendis nam consequatur. Ratione necessitatibus molestias ex expedita doloremque et molestiae. Beatae consequatur voluptatem ratione.', 141, '2024-09-17 02:24:02', '2024-09-17 02:24:02'),
(422, 'Non velit itaque labore.', 'Voluptatibus cum ad officia quasi perferendis explicabo tempora molestiae. Repudiandae necessitatibus sed facilis explicabo consequuntur sint. Nobis ratione placeat quae autem omnis doloremque.', 141, '2024-09-17 02:24:02', '2024-09-17 02:24:02'),
(423, 'Iusto nostrum.', 'Occaecati assumenda aperiam et repudiandae iusto. Debitis maxime molestias et. Commodi rerum iure maiores vero nesciunt vitae reiciendis itaque.', 141, '2024-09-17 02:24:02', '2024-09-17 02:24:02'),
(424, 'Debitis reprehenderit ab hic.', 'Ipsa eos qui rerum est earum sed. Nihil maxime non autem voluptatibus totam minus. Neque ea dicta rerum non repellendus illo neque voluptatum.', 142, '2024-09-17 02:24:02', '2024-09-17 02:24:02'),
(425, 'Labore veniam ut et.', 'Et placeat vero quisquam quasi asperiores expedita maiores. Labore consequatur veritatis est. Asperiores et aut dolore est est autem voluptate libero.', 142, '2024-09-17 02:24:02', '2024-09-17 02:24:02'),
(426, 'Animi facere dolorem.', 'Adipisci labore enim et illo aliquam quia accusantium. Sit molestias voluptatem voluptatem necessitatibus dolorem est. Beatae soluta vitae sequi voluptate qui sunt quo.', 142, '2024-09-17 02:24:02', '2024-09-17 02:24:02'),
(427, 'Commodi alias odio quisquam.', 'Quam veniam consequatur et hic. Laboriosam dolor eligendi iusto fugit eos. Reprehenderit quis molestiae quisquam impedit.', 143, '2024-09-17 02:24:02', '2024-09-17 02:24:02'),
(428, 'Ullam molestiae non sequi.', 'Ab sed qui perferendis quisquam animi ea. Id consequatur quia dignissimos in. Iusto quidem eligendi provident autem.', 143, '2024-09-17 02:24:02', '2024-09-17 02:24:02'),
(429, 'Laudantium optio.', 'Magni numquam quos ut nulla voluptate ut recusandae in. Harum est beatae dolore. Consequatur aliquid illo assumenda voluptatibus quasi enim eum.', 143, '2024-09-17 02:24:02', '2024-09-17 02:24:02'),
(430, 'Dolor rerum recusandae est.', 'Recusandae necessitatibus ullam ut neque placeat nemo. Soluta ducimus consequatur veniam voluptas rem omnis consequatur voluptatem. Distinctio atque nihil in asperiores.', 144, '2024-09-17 02:24:02', '2024-09-17 02:24:02'),
(431, 'Necessitatibus et qui velit.', 'Voluptatum dignissimos placeat doloremque nihil. Laudantium deleniti quibusdam aut dicta cumque. Amet est beatae ut cum ab.', 144, '2024-09-17 02:24:02', '2024-09-17 02:24:02'),
(432, 'Consequatur labore culpa vero.', 'Ratione recusandae harum quasi. Odit voluptatem perferendis quia eaque illum quo rerum. Ut quod et quia.', 144, '2024-09-17 02:24:02', '2024-09-17 02:24:02'),
(433, 'Recusandae reprehenderit aspernatur.', 'Aliquam natus assumenda mollitia iste et. Esse deleniti enim dolor repudiandae in. Voluptatum officiis voluptatum aut amet praesentium eum cumque dolores.', 145, '2024-09-17 02:24:02', '2024-09-17 02:24:02'),
(434, 'Rerum et ut.', 'Nobis et repellendus aut eius. Non voluptas suscipit doloremque officia rerum delectus similique. Quaerat ipsa non id.', 145, '2024-09-17 02:24:02', '2024-09-17 02:24:02'),
(435, 'Natus aliquid perspiciatis.', 'Ad ipsa voluptates libero quia autem qui optio commodi. Ducimus facilis et sed voluptatem ut rerum. Laborum et deserunt voluptates eligendi molestiae magnam consequatur beatae.', 145, '2024-09-17 02:24:02', '2024-09-17 02:24:02'),
(436, 'Voluptatibus in et modi.', 'Illum laboriosam autem mollitia dignissimos voluptatem animi. Ut asperiores labore itaque et error quos ab quasi. Et non fugiat qui debitis animi architecto animi.', 146, '2024-09-17 02:24:02', '2024-09-17 02:24:02'),
(437, 'Ut unde qui.', 'Rerum corrupti iusto impedit deserunt voluptates. Sint harum quasi aspernatur aliquam et. Neque occaecati perspiciatis neque nam animi.', 146, '2024-09-17 02:24:02', '2024-09-17 02:24:02'),
(438, 'Porro similique rerum culpa non.', 'Voluptate consequatur aut similique cum. Et quia aut autem numquam voluptates maiores. Tempora minus sed aut odio.', 146, '2024-09-17 02:24:02', '2024-09-17 02:24:02'),
(439, 'Placeat nihil facilis.', 'Est itaque veniam nesciunt. Quasi id cumque sed sequi est. Amet aut eius aperiam officia molestias.', 147, '2024-09-17 02:24:02', '2024-09-17 02:24:02'),
(440, 'Magni error aut.', 'Maxime in necessitatibus provident aliquid recusandae. Unde aut velit provident asperiores laboriosam dolore rerum. Nihil et nihil id.', 147, '2024-09-17 02:24:02', '2024-09-17 02:24:02'),
(441, 'Amet nam molestias.', 'Voluptas porro recusandae molestiae libero animi id dicta. Ut minima et a nam hic. Laudantium nostrum cupiditate maxime saepe beatae in rerum ducimus.', 147, '2024-09-17 02:24:02', '2024-09-17 02:24:02'),
(442, 'Explicabo eaque et.', 'Voluptate consectetur magnam reiciendis consequatur. Ut in adipisci tempora autem rerum quis. Debitis ut est eos ipsa ipsam quia.', 148, '2024-09-17 02:24:02', '2024-09-17 02:24:02'),
(443, 'Sint omnis cupiditate.', 'Nam et ut perspiciatis. Doloremque facilis atque atque et et enim ad nostrum. Dolor ab similique iure voluptatem aperiam.', 148, '2024-09-17 02:24:02', '2024-09-17 02:24:02'),
(444, 'Tenetur enim voluptatem.', 'Sequi omnis amet ab. Qui et voluptates sint vel consequatur rem. Omnis nemo nulla a est est.', 148, '2024-09-17 02:24:02', '2024-09-17 02:24:02'),
(445, 'Ullam sit sint.', 'Pariatur a voluptates et odit. Neque animi est non officiis aperiam corporis ut error. Doloremque quo nisi vitae consequuntur nobis facere omnis.', 149, '2024-09-17 02:24:02', '2024-09-17 02:24:02'),
(446, 'Ratione praesentium molestias occaecati.', 'Debitis dolorem animi veritatis inventore vero aut. Explicabo sit adipisci et impedit. Quia debitis quam aut quo beatae sint excepturi.', 149, '2024-09-17 02:24:02', '2024-09-17 02:24:02'),
(447, 'Id accusantium maxime.', 'Commodi et blanditiis omnis. Omnis tenetur sapiente veniam dolor. Sed quos quam amet deserunt ut accusamus hic.', 149, '2024-09-17 02:24:02', '2024-09-17 02:24:02'),
(448, 'Sapiente impedit voluptates.', 'Dolorum repudiandae consequatur ducimus quas iure adipisci eaque magni. Numquam cumque est commodi. Earum ea aut adipisci necessitatibus aut.', 150, '2024-09-17 02:24:02', '2024-09-17 02:24:02'),
(449, 'Maiores sed blanditiis dolore.', 'Veniam omnis doloribus quo blanditiis rem voluptas. Non nesciunt ea sed eum voluptas. Corporis dolor iusto aut aut vel.', 150, '2024-09-17 02:24:02', '2024-09-17 02:24:02'),
(450, 'Accusamus dolorem cum quo.', 'Ea aut cumque dignissimos tenetur est. Assumenda consequuntur qui iure. Sit voluptas facere laudantium non.', 150, '2024-09-17 02:24:02', '2024-09-17 02:24:02'),
(451, 'Fugit fugit quibusdam.', 'Beatae dolor ut aut commodi iure itaque hic. Vero et sit perferendis minima. Eius distinctio totam aliquid velit delectus.', 151, '2024-09-17 02:24:02', '2024-09-17 02:24:02'),
(452, 'Maxime veniam quisquam.', 'Minima accusamus molestiae quos eveniet vitae doloremque impedit. Neque autem nihil molestiae qui nesciunt laborum. Dicta tenetur eaque adipisci voluptatem itaque sed.', 151, '2024-09-17 02:24:02', '2024-09-17 02:24:02');
INSERT INTO `comments` (`id`, `subject`, `body`, `film_id`, `created_at`, `updated_at`) VALUES
(453, 'Repellat autem vel velit.', 'Amet laboriosam ipsa ullam voluptate dolor. Maiores tempora illum et nobis voluptatem ad. Consequatur esse natus aut.', 151, '2024-09-17 02:24:02', '2024-09-17 02:24:02'),
(454, 'Iste magni dolore quam.', 'Laboriosam architecto vel nihil magnam sunt reprehenderit molestias. Est recusandae aut natus in ab pariatur. Id sint vel impedit quis et dolorum est.', 152, '2024-09-17 02:24:02', '2024-09-17 02:24:02'),
(455, 'Alias voluptates ipsum iste.', 'Ut molestias quidem facilis nihil nam. Quo odit numquam incidunt excepturi fugiat fuga quia. Id qui aliquam quo.', 152, '2024-09-17 02:24:02', '2024-09-17 02:24:02'),
(456, 'Blanditiis debitis.', 'Autem est consectetur sed itaque eos consectetur ut minus. Deserunt officiis quis non perferendis. Aut consequatur animi sunt quae.', 152, '2024-09-17 02:24:02', '2024-09-17 02:24:02'),
(457, 'Non ducimus enim.', 'Nam sapiente quidem non esse voluptatem. Dolor non ut et rerum facilis et sed. Ullam aut nesciunt delectus fugiat magnam similique.', 153, '2024-09-17 02:24:02', '2024-09-17 02:24:02'),
(458, 'Adipisci ut sed eos.', 'Aut aliquid suscipit dicta porro. Accusamus recusandae quibusdam accusamus et veritatis. Ut et aspernatur nam aperiam et harum ut.', 153, '2024-09-17 02:24:02', '2024-09-17 02:24:02'),
(459, 'Temporibus fugiat corporis architecto.', 'Voluptatibus vero sed placeat. Et tempora eum et et. Architecto rerum alias et iusto repellat laboriosam ducimus.', 153, '2024-09-17 02:24:02', '2024-09-17 02:24:02'),
(460, 'Doloribus tempore beatae consequatur impedit.', 'Reprehenderit porro incidunt soluta incidunt ea quia. Recusandae molestiae quidem rerum ut. Animi laudantium cupiditate aspernatur id.', 154, '2024-09-17 02:24:02', '2024-09-17 02:24:02'),
(461, 'Ut quos consequatur.', 'Quos harum dolorem ut inventore inventore et odit est. Harum voluptate voluptatibus voluptatem recusandae unde ipsa. Cum et aut labore.', 154, '2024-09-17 02:24:02', '2024-09-17 02:24:02'),
(462, 'Enim aspernatur dolorem.', 'Error et sunt est quam amet excepturi autem. Suscipit dicta esse ut dolorem. Quos quia accusantium nemo quidem explicabo nostrum.', 154, '2024-09-17 02:24:02', '2024-09-17 02:24:02'),
(463, 'Ut eum.', 'Perspiciatis sed expedita itaque. Et et ut odit repellendus cum consequatur cupiditate. Sit consequatur repudiandae assumenda eaque repellat cum ut.', 155, '2024-09-17 02:24:02', '2024-09-17 02:24:02'),
(464, 'Aperiam nobis dolorem.', 'Explicabo cumque porro voluptatum harum. Fugit consequuntur sed vel enim exercitationem blanditiis. Quo qui sequi sapiente voluptatum voluptas veniam illum delectus.', 155, '2024-09-17 02:24:02', '2024-09-17 02:24:02'),
(465, 'Rem assumenda rerum vitae.', 'Quo ipsa quas earum in. Ducimus quia et molestias nulla ducimus. Repellat cupiditate qui adipisci quod id ea modi.', 155, '2024-09-17 02:24:02', '2024-09-17 02:24:02'),
(466, 'Dolore aut velit.', 'Quidem nostrum nisi ea dolorum. Aliquid natus qui aut aut. Quia aperiam velit autem facilis ipsa odio.', 156, '2024-09-17 02:24:02', '2024-09-17 02:24:02'),
(467, 'Porro doloribus porro.', 'Et itaque omnis et aliquid amet. Et voluptatem ut illo odit ab. Aspernatur qui quasi corrupti autem et nisi.', 156, '2024-09-17 02:24:02', '2024-09-17 02:24:02'),
(468, 'Et quia rerum.', 'Distinctio quasi voluptatem eveniet explicabo. Et molestiae laborum nihil modi et tempore. Alias quia est quia itaque rem ea.', 156, '2024-09-17 02:24:02', '2024-09-17 02:24:02'),
(469, 'Molestias dolor alias.', 'Dolores maiores fugit vero iste itaque. Ea non nam exercitationem ipsum et ullam. Similique omnis sit vitae laudantium ratione.', 157, '2024-09-17 02:24:02', '2024-09-17 02:24:02'),
(470, 'Voluptatem ut voluptatum.', 'Expedita ut vel minus sed sed in modi. Sit aspernatur quae aut adipisci totam sint. Doloribus consequatur consequatur et magnam et non.', 157, '2024-09-17 02:24:02', '2024-09-17 02:24:02'),
(471, 'Vero nemo hic.', 'Sit eos laudantium et nostrum. Autem voluptatem eveniet doloremque fugiat. Molestiae voluptates fuga culpa repellat nemo magnam architecto.', 157, '2024-09-17 02:24:02', '2024-09-17 02:24:02'),
(472, 'Quidem ea quis.', 'Sint velit porro autem hic. Sit sequi qui hic perferendis nemo suscipit quo. Voluptatum corrupti sit nulla temporibus ut vero.', 158, '2024-09-17 02:24:02', '2024-09-17 02:24:02'),
(473, 'In perspiciatis dolor rerum.', 'Ea odit necessitatibus et autem tenetur illum. Ab autem maxime asperiores quas commodi. Deserunt minus non rerum provident id architecto consectetur.', 158, '2024-09-17 02:24:02', '2024-09-17 02:24:02'),
(474, 'Magnam exercitationem.', 'Maiores fugiat quia sint aspernatur itaque cum. Et voluptatibus aut illo delectus sit aliquid ut assumenda. Doloremque voluptas possimus similique aliquam cum.', 158, '2024-09-17 02:24:02', '2024-09-17 02:24:02'),
(475, 'Esse cumque est.', 'Quisquam numquam modi minus assumenda sed velit. Fuga quo amet qui debitis. Laborum temporibus vel sed ea omnis.', 159, '2024-09-17 02:24:02', '2024-09-17 02:24:02'),
(476, 'Consequatur et sunt id.', 'Dolorum eos consequuntur voluptatum autem deleniti corporis. Numquam id modi commodi libero. Voluptatibus sint corrupti ad incidunt.', 159, '2024-09-17 02:24:02', '2024-09-17 02:24:02'),
(477, 'Ut id ea labore.', 'Ex et repudiandae repudiandae ut ut ut dolores. Quisquam quo exercitationem officia autem quis enim. Aut mollitia iusto cum dolorem qui aliquam ut.', 159, '2024-09-17 02:24:02', '2024-09-17 02:24:02'),
(478, 'Natus in quos.', 'Ea velit recusandae natus iste officia a deleniti dolorum. Omnis et consectetur est omnis vel. Nihil quo provident dignissimos delectus expedita.', 160, '2024-09-17 02:24:02', '2024-09-17 02:24:02'),
(479, 'Magnam et ipsum.', 'Dolorum ratione doloremque sunt. Ut quas voluptatem aut est et architecto velit. Quod nemo quae nisi veniam voluptatem.', 160, '2024-09-17 02:24:02', '2024-09-17 02:24:02'),
(480, 'Quod neque accusamus et.', 'Nostrum veniam eveniet nostrum. Repellendus amet enim eius voluptatem velit exercitationem est. Natus quia mollitia eos ipsam qui.', 160, '2024-09-17 02:24:02', '2024-09-17 02:24:02'),
(481, 'Deleniti voluptas sed eius perspiciatis.', 'Voluptatem sint vitae illo pariatur quasi totam. Provident atque doloremque molestias esse ut qui. Dolorum non consequatur laudantium eaque repellat.', 161, '2024-09-17 02:24:02', '2024-09-17 02:24:02'),
(482, 'Praesentium aut.', 'Officia quos odit vitae sint ut excepturi. Rerum minus modi et odio illum quia. Molestias dignissimos atque iure beatae dolorem.', 161, '2024-09-17 02:24:02', '2024-09-17 02:24:02'),
(483, 'Et officia aut.', 'Similique dolor possimus neque alias saepe. Doloremque culpa non ducimus aliquam veritatis. Voluptatem qui autem cum sed et quaerat iste.', 161, '2024-09-17 02:24:02', '2024-09-17 02:24:02'),
(484, 'Unde enim exercitationem.', 'Beatae quam voluptates dolorum a. Vitae qui quidem temporibus officiis sit tempora. Similique facilis aut deserunt repudiandae minus.', 162, '2024-09-17 02:24:02', '2024-09-17 02:24:02'),
(485, 'Molestiae hic explicabo quos.', 'Cumque iure consequuntur placeat ea commodi cum. Consequatur ea molestias eos fuga placeat autem. Quis vel eum enim qui quas dignissimos.', 162, '2024-09-17 02:24:02', '2024-09-17 02:24:02'),
(486, 'Aspernatur ratione consequatur.', 'Dolorem error doloribus dolorum labore eaque magnam. Tenetur voluptas ad illum sint magni et alias. Vel nemo similique accusantium aliquam quas et.', 162, '2024-09-17 02:24:02', '2024-09-17 02:24:02'),
(487, 'Qui facilis.', 'Omnis eveniet sint tempora perferendis impedit eveniet quis. Sint nulla sint minima. Cupiditate ad aspernatur voluptatem qui.', 163, '2024-09-17 02:24:02', '2024-09-17 02:24:02'),
(488, 'Ab amet quod asperiores.', 'Et voluptatibus sunt cupiditate ea enim. Excepturi dolorem cupiditate eos doloribus voluptas ducimus quas quos. Minima asperiores nisi id molestiae blanditiis veniam id neque.', 163, '2024-09-17 02:24:02', '2024-09-17 02:24:02'),
(489, 'Ab eaque.', 'Temporibus maiores et rem quia non quod. Eum sit illum est sed quam. Voluptas dolor alias iste sit ut expedita ex.', 163, '2024-09-17 02:24:02', '2024-09-17 02:24:02'),
(490, 'Cupiditate eius consequatur.', 'Repellat quis placeat quae natus quam recusandae et. Recusandae et est id est delectus sunt rem. Et sit veritatis velit sunt quo quod.', 164, '2024-09-17 02:24:02', '2024-09-17 02:24:02'),
(491, 'Vitae iure numquam perferendis.', 'Aut minima commodi sed aut tempora odio eum. Unde autem eum autem eum cupiditate. Saepe necessitatibus dolor necessitatibus cumque pariatur veniam.', 164, '2024-09-17 02:24:02', '2024-09-17 02:24:02'),
(492, 'Earum doloremque.', 'Ipsa ullam id illum eum saepe. Omnis harum est labore. Veniam quia sunt perferendis illo voluptatem eum.', 164, '2024-09-17 02:24:02', '2024-09-17 02:24:02'),
(493, 'Dolores pariatur error sunt.', 'Voluptatem quia recusandae inventore consectetur. Dolore quae dolore ut suscipit assumenda. Alias porro itaque rerum.', 165, '2024-09-17 02:24:02', '2024-09-17 02:24:02'),
(494, 'Minima voluptate nihil.', 'Quidem aut nulla dolores id. Repellendus voluptas quia sed ea. Voluptas quo reprehenderit repellat harum esse.', 165, '2024-09-17 02:24:02', '2024-09-17 02:24:02'),
(495, 'Maiores assumenda id harum.', 'Aut aut sed error est sit aliquam. Voluptatibus velit mollitia aut minus ex cupiditate rerum enim. Quae sapiente at doloremque quia tempora mollitia est.', 165, '2024-09-17 02:24:02', '2024-09-17 02:24:02'),
(496, 'Modi dicta accusamus vero.', 'Dolor porro ut tempore iusto enim ullam suscipit. Quo exercitationem quos error eveniet similique. Est perferendis eius eius delectus dolor rerum dolor.', 166, '2024-09-17 02:24:02', '2024-09-17 02:24:02'),
(497, 'Mollitia blanditiis numquam nostrum eum.', 'Asperiores et eaque eveniet quae sed et. Et qui sit molestias sit et. Itaque magni cumque necessitatibus natus quos cumque quo.', 166, '2024-09-17 02:24:02', '2024-09-17 02:24:02'),
(498, 'Unde quos tempora.', 'Expedita et commodi totam ratione. Quos quia repellat assumenda maxime omnis. Cumque in quia aliquam quia commodi.', 166, '2024-09-17 02:24:02', '2024-09-17 02:24:02'),
(499, 'Qui ut deserunt sit.', 'Omnis quia ut neque inventore aspernatur. Tenetur tenetur modi velit neque tenetur quis. Possimus eos soluta voluptas id quasi omnis.', 167, '2024-09-17 02:24:02', '2024-09-17 02:24:02'),
(500, 'Qui optio adipisci.', 'Laudantium qui sed ut quis. Qui consequatur molestias occaecati. Labore ut enim consectetur doloremque eos qui.', 167, '2024-09-17 02:24:02', '2024-09-17 02:24:02'),
(501, 'Porro et quia.', 'Corrupti vitae iure aut voluptas aliquam. Rerum dignissimos quia ex. Rerum eaque dolorem recusandae incidunt.', 167, '2024-09-17 02:24:02', '2024-09-17 02:24:02'),
(502, 'Voluptatem dolore aut.', 'Et velit ipsam sit cumque tempora itaque adipisci. Unde eveniet illum ea. Quaerat qui qui voluptatem.', 168, '2024-09-17 02:24:02', '2024-09-17 02:24:02'),
(503, 'Occaecati sit inventore.', 'Ex dolorum qui aut debitis. Tempora placeat delectus quasi quod. Sunt et ea unde aut facilis.', 168, '2024-09-17 02:24:02', '2024-09-17 02:24:02'),
(504, 'Sit aliquam tempore dolor.', 'Sed dolorum ut est et eius doloribus. Aperiam ut odit repudiandae et ea distinctio repellat suscipit. Quidem enim quia et laudantium sint.', 168, '2024-09-17 02:24:02', '2024-09-17 02:24:02'),
(505, 'Facere enim.', 'Labore voluptatibus modi aperiam et nulla quos ipsa accusamus. Officiis voluptatem enim tenetur quis reiciendis quae. Vero aspernatur saepe sed aut.', 169, '2024-09-17 02:24:02', '2024-09-17 02:24:02'),
(506, 'Id aut.', 'Autem delectus eligendi et repellendus. Necessitatibus quisquam nihil esse voluptas dolore non. Inventore laboriosam blanditiis adipisci quidem atque exercitationem et.', 169, '2024-09-17 02:24:02', '2024-09-17 02:24:02'),
(507, 'Ab repudiandae possimus voluptatem.', 'Vel quos et illum voluptates labore maiores consequatur. Autem qui numquam enim nisi. Excepturi eum aspernatur voluptas impedit maiores.', 169, '2024-09-17 02:24:02', '2024-09-17 02:24:02'),
(508, 'Minima neque consequatur aut.', 'Facere id sit omnis et qui voluptatem tenetur ea. Pariatur dolore accusamus recusandae eos qui. Voluptas nostrum ipsam nostrum.', 170, '2024-09-17 02:24:02', '2024-09-17 02:24:02'),
(509, 'Minus perspiciatis perferendis quia.', 'Officia veniam ut sint aut et. Dolorem laborum delectus voluptas debitis quisquam minima ipsam nulla. Repellat blanditiis eaque minima incidunt.', 170, '2024-09-17 02:24:02', '2024-09-17 02:24:02'),
(510, 'Cumque quo aut.', 'Aut sint est accusantium tempore qui distinctio fugiat. Accusamus laudantium provident autem quod adipisci laborum. Neque adipisci et ipsum velit vero aut.', 170, '2024-09-17 02:24:02', '2024-09-17 02:24:02'),
(511, 'Dicta veritatis sint.', 'Repudiandae laborum quo vel nisi quos repellendus. Officia exercitationem sint eaque repellendus. Et nihil ea omnis optio voluptatem molestiae.', 171, '2024-09-17 02:24:02', '2024-09-17 02:24:02'),
(512, 'Suscipit voluptates nostrum doloribus.', 'Odit mollitia corporis nesciunt ut illo. Natus aut laboriosam ad vitae natus. Maxime tempora asperiores a sed totam.', 171, '2024-09-17 02:24:02', '2024-09-17 02:24:02'),
(513, 'Eveniet non non repellendus.', 'Unde quo nihil neque voluptatem molestias aut sint. At voluptatibus cum optio molestiae. Voluptas quos perferendis et porro.', 171, '2024-09-17 02:24:02', '2024-09-17 02:24:02'),
(514, 'Qui delectus qui.', 'Aut vel quas minima vero eaque est quia. Architecto voluptatem eos quia velit excepturi expedita. Enim nisi harum odit et vero doloremque.', 172, '2024-09-17 02:24:02', '2024-09-17 02:24:02'),
(515, 'Dolor nobis molestiae aut.', 'Et vitae qui voluptas aliquam voluptas quis. Porro consequatur fuga et. Omnis reiciendis voluptatibus ab necessitatibus.', 172, '2024-09-17 02:24:02', '2024-09-17 02:24:02'),
(516, 'Doloremque iure.', 'Tempora qui modi nulla doloribus beatae eos est. Ea dolorem molestiae sint veniam non. Distinctio fugit et minima.', 172, '2024-09-17 02:24:02', '2024-09-17 02:24:02'),
(517, 'Voluptas est voluptates.', 'Asperiores aut repellat aut aut omnis dolor vitae ipsum. Fugiat ut soluta consequuntur ea dolorum quas. Dolorum laborum provident placeat qui sunt ut.', 173, '2024-09-17 02:24:02', '2024-09-17 02:24:02'),
(518, 'Eum libero harum est.', 'Quae est similique maxime quisquam iure. At nihil molestiae dolores harum. In corporis unde vel non quasi vitae.', 173, '2024-09-17 02:24:02', '2024-09-17 02:24:02'),
(519, 'Corrupti consequuntur aut placeat.', 'Qui tempore molestiae dicta. Rerum similique architecto neque illo amet sunt. Reiciendis dicta dolores a.', 173, '2024-09-17 02:24:02', '2024-09-17 02:24:02'),
(520, 'Aut sint explicabo.', 'Earum et recusandae incidunt eaque. Odio eaque odit aut. Quidem eaque repellat ea officiis dolorem.', 174, '2024-09-17 02:24:02', '2024-09-17 02:24:02'),
(521, 'Quis nulla quia consequatur qui.', 'Rerum et eum qui facilis corporis. Iusto sapiente aspernatur et rerum itaque unde quo. Voluptas autem quo voluptatum est eos iste similique.', 174, '2024-09-17 02:24:02', '2024-09-17 02:24:02'),
(522, 'Aut enim quibusdam.', 'Voluptatem eius ipsa voluptate et deleniti omnis explicabo. Quaerat velit dolor sit laudantium et. Eum a doloremque maiores.', 174, '2024-09-17 02:24:02', '2024-09-17 02:24:02'),
(523, 'Et architecto ratione aliquid.', 'Qui recusandae molestiae doloremque. Libero beatae fugit incidunt aspernatur dignissimos. Temporibus quo consequatur sint quam.', 175, '2024-09-17 02:24:02', '2024-09-17 02:24:02'),
(524, 'Molestiae quam facere.', 'Inventore laborum quis tempora quos tenetur voluptatum commodi in. Temporibus cum non cum qui sint. Minima fuga consectetur non maxime amet et.', 175, '2024-09-17 02:24:02', '2024-09-17 02:24:02'),
(525, 'Nesciunt ad iure.', 'Qui provident quibusdam iusto quia distinctio et. Labore quis in consequatur perspiciatis ad sequi. Voluptas repudiandae quam suscipit et possimus qui a.', 175, '2024-09-17 02:24:02', '2024-09-17 02:24:02'),
(526, 'Beatae voluptatibus quia dolorum.', 'Voluptatem est sunt sint voluptatem. Magni est ut magni aut inventore voluptatem tenetur. Accusamus et itaque nihil quae aliquid ab.', 176, '2024-09-17 02:24:02', '2024-09-17 02:24:02'),
(527, 'Dolores aut ut nulla.', 'Qui consequatur eum et voluptatem. Repellat rerum tempora quas sed ut eius dolores. Debitis et esse eum sed error.', 176, '2024-09-17 02:24:02', '2024-09-17 02:24:02'),
(528, 'Reiciendis qui eum eos.', 'Ratione quam beatae sunt sunt voluptas quo quasi. Labore ab amet atque minima ipsum. Quisquam tempora vel quis ut tempora et.', 176, '2024-09-17 02:24:02', '2024-09-17 02:24:02'),
(529, 'Pariatur ut voluptas ut.', 'Numquam est ducimus neque. Alias facilis id omnis eaque omnis. Qui qui est dolorem nihil.', 177, '2024-09-17 02:24:02', '2024-09-17 02:24:02'),
(530, 'Animi eos necessitatibus sint officia.', 'Autem aut quod dolorem reiciendis iste. Illo eveniet velit omnis quam omnis. Ex nesciunt et nobis dolorum odit ut officia.', 177, '2024-09-17 02:24:02', '2024-09-17 02:24:02'),
(531, 'Veniam atque earum neque.', 'Veritatis in consequatur voluptatum expedita non architecto. Mollitia est ut nemo voluptas dolorem. Qui nostrum repudiandae suscipit quasi quo eos pariatur ut.', 177, '2024-09-17 02:24:02', '2024-09-17 02:24:02'),
(532, 'Temporibus et in numquam.', 'Doloribus alias enim et rem sunt. Quidem ut ipsa quos voluptatem et voluptatem corporis et. Consequatur et similique consequatur autem nihil porro doloremque.', 178, '2024-09-17 02:24:03', '2024-09-17 02:24:03'),
(533, 'Doloremque iure illo ut nobis.', 'Dolor eligendi harum qui in quidem eius. Voluptatem nisi perferendis ullam accusamus quia tempora. Dolores quia consequatur quasi ut dolorem consequuntur.', 178, '2024-09-17 02:24:03', '2024-09-17 02:24:03'),
(534, 'Aperiam maxime unde.', 'Voluptate neque repellendus saepe ab dolorem sed molestiae repellat. Expedita esse tenetur omnis autem magni voluptas. Velit sed ut commodi ut.', 178, '2024-09-17 02:24:03', '2024-09-17 02:24:03'),
(535, 'Consequatur non fugit temporibus.', 'Ipsum incidunt fugiat dolorem error. Praesentium nam amet impedit minima sunt quas temporibus assumenda. Et placeat voluptas tempora.', 179, '2024-09-17 02:24:03', '2024-09-17 02:24:03'),
(536, 'Veritatis vel ex.', 'Accusamus assumenda est sit accusamus perspiciatis ducimus est sint. Laboriosam minima animi voluptatem blanditiis. At fuga dolorem quod sed.', 179, '2024-09-17 02:24:03', '2024-09-17 02:24:03'),
(537, 'Voluptas aut fugit.', 'Enim nesciunt blanditiis iusto perspiciatis numquam natus consequatur. A sit provident itaque fuga nisi rerum tempora. Rerum corporis aliquid dolores est fugit ullam.', 179, '2024-09-17 02:24:03', '2024-09-17 02:24:03'),
(538, 'Doloribus ipsam minus cumque.', 'Consequatur omnis consequuntur ipsam distinctio sit alias molestiae. Eos illo soluta expedita distinctio. Ut omnis et incidunt.', 180, '2024-09-17 02:24:03', '2024-09-17 02:24:03'),
(539, 'Accusamus voluptatem.', 'Alias odio quis eos et. Laborum totam necessitatibus aperiam. Ut dignissimos perspiciatis tenetur laboriosam libero dolor.', 180, '2024-09-17 02:24:03', '2024-09-17 02:24:03'),
(540, 'Ex aliquid at ab.', 'Et cupiditate nisi et corporis. Aut ipsam ut quam magni dolorem. Numquam impedit laudantium asperiores asperiores dolor.', 180, '2024-09-17 02:24:03', '2024-09-17 02:24:03'),
(541, 'Nihil asperiores perferendis voluptates a.', 'Laudantium odio ratione maxime a beatae minus sint. Voluptatem et a quia natus. Asperiores quisquam iusto fugiat.', 181, '2024-09-17 02:24:03', '2024-09-17 02:24:03'),
(542, 'Aliquid totam doloribus neque.', 'Eos rerum aut non quae sit aliquam veniam. Sint dolorem sapiente quia ullam. Hic voluptas eaque maxime ea quae nostrum.', 181, '2024-09-17 02:24:03', '2024-09-17 02:24:03'),
(543, 'Qui ut molestias blanditiis.', 'Et qui id sint quisquam veniam. Inventore quisquam quia expedita excepturi alias libero. Sapiente est et similique deserunt cupiditate corporis voluptatem.', 181, '2024-09-17 02:24:03', '2024-09-17 02:24:03'),
(544, 'Saepe facilis.', 'Ut aut omnis qui accusantium. Porro nihil illum quidem fuga ut expedita. Omnis explicabo recusandae tenetur temporibus perspiciatis.', 182, '2024-09-17 02:24:03', '2024-09-17 02:24:03'),
(545, 'Voluptatem tenetur culpa quasi.', 'Natus eum natus quae velit in ipsum eveniet. Laboriosam dicta impedit accusamus earum voluptatem maiores saepe. Sequi eveniet expedita voluptatem veritatis quo.', 182, '2024-09-17 02:24:03', '2024-09-17 02:24:03'),
(546, 'Sunt animi voluptatem.', 'Minus deleniti hic voluptas voluptatem quidem. Sunt tempore animi vel aut id. Minima consequatur id et inventore et rem.', 182, '2024-09-17 02:24:03', '2024-09-17 02:24:03'),
(547, 'Aut iusto necessitatibus accusamus.', 'Voluptatem magnam qui rerum quia at. Nostrum mollitia ipsam porro omnis. Repudiandae modi ullam quia ut omnis commodi soluta reprehenderit.', 183, '2024-09-17 02:24:03', '2024-09-17 02:24:03'),
(548, 'Unde voluptatem a.', 'Nemo numquam deleniti voluptatum. Ab a aliquid est laudantium qui vel. Quaerat quae esse nihil qui quia consequatur accusantium.', 183, '2024-09-17 02:24:03', '2024-09-17 02:24:03'),
(549, 'Qui consequatur eum.', 'Id odio aut mollitia culpa quo. Nesciunt omnis consectetur ullam ipsum molestias nam. Architecto enim in error aut omnis.', 183, '2024-09-17 02:24:03', '2024-09-17 02:24:03'),
(550, 'Quae facilis reiciendis.', 'Modi voluptatem delectus unde voluptas nihil molestiae id dignissimos. Officiis harum consequatur aliquid dolorem assumenda sint unde fugiat. Neque quam voluptatum qui iste.', 184, '2024-09-17 02:24:03', '2024-09-17 02:24:03'),
(551, 'Ratione est possimus ut.', 'Iure fugit dolorum et laudantium rerum blanditiis. Dolor voluptatum eos et nulla quo quaerat. Adipisci reprehenderit officia est.', 184, '2024-09-17 02:24:03', '2024-09-17 02:24:03'),
(552, 'Consectetur aut ea.', 'A amet laudantium molestiae tenetur autem. Voluptatem quasi eos iusto natus tenetur omnis commodi. Qui porro sint voluptatem quia quo quo voluptatum neque.', 184, '2024-09-17 02:24:03', '2024-09-17 02:24:03'),
(553, 'Et quam ex reprehenderit.', 'Minus magni tempore molestias repellendus illo unde. Quo doloremque omnis qui. Voluptas ratione et non et.', 185, '2024-09-17 02:24:03', '2024-09-17 02:24:03'),
(554, 'Maxime eligendi et architecto.', 'Ipsum aut fugiat omnis quam sit. Accusantium cupiditate ipsam illo illum vero. A a eveniet ipsa repudiandae ut ut.', 185, '2024-09-17 02:24:03', '2024-09-17 02:24:03'),
(555, 'Quo excepturi non dolorum.', 'Aut illo quos et temporibus. Voluptate magni optio harum. Veritatis repudiandae ad quas possimus rem repellendus est.', 185, '2024-09-17 02:24:03', '2024-09-17 02:24:03'),
(556, 'Omnis qui temporibus earum consequuntur.', 'Voluptatem facere enim nam sit voluptas explicabo. Voluptatibus et corrupti odio perspiciatis perspiciatis maiores praesentium. Pariatur nostrum est quis voluptates.', 186, '2024-09-17 02:24:03', '2024-09-17 02:24:03'),
(557, 'Et qui magnam.', 'Rerum necessitatibus aut consequatur qui doloribus a esse repudiandae. Sit pariatur sint beatae magnam qui cumque rerum. Molestiae voluptas sequi repudiandae sit.', 186, '2024-09-17 02:24:03', '2024-09-17 02:24:03'),
(558, 'Eos velit illo praesentium.', 'Vero in perspiciatis odio maiores qui. Inventore sint officiis voluptas et. Tempore consequuntur dolor quis placeat consequatur reiciendis optio.', 186, '2024-09-17 02:24:03', '2024-09-17 02:24:03'),
(559, 'Voluptate ex nesciunt.', 'Recusandae ut exercitationem at magnam. Qui laborum autem hic ut ut iste. Voluptas recusandae facilis beatae asperiores adipisci eos iure autem.', 187, '2024-09-17 02:24:03', '2024-09-17 02:24:03'),
(560, 'Molestiae similique quis vero.', 'Eum suscipit voluptatem nesciunt accusantium nesciunt ex. Et sint autem ipsum sit pariatur. Nostrum aut necessitatibus quidem occaecati.', 187, '2024-09-17 02:24:03', '2024-09-17 02:24:03'),
(561, 'Eaque culpa omnis.', 'Non eos illum et aut dolorum omnis fugit. Molestiae consequatur quia perspiciatis qui occaecati libero assumenda. Omnis eligendi voluptate quia maiores voluptas.', 187, '2024-09-17 02:24:03', '2024-09-17 02:24:03'),
(562, 'Beatae soluta asperiores.', 'Itaque quia non eum ratione rerum deserunt. Alias illo sequi voluptates aut qui. Cum quidem inventore quo autem temporibus qui neque accusamus.', 188, '2024-09-17 02:24:03', '2024-09-17 02:24:03'),
(563, 'Quae aut debitis.', 'Natus eaque et minima natus. Ea eum rem enim temporibus dolore provident. Et sed et voluptas rerum commodi mollitia et vitae.', 188, '2024-09-17 02:24:03', '2024-09-17 02:24:03'),
(564, 'Autem quis eveniet inventore.', 'Id omnis dolorum voluptatibus autem vel qui. Ut dignissimos soluta cum. Aliquid qui id perferendis et qui magni qui.', 188, '2024-09-17 02:24:03', '2024-09-17 02:24:03'),
(565, 'Nihil nesciunt suscipit.', 'Sunt ad adipisci quia officiis quibusdam vel. Amet ad rem eaque. Eum itaque velit vero accusantium at illo ullam.', 189, '2024-09-17 02:24:03', '2024-09-17 02:24:03'),
(566, 'Voluptas est.', 'Vero beatae dolor qui fuga molestiae. Sint at sed eum maiores. Dolores molestiae incidunt fugit voluptatem velit.', 189, '2024-09-17 02:24:03', '2024-09-17 02:24:03'),
(567, 'A ex assumenda quis.', 'Optio voluptatibus debitis quaerat. Voluptates sapiente ab rem et dolore optio fugiat ab. Quas aperiam ea possimus voluptatem accusamus.', 189, '2024-09-17 02:24:03', '2024-09-17 02:24:03'),
(568, 'Consectetur molestias odit cum.', 'Aut eos quasi quod aperiam autem. Eligendi mollitia culpa et quis unde. Rerum odio enim omnis aperiam omnis porro consequatur.', 190, '2024-09-17 02:24:03', '2024-09-17 02:24:03'),
(569, 'Velit delectus consectetur optio.', 'Est amet voluptatibus quia. Enim nulla id delectus sit placeat ullam consectetur. Ut optio ipsa aut commodi in nobis et.', 190, '2024-09-17 02:24:03', '2024-09-17 02:24:03'),
(570, 'Eveniet ea.', 'Laborum voluptate molestiae impedit earum nesciunt qui consequatur. Suscipit sit repellendus tempora fugit exercitationem commodi. Quo deleniti commodi officiis rerum dolor dolor.', 190, '2024-09-17 02:24:03', '2024-09-17 02:24:03'),
(571, 'Quaerat assumenda laborum est magni.', 'Illum recusandae praesentium id asperiores. Culpa officia tenetur eius tenetur nobis quia sapiente. Labore maxime id ut expedita et officia voluptatem.', 191, '2024-09-17 02:24:03', '2024-09-17 02:24:03'),
(572, 'Aut eveniet suscipit.', 'Veritatis debitis excepturi fuga quo enim harum. Voluptatem minima blanditiis et earum. Esse fugit ad sed ducimus sed voluptas nesciunt voluptates.', 191, '2024-09-17 02:24:03', '2024-09-17 02:24:03'),
(573, 'Quia dolores qui.', 'Debitis sunt eius minus eaque. Sit qui porro natus cumque. Veritatis consectetur debitis inventore omnis iste.', 191, '2024-09-17 02:24:03', '2024-09-17 02:24:03'),
(574, 'Fugit porro dolores.', 'Iure voluptas eius et ratione nulla. Ad magni harum et ea magni qui nesciunt quas. Voluptatem sed consequuntur et doloribus commodi consequatur dolores corporis.', 192, '2024-09-17 02:24:03', '2024-09-17 02:24:03'),
(575, 'Cum non atque.', 'Et tenetur fugiat aut ullam et. Tempora odio minima commodi. Fugiat sapiente ipsam asperiores et vitae sapiente cupiditate earum.', 192, '2024-09-17 02:24:03', '2024-09-17 02:24:03'),
(576, 'Ipsa a voluptatibus.', 'Est voluptate at voluptates ratione qui. Odio aut beatae eius. Velit inventore et rerum voluptatum doloribus.', 192, '2024-09-17 02:24:03', '2024-09-17 02:24:03'),
(577, 'Corrupti corporis ea.', 'Accusantium ut placeat rerum veritatis. Aspernatur ut molestiae ab id. Autem dolore sed itaque quae itaque et dolorem id.', 193, '2024-09-17 02:24:03', '2024-09-17 02:24:03'),
(578, 'Sunt excepturi expedita.', 'Occaecati voluptatem qui saepe ad ratione qui. Omnis omnis maiores eius porro temporibus blanditiis atque a. Voluptatem voluptatum tenetur hic blanditiis.', 193, '2024-09-17 02:24:03', '2024-09-17 02:24:03'),
(579, 'Cum laudantium reiciendis.', 'Eius ut nostrum est et qui. Molestiae dolor pariatur optio asperiores atque sed. Maiores ducimus dolor doloremque non.', 193, '2024-09-17 02:24:03', '2024-09-17 02:24:03'),
(580, 'Eius non alias.', 'Aut nobis distinctio voluptatum quis quia. Dicta nisi delectus atque iure rerum. Voluptas omnis quo est.', 194, '2024-09-17 02:24:03', '2024-09-17 02:24:03'),
(581, 'Qui eum pariatur totam.', 'Quidem est quidem vel ipsa debitis ex sed. Dolorum a quaerat officiis ex eveniet incidunt. Perferendis molestiae exercitationem ullam id magnam accusantium nihil quasi.', 194, '2024-09-17 02:24:03', '2024-09-17 02:24:03'),
(582, 'Magnam aut ut omnis molestiae.', 'Molestiae odio rerum repellendus praesentium earum. Id deserunt quo possimus et distinctio sunt eaque exercitationem. Id et perspiciatis sit ipsa minima temporibus.', 194, '2024-09-17 02:24:03', '2024-09-17 02:24:03'),
(583, 'Vitae mollitia consequatur.', 'Occaecati voluptatem amet commodi accusamus. Alias aut minima aut magni temporibus. Enim perspiciatis repellendus eius temporibus labore deleniti.', 195, '2024-09-17 02:24:03', '2024-09-17 02:24:03'),
(584, 'Rerum ipsam omnis asperiores.', 'In eaque voluptates voluptas. Quibusdam et et animi eum consequatur. Magnam itaque deleniti nemo magni velit sed.', 195, '2024-09-17 02:24:03', '2024-09-17 02:24:03'),
(585, 'Error expedita consequatur.', 'Consequatur sint iure est cumque quo rem consectetur. Consequuntur nihil culpa voluptates cumque. Nulla omnis quo incidunt occaecati.', 195, '2024-09-17 02:24:03', '2024-09-17 02:24:03'),
(586, 'Distinctio quos consequatur ipsum.', 'Adipisci illum minus inventore ullam. Sunt et porro quia aut nostrum repellendus consequatur dolorem. Iusto repellendus at tempore dolor enim.', 196, '2024-09-17 02:24:03', '2024-09-17 02:24:03'),
(587, 'Voluptatem optio ab.', 'Dolores iste dolorem sunt inventore sed accusamus. Amet dolorum non officia velit blanditiis. Numquam cumque est atque corporis ad.', 196, '2024-09-17 02:24:03', '2024-09-17 02:24:03'),
(588, 'Fugit magni temporibus.', 'Pariatur labore dolorem numquam. Facere a perspiciatis quis illo. Eum at et vel qui nobis.', 196, '2024-09-17 02:24:03', '2024-09-17 02:24:03'),
(589, 'Molestias soluta perspiciatis.', 'Ut ipsa rerum incidunt ipsa non labore sunt nisi. Placeat provident sit nisi fugit. Deserunt consequuntur neque voluptate eos perferendis est nisi est.', 197, '2024-09-17 02:24:03', '2024-09-17 02:24:03'),
(590, 'Quaerat voluptatem et.', 'Omnis eius dolor officiis officiis deserunt reprehenderit voluptatem. Atque nulla voluptatem quae aliquam aut. Ut sed enim et perferendis omnis cupiditate.', 197, '2024-09-17 02:24:03', '2024-09-17 02:24:03'),
(591, 'Quia cumque explicabo.', 'Est molestiae veritatis aut quis. Qui qui cumque sed molestias unde non natus. Sint nihil dolorum illo dolores sit.', 197, '2024-09-17 02:24:03', '2024-09-17 02:24:03'),
(592, 'Sit dolor molestias.', 'Beatae optio voluptatem voluptas explicabo ratione tempore recusandae. Perspiciatis qui atque doloribus debitis. Tempore et eligendi dolorem iure tempore aut.', 198, '2024-09-17 02:24:03', '2024-09-17 02:24:03'),
(593, 'Neque dolor harum quidem.', 'Tenetur culpa quibusdam autem similique doloremque molestiae sed. Fugit officia qui consequatur. Et minus veritatis aliquid ea.', 198, '2024-09-17 02:24:03', '2024-09-17 02:24:03'),
(594, 'Eius laudantium suscipit.', 'Assumenda exercitationem et non amet quia. Molestiae voluptatem delectus quis dolor error et accusamus. Veniam minima optio soluta perferendis facilis incidunt qui.', 198, '2024-09-17 02:24:03', '2024-09-17 02:24:03'),
(595, 'Quo excepturi qui quaerat.', 'Deleniti quos voluptatum rerum laboriosam. Ut sunt aliquam exercitationem in laboriosam. Aut a et ea ad.', 199, '2024-09-17 02:24:03', '2024-09-17 02:24:03'),
(596, 'Et nam et.', 'Nobis error eveniet dolor enim repudiandae saepe. Ut dolores et architecto minima quidem eligendi reiciendis quis. Quas architecto nisi tenetur fugit.', 199, '2024-09-17 02:24:03', '2024-09-17 02:24:03'),
(597, 'Ipsa neque exercitationem.', 'Illum sunt incidunt esse illum sint nostrum. Sequi et inventore eos aut corporis. Corrupti mollitia dolore voluptatibus impedit mollitia velit.', 199, '2024-09-17 02:24:03', '2024-09-17 02:24:03'),
(598, 'Autem quasi ut dolor.', 'Assumenda consequuntur est beatae aut at assumenda. Itaque quasi quis sit quia. Dignissimos atque pariatur omnis nam similique dolore optio fuga.', 200, '2024-09-17 02:24:03', '2024-09-17 02:24:03'),
(599, 'Ipsum veniam nobis doloribus.', 'Corporis vero in distinctio minima repellendus. Omnis et eum voluptatem pariatur unde illo. Et voluptatem nulla sunt ut.', 200, '2024-09-17 02:24:03', '2024-09-17 02:24:03'),
(600, 'Est ea est soluta.', 'Et optio est eum sint impedit optio veritatis. Ut officia dolores in dolores voluptates officiis et. Amet voluptate esse quas laudantium dolorem.', 200, '2024-09-17 02:24:03', '2024-09-17 02:24:03'),
(601, 'Deleniti non minus eum.', 'Porro recusandae aut corrupti voluptas numquam. Id distinctio voluptatem ut labore. Qui maiores sunt deleniti totam quis sit ab in.', 201, '2024-09-17 02:24:03', '2024-09-17 02:24:03'),
(602, 'Laborum consequatur et.', 'Inventore veniam ipsa ad beatae porro. Sunt odio quos provident accusamus. Quis sit aut et.', 201, '2024-09-17 02:24:03', '2024-09-17 02:24:03'),
(603, 'Placeat et et.', 'Facere aspernatur reprehenderit dolores consectetur numquam. Maxime sit non veniam similique eveniet nobis. Nulla impedit nostrum error nisi atque.', 201, '2024-09-17 02:24:03', '2024-09-17 02:24:03'),
(604, 'Assumenda ipsa non.', 'Odio ab voluptatem dicta reiciendis maxime possimus. Deleniti quasi et porro optio dolor totam hic. Natus dolorem minus nostrum eum ea et blanditiis ipsum.', 202, '2024-09-17 02:24:03', '2024-09-17 02:24:03'),
(605, 'Molestiae velit incidunt.', 'Quisquam enim consequuntur et ab accusantium aliquam. Ea tenetur quae aliquam non fuga voluptatem error commodi. Cupiditate quae vel qui.', 202, '2024-09-17 02:24:03', '2024-09-17 02:24:03'),
(606, 'Adipisci quia explicabo quae.', 'Ut quo ab qui ut non unde aut possimus. Doloremque laboriosam in porro suscipit dolorem nihil consequatur. Optio id a aut laudantium est.', 202, '2024-09-17 02:24:03', '2024-09-17 02:24:03'),
(607, 'Dolores dolor itaque est iusto.', 'Et sed cupiditate eveniet quia. Tempora magni amet quasi ullam. Distinctio dolorum magnam laborum inventore et.', 203, '2024-09-17 02:24:03', '2024-09-17 02:24:03'),
(608, 'Adipisci consectetur quia.', 'Aut numquam nihil nostrum ea vero. Rerum ipsum eaque enim molestias quos modi. Dolorem molestias occaecati atque aut fugit magnam in.', 203, '2024-09-17 02:24:03', '2024-09-17 02:24:03'),
(609, 'Rem sed.', 'Ipsum quos et necessitatibus doloribus voluptatem repudiandae veritatis. Velit doloribus eos ut dolor rerum ratione modi. Omnis veniam esse debitis exercitationem quis.', 203, '2024-09-17 02:24:03', '2024-09-17 02:24:03'),
(610, 'Et odit quis iusto.', 'Modi similique sed cumque consequuntur voluptatem maxime quod. Culpa et animi iure omnis fugiat quibusdam. Qui similique iusto et et tempore qui non.', 204, '2024-09-17 02:24:03', '2024-09-17 02:24:03'),
(611, 'Voluptates officiis incidunt.', 'Ab quisquam nobis adipisci tempora. Occaecati aliquid adipisci soluta tempora rerum odio adipisci. Sint aut ad non in dolore quia omnis nostrum.', 204, '2024-09-17 02:24:03', '2024-09-17 02:24:03'),
(612, 'Amet quos aut quia.', 'Iure ipsa neque molestiae. Sed enim dolorem voluptas. Hic et id aliquid doloremque voluptas quae sed.', 204, '2024-09-17 02:24:03', '2024-09-17 02:24:03'),
(613, 'Velit dignissimos commodi.', 'Eius sint dolorem iste. Aliquam perspiciatis sunt est eius sint aut. Aut aperiam recusandae quam et repellat possimus quia molestiae.', 205, '2024-09-17 02:24:03', '2024-09-17 02:24:03'),
(614, 'Est in necessitatibus recusandae.', 'Provident unde error ut blanditiis. Voluptate distinctio perferendis quis aut aut dolorum. Voluptatem impedit omnis quae magnam praesentium mollitia.', 205, '2024-09-17 02:24:03', '2024-09-17 02:24:03'),
(615, 'Et non natus et.', 'Molestiae adipisci rerum est voluptates. Tempore quia inventore consequuntur nemo reiciendis ut sed. Voluptas qui cum impedit dolor ad vitae.', 205, '2024-09-17 02:24:03', '2024-09-17 02:24:03'),
(616, 'Enim consequatur voluptates.', 'Culpa at voluptates autem asperiores et. Doloribus voluptas eius libero qui. Et quidem adipisci voluptas repellat quo est voluptatem.', 206, '2024-09-17 02:24:03', '2024-09-17 02:24:03'),
(617, 'Numquam laboriosam quos quae.', 'Assumenda beatae officiis ea dolores nam vel ex ea. At modi voluptatem fugiat alias in sunt. Et dolor modi nulla et enim omnis esse.', 206, '2024-09-17 02:24:03', '2024-09-17 02:24:03'),
(618, 'Dolore fuga ut maiores.', 'Architecto officiis et dolorem ipsa illum quidem. Doloremque non suscipit eos accusantium aliquam. Molestiae tempore beatae at ratione.', 206, '2024-09-17 02:24:03', '2024-09-17 02:24:03'),
(619, 'At quia et doloremque placeat.', 'Porro accusantium aut impedit non. Maiores molestias esse nesciunt optio tenetur. Id omnis sit qui eos.', 207, '2024-09-17 02:24:03', '2024-09-17 02:24:03'),
(620, 'Eligendi nisi non commodi.', 'Repellendus cumque et aut et. Expedita dicta commodi aut autem sed. Voluptatem minus magni modi sequi recusandae placeat eos dolor.', 207, '2024-09-17 02:24:03', '2024-09-17 02:24:03'),
(621, 'Et et in consequatur.', 'Possimus optio aut et. Officiis dolor vel minus impedit omnis provident molestiae. Eligendi quibusdam ipsum similique minima explicabo vel culpa.', 207, '2024-09-17 02:24:03', '2024-09-17 02:24:03'),
(622, 'Quia ut possimus aut.', 'Rerum magni illo quis dolorem. Aut pariatur sed ab quasi. Et incidunt quia reiciendis et fugit quia odit.', 208, '2024-09-17 02:24:03', '2024-09-17 02:24:03'),
(623, 'Praesentium omnis provident quod provident.', 'Nemo magni amet explicabo consequatur. Quaerat qui repudiandae consequatur et neque exercitationem perspiciatis. Accusamus fugit et animi ea.', 208, '2024-09-17 02:24:03', '2024-09-17 02:24:03'),
(624, 'Explicabo suscipit et rem.', 'Ducimus doloribus eum incidunt. Facilis at eius quod deleniti distinctio. Vero perspiciatis ad maxime voluptatem iusto et neque molestias.', 208, '2024-09-17 02:24:03', '2024-09-17 02:24:03'),
(625, 'Libero iure est est non.', 'Atque aut qui accusantium aliquid. Non veritatis molestiae illo earum earum magni. Sunt cum voluptatem aut mollitia sunt aut.', 209, '2024-09-17 02:24:03', '2024-09-17 02:24:03'),
(626, 'Ut non cum.', 'Corporis et aut non sit asperiores possimus repellendus. Repellendus tempore et voluptatem et non doloribus. Qui ut alias minima voluptas aut enim repellat.', 209, '2024-09-17 02:24:03', '2024-09-17 02:24:03'),
(627, 'Et praesentium tempora.', 'Quas non voluptas consequatur ducimus. Voluptatem eius officia illo est. Ratione quis vel laboriosam dicta dolores sit aut debitis.', 209, '2024-09-17 02:24:03', '2024-09-17 02:24:03'),
(628, 'Blanditiis illo labore aperiam.', 'Expedita blanditiis dolorem vel qui qui sequi et. Voluptatem ratione qui error facere fugit quos. Accusantium maiores laboriosam non nemo blanditiis.', 210, '2024-09-17 02:24:03', '2024-09-17 02:24:03'),
(629, 'Doloribus sit perferendis assumenda.', 'Ducimus ipsum repudiandae distinctio eos aut ut. Sed consequatur ut doloremque sit. Illum molestiae quia sunt et.', 210, '2024-09-17 02:24:03', '2024-09-17 02:24:03'),
(630, 'Doloribus et aspernatur.', 'Hic explicabo minus et. Autem nisi vitae facilis explicabo non dolor. Et ut alias illum exercitationem voluptates suscipit.', 210, '2024-09-17 02:24:03', '2024-09-17 02:24:03'),
(631, 'Maxime ad dolor provident quod.', 'Soluta quisquam quam dolor nemo. Non non quia neque. Minima omnis et quibusdam molestiae voluptatem sint nulla.', 211, '2024-09-17 02:24:03', '2024-09-17 02:24:03'),
(632, 'Possimus consequatur excepturi occaecati.', 'Nisi eius cumque recusandae dolorem cupiditate dignissimos aut. Sit ullam soluta ea qui non. Rerum voluptas quia possimus rerum et culpa exercitationem ex.', 211, '2024-09-17 02:24:03', '2024-09-17 02:24:03'),
(633, 'Ut odit sunt nesciunt.', 'Quis ut fuga et et assumenda consequatur deleniti. Suscipit quo non est corrupti. Aut delectus reiciendis sint est laudantium enim.', 211, '2024-09-17 02:24:03', '2024-09-17 02:24:03'),
(634, 'Nesciunt nostrum nihil laboriosam.', 'Dolores vitae cum rerum exercitationem. Iure dolorem et pariatur quia nulla quod. Dolor dolor maiores et aut et exercitationem quia reprehenderit.', 212, '2024-09-17 02:24:03', '2024-09-17 02:24:03'),
(635, 'Facere praesentium vitae.', 'Commodi praesentium aperiam ab nisi dolores rerum. Et dolores aliquid necessitatibus illum asperiores et non. Aliquam mollitia ut consequatur est quia omnis.', 212, '2024-09-17 02:24:03', '2024-09-17 02:24:03'),
(636, 'Eos deleniti non sed corrupti.', 'Sit magni magnam non et aut. Expedita sed sed quisquam rerum ex sed temporibus. Voluptate hic sunt voluptatem itaque eius fuga.', 212, '2024-09-17 02:24:03', '2024-09-17 02:24:03'),
(637, 'Numquam repudiandae qui sed.', 'Quia dicta ut dolores. Recusandae et aut consectetur occaecati odio. Et a exercitationem voluptatibus sunt.', 213, '2024-09-17 02:24:03', '2024-09-17 02:24:03'),
(638, 'Quibusdam numquam.', 'Sint aspernatur molestiae quasi dolores quia consequatur culpa. Non sed et qui. Ullam quo atque ex reprehenderit est omnis.', 213, '2024-09-17 02:24:03', '2024-09-17 02:24:03'),
(639, 'Consequatur dolor.', 'Autem aut eligendi tempore optio maiores. Totam veniam id at pariatur nihil totam dolorum. Dolorem aperiam odio mollitia voluptatibus ad et qui.', 213, '2024-09-17 02:24:03', '2024-09-17 02:24:03'),
(640, 'Dolorem excepturi consequatur.', 'Animi eius eius possimus accusamus. Rerum vel omnis necessitatibus voluptatum. Aut quaerat ex porro est delectus delectus ducimus.', 214, '2024-09-17 02:24:03', '2024-09-17 02:24:03'),
(641, 'At rerum vero soluta.', 'Omnis architecto repellat ut cupiditate nostrum. Asperiores dolorem soluta laboriosam. Nobis in iure cupiditate excepturi.', 214, '2024-09-17 02:24:03', '2024-09-17 02:24:03'),
(642, 'Consequatur commodi.', 'Saepe dolores omnis earum dicta occaecati quos et. Et amet reprehenderit quod dolor vel delectus. Architecto nobis reiciendis nihil minima.', 214, '2024-09-17 02:24:03', '2024-09-17 02:24:03'),
(643, 'Accusantium aut.', 'Dolores saepe in sint est sed. Neque dolorum dicta dignissimos est. Ea eligendi recusandae corrupti nihil aut omnis.', 215, '2024-09-17 02:24:03', '2024-09-17 02:24:03'),
(644, 'Et atque qui ut.', 'Fugit ea quos cupiditate temporibus doloremque accusantium. Voluptates dolorem rem repudiandae fugit voluptas rerum rerum. Accusamus et unde mollitia a quia et.', 215, '2024-09-17 02:24:03', '2024-09-17 02:24:03'),
(645, 'Voluptatem sed tenetur.', 'Et dolorem aut et vel architecto. Voluptas minima saepe incidunt voluptas expedita sunt totam. Perspiciatis officia similique qui voluptatem laborum saepe.', 215, '2024-09-17 02:24:03', '2024-09-17 02:24:03'),
(646, 'Consequatur recusandae sit laboriosam.', 'Odio facilis commodi qui natus. Earum dolorem consequuntur asperiores magnam repellat ut. Similique accusantium at sunt rem consequuntur.', 216, '2024-09-17 02:24:03', '2024-09-17 02:24:03'),
(647, 'Alias praesentium est maiores.', 'Quidem beatae ea quis. Est quisquam quia esse autem at optio. Dolor ratione saepe eum et voluptatem dignissimos.', 216, '2024-09-17 02:24:03', '2024-09-17 02:24:03'),
(648, 'Suscipit repellendus esse ut.', 'Qui architecto assumenda assumenda ut officiis. Ut omnis molestiae labore ut saepe et nihil. Nisi quo quibusdam iure dolores.', 216, '2024-09-17 02:24:03', '2024-09-17 02:24:03'),
(649, 'Quisquam hic doloremque.', 'Nemo minus quis ipsum possimus deserunt omnis. Illo est quis voluptatem sint. Praesentium officia est voluptatem laborum ad.', 217, '2024-09-17 02:24:03', '2024-09-17 02:24:03'),
(650, 'Tempora voluptatem ut.', 'Ullam vitae eligendi aut similique quaerat. Ratione qui eaque maiores ducimus explicabo blanditiis. Voluptatem ut voluptatibus reiciendis asperiores nemo nihil.', 217, '2024-09-17 02:24:03', '2024-09-17 02:24:03'),
(651, 'Modi illo et omnis.', 'Libero natus est porro id. Nam magni culpa rerum in quo magnam dolor. Et fuga sed sit nobis non cumque neque.', 217, '2024-09-17 02:24:03', '2024-09-17 02:24:03'),
(652, 'Qui et inventore voluptatem veritatis.', 'Eaque excepturi exercitationem sunt voluptate ipsam eaque odit. Quibusdam voluptates dignissimos provident maiores sit. Est sunt ut omnis corporis.', 218, '2024-09-17 02:24:03', '2024-09-17 02:24:03'),
(653, 'Tenetur quasi qui aliquid.', 'Exercitationem fugiat consequatur officia iste esse ea corporis consectetur. Exercitationem perferendis officia officia ut. Aut dolore voluptatibus perferendis voluptatibus repudiandae debitis vel.', 218, '2024-09-17 02:24:03', '2024-09-17 02:24:03'),
(654, 'Id deleniti eligendi vel.', 'Quia esse sapiente dolore quod omnis quos. Itaque porro et aliquam et. Fugiat voluptas esse quo quia.', 218, '2024-09-17 02:24:03', '2024-09-17 02:24:03'),
(655, 'Maxime optio.', 'Iure qui perspiciatis voluptatem aut accusamus sed. Ipsum ratione ratione eius sed rerum omnis iusto. Eum vel illo inventore impedit in.', 219, '2024-09-17 02:24:03', '2024-09-17 02:24:03'),
(656, 'Aut aperiam et.', 'Ratione quod facere fuga velit rerum. Aut fuga at ea qui. Et fugit quae consectetur molestiae optio ab.', 219, '2024-09-17 02:24:03', '2024-09-17 02:24:03'),
(657, 'Temporibus odio architecto.', 'Dicta officia qui quia. Sequi autem quos quos atque. Incidunt a alias deserunt voluptates.', 219, '2024-09-17 02:24:03', '2024-09-17 02:24:03'),
(658, 'Soluta dolorum rerum.', 'Officiis vitae consequatur dolores quam quam consequatur. Alias numquam minima officiis eveniet. Deserunt deleniti quam et doloribus.', 220, '2024-09-17 02:24:03', '2024-09-17 02:24:03'),
(659, 'Debitis fugit.', 'Ut expedita eum quas et saepe. Fugit et dignissimos vel nam enim nihil qui. Vitae maxime ullam numquam nulla omnis rerum.', 220, '2024-09-17 02:24:03', '2024-09-17 02:24:03'),
(660, 'Amet accusantium voluptas laboriosam.', 'Est recusandae voluptatibus praesentium error. Doloribus optio veniam cumque et sapiente esse. Similique nisi et cumque ullam quasi vitae ut illo.', 220, '2024-09-17 02:24:03', '2024-09-17 02:24:03'),
(661, 'Dolor odio ipsa.', 'Eligendi est ut voluptas iure sit. Repellat et aut nihil sequi. Rerum mollitia fuga commodi aliquam.', 221, '2024-09-17 02:24:03', '2024-09-17 02:24:03'),
(662, 'Omnis consequatur incidunt qui.', 'Distinctio dolore consectetur illo quas ex non. Et sed porro assumenda deleniti amet id quo. Fugiat vitae tempora repudiandae ab non.', 221, '2024-09-17 02:24:03', '2024-09-17 02:24:03'),
(663, 'Aut consequatur neque.', 'Vero odit quidem et nesciunt non blanditiis doloremque. Debitis vel dolorem nihil necessitatibus. Aut quia voluptate eum expedita.', 221, '2024-09-17 02:24:03', '2024-09-17 02:24:03'),
(664, 'Repellendus sed labore est.', 'Aperiam eveniet vero repellat sit quasi saepe qui sint. Corrupti quia aut modi aut quaerat odio repellat. Animi itaque et eveniet in.', 222, '2024-09-17 02:24:03', '2024-09-17 02:24:03'),
(665, 'Perferendis nemo enim.', 'Consequatur suscipit qui exercitationem illo quis explicabo consequuntur et. Tempora modi eveniet iusto beatae doloribus. Suscipit recusandae voluptatibus distinctio sed dolore sed.', 222, '2024-09-17 02:24:03', '2024-09-17 02:24:03'),
(666, 'Eveniet sit ut.', 'Fugit sint aut dicta. Explicabo ut rerum suscipit illo consequatur nostrum impedit. Quo voluptatem non unde saepe.', 222, '2024-09-17 02:24:03', '2024-09-17 02:24:03'),
(667, 'Eligendi dolore magni consequuntur vitae.', 'Fugiat dolorum asperiores earum odio ut non. Beatae natus ipsum beatae natus. Dicta numquam aut laborum saepe et voluptatibus suscipit.', 223, '2024-09-17 02:24:03', '2024-09-17 02:24:03'),
(668, 'Debitis quo ut.', 'Dicta sint cum ut suscipit quo. Dolores quia hic nesciunt ex. Accusantium consequatur eveniet ut sint earum aspernatur.', 223, '2024-09-17 02:24:03', '2024-09-17 02:24:03'),
(669, 'Velit eveniet dolores esse.', 'Rem consequatur aut quaerat molestiae quia cum. Sit voluptatem veritatis hic aperiam consequatur possimus. Cum voluptate ex qui ut at.', 223, '2024-09-17 02:24:03', '2024-09-17 02:24:03'),
(670, 'Dolore sint voluptates.', 'Ut quisquam saepe consequatur et ipsa. Et minus asperiores dolores. Aut fugit repudiandae odio qui.', 224, '2024-09-17 02:24:03', '2024-09-17 02:24:03'),
(671, 'Beatae non voluptates nihil.', 'Exercitationem sed odio optio dolorem placeat magni aut nisi. Delectus earum repudiandae quisquam enim modi sint corrupti. Unde iusto corrupti quo vel in autem dicta numquam.', 224, '2024-09-17 02:24:03', '2024-09-17 02:24:03'),
(672, 'Eligendi harum aut sit.', 'Aspernatur velit excepturi rem consectetur sint quia. Rerum eius blanditiis voluptatibus aut et est sunt saepe. Sit sit ipsum et nisi.', 224, '2024-09-17 02:24:03', '2024-09-17 02:24:03'),
(673, 'Eos dolorum qui eaque voluptates.', 'Consectetur sint nihil et explicabo. Autem sed eos quo commodi non. Molestias dolor hic et nobis in expedita.', 225, '2024-09-17 02:24:03', '2024-09-17 02:24:03'),
(674, 'Consequatur facere eum exercitationem.', 'Voluptatem dolor et pariatur eveniet autem. Qui quidem dolorum pariatur itaque dolor ducimus officiis. Sunt dolores atque voluptas rerum natus.', 225, '2024-09-17 02:24:03', '2024-09-17 02:24:03'),
(675, 'Quaerat harum qui.', 'Rerum id est esse ipsum qui vel. Ducimus vitae minus consequatur. Id quaerat voluptatum deserunt aspernatur unde necessitatibus.', 225, '2024-09-17 02:24:03', '2024-09-17 02:24:03'),
(676, 'Rerum hic.', 'Quas illo fugiat eos fuga consequuntur. Fugiat exercitationem libero repellat ratione perspiciatis cumque. Alias consequatur sit quia est.', 226, '2024-09-17 02:24:03', '2024-09-17 02:24:03'),
(677, 'Voluptatem deleniti.', 'Molestias nulla tempore repellendus quis odio molestiae quis. Praesentium aut aliquid eius dolor soluta. Magnam quidem et possimus numquam inventore aliquam enim non.', 226, '2024-09-17 02:24:03', '2024-09-17 02:24:03');
INSERT INTO `comments` (`id`, `subject`, `body`, `film_id`, `created_at`, `updated_at`) VALUES
(678, 'Magni sit qui explicabo.', 'Quaerat molestiae delectus ut enim illo eligendi. Aut nobis officiis architecto quos tenetur exercitationem quos. Esse enim ipsum eaque fugiat ad et dolor suscipit.', 226, '2024-09-17 02:24:03', '2024-09-17 02:24:03'),
(679, 'Quam dolor iure quia.', 'Culpa iste et asperiores omnis consectetur autem. Qui veniam et quos. Voluptatem maiores officia voluptatem culpa officiis occaecati eos.', 227, '2024-09-17 02:24:03', '2024-09-17 02:24:03'),
(680, 'Sit blanditiis vel sed.', 'Debitis voluptas quisquam nulla. Ut quos dolor qui explicabo asperiores. Dignissimos sint nostrum omnis architecto et.', 227, '2024-09-17 02:24:03', '2024-09-17 02:24:03'),
(681, 'Voluptatem odio deleniti.', 'Omnis aperiam dolor nostrum. Officiis et ut quisquam error architecto officiis amet. Ut et accusantium placeat.', 227, '2024-09-17 02:24:03', '2024-09-17 02:24:03'),
(682, 'Quis sapiente blanditiis adipisci.', 'Dolores enim blanditiis repellat distinctio ipsum quia voluptates. Ut et et voluptatem itaque. Et est ullam facere nisi natus.', 228, '2024-09-17 02:24:03', '2024-09-17 02:24:03'),
(683, 'Eligendi quibusdam eveniet.', 'Numquam voluptatem ut voluptatum dolores. Eos quaerat excepturi nesciunt doloremque dolorum. Temporibus unde et perspiciatis reiciendis.', 228, '2024-09-17 02:24:04', '2024-09-17 02:24:04'),
(684, 'Itaque et eos.', 'Doloribus facilis consequatur eaque harum. Incidunt molestiae dolor hic ipsum qui rerum. Vel et molestiae voluptatibus illo fugit.', 228, '2024-09-17 02:24:04', '2024-09-17 02:24:04'),
(685, 'Possimus doloribus suscipit ipsum.', 'Veniam corrupti beatae eos ut et voluptatem. Eveniet sint laudantium ex dolores non nobis dolorum iste. Architecto voluptatem omnis repellendus sit.', 229, '2024-09-17 02:24:04', '2024-09-17 02:24:04'),
(686, 'Eum ullam sit.', 'Non autem sint voluptas tenetur minima. Aut cupiditate sequi iure deleniti quia. Id quis ullam possimus est fuga enim.', 229, '2024-09-17 02:24:04', '2024-09-17 02:24:04'),
(687, 'Odit provident quo officia.', 'Et illum quo sit quia. Voluptas quas est soluta aut quia ad. Maiores rerum est ipsa est.', 229, '2024-09-17 02:24:04', '2024-09-17 02:24:04'),
(688, 'Architecto eum officia provident.', 'Quia sint laborum molestiae laborum distinctio ratione autem incidunt. Et tempora expedita possimus consequatur ratione enim. Totam qui enim sint sit ratione omnis vel.', 230, '2024-09-17 02:24:04', '2024-09-17 02:24:04'),
(689, 'Voluptas enim.', 'Vel qui amet aut distinctio ratione ipsum. Eos accusamus accusamus quibusdam at sit. Nesciunt reprehenderit tenetur aut itaque.', 230, '2024-09-17 02:24:04', '2024-09-17 02:24:04'),
(690, 'Saepe rerum vitae.', 'Omnis necessitatibus ut sed fugiat unde iste qui. Quia porro illo quasi aut quia. Voluptatibus ex nisi tenetur ut ratione praesentium qui.', 230, '2024-09-17 02:24:04', '2024-09-17 02:24:04'),
(691, 'Repudiandae at similique dolorum.', 'Esse officia provident ut atque nam suscipit beatae. Vel libero aut eum. Magnam rerum aut odio eligendi quam eum temporibus qui.', 231, '2024-09-17 02:24:04', '2024-09-17 02:24:04'),
(692, 'Dolores adipisci in atque.', 'Necessitatibus quaerat nam facilis cupiditate quas commodi. Itaque qui est unde voluptatem. Quo repudiandae et sunt modi quia et.', 231, '2024-09-17 02:24:04', '2024-09-17 02:24:04'),
(693, 'Earum et asperiores.', 'Provident aliquid sed quam laudantium. Amet illo mollitia libero nostrum itaque. Eligendi rem cupiditate porro nisi magnam.', 231, '2024-09-17 02:24:04', '2024-09-17 02:24:04'),
(694, 'Ducimus adipisci totam.', 'Excepturi sapiente minima perspiciatis vero necessitatibus sed deleniti. Quo itaque iure vitae. Quaerat esse atque et itaque corrupti expedita.', 232, '2024-09-17 02:24:04', '2024-09-17 02:24:04'),
(695, 'Et magnam impedit vero vel.', 'Rerum nemo aut molestiae vel accusantium. Non est voluptatem eos. Et itaque similique deleniti similique quia beatae sunt.', 232, '2024-09-17 02:24:04', '2024-09-17 02:24:04'),
(696, 'Mollitia aut ut in.', 'Nam corporis sed aut rerum quibusdam quisquam. Soluta cum rerum fugit sapiente quibusdam. Sint qui aut labore dolorem officia delectus.', 232, '2024-09-17 02:24:04', '2024-09-17 02:24:04'),
(697, 'Non et cumque.', 'Dolorum atque voluptas corporis sed aspernatur. Facilis eligendi quo asperiores fugit nesciunt. Vel est excepturi alias omnis porro sed enim.', 233, '2024-09-17 02:24:04', '2024-09-17 02:24:04'),
(698, 'Magnam repellat et.', 'Exercitationem voluptatem eum quia repellat explicabo qui odit. Quibusdam quis dolorem optio quis esse. Unde vel totam facilis aut ratione recusandae.', 233, '2024-09-17 02:24:04', '2024-09-17 02:24:04'),
(699, 'Quod quo aspernatur quis corporis.', 'Iste ad qui id. Ex officiis perferendis officiis molestiae corrupti nemo quasi earum. Ea qui facilis illo.', 233, '2024-09-17 02:24:04', '2024-09-17 02:24:04'),
(700, 'Natus autem impedit.', 'Nulla sequi ut est qui ipsum. Sit consequatur mollitia praesentium sunt. Eaque sapiente culpa delectus iure qui hic.', 234, '2024-09-17 02:24:04', '2024-09-17 02:24:04'),
(701, 'Et velit id officiis.', 'Officia libero temporibus aspernatur inventore. Molestias quia error eum cumque aut. Praesentium nisi ut molestiae impedit consequatur.', 234, '2024-09-17 02:24:04', '2024-09-17 02:24:04'),
(702, 'Provident minus tempore.', 'Quae quas expedita qui qui. Porro facere tempore pariatur commodi et sit consequuntur ut. Blanditiis soluta culpa enim labore qui ea aut.', 234, '2024-09-17 02:24:04', '2024-09-17 02:24:04'),
(703, 'Voluptatum impedit fugit tenetur.', 'Autem voluptatem ullam et hic architecto qui. Asperiores quasi quae eum aut dolor rem. Quia voluptas dolorem ex iure in laudantium nostrum.', 235, '2024-09-17 02:24:04', '2024-09-17 02:24:04'),
(704, 'Cumque commodi.', 'Iste adipisci minima quae enim. Similique est iusto eos et quisquam. Reprehenderit eum eum sunt.', 235, '2024-09-17 02:24:04', '2024-09-17 02:24:04'),
(705, 'Sed occaecati doloribus cum.', 'Aspernatur eum ex natus. Commodi ad nihil eum aut debitis magnam id. Eveniet ut enim nesciunt aut sunt odio aliquid.', 235, '2024-09-17 02:24:04', '2024-09-17 02:24:04'),
(706, 'Atque soluta corporis.', 'Tempore voluptatibus sunt magni enim saepe eius tenetur. Harum doloremque temporibus officia itaque eius iste. Quaerat et id rem nobis in est.', 236, '2024-09-17 02:24:04', '2024-09-17 02:24:04'),
(707, 'Velit velit atque corporis ut.', 'Quia perferendis voluptatem blanditiis consequuntur. Sunt maiores possimus atque distinctio a quisquam. Et quia debitis accusantium nostrum aut ut dolorem non.', 236, '2024-09-17 02:24:04', '2024-09-17 02:24:04'),
(708, 'Perspiciatis in numquam.', 'Qui nihil deleniti sed incidunt sint nisi. Commodi placeat qui corporis et. Est nemo est maiores.', 236, '2024-09-17 02:24:04', '2024-09-17 02:24:04'),
(709, 'Voluptatem odio voluptates.', 'Laudantium corporis iusto debitis officiis ea perferendis quis eveniet. Veniam autem vel sint voluptates. Sint omnis molestiae ut eum dolorum.', 237, '2024-09-17 02:24:04', '2024-09-17 02:24:04'),
(710, 'Distinctio magnam magni.', 'Velit voluptate suscipit laborum saepe. Consectetur ex voluptatem eligendi incidunt ipsa. Corporis animi vel nulla nobis soluta non necessitatibus dolore.', 237, '2024-09-17 02:24:04', '2024-09-17 02:24:04'),
(711, 'Quia nulla sit debitis eveniet.', 'Unde nihil sed illum id iusto nesciunt. Dicta eligendi consequatur expedita dicta necessitatibus. Nemo voluptas quisquam et deleniti debitis iusto.', 237, '2024-09-17 02:24:04', '2024-09-17 02:24:04'),
(712, 'Dignissimos nostrum ut incidunt incidunt.', 'Qui iusto voluptatem dolorem omnis voluptate. Dolore cupiditate eum delectus. Quia ut ullam sit inventore quo.', 238, '2024-09-17 02:24:04', '2024-09-17 02:24:04'),
(713, 'Deleniti eius aut.', 'Fuga excepturi harum autem et quod laudantium. Blanditiis dolorum ut quo eaque. Voluptatum unde eligendi repellat quia soluta architecto earum quos.', 238, '2024-09-17 02:24:04', '2024-09-17 02:24:04'),
(714, 'Possimus minus qui.', 'Odio ratione possimus explicabo quam vel. Quas necessitatibus ut ut soluta magni qui omnis et. Ut fuga rerum saepe et.', 238, '2024-09-17 02:24:04', '2024-09-17 02:24:04'),
(715, 'Veritatis quia beatae facilis fugiat.', 'Voluptatem ea fugit dolores officiis ipsa odit quod temporibus. Consequuntur quidem possimus perferendis nihil voluptatem occaecati enim. Non quo enim minus aut sed fugit sint saepe.', 239, '2024-09-17 02:24:04', '2024-09-17 02:24:04'),
(716, 'Totam aut in eum.', 'Tenetur repellat perferendis aut aliquam. Repellat dignissimos magni et odio illum perferendis. Quos dolore est quo et architecto.', 239, '2024-09-17 02:24:04', '2024-09-17 02:24:04'),
(717, 'Et in et in.', 'Consequatur voluptatem provident odio. Natus itaque accusantium doloribus eum. Et saepe cupiditate totam sunt qui.', 239, '2024-09-17 02:24:04', '2024-09-17 02:24:04'),
(718, 'Veniam animi officiis.', 'Aperiam quibusdam in quia sint fugiat et. Voluptates illum explicabo deserunt nulla voluptatibus et hic quis. Porro quasi corrupti libero vel ut id corrupti.', 240, '2024-09-17 02:24:04', '2024-09-17 02:24:04'),
(719, 'Earum corporis ipsum vel.', 'Animi dolores quia quia officia veritatis in voluptatibus officia. Tenetur quisquam ullam est ab. Maiores nihil temporibus dignissimos ut saepe doloremque nobis.', 240, '2024-09-17 02:24:04', '2024-09-17 02:24:04'),
(720, 'Nostrum omnis et et.', 'Voluptatem expedita quasi vitae velit minima. Vitae dolorem harum ratione quis. Aliquam deleniti ea sed blanditiis cum veritatis aut.', 240, '2024-09-17 02:24:04', '2024-09-17 02:24:04'),
(721, 'Omnis fuga sunt.', 'Nobis sint quis sit occaecati placeat aperiam ratione. Voluptatem earum qui voluptas nihil enim nobis et. Unde sed cum iusto amet sunt unde.', 241, '2024-09-17 02:24:04', '2024-09-17 02:24:04'),
(722, 'Voluptatem dolor velit.', 'Libero voluptate optio iure id. In qui qui vero nemo ut. Nihil maxime ut molestias placeat similique voluptatibus cumque sit.', 241, '2024-09-17 02:24:04', '2024-09-17 02:24:04'),
(723, 'Soluta sequi eligendi et.', 'Expedita similique maxime quo ullam. Modi unde nihil earum dolorem eius ut fugit enim. Ducimus eum laudantium est reiciendis.', 241, '2024-09-17 02:24:04', '2024-09-17 02:24:04'),
(724, 'Minus facilis nam laborum architecto.', 'Necessitatibus vitae voluptatem harum voluptate omnis. Et recusandae est eius quia fugiat exercitationem molestiae. Quo necessitatibus suscipit est provident.', 242, '2024-09-17 02:24:04', '2024-09-17 02:24:04'),
(725, 'Amet quos molestias ducimus.', 'Dolores est nam id sit. Sint assumenda tempore ullam necessitatibus. Iure fugit sapiente accusamus praesentium consequatur tenetur qui et.', 242, '2024-09-17 02:24:04', '2024-09-17 02:24:04'),
(726, 'Quasi at consequatur dolorem.', 'Qui possimus ipsum non dolor accusamus. Eligendi placeat autem blanditiis delectus id atque commodi. Saepe facere neque est.', 242, '2024-09-17 02:24:04', '2024-09-17 02:24:04'),
(727, 'Voluptatem omnis molestias consequatur.', 'Itaque nihil sed voluptatem ut hic cum similique nobis. Et omnis rerum aut. Temporibus facere corrupti in.', 243, '2024-09-17 02:24:04', '2024-09-17 02:24:04'),
(728, 'Non tenetur voluptas architecto.', 'Quia voluptatibus neque deserunt sed ipsum deserunt voluptas. Praesentium non libero cupiditate in sed. Facere quod et quos mollitia.', 243, '2024-09-17 02:24:04', '2024-09-17 02:24:04'),
(729, 'Vitae laborum officiis.', 'Et qui est suscipit. Reiciendis in voluptatem eos nostrum. Iste asperiores officia sapiente quibusdam omnis maiores qui.', 243, '2024-09-17 02:24:04', '2024-09-17 02:24:04'),
(730, 'Id odit et reprehenderit.', 'Sunt et expedita velit ullam. Corporis repellat iure nobis earum. Neque officiis eligendi vel quae ut incidunt omnis.', 244, '2024-09-17 02:24:04', '2024-09-17 02:24:04'),
(731, 'Explicabo nobis sint temporibus voluptatem.', 'Ut est et vel veritatis aut non voluptas voluptatem. Illo corporis cum voluptatem dolores ex. Harum veniam facilis impedit aliquam.', 244, '2024-09-17 02:24:04', '2024-09-17 02:24:04'),
(732, 'Qui reiciendis unde.', 'Et et vel earum alias ad. Consequatur minus ad eius unde. Accusamus expedita nihil consectetur est iure.', 244, '2024-09-17 02:24:04', '2024-09-17 02:24:04'),
(733, 'Non ad et.', 'Velit aut ducimus quia nemo aut. Vero aut quis enim quas vero ab. Delectus consequatur autem consequuntur quia voluptatum ducimus ipsum.', 245, '2024-09-17 02:24:04', '2024-09-17 02:24:04'),
(734, 'Et ipsam quos quis eaque.', 'Et qui hic nisi dignissimos velit et in. Est praesentium unde maxime error sit nisi. Ratione facere similique rerum fugiat dignissimos.', 245, '2024-09-17 02:24:04', '2024-09-17 02:24:04'),
(735, 'Atque voluptatem velit nemo.', 'Unde voluptatum et et voluptatem qui debitis numquam. Pariatur aut voluptatibus doloribus. Rerum in et nostrum autem sit nostrum.', 245, '2024-09-17 02:24:04', '2024-09-17 02:24:04'),
(736, 'Quasi illum assumenda.', 'At reprehenderit quis ut. Blanditiis qui modi ut enim repellat deserunt. Molestiae aspernatur placeat ut est omnis cumque.', 246, '2024-09-17 02:24:04', '2024-09-17 02:24:04'),
(737, 'Autem natus eos.', 'Voluptas aut eaque eveniet quo. Est maxime maxime et explicabo ipsam praesentium. Aliquid nam et consequatur quidem et quam corrupti ad.', 246, '2024-09-17 02:24:04', '2024-09-17 02:24:04'),
(738, 'Impedit quos voluptates accusamus omnis.', 'Et rerum placeat optio consequatur tempore iusto voluptatem sunt. Ipsum aut exercitationem asperiores voluptatum suscipit recusandae consequatur. Modi eum molestiae aut rerum autem.', 246, '2024-09-17 02:24:04', '2024-09-17 02:24:04'),
(739, 'Et aperiam assumenda.', 'Quos dolores iste harum quia facilis consequuntur. Ut illum quis esse esse inventore recusandae. Animi tempora reiciendis optio possimus accusantium.', 247, '2024-09-17 02:24:04', '2024-09-17 02:24:04'),
(740, 'Ipsa sequi quibusdam maiores.', 'Omnis minima exercitationem blanditiis minus temporibus rem expedita. Et corporis vero tenetur et. Optio non explicabo animi quasi dolores nihil quia.', 247, '2024-09-17 02:24:04', '2024-09-17 02:24:04'),
(741, 'Maxime laborum error.', 'Qui sed sed voluptatum enim nostrum. Impedit distinctio temporibus ipsa ipsa voluptatem ea pariatur nihil. Nostrum sunt et aliquam quidem ut dolorum et.', 247, '2024-09-17 02:24:04', '2024-09-17 02:24:04'),
(742, 'Non cupiditate natus.', 'Harum tenetur et consectetur et ea rerum blanditiis. Omnis repudiandae corporis aut non et. Velit voluptatibus dolor omnis qui omnis sapiente.', 248, '2024-09-17 02:24:04', '2024-09-17 02:24:04'),
(743, 'Dolorem id nesciunt fuga.', 'Minus voluptatem et sapiente. Dignissimos sunt consectetur et necessitatibus. Dolor ducimus ea laboriosam rerum quaerat.', 248, '2024-09-17 02:24:04', '2024-09-17 02:24:04'),
(744, 'Est eius consequatur eligendi.', 'Doloribus omnis excepturi hic. Earum fugiat sint similique. Aut ut et ea expedita.', 248, '2024-09-17 02:24:04', '2024-09-17 02:24:04'),
(745, 'Minus vel omnis aspernatur.', 'Voluptate odit qui magni saepe iure. Repellendus esse est totam est et earum omnis. Numquam corporis animi consequatur tenetur facere odio maiores.', 249, '2024-09-17 02:24:04', '2024-09-17 02:24:04'),
(746, 'Modi dolor autem incidunt.', 'Magnam assumenda iusto ad ad. Delectus veniam saepe possimus impedit quia vero voluptatem. Architecto magni similique aut iusto soluta.', 249, '2024-09-17 02:24:04', '2024-09-17 02:24:04'),
(747, 'Maiores est possimus.', 'Earum voluptas voluptas ut ipsum. Ullam aperiam voluptatem error atque praesentium et saepe error. Magnam neque nulla necessitatibus tempore recusandae blanditiis laudantium.', 249, '2024-09-17 02:24:04', '2024-09-17 02:24:04'),
(748, 'Placeat quia est repellat.', 'Id et exercitationem voluptatem voluptatem. Est consequatur natus deleniti molestias aliquam. Harum voluptatibus consequatur consectetur sapiente amet.', 250, '2024-09-17 02:24:04', '2024-09-17 02:24:04'),
(749, 'Nesciunt quisquam neque.', 'Ipsa inventore cumque dolores voluptatem commodi quos aliquam. Voluptatibus excepturi ipsa sed quos itaque amet. In qui ea saepe veritatis omnis sint ut.', 250, '2024-09-17 02:24:04', '2024-09-17 02:24:04'),
(750, 'Deleniti facere quibusdam illum.', 'Ea est quam facilis. Dolorem blanditiis quia doloremque consequatur nostrum et. Possimus perspiciatis et aut sint veritatis harum reiciendis atque.', 250, '2024-09-17 02:24:04', '2024-09-17 02:24:04'),
(751, 'Repellendus qui et quia.', 'Similique omnis molestias minus quaerat quis quis. Est est aut ad consequatur asperiores dolorem nihil eaque. Suscipit natus enim excepturi libero praesentium illo.', 251, '2024-09-17 02:24:04', '2024-09-17 02:24:04'),
(752, 'Animi dicta incidunt.', 'Ea odit voluptate perferendis inventore. Mollitia nesciunt non nihil omnis. Velit aut facilis mollitia omnis numquam.', 251, '2024-09-17 02:24:04', '2024-09-17 02:24:04'),
(753, 'Veritatis qui dolorem consectetur.', 'Voluptatem qui id dolores aspernatur error. Labore optio ducimus cum velit. Sit eligendi aut est aut ut alias sit aliquid.', 251, '2024-09-17 02:24:04', '2024-09-17 02:24:04'),
(754, 'Cumque in.', 'Corporis aut et consequatur rerum. Quis voluptatem sit et eum esse architecto. Accusamus officia aut quia earum sed.', 252, '2024-09-17 02:24:04', '2024-09-17 02:24:04'),
(755, 'Ea eveniet accusamus.', 'Quo tenetur nulla laudantium omnis exercitationem expedita. Eveniet ipsam corrupti sunt et perferendis. Fugiat vel vitae quia.', 252, '2024-09-17 02:24:04', '2024-09-17 02:24:04'),
(756, 'Ipsum voluptatem eveniet.', 'Delectus perspiciatis non ex reprehenderit voluptatibus. Aut nulla laborum eos quo. Eos itaque dolorem cum atque modi.', 252, '2024-09-17 02:24:04', '2024-09-17 02:24:04'),
(757, 'Provident qui aperiam deleniti aut.', 'Expedita nihil sed illum quis. Laboriosam eos beatae ducimus esse quo ab sequi. Perferendis officia beatae facere nihil eaque et non quasi.', 253, '2024-09-17 02:24:04', '2024-09-17 02:24:04'),
(758, 'Amet rem voluptas.', 'Sint repellendus dolores possimus optio ut necessitatibus. Deserunt quia tenetur aut vitae fugit beatae qui. Possimus quibusdam animi ad.', 253, '2024-09-17 02:24:04', '2024-09-17 02:24:04'),
(759, 'Minima quia ipsum inventore tempora.', 'Quasi error laborum est molestias occaecati eos. Et ipsam omnis quos. Dolore voluptates dolorem maxime et quas earum commodi.', 253, '2024-09-17 02:24:04', '2024-09-17 02:24:04'),
(760, 'Ipsam fugiat incidunt.', 'Incidunt vel rerum aut facere accusantium. Voluptatibus et numquam similique aliquam enim aut. Rerum magni est est molestiae voluptas tenetur.', 254, '2024-09-17 02:24:04', '2024-09-17 02:24:04'),
(761, 'Nemo quod reiciendis repellendus.', 'Officiis ea eveniet in nesciunt est. Nisi voluptates saepe aliquid recusandae. Dolorem sunt fugiat est qui eos.', 254, '2024-09-17 02:24:04', '2024-09-17 02:24:04'),
(762, 'Non aliquid.', 'Fugiat ut consequatur ut sit. Sint ipsum rem impedit. Libero deleniti tempore aperiam qui facere fugiat.', 254, '2024-09-17 02:24:04', '2024-09-17 02:24:04'),
(763, 'Provident nulla odio.', 'Sit illum aperiam in rerum. Quo rerum consequatur non et rerum ut. Quas et incidunt sed dolores.', 255, '2024-09-17 02:24:04', '2024-09-17 02:24:04'),
(764, 'Expedita suscipit ad.', 'Sequi corrupti ducimus eligendi nesciunt sunt. Ab labore modi molestias necessitatibus necessitatibus soluta. Asperiores rem qui esse aut iure expedita.', 255, '2024-09-17 02:24:04', '2024-09-17 02:24:04'),
(765, 'Mollitia dolores et.', 'Sed officiis ea dolorem repellat iusto corrupti qui occaecati. Iure repellendus dolorem nulla dolores. Ex commodi soluta quaerat quas ut sunt nemo.', 255, '2024-09-17 02:24:04', '2024-09-17 02:24:04'),
(766, 'Ipsam reprehenderit nihil.', 'Incidunt libero in et assumenda assumenda praesentium porro. Dolorem mollitia et sunt. Aut aut assumenda dolorem ducimus sed sit nam.', 256, '2024-09-17 02:24:04', '2024-09-17 02:24:04'),
(767, 'Nisi rerum delectus occaecati.', 'Eveniet et ut provident culpa aut. Vel eos quis enim quo. Accusamus est sapiente nobis consequatur.', 256, '2024-09-17 02:24:04', '2024-09-17 02:24:04'),
(768, 'Magni alias recusandae quo.', 'Soluta enim veritatis optio accusantium. Non at non voluptas illo deleniti similique minus. Laudantium ipsa et nisi ipsa vel.', 256, '2024-09-17 02:24:04', '2024-09-17 02:24:04'),
(769, 'Quod velit dolores omnis.', 'Et consequatur ea molestiae harum voluptatem amet ipsa. Minima sit voluptas facilis vitae et quod ab. Non est quidem libero a tempora.', 257, '2024-09-17 02:24:04', '2024-09-17 02:24:04'),
(770, 'Eos rerum aliquid et.', 'Consequatur est dolore ipsum aut aliquid corporis sit blanditiis. Sit voluptatibus perferendis consectetur voluptatem cupiditate dignissimos asperiores. Quos mollitia nihil corrupti dignissimos delectus autem.', 257, '2024-09-17 02:24:04', '2024-09-17 02:24:04'),
(771, 'Molestiae reiciendis.', 'Sed vitae sint error deleniti sit cum id. Reprehenderit similique numquam sit dolor. Sunt molestiae nostrum non ipsam dignissimos hic aut.', 257, '2024-09-17 02:24:04', '2024-09-17 02:24:04'),
(772, 'Doloribus perspiciatis dicta.', 'Minus corrupti possimus et et suscipit. Illum aut quia voluptatem velit. Earum libero ipsam aut.', 258, '2024-09-17 02:24:04', '2024-09-17 02:24:04'),
(773, 'Autem facilis.', 'Amet numquam voluptatibus quia. Sunt vel aspernatur aut. Veritatis facilis at temporibus hic.', 258, '2024-09-17 02:24:04', '2024-09-17 02:24:04'),
(774, 'Ut sed et voluptas.', 'Non consectetur debitis aut sed ipsum. Neque ut velit occaecati excepturi molestiae. Ut excepturi voluptatibus aut non itaque cumque.', 258, '2024-09-17 02:24:04', '2024-09-17 02:24:04'),
(775, 'Delectus consequatur eum.', 'Quis qui ut aliquid. Magnam ullam aut ex at excepturi. Quo autem quam quasi consequatur.', 259, '2024-09-17 02:24:04', '2024-09-17 02:24:04'),
(776, 'Iusto temporibus doloribus in.', 'Rerum debitis odit ratione consequatur nihil. Aut sed officia iusto explicabo hic aut nemo. Illum ab eius voluptates eos ut.', 259, '2024-09-17 02:24:04', '2024-09-17 02:24:04'),
(777, 'Aut expedita sit optio.', 'Est quis ut nam harum nam ut unde. Ullam ea praesentium dolor dignissimos reiciendis fugit commodi. Quas ullam quo dolorum error.', 259, '2024-09-17 02:24:04', '2024-09-17 02:24:04'),
(778, 'Recusandae aspernatur delectus.', 'Nemo repellendus veniam sequi eos. Reprehenderit qui sunt voluptate molestiae non dignissimos amet omnis. Quos quia enim enim incidunt.', 260, '2024-09-17 02:24:04', '2024-09-17 02:24:04'),
(779, 'Nisi fugiat maxime.', 'Ipsa magnam architecto possimus rerum sit soluta ea. Ratione tenetur facere ut sed. Ducimus asperiores delectus dolorem mollitia aut et.', 260, '2024-09-17 02:24:04', '2024-09-17 02:24:04'),
(780, 'Magni mollitia voluptatem non.', 'Consectetur excepturi eius error facilis inventore occaecati. Aperiam doloribus corrupti est et. Maiores quo ipsam eius qui exercitationem id.', 260, '2024-09-17 02:24:04', '2024-09-17 02:24:04'),
(781, 'Voluptatibus incidunt.', 'Voluptatem at nihil ea totam dicta voluptates placeat laboriosam. Ex est reiciendis sapiente ut natus rerum dolorem. Distinctio distinctio occaecati aut nihil.', 261, '2024-09-17 02:24:04', '2024-09-17 02:24:04'),
(782, 'Non autem ut.', 'Suscipit officiis ullam dolor explicabo et dolores ut. Omnis officiis quia est rerum neque et. Non esse explicabo in architecto maiores laudantium.', 261, '2024-09-17 02:24:04', '2024-09-17 02:24:04'),
(783, 'Repellendus est animi.', 'Et corporis sapiente voluptatem. Est vero sunt sunt id et. Aut dolorum sint aut dolor sit consectetur.', 261, '2024-09-17 02:24:04', '2024-09-17 02:24:04'),
(784, 'Qui aut et.', 'Aperiam autem est fuga minima non minima culpa. Aut nostrum a officiis voluptates fugit commodi occaecati. Repellat libero sunt ipsa beatae praesentium in.', 262, '2024-09-17 02:24:04', '2024-09-17 02:24:04'),
(785, 'Doloribus perspiciatis ad.', 'Vel ducimus doloremque illum iure eum sunt blanditiis. Blanditiis rerum dicta et sapiente. Mollitia sint dolores sit sunt eius.', 262, '2024-09-17 02:24:04', '2024-09-17 02:24:04'),
(786, 'Accusantium culpa praesentium non.', 'Consectetur voluptate et omnis est corporis amet. Non et animi reprehenderit et quasi. Officia saepe est blanditiis alias.', 262, '2024-09-17 02:24:04', '2024-09-17 02:24:04'),
(787, 'Hic est voluptatem aut.', 'Non aut deleniti illum culpa. Sunt eligendi et impedit dolor in. Adipisci sapiente placeat consectetur asperiores.', 263, '2024-09-17 02:24:04', '2024-09-17 02:24:04'),
(788, 'Omnis deserunt enim numquam.', 'Facere veritatis vitae eos dolorem velit. Fuga aliquam magni sunt facilis incidunt temporibus. Architecto sequi dolorem voluptatum ullam aut.', 263, '2024-09-17 02:24:04', '2024-09-17 02:24:04'),
(789, 'Inventore necessitatibus omnis debitis.', 'Voluptas ratione fugit et eaque eius modi. Fugit maxime veritatis quaerat dicta. Dolorem nisi voluptates tempore doloremque ea ut est.', 263, '2024-09-17 02:24:04', '2024-09-17 02:24:04'),
(790, 'Nihil delectus non omnis iste.', 'Autem amet vel et blanditiis et voluptas. Non non sequi est. Soluta sit doloremque consequuntur fugiat.', 264, '2024-09-17 02:24:04', '2024-09-17 02:24:04'),
(791, 'Id minima laudantium qui.', 'Debitis rerum et necessitatibus quidem. Dolores nostrum sit quas tenetur qui. Architecto quia voluptas et sed amet deleniti praesentium.', 264, '2024-09-17 02:24:04', '2024-09-17 02:24:04'),
(792, 'Et dolor beatae.', 'Consequatur omnis nisi placeat mollitia illo ad. Iusto eum odio sunt qui aut. Quis id aspernatur quis omnis atque aut.', 264, '2024-09-17 02:24:04', '2024-09-17 02:24:04'),
(793, 'Quae quia.', 'Voluptatem sint beatae ipsa. Iste nemo omnis dolores. Quae beatae et deleniti nesciunt hic.', 265, '2024-09-17 02:24:04', '2024-09-17 02:24:04'),
(794, 'Totam id ex et.', 'Atque doloremque veritatis provident amet dolore aut dolorum autem. Perferendis autem quidem quod omnis dolorem. Ut libero quod ut aspernatur repellat et.', 265, '2024-09-17 02:24:04', '2024-09-17 02:24:04'),
(795, 'Laborum voluptatibus pariatur.', 'Sed mollitia quo rerum nemo voluptatem totam. Libero itaque doloremque voluptates officiis in. Laboriosam cupiditate ut voluptatibus omnis.', 265, '2024-09-17 02:24:04', '2024-09-17 02:24:04');

-- --------------------------------------------------------

--
-- Структура таблиці `companies`
--

CREATE TABLE `companies` (
  `id` int UNSIGNED NOT NULL,
  `title` varchar(255) COLLATE utf8mb4_unicode_ci NOT NULL,
  `slug` varchar(255) COLLATE utf8mb4_unicode_ci NOT NULL,
  `created_at` timestamp NULL DEFAULT NULL,
  `updated_at` timestamp NULL DEFAULT NULL
) ENGINE=InnoDB DEFAULT CHARSET=utf8mb4 COLLATE=utf8mb4_unicode_ci;

--
-- Дамп даних таблиці `companies`
--

INSERT INTO `companies` (`id`, `title`, `slug`, `created_at`, `updated_at`) VALUES
(1, '1492 Pictures', '1492-pictures', '2024-09-17 02:23:46', '2024-09-17 02:23:46'),
(2, '20th Century Fox', '20th-century-fox', '2024-09-17 02:23:46', '2024-09-17 02:23:46'),
(3, '3 Arts Entertainment', '3-arts-entertainment', '2024-09-17 02:23:46', '2024-09-17 02:23:46'),
(4, '3 in the Box', '3-in-the-box', '2024-09-17 02:23:46', '2024-09-17 02:23:46'),
(5, '5150 Action', '5150-action', '2024-09-17 02:23:46', '2024-09-17 02:23:46'),
(6, '87Eleven', '87eleven', '2024-09-17 02:23:46', '2024-09-17 02:23:46'),
(7, 'A Band Apart', 'a-band-apart', '2024-09-17 02:23:46', '2024-09-17 02:23:46'),
(8, 'AAC Kids', 'aac-kids', '2024-09-17 02:23:46', '2024-09-17 02:23:46'),
(9, 'ABC', 'abc', '2024-09-17 02:23:46', '2024-09-17 02:23:46'),
(10, 'Abominable Pictures', 'abominable-pictures', '2024-09-17 02:23:46', '2024-09-17 02:23:46'),
(11, 'AFG Talons Productions', 'afg-talons-productions', '2024-09-17 02:23:46', '2024-09-17 02:23:46'),
(12, 'Aggregate Films', 'aggregate-films', '2024-09-17 02:23:46', '2024-09-17 02:23:46'),
(13, 'Alcon Entertainment', 'alcon-entertainment', '2024-09-17 02:23:46', '2024-09-17 02:23:46'),
(14, 'Aldamisa Entertainment', 'aldamisa-entertainment', '2024-09-17 02:23:46', '2024-09-17 02:23:46'),
(15, 'Alien Productions', 'alien-productions', '2024-09-17 02:23:46', '2024-09-17 02:23:46'),
(16, 'Alliance Communications Corporation', 'alliance-communications-corporation', '2024-09-17 02:23:46', '2024-09-17 02:23:46'),
(17, 'Allied Filmmakers', 'allied-filmmakers', '2024-09-17 02:23:46', '2024-09-17 02:23:46'),
(18, 'Allison Shearmur Productions', 'allison-shearmur-productions', '2024-09-17 02:23:46', '2024-09-17 02:23:46'),
(19, 'Ambience Entertainment', 'ambience-entertainment', '2024-09-17 02:23:46', '2024-09-17 02:23:46'),
(20, 'Amblin', 'amblin', '2024-09-17 02:23:46', '2024-09-17 02:23:46'),
(21, 'Amercent Films', 'amercent-films', '2024-09-17 02:23:46', '2024-09-17 02:23:46'),
(22, 'American Empirical Pictures', 'american-empirical-pictures', '2024-09-17 02:23:46', '2024-09-17 02:23:46'),
(23, 'American Entertainment Partners L.P.', 'american-entertainment-partners-lp', '2024-09-17 02:23:46', '2024-09-17 02:23:46'),
(24, 'Amigos de Garcia Productions', 'amigos-de-garcia-productions', '2024-09-17 02:23:46', '2024-09-17 02:23:46'),
(25, 'Anabasis N.V.', 'anabasis-nv', '2024-09-17 02:23:46', '2024-09-17 02:23:46'),
(26, 'Andrzej Bartkowiak Films', 'andrzej-bartkowiak-films', '2024-09-17 02:23:46', '2024-09-17 02:23:46'),
(27, 'Apatow Productions', 'apatow-productions', '2024-09-17 02:23:46', '2024-09-17 02:23:46'),
(28, 'Apipoulai', 'apipoulai', '2024-09-17 02:23:46', '2024-09-17 02:23:46'),
(29, 'ARP Selection', 'arp-selection', '2024-09-17 02:23:46', '2024-09-17 02:23:46'),
(30, 'Artistes Associés', 'artistes-associes', '2024-09-17 02:23:46', '2024-09-17 02:23:46'),
(31, 'Artists First', 'artists-first', '2024-09-17 02:23:46', '2024-09-17 02:23:46'),
(32, 'AR-TL', 'ar-tl', '2024-09-17 02:23:46', '2024-09-17 02:23:46'),
(33, 'Astral Programming Enterprises', 'astral-programming-enterprises', '2024-09-17 02:23:46', '2024-09-17 02:23:46'),
(34, 'Atman Entertainment', 'atman-entertainment', '2024-09-17 02:23:46', '2024-09-17 02:23:46'),
(35, 'Atmosphere Entertainment MM', 'atmosphere-entertainment-mm', '2024-09-17 02:23:46', '2024-09-17 02:23:46'),
(36, 'Avary', 'avary', '2024-09-17 02:23:46', '2024-09-17 02:23:46'),
(37, 'Avi Arad Productions', 'avi-arad-productions', '2024-09-17 02:23:46', '2024-09-17 02:23:46'),
(38, 'Babylonian Productions', 'babylonian-productions', '2024-09-17 02:23:46', '2024-09-17 02:23:46'),
(39, 'Bad Robot', 'bad-robot', '2024-09-17 02:23:46', '2024-09-17 02:23:46'),
(40, 'Balcor Film Investors', 'balcor-film-investors', '2024-09-17 02:23:46', '2024-09-17 02:23:46'),
(41, 'Baltimore Pictures', 'baltimore-pictures', '2024-09-17 02:23:46', '2024-09-17 02:23:46'),
(42, 'Baltimore Spring Creek Productions', 'baltimore-spring-creek-productions', '2024-09-17 02:23:46', '2024-09-17 02:23:46'),
(43, 'Battlefield Productions LLC', 'battlefield-productions-llc', '2024-09-17 02:23:46', '2024-09-17 02:23:46'),
(44, 'Bays Thomas Productions', 'bays-thomas-productions', '2024-09-17 02:23:46', '2024-09-17 02:23:46'),
(45, 'BBC Wales', 'bbc-wales', '2024-09-17 02:23:46', '2024-09-17 02:23:46'),
(46, 'Belisarius Productions', 'belisarius-productions', '2024-09-17 02:23:46', '2024-09-17 02:23:46'),
(47, 'Belvision', 'belvision', '2024-09-17 02:23:46', '2024-09-17 02:23:46'),
(48, 'BenderSpink', 'benderspink', '2024-09-17 02:23:46', '2024-09-17 02:23:46'),
(49, 'Black Hangar Studios', 'black-hangar-studios', '2024-09-17 02:23:46', '2024-09-17 02:23:46'),
(50, 'Black Rhino Productions', 'black-rhino-productions', '2024-09-17 02:23:46', '2024-09-17 02:23:46'),
(51, 'Blackjack Films', 'blackjack-films', '2024-09-17 02:23:46', '2024-09-17 02:23:46'),
(52, 'Blue Tulip Productions', 'blue-tulip-productions', '2024-09-17 02:23:46', '2024-09-17 02:23:46'),
(53, 'Bluebush Productions', 'bluebush-productions', '2024-09-17 02:23:46', '2024-09-17 02:23:46'),
(54, 'Blumhouse Productions', 'blumhouse-productions', '2024-09-17 02:23:46', '2024-09-17 02:23:46'),
(55, 'Boies/Schiller Film Group', 'boiesschiller-film-group', '2024-09-17 02:23:46', '2024-09-17 02:23:46'),
(56, 'Boy of the Year', 'boy-of-the-year', '2024-09-17 02:23:46', '2024-09-17 02:23:46'),
(57, 'BPS Babelsberg Production ', 'bps-babelsberg-production', '2024-09-17 02:23:46', '2024-09-17 02:23:46'),
(58, 'Brad Grey Pictures', 'brad-grey-pictures', '2024-09-17 02:23:46', '2024-09-17 02:23:46'),
(59, 'Braveworld Productions', 'braveworld-productions', '2024-09-17 02:23:46', '2024-09-17 02:23:46'),
(60, 'Bright/Kauffman/Crane Productions', 'brightkauffmancrane-productions', '2024-09-17 02:23:46', '2024-09-17 02:23:46'),
(61, 'Brillstein-Grey Entertainment', 'brillstein-grey-entertainment', '2024-09-17 02:23:46', '2024-09-17 02:23:46'),
(62, 'Broadway Pictures', 'broadway-pictures', '2024-09-17 02:23:46', '2024-09-17 02:23:46'),
(63, 'Brooklyn Films II', 'brooklyn-films-ii', '2024-09-17 02:23:46', '2024-09-17 02:23:46'),
(64, 'C-2 Pictures', 'c-2-pictures', '2024-09-17 02:23:46', '2024-09-17 02:23:46'),
(65, 'Camelot Pictures', 'camelot-pictures', '2024-09-17 02:23:46', '2024-09-17 02:23:46'),
(66, 'Canal+', 'canal', '2024-09-17 02:23:46', '2024-09-17 02:23:46'),
(67, 'Capella International', 'capella-international', '2024-09-17 02:23:46', '2024-09-17 02:23:46'),
(68, 'Carolco Pictures', 'carolco-pictures', '2024-09-17 02:23:46', '2024-09-17 02:23:46'),
(69, 'Cartoon Network Studios', 'cartoon-network-studios', '2024-09-17 02:23:46', '2024-09-17 02:23:46'),
(70, 'Castle Rock Entertainment', 'castle-rock-entertainment', '2024-09-17 02:23:46', '2024-09-17 02:23:46'),
(71, 'CBS', 'cbs', '2024-09-17 02:23:46', '2024-09-17 02:23:46'),
(72, 'Centre national du cinéma et de l’image animée (CNC)', 'centre-national-du-cinema-et-de-limage-animee-cnc', '2024-09-17 02:23:46', '2024-09-17 02:23:46'),
(73, 'Challenge Film Corporation Entertainment', 'challenge-film-corporation-entertainment', '2024-09-17 02:23:46', '2024-09-17 02:23:46'),
(74, 'Cheyenne Enterprises', 'cheyenne-enterprises', '2024-09-17 02:23:46', '2024-09-17 02:23:46'),
(75, 'Chris Lee Productions', 'chris-lee-productions', '2024-09-17 02:23:46', '2024-09-17 02:23:46'),
(76, 'Chum Television', 'chum-television', '2024-09-17 02:23:46', '2024-09-17 02:23:46'),
(77, 'CINAR', 'cinar', '2024-09-17 02:23:46', '2024-09-17 02:23:46'),
(78, 'Ciné+', 'cine', '2024-09-17 02:23:46', '2024-09-17 02:23:46'),
(79, 'Cinema 84', 'cinema-84', '2024-09-17 02:23:46', '2024-09-17 02:23:46'),
(80, 'Cinergi Pictures Entertainment Inc.', 'cinergi-pictures-entertainment-inc', '2024-09-17 02:23:46', '2024-09-17 02:23:46'),
(81, 'Cinevent', 'cinevent', '2024-09-17 02:23:46', '2024-09-17 02:23:46'),
(82, 'Cinevision', 'cinevision', '2024-09-17 02:23:46', '2024-09-17 02:23:46'),
(83, 'Circus Production', 'circus-production', '2024-09-17 02:23:46', '2024-09-17 02:23:46'),
(84, 'Clearwater Holdings', 'clearwater-holdings', '2024-09-17 02:23:46', '2024-09-17 02:23:46'),
(85, 'Cloud Nine Entertainment', 'cloud-nine-entertainment', '2024-09-17 02:23:46', '2024-09-17 02:23:46'),
(86, 'Cold Spring Pictures', 'cold-spring-pictures', '2024-09-17 02:23:46', '2024-09-17 02:23:46'),
(87, 'Columbia Pictures', 'columbia-pictures', '2024-09-17 02:23:46', '2024-09-17 02:23:46'),
(88, 'Contrafilm', 'contrafilm', '2024-09-17 02:23:46', '2024-09-17 02:23:46'),
(89, 'Cruel and Unusual Films', 'cruel-and-unusual-films', '2024-09-17 02:23:46', '2024-09-17 02:23:46'),
(90, 'Cruise/Wagner Productions', 'cruisewagner-productions', '2024-09-17 02:23:46', '2024-09-17 02:23:46'),
(91, 'Crystal Sky Pictures', 'crystal-sky-pictures', '2024-09-17 02:23:46', '2024-09-17 02:23:46'),
(92, 'Curiosity Company', 'curiosity-company', '2024-09-17 02:23:46', '2024-09-17 02:23:46'),
(93, 'Current Entertainment', 'current-entertainment', '2024-09-17 02:23:46', '2024-09-17 02:23:46'),
(94, 'Da Ma Produzione', 'da-ma-produzione', '2024-09-17 02:23:46', '2024-09-17 02:23:46'),
(95, 'Dakota Pictures', 'dakota-pictures', '2024-09-17 02:23:46', '2024-09-17 02:23:46'),
(96, 'Dan Curtis Productions', 'dan-curtis-productions', '2024-09-17 02:23:46', '2024-09-17 02:23:46'),
(97, 'Dargaud', 'dargaud', '2024-09-17 02:23:46', '2024-09-17 02:23:46'),
(98, 'Dark Horse Entertainment', 'dark-horse-entertainment', '2024-09-17 02:23:46', '2024-09-17 02:23:46'),
(99, 'Davis Entertainment', 'davis-entertainment', '2024-09-17 02:23:46', '2024-09-17 02:23:46'),
(100, 'Davis-Films', 'davis-films', '2024-09-17 02:23:46', '2024-09-17 02:23:46'),
(101, 'Davis-Panzer Productions', 'davis-panzer-productions', '2024-09-17 02:23:46', '2024-09-17 02:23:46'),
(102, 'DC Comics', 'dc-comics', '2024-09-17 02:23:46', '2024-09-17 02:23:46'),
(103, 'DefyNite Films', 'defynite-films', '2024-09-17 02:23:46', '2024-09-17 02:23:46'),
(104, 'Delphi', 'delphi', '2024-09-17 02:23:46', '2024-09-17 02:23:46'),
(105, 'Dentsu', 'dentsu', '2024-09-17 02:23:46', '2024-09-17 02:23:46'),
(106, 'Di Bonaventura Pictures', 'di-bonaventura-pictures', '2024-09-17 02:23:46', '2024-09-17 02:23:46'),
(107, 'DIC Entertainment', 'dic-entertainment', '2024-09-17 02:23:46', '2024-09-17 02:23:46'),
(108, 'Digital Factory', 'digital-factory', '2024-09-17 02:23:46', '2024-09-17 02:23:46'),
(109, 'Dimension Films', 'dimension-films', '2024-09-17 02:23:46', '2024-09-17 02:23:46'),
(110, 'Distant Planet Productions Ltd.', 'distant-planet-productions-ltd', '2024-09-17 02:23:46', '2024-09-17 02:23:46'),
(111, 'Don Carmody Productions', 'don-carmody-productions', '2024-09-17 02:23:46', '2024-09-17 02:23:46'),
(112, 'Donners Company', 'donners-company', '2024-09-17 02:23:46', '2024-09-17 02:23:46'),
(113, 'Doom Productions Ltd.', 'doom-productions-ltd', '2024-09-17 02:23:46', '2024-09-17 02:23:46'),
(114, 'Doozer Productions', 'doozer-productions', '2024-09-17 02:23:46', '2024-09-17 02:23:46'),
(115, 'Dream Entertainment', 'dream-entertainment', '2024-09-17 02:23:46', '2024-09-17 02:23:46'),
(116, 'DreamWorks', 'dreamworks', '2024-09-17 02:23:46', '2024-09-17 02:23:46'),
(117, 'Dune Entertainment', 'dune-entertainment', '2024-09-17 02:23:46', '2024-09-17 02:23:46'),
(118, 'Eclipse Catering', 'eclipse-catering', '2024-09-17 02:23:46', '2024-09-17 02:23:46'),
(119, 'Eddie Murphy Productions', 'eddie-murphy-productions', '2024-09-17 02:23:46', '2024-09-17 02:23:46'),
(120, 'El Corazon Producciones S.A.', 'el-corazon-producciones-sa', '2024-09-17 02:23:46', '2024-09-17 02:23:46'),
(121, 'Elcajo Productions', 'elcajo-productions', '2024-09-17 02:23:46', '2024-09-17 02:23:46'),
(122, 'Electric Avenue', 'electric-avenue', '2024-09-17 02:23:46', '2024-09-17 02:23:46'),
(123, 'EM.TV & Merchandising AG', 'emtv-merchandising-ag', '2024-09-17 02:23:46', '2024-09-17 02:23:46'),
(124, 'Emmett/Furla/Oasis Films (EFO Films)', 'emmettfurlaoasis-films-efo-films', '2024-09-17 02:23:46', '2024-09-17 02:23:46'),
(125, 'Envision Entertainment Corporation', 'envision-entertainment-corporation', '2024-09-17 02:23:46', '2024-09-17 02:23:46'),
(126, 'Epsilon Motion Pictures', 'epsilon-motion-pictures', '2024-09-17 02:23:46', '2024-09-17 02:23:46'),
(127, 'Erics Boy', 'erics-boy', '2024-09-17 02:23:46', '2024-09-17 02:23:46'),
(128, 'ESC Entertainment', 'esc-entertainment', '2024-09-17 02:23:46', '2024-09-17 02:23:46'),
(129, 'Euro Film Funding', 'euro-film-funding', '2024-09-17 02:23:46', '2024-09-17 02:23:46'),
(130, 'EuropaCorp', 'europacorp', '2024-09-17 02:23:46', '2024-09-17 02:23:46'),
(131, 'Everyman Pictures', 'everyman-pictures', '2024-09-17 02:23:46', '2024-09-17 02:23:46'),
(132, 'Extrafilm Produktion', 'extrafilm-produktion', '2024-09-17 02:23:46', '2024-09-17 02:23:46'),
(133, 'Fair Film', 'fair-film', '2024-09-17 02:23:46', '2024-09-17 02:23:46'),
(134, 'Fairview Entertainment', 'fairview-entertainment', '2024-09-17 02:23:46', '2024-09-17 02:23:46'),
(135, 'Famous Studios', 'famous-studios', '2024-09-17 02:23:46', '2024-09-17 02:23:46'),
(136, 'Feigco Entertainment', 'feigco-entertainment', '2024-09-17 02:23:46', '2024-09-17 02:23:46'),
(137, 'Film Workshop', 'film-workshop', '2024-09-17 02:23:46', '2024-09-17 02:23:46'),
(138, 'Filmauro', 'filmauro', '2024-09-17 02:23:46', '2024-09-17 02:23:46'),
(139, 'FilmDistrict', 'filmdistrict', '2024-09-17 02:23:46', '2024-09-17 02:23:46'),
(140, 'FilmEngine', 'filmengine', '2024-09-17 02:23:46', '2024-09-17 02:23:46'),
(141, 'Filmline International Inc.', 'filmline-international-inc', '2024-09-17 02:23:46', '2024-09-17 02:23:46'),
(142, 'Filmtribe', 'filmtribe', '2024-09-17 02:23:46', '2024-09-17 02:23:46'),
(143, 'Fireworks Entertainment', 'fireworks-entertainment', '2024-09-17 02:23:46', '2024-09-17 02:23:46'),
(144, 'Fireworks Pictures', 'fireworks-pictures', '2024-09-17 02:23:46', '2024-09-17 02:23:46'),
(145, 'Five Star Feature Films', 'five-star-feature-films', '2024-09-17 02:23:46', '2024-09-17 02:23:46'),
(146, 'Flynn Picture Company', 'flynn-picture-company', '2024-09-17 02:23:46', '2024-09-17 02:23:46'),
(147, 'Forecast Pictures', 'forecast-pictures', '2024-09-17 02:23:46', '2024-09-17 02:23:46'),
(148, 'FPT Group', 'fpt-group', '2024-09-17 02:23:46', '2024-09-17 02:23:46'),
(149, 'FR3', 'fr3', '2024-09-17 02:23:46', '2024-09-17 02:23:46'),
(150, 'France 2 (FR2)', 'france-2-fr2', '2024-09-17 02:23:46', '2024-09-17 02:23:46'),
(151, 'France 3', 'france-3', '2024-09-17 02:23:46', '2024-09-17 02:23:46'),
(152, 'Franchise Pictures', 'franchise-pictures', '2024-09-17 02:23:46', '2024-09-17 02:23:46'),
(153, 'Fred Wolf Films', 'fred-wolf-films', '2024-09-17 02:23:46', '2024-09-17 02:23:46'),
(154, 'Fremantle Productions', 'fremantle-productions', '2024-09-17 02:23:46', '2024-09-17 02:23:46'),
(155, 'Gary Nardino Productions', 'gary-nardino-productions', '2024-09-17 02:23:46', '2024-09-17 02:23:46'),
(156, 'Gary Sanchez Productions', 'gary-sanchez-productions', '2024-09-17 02:23:46', '2024-09-17 02:23:46'),
(157, 'Gaumont', 'gaumont', '2024-09-17 02:23:46', '2024-09-17 02:23:46'),
(158, 'Gene Deitch Associates', 'gene-deitch-associates', '2024-09-17 02:23:46', '2024-09-17 02:23:46'),
(159, 'Gerald Ray Studios', 'gerald-ray-studios', '2024-09-17 02:23:46', '2024-09-17 02:23:46'),
(160, 'GHS Productions KG', 'ghs-productions-kg', '2024-09-17 02:23:46', '2024-09-17 02:23:46'),
(161, 'GK Films', 'gk-films', '2024-09-17 02:23:46', '2024-09-17 02:23:46'),
(162, 'Glen A. Larson Productions', 'glen-a-larson-productions', '2024-09-17 02:23:46', '2024-09-17 02:23:46'),
(163, 'Gold/Miller Productions', 'goldmiller-productions', '2024-09-17 02:23:46', '2024-09-17 02:23:46'),
(164, 'Goldcrest Pictures', 'goldcrest-pictures', '2024-09-17 02:23:46', '2024-09-17 02:23:46'),
(165, 'Golden Harvest Company Ltd.', 'golden-harvest-company-ltd', '2024-09-17 02:23:46', '2024-09-17 02:23:46'),
(166, 'Good Machine', 'good-machine', '2024-09-17 02:23:46', '2024-09-17 02:23:46'),
(167, 'Gordon Company', 'gordon-company', '2024-09-17 02:23:46', '2024-09-17 02:23:46'),
(168, 'GreeneStreet Films Inc.', 'greenestreet-films-inc', '2024-09-17 02:23:46', '2024-09-17 02:23:46'),
(169, 'Grouper Production', 'grouper-production', '2024-09-17 02:23:46', '2024-09-17 02:23:46'),
(170, 'H2S2 Filmproduktionsgesellschaft', 'h2s2-filmproduktionsgesellschaft', '2024-09-17 02:23:46', '2024-09-17 02:23:46'),
(171, 'Handmade Films Ltd.', 'handmade-films-ltd', '2024-09-17 02:23:46', '2024-09-17 02:23:46'),
(172, 'Hanna–Barbera', 'hanna-barbera', '2024-09-17 02:23:46', '2024-09-17 02:23:46'),
(173, 'Happy Madison', 'happy-madison', '2024-09-17 02:23:46', '2024-09-17 02:23:46'),
(174, 'Hartswood Films', 'hartswood-films', '2024-09-17 02:23:46', '2024-09-17 02:23:46'),
(175, 'HBO', 'hbo', '2024-09-17 02:23:46', '2024-09-17 02:23:46'),
(176, 'Helena Productions', 'helena-productions', '2024-09-17 02:23:46', '2024-09-17 02:23:46'),
(177, 'Helkon Media AG', 'helkon-media-ag', '2024-09-17 02:23:46', '2024-09-17 02:23:46'),
(178, 'Hemdale', 'hemdale', '2024-09-17 02:23:46', '2024-09-17 02:23:46'),
(179, 'Herzog-Cowen Entertainment', 'herzog-cowen-entertainment', '2024-09-17 02:23:46', '2024-09-17 02:23:46'),
(180, 'Hollywood Gang Productions', 'hollywood-gang-productions', '2024-09-17 02:23:46', '2024-09-17 02:23:46'),
(181, 'Hollywood Pictures', 'hollywood-pictures', '2024-09-17 02:23:46', '2024-09-17 02:23:46'),
(182, 'Hong Ying Animation Inc.', 'hong-ying-animation-inc', '2024-09-17 02:23:46', '2024-09-17 02:23:46'),
(183, 'Huayi Brothers Media', 'huayi-brothers-media', '2024-09-17 02:23:46', '2024-09-17 02:23:46'),
(184, 'Hughes Entertainment', 'hughes-entertainment', '2024-09-17 02:23:46', '2024-09-17 02:23:46'),
(185, 'IDDH', 'iddh', '2024-09-17 02:23:46', '2024-09-17 02:23:46'),
(186, 'IF Entertainment', 'if-entertainment', '2024-09-17 02:23:46', '2024-09-17 02:23:46'),
(187, 'Imagine Entertainment', 'imagine-entertainment', '2024-09-17 02:23:46', '2024-09-17 02:23:46'),
(188, 'Indian Paintbrush', 'indian-paintbrush', '2024-09-17 02:23:46', '2024-09-17 02:23:46'),
(189, 'Infinitum Nihil', 'infinitum-nihil', '2024-09-17 02:23:46', '2024-09-17 02:23:46'),
(190, 'Ingenious', 'ingenious', '2024-09-17 02:23:46', '2024-09-17 02:23:46'),
(191, 'Intermedia', 'intermedia', '2024-09-17 02:23:46', '2024-09-17 02:23:46'),
(192, 'InterStar', 'interstar', '2024-09-17 02:23:46', '2024-09-17 02:23:46'),
(193, 'Island Pictures', 'island-pictures', '2024-09-17 02:23:46', '2024-09-17 02:23:46'),
(194, 'Ivory Way Productions', 'ivory-way-productions', '2024-09-17 02:23:46', '2024-09-17 02:23:46'),
(195, 'J&M Entertainment', 'jm-entertainment', '2024-09-17 02:23:46', '2024-09-17 02:23:46'),
(196, 'Jack Kinney Productions', 'jack-kinney-productions', '2024-09-17 02:23:46', '2024-09-17 02:23:46'),
(197, 'Jax Media', 'jax-media', '2024-09-17 02:23:46', '2024-09-17 02:23:46'),
(198, 'Jay Ward Productions', 'jay-ward-productions', '2024-09-17 02:23:46', '2024-09-17 02:23:46'),
(199, 'Jerry Bruckheimer Films', 'jerry-bruckheimer-films', '2024-09-17 02:23:46', '2024-09-17 02:23:46'),
(200, 'Jerry Weintraub Productions', 'jerry-weintraub-productions', '2024-09-17 02:23:46', '2024-09-17 02:23:46'),
(201, 'Jocko Productions', 'jocko-productions', '2024-09-17 02:23:46', '2024-09-17 02:23:46'),
(202, 'John Wells Productions,', 'john-wells-productions', '2024-09-17 02:23:46', '2024-09-17 02:23:46'),
(203, 'JTP Films', 'jtp-films', '2024-09-17 02:23:46', '2024-09-17 02:23:46'),
(204, 'Judgemental Films', 'judgemental-films', '2024-09-17 02:23:46', '2024-09-17 02:23:46'),
(205, 'Katalyst Films', 'katalyst-films', '2024-09-17 02:23:46', '2024-09-17 02:23:46'),
(206, 'Keith Barish Productions', 'keith-barish-productions', '2024-09-17 02:23:46', '2024-09-17 02:23:46'),
(207, 'Kennedy/Marshall', 'kennedymarshall', '2024-09-17 02:23:46', '2024-09-17 02:23:46'),
(208, 'King Features Syndicate', 'king-features-syndicate', '2024-09-17 02:23:46', '2024-09-17 02:23:46'),
(209, 'Knickerbocker Films', 'knickerbocker-films', '2024-09-17 02:23:46', '2024-09-17 02:23:46'),
(210, 'Knock Films A.V.V.', 'knock-films-avv', '2024-09-17 02:23:46', '2024-09-17 02:23:46'),
(211, 'Kurtzman/Orci', 'kurtzmanorci', '2024-09-17 02:23:46', '2024-09-17 02:23:46'),
(212, 'Lakeshore Entertainment', 'lakeshore-entertainment', '2024-09-17 02:23:46', '2024-09-17 02:23:46'),
(213, 'Larry Harmon Pictures', 'larry-harmon-pictures', '2024-09-17 02:23:46', '2024-09-17 02:23:46'),
(214, 'Latina Pictures', 'latina-pictures', '2024-09-17 02:23:46', '2024-09-17 02:23:46'),
(215, 'Laura Ziskin Productions', 'laura-ziskin-productions', '2024-09-17 02:23:46', '2024-09-17 02:23:46'),
(216, 'Lawrence Gordon Productions ', 'lawrence-gordon-productions', '2024-09-17 02:23:46', '2024-09-17 02:23:46'),
(217, 'Le Grisbi Productions', 'le-grisbi-productions', '2024-09-17 02:23:46', '2024-09-17 02:23:46'),
(218, 'Leeloo Productions', 'leeloo-productions', '2024-09-17 02:23:46', '2024-09-17 02:23:46'),
(219, 'Legendary Pictures', 'legendary-pictures', '2024-09-17 02:23:46', '2024-09-17 02:23:46'),
(220, 'Les Productions ', 'les-productions', '2024-09-17 02:23:46', '2024-09-17 02:23:46'),
(221, 'Les studios Idéfix', 'les-studios-idefix', '2024-09-17 02:23:46', '2024-09-17 02:23:46'),
(222, 'Lightstorm Entertainment', 'lightstorm-entertainment', '2024-09-17 02:23:46', '2024-09-17 02:23:46'),
(223, 'Linson Films', 'linson-films', '2024-09-17 02:23:46', '2024-09-17 02:23:46'),
(224, 'Lionsgate', 'lionsgate', '2024-09-17 02:23:46', '2024-09-17 02:23:46'),
(225, 'LivePlanet', 'liveplanet', '2024-09-17 02:23:46', '2024-09-17 02:23:46'),
(226, 'Lorimar Television', 'lorimar-television', '2024-09-17 02:23:46', '2024-09-17 02:23:46'),
(227, 'Loumolo GmbH & Co. KG', 'loumolo-gmbh-co-kg', '2024-09-17 02:23:46', '2024-09-17 02:23:46'),
(228, 'Lucasfilm', 'lucasfilm', '2024-09-17 02:23:46', '2024-09-17 02:23:46'),
(229, 'Lucky Comics', 'lucky-comics', '2024-09-17 02:23:46', '2024-09-17 02:23:46'),
(230, 'M Prods', 'm-prods', '2024-09-17 02:23:46', '2024-09-17 02:23:46'),
(231, 'Magnolia Pictures', 'magnolia-pictures', '2024-09-17 02:23:46', '2024-09-17 02:23:46'),
(232, 'Major Studio Partners', 'major-studio-partners', '2024-09-17 02:23:46', '2024-09-17 02:23:46'),
(233, 'Mandeville Films', 'mandeville-films', '2024-09-17 02:23:46', '2024-09-17 02:23:46'),
(234, 'Many Rivers Productions', 'many-rivers-productions', '2024-09-17 02:23:46', '2024-09-17 02:23:46'),
(235, 'Maple Cage Productions', 'maple-cage-productions', '2024-09-17 02:23:46', '2024-09-17 02:23:46'),
(236, 'Marc Platt Productions', 'marc-platt-productions', '2024-09-17 02:23:46', '2024-09-17 02:23:46'),
(237, 'Mark Canton Productions', 'mark-canton-productions', '2024-09-17 02:23:46', '2024-09-17 02:23:46'),
(238, 'Marvel', 'marvel', '2024-09-17 02:23:46', '2024-09-17 02:23:46'),
(239, 'Masterpiece Theatre', 'masterpiece-theatre', '2024-09-17 02:23:46', '2024-09-17 02:23:46'),
(240, 'MCA Television', 'mca-television', '2024-09-17 02:23:46', '2024-09-17 02:23:46'),
(241, 'MDP Worldwide', 'mdp-worldwide', '2024-09-17 02:23:46', '2024-09-17 02:23:46'),
(242, 'Mediastream Film GmbH & Co. Productions KG', 'mediastream-film-gmbh-co-productions-kg', '2024-09-17 02:23:46', '2024-09-17 02:23:46'),
(243, 'Metro-Goldwyn-Mayer', 'metro-goldwyn-mayer', '2024-09-17 02:23:46', '2024-09-17 02:23:46'),
(244, 'MHF Zweite Academy Film', 'mhf-zweite-academy-film', '2024-09-17 02:23:46', '2024-09-17 02:23:46'),
(245, 'Michael/Finney Productions', 'michaelfinney-productions', '2024-09-17 02:23:46', '2024-09-17 02:23:46'),
(246, 'Midway Games', 'midway-games', '2024-09-17 02:23:46', '2024-09-17 02:23:46'),
(247, 'Mike Zoss Productions', 'mike-zoss-productions', '2024-09-17 02:23:46', '2024-09-17 02:23:46'),
(248, 'Millennium Films', 'millennium-films', '2024-09-17 02:23:46', '2024-09-17 02:23:46'),
(249, 'Mimran Schur Pictures', 'mimran-schur-pictures', '2024-09-17 02:23:46', '2024-09-17 02:23:46'),
(250, 'Mirage', 'mirage', '2024-09-17 02:23:46', '2024-09-17 02:23:46'),
(251, 'Miramax Films', 'miramax-films', '2024-09-17 02:23:46', '2024-09-17 02:23:46'),
(252, 'MJW Films', 'mjw-films', '2024-09-17 02:23:46', '2024-09-17 02:23:46'),
(253, 'Monkeypaw Productions', 'monkeypaw-productions', '2024-09-17 02:23:46', '2024-09-17 02:23:46'),
(254, 'Morgan Creek', 'morgan-creek', '2024-09-17 02:23:46', '2024-09-17 02:23:46'),
(255, 'Mosaic Media Group', 'mosaic-media-group', '2024-09-17 02:23:46', '2024-09-17 02:23:46'),
(256, 'Mostow Liberman Production', 'mostow-liberman-production', '2024-09-17 02:23:46', '2024-09-17 02:23:46'),
(257, 'Moving Pictures', 'moving-pictures', '2024-09-17 02:23:47', '2024-09-17 02:23:47'),
(258, 'Muse Productions', 'muse-productions', '2024-09-17 02:23:47', '2024-09-17 02:23:47'),
(259, 'Nancy Tenenbaum Films', 'nancy-tenenbaum-films', '2024-09-17 02:23:47', '2024-09-17 02:23:47'),
(260, 'NBCUniversal', 'nbcuniversal', '2024-09-17 02:23:47', '2024-09-17 02:23:47'),
(261, 'Neal H. Moritz Productions', 'neal-h-moritz-productions', '2024-09-17 02:23:47', '2024-09-17 02:23:47'),
(262, 'New Line Cinema', 'new-line-cinema', '2024-09-17 02:23:47', '2024-09-17 02:23:47'),
(263, 'New Regency Pictures', 'new-regency-pictures', '2024-09-17 02:23:47', '2024-09-17 02:23:47'),
(264, 'New World Pictures', 'new-world-pictures', '2024-09-17 02:23:47', '2024-09-17 02:23:47'),
(265, 'New Zealand Film Production Fund', 'new-zealand-film-production-fund', '2024-09-17 02:23:47', '2024-09-17 02:23:47'),
(266, 'Newmarket Capital Group LLC', 'newmarket-capital-group-llc', '2024-09-17 02:23:47', '2024-09-17 02:23:47'),
(267, 'Nickelodeon Movies', 'nickelodeon-movies', '2024-09-17 02:23:47', '2024-09-17 02:23:47'),
(268, 'Nimar Studios', 'nimar-studios', '2024-09-17 02:23:47', '2024-09-17 02:23:47'),
(269, 'Nina Saxon Film Design', 'nina-saxon-film-design', '2024-09-17 02:23:47', '2024-09-17 02:23:47'),
(270, 'Nintendo of America', 'nintendo-of-america', '2024-09-17 02:23:47', '2024-09-17 02:23:47'),
(271, 'NPV Entertainment', 'npv-entertainment', '2024-09-17 02:23:47', '2024-09-17 02:23:47'),
(272, 'Nu Boyana Film Studios', 'nu-boyana-film-studios', '2024-09-17 02:23:47', '2024-09-17 02:23:47'),
(273, 'Nu Image', 'nu-image', '2024-09-17 02:23:47', '2024-09-17 02:23:47'),
(274, 'O Entertainment', 'o-entertainment', '2024-09-17 02:23:47', '2024-09-17 02:23:47'),
(275, 'Oak Productions', 'oak-productions', '2024-09-17 02:23:47', '2024-09-17 02:23:47'),
(276, 'Ocean Pictures', 'ocean-pictures', '2024-09-17 02:23:47', '2024-09-17 02:23:47'),
(277, 'OLC / Rights Entertainment', 'olc-rights-entertainment', '2024-09-17 02:23:47', '2024-09-17 02:23:47'),
(278, 'Omnilab Media', 'omnilab-media', '2024-09-17 02:23:47', '2024-09-17 02:23:47'),
(279, 'One Race', 'one-race', '2024-09-17 02:23:47', '2024-09-17 02:23:47'),
(280, 'Open Road Films', 'open-road-films', '2024-09-17 02:23:47', '2024-09-17 02:23:47'),
(281, 'Original Film', 'original-film', '2024-09-17 02:23:47', '2024-09-17 02:23:47'),
(282, 'Orion Pictures', 'orion-pictures', '2024-09-17 02:23:47', '2024-09-17 02:23:47'),
(283, 'Other Angle Pictures', 'other-angle-pictures', '2024-09-17 02:23:47', '2024-09-17 02:23:47'),
(284, 'Outlaw Productions', 'outlaw-productions', '2024-09-17 02:23:47', '2024-09-17 02:23:47'),
(285, 'Overbrook Entertainment', 'overbrook-entertainment', '2024-09-17 02:23:47', '2024-09-17 02:23:47'),
(286, 'P.A.C.', 'pac', '2024-09-17 02:23:47', '2024-09-17 02:23:47'),
(287, 'P.C.M. Film', 'pcm-film', '2024-09-17 02:23:47', '2024-09-17 02:23:47'),
(288, 'Pacific Renaissance Pictures Ltd.', 'pacific-renaissance-pictures-ltd', '2024-09-17 02:23:47', '2024-09-17 02:23:47'),
(289, 'Pacific Western Productions', 'pacific-western-productions', '2024-09-17 02:23:47', '2024-09-17 02:23:47'),
(290, 'Paloma Films', 'paloma-films', '2024-09-17 02:23:47', '2024-09-17 02:23:47'),
(291, 'Palomar Pictures', 'palomar-pictures', '2024-09-17 02:23:47', '2024-09-17 02:23:47'),
(292, 'Paragon Films Ltd.', 'paragon-films-ltd', '2024-09-17 02:23:47', '2024-09-17 02:23:47'),
(293, 'Paramount', 'paramount', '2024-09-17 02:23:47', '2024-09-17 02:23:47'),
(294, 'Pariah', 'pariah', '2024-09-17 02:23:47', '2024-09-17 02:23:47'),
(295, 'Parkes/MacDonald Productions', 'parkesmacdonald-productions', '2024-09-17 02:23:47', '2024-09-17 02:23:47'),
(296, 'Patalex III Productions Limited', 'patalex-iii-productions-limited', '2024-09-17 02:23:47', '2024-09-17 02:23:47'),
(297, 'Perfect Storm Entertainment', 'perfect-storm-entertainment', '2024-09-17 02:23:47', '2024-09-17 02:23:47'),
(298, 'Pet Fly Productions', 'pet-fly-productions', '2024-09-17 02:23:47', '2024-09-17 02:23:47'),
(299, 'Phoenician Films', 'phoenician-films', '2024-09-17 02:23:47', '2024-09-17 02:23:47'),
(300, 'Phoenix Pictures', 'phoenix-pictures', '2024-09-17 02:23:47', '2024-09-17 02:23:47'),
(301, 'Picturemaker Productions', 'picturemaker-productions', '2024-09-17 02:23:47', '2024-09-17 02:23:47'),
(302, 'Pit Bull Productions', 'pit-bull-productions', '2024-09-17 02:23:47', '2024-09-17 02:23:47'),
(303, 'Plan B Entertainment', 'plan-b-entertainment', '2024-09-17 02:23:47', '2024-09-17 02:23:47'),
(304, 'Playmates Toys', 'playmates-toys', '2024-09-17 02:23:47', '2024-09-17 02:23:47'),
(305, 'Police Academy Productions', 'police-academy-productions', '2024-09-17 02:23:47', '2024-09-17 02:23:47'),
(306, 'PolyGram FB286:B326ilmed Entertainment', 'polygram-fb286b326ilmed-entertainment', '2024-09-17 02:23:47', '2024-09-17 02:23:47'),
(307, 'Practical Pictures', 'practical-pictures', '2024-09-17 02:23:47', '2024-09-17 02:23:47'),
(308, 'Primrose Hill Productions', 'primrose-hill-productions', '2024-09-17 02:23:47', '2024-09-17 02:23:47'),
(309, 'Producers Sales Organization', 'producers-sales-organization', '2024-09-17 02:23:47', '2024-09-17 02:23:47'),
(310, 'QC Entertainment', 'qc-entertainment', '2024-09-17 02:23:47', '2024-09-17 02:23:47'),
(311, 'Quincy Jones Entertainment', 'quincy-jones-entertainment', '2024-09-17 02:23:47', '2024-09-17 02:23:47'),
(312, 'Quincy Jones-David Salzman Entertainment', 'quincy-jones-david-salzman-entertainment', '2024-09-17 02:23:47', '2024-09-17 02:23:47'),
(313, 'Radiant Productions', 'radiant-productions', '2024-09-17 02:23:47', '2024-09-17 02:23:47'),
(314, 'Rat Entertainment', 'rat-entertainment', '2024-09-17 02:23:47', '2024-09-17 02:23:47'),
(315, 'RatPac-Dune Entertainment', 'ratpac-dune-entertainment', '2024-09-17 02:23:47', '2024-09-17 02:23:47'),
(316, 'RCH', 'rch', '2024-09-17 02:23:47', '2024-09-17 02:23:47'),
(317, 'Reaper Productions LLC', 'reaper-productions-llc', '2024-09-17 02:23:47', '2024-09-17 02:23:47'),
(318, 'Red Hour Films', 'red-hour-films', '2024-09-17 02:23:47', '2024-09-17 02:23:47'),
(319, 'Redeemable Features', 'redeemable-features', '2024-09-17 02:23:47', '2024-09-17 02:23:47'),
(320, 'Regency', 'regency', '2024-09-17 02:23:47', '2024-09-17 02:23:47'),
(321, 'Relativity Media', 'relativity-media', '2024-09-17 02:23:47', '2024-09-17 02:23:47'),
(322, 'Rembrandt Films/Halas and Batchelor', 'rembrandt-filmshalas-and-batchelor', '2024-09-17 02:23:47', '2024-09-17 02:23:47'),
(323, 'Renaissance Pictures', 'renaissance-pictures', '2024-09-17 02:23:47', '2024-09-17 02:23:47'),
(324, 'Reteitalia', 'reteitalia', '2024-09-17 02:23:47', '2024-09-17 02:23:47'),
(325, 'Revolution Studios', 'revolution-studios', '2024-09-17 02:23:47', '2024-09-17 02:23:47'),
(326, 'Riff Raff Film Productions', 'riff-raff-film-productions', '2024-09-17 02:23:47', '2024-09-17 02:23:47'),
(327, 'Rocket Science VFX', 'rocket-science-vfx', '2024-09-17 02:23:47', '2024-09-17 02:23:47'),
(328, 'Rogue', 'rogue', '2024-09-17 02:23:47', '2024-09-17 02:23:47'),
(329, 'Roth Kirschenbaum Films', 'roth-kirschenbaum-films', '2024-09-17 02:23:47', '2024-09-17 02:23:47'),
(330, 'Rough Draft Studios', 'rough-draft-studios', '2024-09-17 02:23:47', '2024-09-17 02:23:47'),
(331, 'Rox Productions', 'rox-productions', '2024-09-17 02:23:47', '2024-09-17 02:23:47'),
(332, 'Rysher Entertainment', 'rysher-entertainment', '2024-09-17 02:23:47', '2024-09-17 02:23:47'),
(333, 'Safran Company', 'safran-company', '2024-09-17 02:23:47', '2024-09-17 02:23:47'),
(334, 'Salter Street Films International', 'salter-street-films-international', '2024-09-17 02:23:47', '2024-09-17 02:23:47'),
(335, 'Scott Free Productions', 'scott-free-productions', '2024-09-17 02:23:47', '2024-09-17 02:23:47'),
(336, 'Scott Rudin Productions', 'scott-rudin-productions', '2024-09-17 02:23:47', '2024-09-17 02:23:47'),
(337, 'Sean Bailey Productions', 'sean-bailey-productions', '2024-09-17 02:23:47', '2024-09-17 02:23:47'),
(338, 'Seasonal Film Corporation', 'seasonal-film-corporation', '2024-09-17 02:23:47', '2024-09-17 02:23:47'),
(339, 'Section Eight', 'section-eight', '2024-09-17 02:23:47', '2024-09-17 02:23:47'),
(340, 'Services GmbH', 'services-gmbh', '2024-09-17 02:23:47', '2024-09-17 02:23:47'),
(341, 'Seven Arts Pictures', 'seven-arts-pictures', '2024-09-17 02:23:47', '2024-09-17 02:23:47'),
(342, 'Seven Bucks Productions', 'seven-bucks-productions', '2024-09-17 02:23:47', '2024-09-17 02:23:47'),
(343, 'Shady Acres Entertainment', 'shady-acres-entertainment', '2024-09-17 02:23:47', '2024-09-17 02:23:47'),
(344, 'Shooting Star Entertainment', 'shooting-star-entertainment', '2024-09-17 02:23:47', '2024-09-17 02:23:47'),
(345, 'Sidley Wright & Associates', 'sidley-wright-associates', '2024-09-17 02:23:47', '2024-09-17 02:23:47'),
(346, 'Silver Pictures', 'silver-pictures', '2024-09-17 02:23:47', '2024-09-17 02:23:47'),
(347, 'Silverlight Ltd.', 'silverlight-ltd', '2024-09-17 02:23:47', '2024-09-17 02:23:47'),
(348, 'SKA Films', 'ska-films', '2024-09-17 02:23:47', '2024-09-17 02:23:47'),
(349, 'Skydance', 'skydance', '2024-09-17 02:23:47', '2024-09-17 02:23:47'),
(350, 'SLM Production Group', 'slm-production-group', '2024-09-17 02:23:47', '2024-09-17 02:23:47'),
(351, 'Sneaky Shark', 'sneaky-shark', '2024-09-17 02:23:47', '2024-09-17 02:23:47'),
(352, 'SNL Studios', 'snl-studios', '2024-09-17 02:23:47', '2024-09-17 02:23:47'),
(353, 'Societe Nouvelle des Etablissements Gaumont (SNEG)', 'societe-nouvelle-des-etablissements-gaumont-sneg', '2024-09-17 02:23:47', '2024-09-17 02:23:47'),
(354, 'Solaris', 'solaris', '2024-09-17 02:23:47', '2024-09-17 02:23:47'),
(355, 'Sony Pictures Entertainment', 'sony-pictures-entertainment', '2024-09-17 02:23:47', '2024-09-17 02:23:47'),
(356, 'Spyglass Entertainment', 'spyglass-entertainment', '2024-09-17 02:23:47', '2024-09-17 02:23:47'),
(357, 'St. Clare Entertainment', 'st-clare-entertainment', '2024-09-17 02:23:47', '2024-09-17 02:23:47'),
(358, 'Stephen J. Cannell Productions', 'stephen-j-cannell-productions', '2024-09-17 02:23:47', '2024-09-17 02:23:47'),
(359, 'Stillking Films SRO', 'stillking-films-sro', '2024-09-17 02:23:47', '2024-09-17 02:23:47'),
(360, 'Story Film', 'story-film', '2024-09-17 02:23:47', '2024-09-17 02:23:47'),
(361, 'Stu Segall Productions', 'stu-segall-productions', '2024-09-17 02:23:47', '2024-09-17 02:23:47'),
(362, 'Studio B production', 'studio-b-production', '2024-09-17 02:23:47', '2024-09-17 02:23:47'),
(363, 'Studio Babelsberg', 'studio-babelsberg', '2024-09-17 02:23:47', '2024-09-17 02:23:47'),
(364, 'StudioCanal', 'studiocanal', '2024-09-17 02:23:47', '2024-09-17 02:23:47'),
(365, 'Studios USA Television', 'studios-usa-television', '2024-09-17 02:23:47', '2024-09-17 02:23:47'),
(366, 'Summit Entertainment', 'summit-entertainment', '2024-09-17 02:23:47', '2024-09-17 02:23:47'),
(367, 'Sunny Television Productions', 'sunny-television-productions', '2024-09-17 02:23:47', '2024-09-17 02:23:47'),
(368, 'Surge Licensing', 'surge-licensing', '2024-09-17 02:23:47', '2024-09-17 02:23:47'),
(369, 'Syncopy', 'syncopy', '2024-09-17 02:23:47', '2024-09-17 02:23:47'),
(370, 'T Asset Acquisition Company LLC', 't-asset-acquisition-company-llc', '2024-09-17 02:23:47', '2024-09-17 02:23:47'),
(371, 'T5 Production', 't5-production', '2024-09-17 02:23:47', '2024-09-17 02:23:47'),
(372, 'TAFT Entertainment Pictures', 'taft-entertainment-pictures', '2024-09-17 02:23:47', '2024-09-17 02:23:47'),
(373, 'Talent Associates Ltd.', 'talent-associates-ltd', '2024-09-17 02:23:47', '2024-09-17 02:23:47'),
(374, 'Tall Trees Productions', 'tall-trees-productions', '2024-09-17 02:23:47', '2024-09-17 02:23:47'),
(375, 'Tanlay', 'tanlay', '2024-09-17 02:23:47', '2024-09-17 02:23:47'),
(376, 'Team Todd', 'team-todd', '2024-09-17 02:23:47', '2024-09-17 02:23:47'),
(377, 'Ternion Pictures', 'ternion-pictures', '2024-09-17 02:23:47', '2024-09-17 02:23:47'),
(378, 'TF1 Films Production', 'tf1-films-production', '2024-09-17 02:23:47', '2024-09-17 02:23:47'),
(379, 'The Halcyon Company', 'the-halcyon-company', '2024-09-17 02:23:47', '2024-09-17 02:23:47'),
(380, 'The Ladd Company', 'the-ladd-company', '2024-09-17 02:23:47', '2024-09-17 02:23:47'),
(381, 'The Montecito Picture Company', 'the-montecito-picture-company', '2024-09-17 02:23:47', '2024-09-17 02:23:47'),
(382, 'The Turman-Foster Company', 'the-turman-foster-company', '2024-09-17 02:23:47', '2024-09-17 02:23:47'),
(383, 'The ULULU Company', 'the-ululu-company', '2024-09-17 02:23:47', '2024-09-17 02:23:47'),
(384, 'The Weinstein Company', 'the-weinstein-company', '2024-09-17 02:23:47', '2024-09-17 02:23:47'),
(385, 'Threshold Entertainment', 'threshold-entertainment', '2024-09-17 02:23:47', '2024-09-17 02:23:47'),
(386, 'Thunder Road Pictures', 'thunder-road-pictures', '2024-09-17 02:23:47', '2024-09-17 02:23:47'),
(387, 'TiMe Film- und TV-Produktions', 'time-film-und-tv-produktions', '2024-09-17 02:23:47', '2024-09-17 02:23:47'),
(388, 'Todd McFarlane Entertainment', 'todd-mcfarlane-entertainment', '2024-09-17 02:23:47', '2024-09-17 02:23:47'),
(389, 'Tollin/Robbins Productions', 'tollinrobbins-productions', '2024-09-17 02:23:47', '2024-09-17 02:23:47'),
(390, 'Tooncan', 'tooncan', '2024-09-17 02:23:47', '2024-09-17 02:23:47'),
(391, 'Touchstone', 'touchstone', '2024-09-17 02:23:47', '2024-09-17 02:23:47'),
(392, 'TriBeCa Productions', 'tribeca-productions', '2024-09-17 02:23:47', '2024-09-17 02:23:47'),
(393, 'TriStar Pictures', 'tristar-pictures', '2024-09-17 02:23:47', '2024-09-17 02:23:47'),
(394, 'Troublemaker Studios', 'troublemaker-studios', '2024-09-17 02:23:47', '2024-09-17 02:23:47'),
(395, 'TSG Entertainment', 'tsg-entertainment', '2024-09-17 02:23:47', '2024-09-17 02:23:47'),
(396, 'U-Drive Productions', 'u-drive-productions', '2024-09-17 02:23:47', '2024-09-17 02:23:47'),
(397, 'USA Network', 'usa-network', '2024-09-17 02:23:47', '2024-09-17 02:23:47'),
(398, 'Valhalla Motion Pictures', 'valhalla-motion-pictures', '2024-09-17 02:23:47', '2024-09-17 02:23:47'),
(399, 'Vengeance Productions Pty. Ltd.', 'vengeance-productions-pty-ltd', '2024-09-17 02:23:47', '2024-09-17 02:23:47'),
(400, 'Viacom', 'viacom', '2024-09-17 02:23:47', '2024-09-17 02:23:47'),
(401, 'Victory Film', 'victory-film', '2024-09-17 02:23:47', '2024-09-17 02:23:47'),
(402, 'Village Roadshow Pictures', 'village-roadshow-pictures', '2024-09-17 02:23:47', '2024-09-17 02:23:47'),
(403, 'Virgin Produced', 'virgin-produced', '2024-09-17 02:23:47', '2024-09-17 02:23:47'),
(404, 'Walt Disney Pictures', 'walt-disney-pictures', '2024-09-17 02:23:47', '2024-09-17 02:23:47'),
(405, 'Warner Bros.', 'warner-bros', '2024-09-17 02:23:47', '2024-09-17 02:23:47'),
(406, 'Wayans Bros. Entertainment', 'wayans-bros-entertainment', '2024-09-17 02:23:47', '2024-09-17 02:23:47'),
(407, 'Wessler Entertainment', 'wessler-entertainment', '2024-09-17 02:23:47', '2024-09-17 02:23:47'),
(408, 'Wild Hogs Productions', 'wild-hogs-productions', '2024-09-17 02:23:47', '2024-09-17 02:23:47'),
(409, 'Wintergreen Productions', 'wintergreen-productions', '2024-09-17 02:23:47', '2024-09-17 02:23:47'),
(410, 'Wonderland Sound and Vision', 'wonderland-sound-and-vision', '2024-09-17 02:23:47', '2024-09-17 02:23:47'),
(411, 'Working Title Films', 'working-title-films', '2024-09-17 02:23:47', '2024-09-17 02:23:47'),
(412, 'World 2000 Entertainment', 'world-2000-entertainment', '2024-09-17 02:23:47', '2024-09-17 02:23:47'),
(413, 'Worldview Entertainment', 'worldview-entertainment', '2024-09-17 02:23:47', '2024-09-17 02:23:47'),
(414, 'WV Films II', 'wv-films-ii', '2024-09-17 02:23:47', '2024-09-17 02:23:47'),
(415, 'Xilam Animation', 'xilam-animation', '2024-09-17 02:23:47', '2024-09-17 02:23:47'),
(416, 'XYZ Funding N.V.', 'xyz-funding-nv', '2024-09-17 02:23:47', '2024-09-17 02:23:47'),
(417, 'Yitzak Ginzberg/Ehud Bleiberg Production', 'yitzak-ginzbergehud-bleiberg-production', '2024-09-17 02:23:47', '2024-09-17 02:23:47'),
(418, 'Zide-Perry Productions', 'zide-perry-productions', '2024-09-17 02:23:47', '2024-09-17 02:23:47'),
(419, 'Zoe Pictures', 'zoe-pictures', '2024-09-17 02:23:47', '2024-09-17 02:23:47'),
(420, 'Студія 95 квартал', 'studiia-95-kvartal', '2024-09-17 02:23:47', '2024-09-17 02:23:47'),
(421, 'Невідомо', 'nevidomo', '2024-09-17 02:23:47', '2024-09-17 02:23:47');

-- --------------------------------------------------------

--
-- Структура таблиці `company_film`
--

CREATE TABLE `company_film` (
  `id` int UNSIGNED NOT NULL,
  `company_id` int UNSIGNED NOT NULL,
  `film_id` int UNSIGNED NOT NULL
) ENGINE=InnoDB DEFAULT CHARSET=utf8mb4 COLLATE=utf8mb4_unicode_ci;

--
-- Дамп даних таблиці `company_film`
--

INSERT INTO `company_film` (`id`, `company_id`, `film_id`) VALUES
(1, 400, 1),
(2, 270, 1),
(3, 107, 1),
(4, 95, 1),
(5, 77, 1),
(6, 362, 1),
(7, 332, 2),
(8, 270, 2),
(9, 107, 2),
(10, 95, 2),
(11, 2, 3),
(12, 92, 3),
(13, 198, 4),
(14, 405, 5),
(15, 250, 6),
(16, 153, 6),
(17, 304, 6),
(18, 368, 6),
(19, 72, 7),
(20, 150, 7),
(21, 151, 7),
(22, 123, 7),
(23, 8, 8),
(24, 182, 8),
(25, 208, 9),
(26, 135, 9),
(27, 158, 9),
(28, 213, 9),
(29, 322, 9),
(30, 159, 9),
(31, 196, 9),
(32, 293, 9),
(33, 172, 9),
(34, 293, 9),
(35, 172, 10),
(36, 69, 10),
(37, 229, 11),
(38, 390, 11),
(39, 229, 12),
(40, 132, 12),
(41, 172, 12),
(42, 97, 13),
(43, 185, 13),
(44, 149, 13),
(45, 260, 14),
(46, 311, 14),
(47, 312, 14),
(48, 2, 15),
(49, 44, 15),
(50, 175, 16),
(51, 131, 16),
(52, 200, 16),
(53, 3, 17),
(54, 316, 17),
(55, 367, 17),
(56, 53, 17),
(57, 260, 18),
(58, 98, 18),
(59, 20, 18),
(60, 201, 18),
(61, 162, 19),
(62, 260, 19),
(63, 71, 20),
(64, 2, 21),
(65, 24, 21),
(66, 15, 22),
(67, 323, 23),
(68, 240, 23),
(69, 358, 24),
(70, 122, 25),
(71, 10, 25),
(72, 31, 25),
(73, 357, 26),
(74, 365, 26),
(75, 260, 26),
(76, 405, 27),
(77, 308, 27),
(78, 405, 27),
(79, 76, 28),
(80, 334, 28),
(81, 347, 28),
(82, 387, 28),
(83, 397, 29),
(84, 323, 29),
(85, 288, 29),
(86, 240, 29),
(87, 9, 30),
(88, 301, 30),
(89, 46, 31),
(90, 260, 31),
(91, 38, 32),
(92, 197, 33),
(93, 45, 34),
(94, 239, 34),
(95, 174, 34),
(96, 20, 35),
(97, 51, 36),
(98, 349, 36),
(99, 101, 37),
(100, 141, 37),
(101, 157, 37),
(102, 405, 38),
(103, 298, 38),
(104, 405, 38),
(105, 357, 39),
(106, 420, 40),
(107, 405, 41),
(108, 60, 41),
(109, 405, 41),
(110, 85, 42),
(111, 405, 43),
(112, 155, 43),
(113, 226, 43),
(114, 405, 43),
(115, 373, 44),
(116, 9, 45),
(117, 114, 45),
(118, 391, 45),
(119, 421, 46),
(120, 260, 47),
(121, 242, 47),
(122, 281, 47),
(123, 4, 48),
(124, 333, 48),
(125, 33, 49),
(126, 299, 49),
(127, 273, 49),
(128, 141, 49),
(129, 66, 50),
(130, 93, 50),
(131, 378, 50),
(132, 130, 50),
(133, 395, 51),
(134, 217, 51),
(135, 230, 51),
(136, 263, 51),
(137, 413, 51),
(138, 2, 51),
(139, 2, 51),
(140, 404, 52),
(141, 337, 52),
(142, 202, 53),
(143, 106, 53),
(144, 113, 53),
(145, 359, 53),
(146, 57, 53),
(147, 340, 53),
(148, 317, 53),
(149, 110, 53),
(150, 26, 53),
(151, 260, 54),
(152, 302, 54),
(153, 343, 54),
(154, 356, 54),
(155, 411, 55),
(156, 364, 55),
(157, 87, 56),
(158, 285, 56),
(159, 2, 57),
(160, 209, 57),
(161, 34, 57),
(162, 223, 57),
(163, 320, 57),
(164, 2, 57),
(165, 181, 58),
(166, 17, 58),
(167, 80, 58),
(168, 195, 59),
(169, 344, 59),
(170, 87, 60),
(171, 281, 61),
(172, 388, 62),
(173, 405, 63),
(174, 402, 63),
(175, 346, 63),
(176, 293, 64),
(177, 144, 64),
(178, 160, 64),
(179, 20, 65),
(180, 87, 66),
(181, 156, 66),
(182, 255, 66),
(183, 321, 66),
(184, 409, 66),
(185, 116, 67),
(186, 164, 67),
(187, 318, 67),
(188, 278, 68),
(189, 93, 68),
(190, 19, 68),
(191, 291, 68),
(192, 116, 69),
(193, 355, 69),
(194, 179, 69),
(195, 27, 69),
(196, 184, 70),
(197, 184, 71),
(198, 2, 72),
(199, 116, 72),
(200, 90, 72),
(201, 20, 72),
(202, 52, 72),
(203, 2, 73),
(204, 346, 73),
(205, 350, 73),
(206, 2, 74),
(207, 1, 74),
(208, 87, 75),
(209, 275, 75),
(210, 393, 76),
(211, 59, 76),
(212, 175, 76),
(213, 206, 76),
(214, 372, 76),
(215, 2, 77),
(216, 222, 77),
(217, 393, 78),
(218, 222, 78),
(219, 289, 78),
(220, 68, 78),
(221, 364, 78),
(222, 260, 79),
(223, 2, 79),
(224, 148, 79),
(225, 99, 79),
(226, 216, 79),
(227, 346, 79),
(228, 2, 80),
(229, 99, 80),
(230, 216, 80),
(231, 346, 80),
(232, 68, 81),
(233, 68, 81),
(234, 2, 82),
(235, 345, 82),
(236, 2, 83),
(237, 345, 83),
(238, 254, 84),
(239, 254, 85),
(240, 274, 85),
(241, 405, 86),
(242, 109, 86),
(243, 163, 86),
(244, 233, 86),
(245, 251, 87),
(246, 193, 87),
(247, 194, 87),
(248, 109, 88),
(249, 406, 88),
(250, 163, 88),
(251, 58, 88),
(252, 109, 89),
(253, 406, 89),
(254, 61, 89),
(255, 163, 89),
(256, 109, 90),
(257, 58, 90),
(258, 293, 91),
(259, 293, 92),
(260, 293, 93),
(261, 2, 94),
(262, 335, 94),
(263, 117, 94),
(264, 190, 94),
(265, 232, 94),
(266, 2, 94),
(267, 405, 95),
(268, 219, 95),
(269, 89, 95),
(270, 180, 95),
(271, 35, 95),
(272, 268, 95),
(273, 379, 96),
(274, 370, 96),
(275, 410, 96),
(276, 2, 97),
(277, 315, 97),
(278, 222, 97),
(279, 190, 97),
(280, 2, 98),
(281, 99, 98),
(282, 262, 99),
(283, 246, 99),
(284, 385, 99),
(285, 262, 100),
(286, 246, 100),
(287, 385, 100),
(288, 405, 101),
(289, 236, 101),
(290, 260, 102),
(291, 366, 102),
(292, 266, 102),
(293, 418, 102),
(294, 260, 103),
(295, 225, 103),
(296, 418, 103),
(297, 260, 104),
(298, 225, 104),
(299, 418, 104),
(300, 227, 104),
(301, 260, 105),
(302, 307, 105),
(303, 321, 105),
(304, 419, 105),
(305, 405, 106),
(306, 109, 106),
(307, 32, 106),
(308, 405, 107),
(309, 256, 107),
(310, 64, 107),
(311, 191, 107),
(312, 79, 108),
(313, 129, 108),
(314, 178, 108),
(315, 289, 108),
(316, 282, 108),
(317, 48, 109),
(318, 140, 109),
(319, 205, 109),
(320, 405, 110),
(321, 306, 110),
(322, 405, 111),
(323, 96, 111),
(324, 161, 111),
(325, 189, 111),
(326, 402, 111),
(327, 366, 112),
(328, 224, 112),
(329, 103, 112),
(330, 183, 112),
(331, 386, 112),
(332, 6, 112),
(333, 252, 112),
(334, 327, 112),
(335, 2, 113),
(336, 204, 113),
(337, 377, 113),
(338, 81, 114),
(339, 177, 114),
(340, 87, 115),
(341, 157, 115),
(342, 251, 116),
(343, 7, 116),
(344, 2, 117),
(345, 167, 117),
(346, 346, 117),
(347, 254, 118),
(348, 152, 118),
(349, 152, 119),
(350, 74, 119),
(351, 118, 119),
(352, 244, 119),
(353, 2, 120),
(354, 167, 120),
(355, 346, 120),
(356, 2, 121),
(357, 80, 121),
(358, 281, 122),
(359, 11, 122),
(360, 87, 122),
(361, 215, 122),
(362, 300, 122),
(363, 262, 123),
(364, 314, 123),
(365, 262, 124),
(366, 48, 124),
(367, 315, 124),
(368, 165, 125),
(369, 292, 125),
(370, 391, 126),
(371, 356, 126),
(372, 126, 126),
(373, 402, 127),
(374, 392, 127),
(375, 271, 127),
(376, 41, 127),
(377, 402, 128),
(378, 392, 128),
(379, 260, 129),
(380, 167, 129),
(381, 262, 130),
(382, 67, 130),
(383, 262, 131),
(384, 127, 131),
(385, 257, 131),
(386, 376, 131),
(387, 116, 132),
(388, 259, 132),
(389, 392, 132),
(390, 260, 132),
(391, 116, 133),
(392, 259, 133),
(393, 392, 133),
(394, 391, 134),
(395, 128, 134),
(396, 247, 134),
(397, 116, 135),
(398, 225, 135),
(399, 374, 135),
(400, 293, 136),
(401, 119, 136),
(402, 143, 137),
(403, 319, 137),
(404, 341, 137),
(405, 405, 138),
(406, 346, 138),
(407, 405, 139),
(408, 346, 139),
(409, 405, 140),
(410, 346, 140),
(411, 405, 141),
(412, 346, 141),
(413, 112, 141),
(414, 87, 142),
(415, 27, 142),
(416, 276, 142),
(417, 2, 143),
(418, 320, 143),
(419, 173, 144),
(420, 281, 145),
(421, 87, 145),
(422, 325, 145),
(423, 321, 146),
(424, 384, 146),
(425, 233, 146),
(426, 173, 147),
(427, 321, 147),
(428, 366, 148),
(429, 171, 148),
(430, 306, 148),
(431, 348, 148),
(432, 224, 149),
(433, 248, 149),
(434, 100, 149),
(435, 273, 149),
(436, 272, 149),
(437, 293, 150),
(438, 62, 150),
(439, 352, 150),
(440, 267, 151),
(441, 116, 151),
(442, 293, 151),
(443, 336, 151),
(444, 295, 151),
(445, 260, 152),
(446, 281, 152),
(447, 321, 152),
(448, 279, 152),
(449, 261, 152),
(450, 105, 152),
(451, 40, 153),
(452, 264, 153),
(453, 338, 153),
(454, 293, 154),
(455, 146, 154),
(456, 154, 154),
(457, 86, 154),
(458, 88, 154),
(459, 381, 154),
(460, 342, 154),
(461, 349, 154),
(462, 262, 155),
(463, 12, 155),
(464, 99, 155),
(465, 2, 156),
(466, 21, 156),
(467, 23, 156),
(468, 87, 157),
(469, 50, 157),
(470, 104, 157),
(471, 66, 158),
(472, 130, 158),
(473, 378, 158),
(474, 405, 159),
(475, 402, 159),
(476, 271, 159),
(477, 284, 159),
(478, 414, 159),
(479, 175, 160),
(480, 192, 160),
(481, 73, 160),
(482, 258, 160),
(483, 416, 160),
(484, 346, 161),
(485, 13, 161),
(486, 237, 162),
(487, 124, 162),
(488, 125, 162),
(489, 35, 162),
(490, 55, 162),
(491, 130, 163),
(492, 139, 163),
(493, 66, 163),
(494, 78, 163),
(495, 2, 164),
(496, 188, 164),
(497, 363, 164),
(498, 336, 164),
(499, 22, 164),
(500, 2, 164),
(501, 260, 165),
(502, 187, 165),
(503, 87, 166),
(504, 109, 166),
(505, 238, 166),
(506, 321, 166),
(507, 91, 166),
(508, 399, 166),
(509, 402, 167),
(510, 99, 167),
(511, 405, 168),
(512, 293, 168),
(513, 219, 168),
(514, 102, 168),
(515, 89, 168),
(516, 231, 169),
(517, 277, 169),
(518, 375, 169),
(519, 265, 169),
(520, 210, 170),
(521, 241, 170),
(522, 137, 170),
(523, 147, 171),
(524, 283, 171),
(525, 87, 172),
(526, 281, 172),
(527, 321, 172),
(528, 243, 172),
(529, 358, 172),
(530, 356, 173),
(531, 391, 173),
(532, 412, 173),
(533, 260, 174),
(534, 356, 174),
(535, 321, 174),
(536, 27, 174),
(537, 109, 175),
(538, 394, 175),
(539, 248, 176),
(540, 273, 176),
(541, 391, 177),
(542, 199, 177),
(543, 391, 178),
(544, 389, 178),
(545, 408, 178),
(546, 404, 179),
(547, 356, 179),
(548, 233, 179),
(549, 207, 179),
(550, 290, 180),
(551, 324, 180),
(552, 405, 181),
(553, 219, 181),
(554, 102, 181),
(555, 296, 181),
(556, 369, 181),
(557, 224, 182),
(558, 36, 182),
(559, 100, 182),
(560, 111, 182),
(561, 393, 183),
(562, 20, 183),
(563, 405, 184),
(564, 199, 184),
(565, 70, 184),
(566, 43, 185),
(567, 152, 185),
(568, 203, 185),
(569, 254, 185),
(570, 260, 186),
(571, 90, 186),
(572, 170, 186),
(573, 87, 187),
(574, 348, 187),
(575, 293, 188),
(576, 138, 188),
(577, 63, 188),
(578, 326, 188),
(579, 2, 189),
(580, 136, 189),
(581, 405, 190),
(582, 42, 190),
(583, 313, 190),
(584, 260, 191),
(585, 187, 191),
(586, 87, 192),
(587, 238, 192),
(588, 355, 192),
(589, 37, 192),
(590, 87, 193),
(591, 321, 193),
(592, 294, 193),
(593, 260, 194),
(594, 54, 194),
(595, 310, 194),
(596, 253, 194),
(597, 262, 195),
(598, 98, 195),
(599, 2, 196),
(600, 120, 196),
(601, 269, 196),
(602, 405, 197),
(603, 346, 197),
(604, 14, 198),
(605, 134, 198),
(606, 405, 199),
(607, 402, 199),
(608, 271, 199),
(609, 200, 199),
(610, 339, 199),
(611, 414, 199),
(612, 116, 200),
(613, 260, 200),
(614, 335, 200),
(615, 382, 201),
(616, 309, 201),
(617, 224, 202),
(618, 212, 202),
(619, 168, 202),
(620, 224, 203),
(621, 212, 203),
(622, 248, 204),
(623, 224, 204),
(624, 224, 205),
(625, 248, 205),
(626, 273, 205),
(627, 293, 206),
(628, 39, 206),
(629, 356, 206),
(630, 293, 207),
(631, 39, 207),
(632, 211, 207),
(633, 349, 207),
(634, 293, 208),
(635, 39, 208),
(636, 297, 208),
(637, 349, 208),
(638, 351, 208),
(639, 5, 208),
(640, 353, 209),
(641, 286, 209),
(642, 287, 209),
(643, 353, 210),
(644, 286, 210),
(645, 94, 210),
(646, 360, 210),
(647, 401, 210),
(648, 157, 211),
(649, 286, 211),
(650, 133, 211),
(651, 238, 212),
(652, 293, 212),
(653, 238, 213),
(654, 134, 213),
(655, 260, 214),
(656, 238, 214),
(657, 398, 214),
(658, 166, 214),
(659, 238, 215),
(660, 293, 215),
(661, 393, 216),
(662, 16, 216),
(663, 82, 216),
(664, 321, 217),
(665, 191, 217),
(666, 234, 217),
(667, 403, 217),
(668, 328, 217),
(669, 56, 217),
(670, 2, 218),
(671, 117, 218),
(672, 228, 219),
(673, 2, 219),
(674, 228, 220),
(675, 228, 221),
(676, 228, 222),
(677, 228, 223),
(678, 228, 224),
(679, 228, 225),
(680, 18, 225),
(681, 49, 225),
(682, 405, 226),
(683, 102, 226),
(684, 402, 226),
(685, 112, 226),
(686, 3, 226),
(687, 29, 227),
(688, 66, 227),
(689, 130, 227),
(690, 378, 227),
(691, 422, 227),
(692, 423, 227),
(693, 29, 228),
(694, 364, 228),
(695, 218, 228),
(696, 378, 228),
(697, 130, 228),
(698, 130, 229),
(699, 29, 229),
(700, 364, 229),
(701, 378, 229),
(702, 130, 230),
(703, 28, 230),
(704, 29, 230),
(705, 364, 230),
(706, 78, 230),
(707, 108, 230),
(708, 130, 231),
(709, 371, 231),
(710, 29, 231),
(711, 328, 232),
(712, 405, 233),
(713, 380, 233),
(714, 405, 234),
(715, 380, 234),
(716, 405, 235),
(717, 305, 235),
(718, 405, 236),
(719, 405, 237),
(720, 405, 238),
(721, 405, 239),
(722, 25, 240),
(723, 121, 240),
(724, 260, 241),
(725, 20, 241),
(726, 396, 241),
(727, 260, 242),
(728, 20, 242),
(729, 396, 242),
(730, 260, 243),
(731, 20, 243),
(732, 396, 243),
(733, 405, 244),
(734, 303, 244),
(735, 176, 244),
(736, 214, 244),
(737, 280, 245),
(738, 145, 245),
(739, 186, 245),
(740, 87, 246),
(741, 281, 246),
(742, 75, 246),
(743, 65, 246),
(744, 325, 247),
(745, 281, 247),
(746, 325, 248),
(747, 281, 248),
(748, 281, 249),
(749, 325, 249),
(750, 279, 249),
(751, 329, 249),
(752, 235, 249),
(753, 331, 249),
(754, 115, 250),
(755, 245, 250),
(756, 417, 250),
(757, 224, 251),
(758, 249, 251),
(759, 354, 251),
(760, 142, 251),
(761, 2, 252),
(762, 320, 252),
(763, 361, 252),
(764, 262, 253),
(765, 250, 253),
(766, 165, 253),
(767, 262, 254),
(768, 165, 254),
(769, 84, 255),
(770, 165, 255),
(771, 260, 256),
(772, 187, 256),
(773, 403, 257),
(774, 168, 257),
(775, 407, 257),
(776, 97, 258),
(777, 229, 258),
(778, 415, 258),
(779, 221, 259),
(780, 172, 260),
(781, 157, 260),
(782, 97, 260),
(783, 47, 261),
(784, 97, 261),
(785, 220, 261),
(786, 30, 261),
(787, 2, 262),
(788, 2, 263),
(789, 2, 264),
(790, 92, 264),
(791, 330, 264),
(792, 2, 265),
(793, 383, 265),
(794, 2, 265),
(795, 3, 266);

-- --------------------------------------------------------

--
-- Структура таблиці `composers`
--

CREATE TABLE `composers` (
  `id` int UNSIGNED NOT NULL,
  `name` varchar(255) COLLATE utf8mb4_unicode_ci NOT NULL,
  `slug` varchar(255) COLLATE utf8mb4_unicode_ci NOT NULL,
  `created_at` timestamp NULL DEFAULT NULL,
  `updated_at` timestamp NULL DEFAULT NULL
) ENGINE=InnoDB DEFAULT CHARSET=utf8mb4 COLLATE=utf8mb4_unicode_ci;

--
-- Дамп даних таблиці `composers`
--

INSERT INTO `composers` (`id`, `name`, `slug`, `created_at`, `updated_at`) VALUES
(1, 'Aaron Schroeder', 'aaron-schroeder', '2024-09-17 02:23:47', '2024-09-17 02:23:47'),
(2, 'Akhenaton', 'akhenaton', '2024-09-17 02:23:47', '2024-09-17 02:23:47'),
(3, 'Al Khemiya', 'al-khemiya', '2024-09-17 02:23:47', '2024-09-17 02:23:47'),
(4, 'B (Брайан Уэйн Трансо)', 'b-braian-uein-transo', '2024-09-17 02:23:47', '2024-09-17 02:23:47'),
(5, 'BT', 'bt', '2024-09-17 02:23:47', '2024-09-17 02:23:47'),
(6, 'Claude Bolling', 'claude-bolling', '2024-09-17 02:23:47', '2024-09-17 02:23:47'),
(7, 'Claude Foisy', 'claude-foisy', '2024-09-17 02:23:47', '2024-09-17 02:23:47'),
(8, 'Daft Punk', 'daft-punk', '2024-09-17 02:23:47', '2024-09-17 02:23:47'),
(9, 'David Grover', 'david-grover', '2024-09-17 02:23:47', '2024-09-17 02:23:47'),
(10, 'David Hughes', 'david-hughes', '2024-09-17 02:23:47', '2024-09-17 02:23:47'),
(11, 'Dj Kore', 'dj-kore', '2024-09-17 02:23:47', '2024-09-17 02:23:47'),
(12, 'Doudou Masta', 'doudou-masta', '2024-09-17 02:23:47', '2024-09-17 02:23:47'),
(13, 'Dust Brothers', 'dust-brothers', '2024-09-17 02:23:47', '2024-09-17 02:23:47'),
(14, 'George S. Clinton', 'george-s-clinton', '2024-09-17 02:23:47', '2024-09-17 02:23:47'),
(15, 'Haim Saban', 'haim-saban', '2024-09-17 02:23:47', '2024-09-17 02:23:47'),
(16, 'Hal Foxton Beckett', 'hal-foxton-beckett', '2024-09-17 02:23:47', '2024-09-17 02:23:47'),
(17, 'Hervé Lavandier', 'herve-lavandier', '2024-09-17 02:23:47', '2024-09-17 02:23:47'),
(18, 'Irving Szathmary', 'irving-szathmary', '2024-09-17 02:23:47', '2024-09-17 02:23:47'),
(19, 'John Barnes', 'john-barnes', '2024-09-17 02:23:47', '2024-09-17 02:23:47'),
(20, 'Kore & Skalp', 'kore-skalp', '2024-09-17 02:23:47', '2024-09-17 02:23:47'),
(21, 'Ramon Pipin', 'ramon-pipin', '2024-09-17 02:23:47', '2024-09-17 02:23:47'),
(22, 'Shuki Levy', 'shuki-levy', '2024-09-17 02:23:47', '2024-09-17 02:23:47'),
(23, 'Tomandandy', 'tomandandy', '2024-09-17 02:23:47', '2024-09-17 02:23:47'),
(24, 'Аарон Шрёдер', 'aaron-sreder', '2024-09-17 02:23:47', '2024-09-17 02:23:47'),
(25, 'Айра Ньюборн', 'aira-niuborn', '2024-09-17 02:23:47', '2024-09-17 02:23:47'),
(26, 'Алан Сільвестрі', 'alan-silvestri', '2024-09-17 02:23:47', '2024-09-17 02:23:47'),
(27, 'Алекс Вурман', 'aleks-vurman', '2024-09-17 02:23:47', '2024-09-17 02:23:47'),
(28, 'Алекс Геффелс', 'aleks-geffels', '2024-09-17 02:23:47', '2024-09-17 02:23:47'),
(29, 'Александр Деспла', 'aleksandr-despla', '2024-09-17 02:23:47', '2024-09-17 02:23:47'),
(30, 'Альф Клаузен', 'alf-klauzen', '2024-09-17 02:23:47', '2024-09-17 02:23:47'),
(31, 'Антонио Санчес', 'antonio-sances', '2024-09-17 02:23:47', '2024-09-17 02:23:47'),
(32, 'Аттікус Росс', 'attikus-ross', '2024-09-17 02:23:47', '2024-09-17 02:23:47'),
(33, 'Бад Грін', 'bad-grin', '2024-09-17 02:23:47', '2024-09-17 02:23:47'),
(34, 'Безіл Поледуріс', 'bezil-poleduris', '2024-09-17 02:23:47', '2024-09-17 02:23:47'),
(35, 'Бен Гомер', 'ben-gomer', '2024-09-17 02:23:47', '2024-09-17 02:23:47'),
(36, 'Блейк Нілі', 'bleik-nili', '2024-09-17 02:23:47', '2024-09-17 02:23:47'),
(37, 'Борис Бланк', 'boris-blank', '2024-09-17 02:23:47', '2024-09-17 02:23:47'),
(38, 'Брам Венгер', 'bram-venger', '2024-09-17 02:23:47', '2024-09-17 02:23:47'),
(39, 'Браян Тайлер', 'braian-tailer', '2024-09-17 02:23:47', '2024-09-17 02:23:47'),
(40, 'Бред Вагнер', 'bred-vagner', '2024-09-17 02:23:47', '2024-09-17 02:23:47'),
(41, 'Бред Фідель', 'bred-fidel', '2024-09-17 02:23:47', '2024-09-17 02:23:47'),
(42, 'Гай Мун', 'gai-mun', '2024-09-17 02:23:47', '2024-09-17 02:23:47'),
(43, 'Ганс Ціммер', 'gans-cimmer', '2024-09-17 02:23:47', '2024-09-17 02:23:47'),
(44, 'Гарольд Фальтермаєр', 'garold-faltermajer', '2024-09-17 02:23:47', '2024-09-17 02:23:47'),
(45, 'Гарри МакДональд', 'garri-makdonald', '2024-09-17 02:23:47', '2024-09-17 02:23:47'),
(46, 'Гаррі Грегсон-Вільямс', 'garri-gregson-viliams', '2024-09-17 02:23:47', '2024-09-17 02:23:47'),
(47, 'Говард Шор', 'govard-sor', '2024-09-17 02:23:47', '2024-09-17 02:23:47'),
(48, 'Грем Ревелл', 'grem-revell', '2024-09-17 02:23:47', '2024-09-17 02:23:47'),
(49, 'Да Октопусс', 'da-oktopuss', '2024-09-17 02:23:47', '2024-09-17 02:23:47'),
(50, 'Девід Арнольд', 'devid-arnold', '2024-09-17 02:23:47', '2024-09-17 02:23:47'),
(51, 'Девід Ванакор', 'devid-vanakor', '2024-09-17 02:23:47', '2024-09-17 02:23:47'),
(52, 'Девід Голмс', 'devid-golms', '2024-09-17 02:23:47', '2024-09-17 02:23:47'),
(53, 'Девід Кітай', 'devid-kitai', '2024-09-17 02:23:47', '2024-09-17 02:23:47'),
(54, 'Девід Нессім Ловренс', 'devid-nessim-lovrens', '2024-09-17 02:23:47', '2024-09-17 02:23:47'),
(55, 'Девід Ньюман', 'devid-niuman', '2024-09-17 02:23:47', '2024-09-17 02:23:47'),
(56, 'Девід Сарді', 'devid-sardi', '2024-09-17 02:23:47', '2024-09-17 02:23:47'),
(57, 'Девід Сенборн', 'devid-senborn', '2024-09-17 02:23:47', '2024-09-17 02:23:47'),
(58, 'Девід Шир', 'devid-sir', '2024-09-17 02:23:47', '2024-09-17 02:23:47'),
(59, 'Демієн Рок', 'demijen-rok', '2024-09-17 02:23:47', '2024-09-17 02:23:47'),
(60, 'Денні Ельфман', 'denni-elfman', '2024-09-17 02:23:47', '2024-09-17 02:23:47'),
(61, 'Денні Люкс', 'denni-liuks', '2024-09-17 02:23:47', '2024-09-17 02:23:47'),
(62, 'Денніс Ч. Браун', 'dennis-c-braun', '2024-09-17 02:23:47', '2024-09-17 02:23:47'),
(63, 'Джеймс Вінебл', 'dzeims-vinebl', '2024-09-17 02:23:47', '2024-09-17 02:23:47'),
(64, 'Джеймс Горнер', 'dzeims-gorner', '2024-09-17 02:23:47', '2024-09-17 02:23:47'),
(65, 'Джеймс Ньютон Говард', 'dzeims-niuton-govard', '2024-09-17 02:23:47', '2024-09-17 02:23:47'),
(66, 'Джеррі Голдсміт', 'dzerri-goldsmit', '2024-09-17 02:23:47', '2024-09-17 02:23:47'),
(67, 'Джин Мак-Даніел ', 'dzin-mak-daniel', '2024-09-17 02:23:47', '2024-09-17 02:23:47'),
(68, 'Джоел Дж. Річард', 'dzoel-dz-ricard', '2024-09-17 02:23:47', '2024-09-17 02:23:47'),
(69, 'Джозеф ЛоДука', 'dzozef-loduka', '2024-09-17 02:23:47', '2024-09-17 02:23:47'),
(70, 'Джон Бріон', 'dzon-brion', '2024-09-17 02:23:47', '2024-09-17 02:23:47'),
(71, 'Джон Вільямс', 'dzon-viliams', '2024-09-17 02:23:47', '2024-09-17 02:23:47'),
(72, 'Джон Дебні', 'dzon-debni', '2024-09-17 02:23:47', '2024-09-17 02:23:47'),
(73, 'Джон Дю През', 'dzon-diu-prez', '2024-09-17 02:23:47', '2024-09-17 02:23:47'),
(74, 'Джон Мерфі', 'dzon-merfi', '2024-09-17 02:23:47', '2024-09-17 02:23:47'),
(75, 'Джон Пітер Робінсон', 'dzon-piter-robinson', '2024-09-17 02:23:47', '2024-09-17 02:23:47'),
(76, 'Джон Свайхарт', 'dzon-svaixart', '2024-09-17 02:23:47', '2024-09-17 02:23:47'),
(77, 'Джонні Клаймек', 'dzonni-klaimek', '2024-09-17 02:23:47', '2024-09-17 02:23:47'),
(78, 'Джордж С. Клінтон', 'dzordz-s-klinton', '2024-09-17 02:23:47', '2024-09-17 02:23:47'),
(79, 'Джордж Фентон', 'dzordz-fenton', '2024-09-17 02:23:47', '2024-09-17 02:23:47'),
(80, 'Дон Девіс', 'don-devis', '2024-09-17 02:23:47', '2024-09-17 02:23:47'),
(81, 'Дэвид Гроувер', 'devid-grouver', '2024-09-17 02:23:47', '2024-09-17 02:23:47'),
(82, 'Дэн Стадни', 'den-stadni', '2024-09-17 02:23:47', '2024-09-17 02:23:47'),
(83, 'Едвард Шермур', 'edvard-sermur', '2024-09-17 02:23:47', '2024-09-17 02:23:47'),
(84, 'Еліот Голденталь', 'eliot-goldental', '2024-09-17 02:23:47', '2024-09-17 02:23:47'),
(85, 'Елмер Бернстайн', 'elmer-bernstain', '2024-09-17 02:23:47', '2024-09-17 02:23:47'),
(86, 'Ерве Левандьє', 'erve-levandje', '2024-09-17 02:23:47', '2024-09-17 02:23:47'),
(87, 'Ерік Клептон', 'erik-klepton', '2024-09-17 02:23:47', '2024-09-17 02:23:47'),
(88, 'Ерік Серра', 'erik-serra', '2024-09-17 02:23:47', '2024-09-17 02:23:47'),
(89, 'Ілля Кмірал', 'illia-kmiral', '2024-09-17 02:23:47', '2024-09-17 02:23:47'),
(90, 'Карл Сталлинг', 'karl-stalling', '2024-09-17 02:23:47', '2024-09-17 02:23:47'),
(91, 'Картер Бервелл', 'karter-bervell', '2024-09-17 02:23:47', '2024-09-17 02:23:47'),
(92, 'Керол Кінг', 'kerol-king', '2024-09-17 02:23:47', '2024-09-17 02:23:47'),
(93, 'Клаус Бадельт', 'klaus-badelt', '2024-09-17 02:23:47', '2024-09-17 02:23:47'),
(94, 'Клінт Менселл', 'klint-mensell', '2024-09-17 02:23:47', '2024-09-17 02:23:47'),
(95, 'Кліфф Мартінес', 'kliff-martines', '2024-09-17 02:23:47', '2024-09-17 02:23:47'),
(96, 'Комбасчібл Едісон', 'kombascibl-edison', '2024-09-17 02:23:47', '2024-09-17 02:23:47'),
(97, 'Кріс Бабіда', 'kris-babida', '2024-09-17 02:23:47', '2024-09-17 02:23:47'),
(98, 'Крістоф Бек', 'kristof-bek', '2024-09-17 02:23:47', '2024-09-17 02:23:47'),
(99, 'Крістофер Леннерц', 'kristofer-lennerc', '2024-09-17 02:23:47', '2024-09-17 02:23:47'),
(100, 'Крістофер Тінг', 'kristofer-ting', '2024-09-17 02:23:47', '2024-09-17 02:23:47'),
(101, 'Крістофер Янг', 'kristofer-iang', '2024-09-17 02:23:47', '2024-09-17 02:23:47'),
(102, 'Куинси Джонс', 'kuinsi-dzons', '2024-09-17 02:23:47', '2024-09-17 02:23:47'),
(103, 'Лайл Воркмен', 'lail-vorkmen', '2024-09-17 02:23:47', '2024-09-17 02:23:47'),
(104, 'Лес Браун', 'les-braun', '2024-09-17 02:23:47', '2024-09-17 02:23:47'),
(105, 'Лі Голдрідж', 'li-goldridz', '2024-09-17 02:23:48', '2024-09-17 02:23:48'),
(106, 'Ліза Джеррард', 'liza-dzerrard', '2024-09-17 02:23:48', '2024-09-17 02:23:48'),
(107, 'Лори Стоун', 'lori-stoun', '2024-09-17 02:23:48', '2024-09-17 02:23:48'),
(108, 'Людвіг Йоранссон', 'liudvig-ioransson', '2024-09-17 02:23:48', '2024-09-17 02:23:48'),
(109, 'Майк Паттон', 'maik-patton', '2024-09-17 02:23:48', '2024-09-17 02:23:48'),
(110, 'Майк Пост', 'maik-post', '2024-09-17 02:23:48', '2024-09-17 02:23:48'),
(111, 'Майкл Абелс', 'maikl-abels', '2024-09-17 02:23:48', '2024-09-17 02:23:48'),
(112, 'Майкл Брук', 'maikl-bruk', '2024-09-17 02:23:48', '2024-09-17 02:23:48'),
(113, 'Майкл Джаккіно', 'maikl-dzakkino', '2024-09-17 02:23:48', '2024-09-17 02:23:48'),
(114, 'Майкл Кеймен', 'maikl-keimen', '2024-09-17 02:23:48', '2024-09-17 02:23:48'),
(115, 'Майкл Прайс', 'maikl-prais', '2024-09-17 02:23:48', '2024-09-17 02:23:48'),
(116, 'Майкл Субі', 'maikl-subi', '2024-09-17 02:23:48', '2024-09-17 02:23:48'),
(117, 'Майкл Тавера', 'maikl-tavera', '2024-09-17 02:23:48', '2024-09-17 02:23:48'),
(118, 'Майлз Гудман', 'mailz-gudman', '2024-09-17 02:23:48', '2024-09-17 02:23:48'),
(119, 'Марк Айшем', 'mark-aisem', '2024-09-17 02:23:48', '2024-09-17 02:23:48'),
(120, 'Марк Ішем', 'mark-isem', '2024-09-17 02:23:48', '2024-09-17 02:23:48'),
(121, 'Марк Мазесбо', 'mark-mazesbo', '2024-09-17 02:23:48', '2024-09-17 02:23:48'),
(122, 'Марк МакГрес', 'mark-makgres', '2024-09-17 02:23:48', '2024-09-17 02:23:48'),
(123, 'Марк Мансіна', 'mark-mansina', '2024-09-17 02:23:48', '2024-09-17 02:23:48'),
(124, 'Марк Стрейтенфелд', 'mark-streitenfeld', '2024-09-17 02:23:48', '2024-09-17 02:23:48'),
(125, 'Марко Белтрамі', 'marko-beltrami', '2024-09-17 02:23:48', '2024-09-17 02:23:48'),
(126, 'Милт Франклин ', 'milt-franklin', '2024-09-17 02:23:48', '2024-09-17 02:23:48'),
(127, 'Мішель Мань', 'misel-man', '2024-09-17 02:23:48', '2024-09-17 02:23:48'),
(128, 'Найл Роджерс', 'nail-rodzers', '2024-09-17 02:23:48', '2024-09-17 02:23:48'),
(129, 'Олександр Азарія', 'oleksandr-azariia', '2024-09-17 02:23:48', '2024-09-17 02:23:48'),
(130, 'Патрік Дойл', 'patrik-doil', '2024-09-17 02:23:48', '2024-09-17 02:23:48'),
(131, 'Пит Карпентер', 'pit-karpenter', '2024-09-17 02:23:48', '2024-09-17 02:23:48'),
(132, 'Питер Бернштейн', 'piter-bernstein', '2024-09-17 02:23:48', '2024-09-17 02:23:48'),
(133, 'Пол Гаслінгер', 'pol-gaslinger', '2024-09-17 02:23:48', '2024-09-17 02:23:48'),
(134, 'Пол Гілріт', 'pol-gilrit', '2024-09-17 02:23:48', '2024-09-17 02:23:48'),
(135, 'Пол Леонард-Морґан', 'pol-leonard-morgan', '2024-09-17 02:23:48', '2024-09-17 02:23:48'),
(136, 'Пол Ребджонс', 'pol-rebdzons', '2024-09-17 02:23:48', '2024-09-17 02:23:48'),
(137, 'Пол Хаслінгер', 'pol-xaslinger', '2024-09-17 02:23:48', '2024-09-17 02:23:48'),
(138, 'Рамін Джаваді', 'ramin-dzavadi', '2024-09-17 02:23:48', '2024-09-17 02:23:48'),
(139, 'Рассел Мэйл', 'rassel-meil', '2024-09-17 02:23:48', '2024-09-17 02:23:48'),
(140, 'Ренді Едельман', 'rendi-edelman', '2024-09-17 02:23:48', '2024-09-17 02:23:48'),
(141, 'Ренді Ньюман', 'rendi-niuman', '2024-09-17 02:23:48', '2024-09-17 02:23:48'),
(142, 'Ричард Ашер', 'ricard-aser', '2024-09-17 02:23:48', '2024-09-17 02:23:48'),
(143, 'Роберт Лайдекер', 'robert-laideker', '2024-09-17 02:23:48', '2024-09-17 02:23:48'),
(144, 'Роберт Родрігес', 'robert-rodriges', '2024-09-17 02:23:48', '2024-09-17 02:23:48'),
(145, 'Роберт Фолк', 'robert-folk', '2024-09-17 02:23:48', '2024-09-17 02:23:48'),
(146, 'Роджер Беллон', 'rodzer-bellon', '2024-09-17 02:23:48', '2024-09-17 02:23:48'),
(147, 'Рон Мэйл', 'ron-meil', '2024-09-17 02:23:48', '2024-09-17 02:23:48'),
(148, 'Руперт Грегсон-Вільямс', 'rupert-gregson-viliams', '2024-09-17 02:23:48', '2024-09-17 02:23:48'),
(149, 'Сільвестр Левай', 'silvestr-levai', '2024-09-17 02:23:48', '2024-09-17 02:23:48'),
(150, 'Стефен В. Парсонс', 'stefen-v-parsons', '2024-09-17 02:23:48', '2024-09-17 02:23:48'),
(151, 'Стівен Ендельман', 'stiven-endelman', '2024-09-17 02:23:48', '2024-09-17 02:23:48'),
(152, 'Стэнли Кларк', 'stenli-klark', '2024-09-17 02:23:48', '2024-09-17 02:23:48'),
(153, 'Стюарт Коупленд', 'stiuart-kouplend', '2024-09-17 02:23:48', '2024-09-17 02:23:48'),
(154, 'Тайлер Бейтс', 'tailer-beits', '2024-09-17 02:23:48', '2024-09-17 02:23:48'),
(155, 'Тедді Кастелуччі', 'teddi-kastelucci', '2024-09-17 02:23:48', '2024-09-17 02:23:48'),
(156, 'Теодор Шапіро', 'teodor-sapiro', '2024-09-17 02:23:48', '2024-09-17 02:23:48'),
(157, 'Тим Уинн', 'tim-uinn', '2024-09-17 02:23:48', '2024-09-17 02:23:48'),
(158, 'Томас Ньюман', 'tomas-niuman', '2024-09-17 02:23:48', '2024-09-17 02:23:48'),
(159, 'Тревор Рабін', 'trevor-rabin', '2024-09-17 02:23:48', '2024-09-17 02:23:48'),
(160, 'Уильям Лэйва', 'uiliam-leiva', '2024-09-17 02:23:48', '2024-09-17 02:23:48'),
(161, 'Фред Стейнер', 'fred-steiner', '2024-09-17 02:23:48', '2024-09-17 02:23:48'),
(162, 'Фред Фідель', 'fred-fidel', '2024-09-17 02:23:48', '2024-09-17 02:23:48'),
(163, 'Фредерік Талгорн', 'frederik-talgorn', '2024-09-17 02:23:48', '2024-09-17 02:23:48'),
(164, 'Френсіс Гайнс', 'frensis-gains', '2024-09-17 02:23:48', '2024-09-17 02:23:48'),
(165, 'Фрибайрн-Смит', 'fribairn-smit', '2024-09-17 02:23:48', '2024-09-17 02:23:48'),
(166, 'Хуан Гарсія Есківель', 'xuan-garsiia-eskivel', '2024-09-17 02:23:48', '2024-09-17 02:23:48'),
(167, 'Чак Лоррі', 'cak-lorri', '2024-09-17 02:23:48', '2024-09-17 02:23:48'),
(168, 'Ян Стівенс', 'ian-stivens', '2024-09-17 02:23:48', '2024-09-17 02:23:48'),
(169, 'Невідомо', 'nevidomo', '2024-09-17 02:23:48', '2024-09-17 02:23:48');

-- --------------------------------------------------------

--
-- Структура таблиці `composer_film`
--

CREATE TABLE `composer_film` (
  `id` int UNSIGNED NOT NULL,
  `composer_id` int UNSIGNED NOT NULL,
  `film_id` int UNSIGNED NOT NULL
) ENGINE=InnoDB DEFAULT CHARSET=utf8mb4 COLLATE=utf8mb4_unicode_ci;

--
-- Дамп даних таблиці `composer_film`
--

INSERT INTO `composer_film` (`id`, `composer_id`, `film_id`) VALUES
(1, 129, 1),
(2, 117, 2),
(3, 100, 3),
(4, 162, 4),
(5, 90, 5),
(6, 126, 5),
(7, 161, 5),
(8, 168, 6),
(9, 62, 6),
(10, 129, 7),
(11, 16, 8),
(12, 129, 9),
(13, 42, 10),
(14, 21, 11),
(15, 17, 11),
(16, 6, 12),
(17, 22, 12),
(18, 15, 12),
(19, 6, 13),
(20, 102, 14),
(21, 76, 15),
(22, 129, 16),
(23, 129, 17),
(24, 129, 18),
(25, 129, 19),
(26, 110, 20),
(27, 132, 20),
(28, 166, 20),
(29, 61, 21),
(30, 30, 22),
(31, 69, 23),
(32, 51, 24),
(33, 129, 25),
(34, 61, 26),
(35, 36, 27),
(36, 129, 28),
(37, 69, 29),
(38, 105, 30),
(39, 150, 31),
(40, 129, 32),
(41, 129, 33),
(42, 50, 34),
(43, 115, 34),
(44, 129, 35),
(45, 129, 36),
(46, 147, 37),
(47, 60, 38),
(48, 133, 39),
(49, 82, 39),
(50, 129, 40),
(51, 129, 41),
(52, 129, 42),
(53, 45, 43),
(54, 107, 43),
(55, 18, 44),
(56, 169, 45),
(57, 1, 46),
(58, 9, 46),
(59, 4, 47),
(60, 158, 48),
(61, 38, 49),
(62, 153, 50),
(63, 31, 51),
(64, 8, 52),
(65, 94, 53),
(66, 72, 54),
(67, 50, 55),
(68, 79, 56),
(69, 13, 57),
(70, 26, 58),
(71, 146, 59),
(72, 79, 60),
(73, 157, 61),
(74, 48, 62),
(75, 80, 63),
(76, 119, 64),
(77, 60, 65),
(78, 70, 66),
(79, 157, 67),
(80, 77, 68),
(81, 27, 69),
(82, 71, 70),
(83, 129, 71),
(84, 129, 72),
(85, 64, 73),
(86, 55, 74),
(87, 114, 75),
(88, 44, 76),
(89, 41, 77),
(90, 163, 78),
(91, 26, 79),
(92, 26, 80),
(93, 66, 81),
(94, 150, 82),
(95, 34, 83),
(96, 25, 84),
(97, 146, 85),
(98, 37, 86),
(99, 19, 87),
(100, 53, 88),
(101, 122, 89),
(102, 63, 90),
(103, 25, 91),
(104, 25, 92),
(105, 25, 93),
(106, 124, 94),
(107, 155, 95),
(108, 60, 96),
(109, 64, 97),
(110, 80, 98),
(111, 78, 99),
(112, 78, 100),
(113, 44, 101),
(114, 54, 102),
(115, 54, 103),
(116, 98, 104),
(117, 103, 105),
(118, 157, 106),
(119, 67, 106),
(120, 125, 107),
(121, 163, 108),
(122, 116, 109),
(123, 60, 110),
(124, 60, 111),
(125, 155, 112),
(126, 68, 112),
(127, 157, 113),
(128, 7, 114),
(129, 88, 115),
(130, 96, 116),
(131, 104, 116),
(132, 167, 116),
(133, 33, 116),
(134, 35, 116),
(135, 114, 117),
(136, 141, 118),
(137, 72, 119),
(138, 114, 120),
(139, 114, 121),
(140, 5, 122),
(141, 99, 123),
(142, 99, 124),
(143, 97, 125),
(144, 152, 125),
(145, 137, 125),
(146, 93, 126),
(147, 47, 127),
(148, 52, 128),
(149, 118, 129),
(150, 14, 130),
(151, 14, 131),
(152, 142, 132),
(153, 142, 133),
(154, 91, 134),
(155, 141, 135),
(156, 128, 136),
(157, 98, 137),
(158, 87, 138),
(159, 114, 138),
(160, 87, 139),
(161, 114, 139),
(162, 57, 139),
(163, 87, 140),
(164, 114, 140),
(165, 57, 140),
(166, 87, 141),
(167, 114, 141),
(168, 57, 141),
(169, 157, 142),
(170, 55, 143),
(171, 149, 144),
(172, 149, 145),
(173, 112, 146),
(174, 149, 147),
(175, 10, 148),
(176, 39, 149),
(177, 53, 150),
(178, 159, 151),
(179, 39, 152),
(180, 135, 153),
(181, 99, 154),
(182, 95, 155),
(183, 154, 156),
(184, 85, 157),
(185, 49, 158),
(186, 59, 158),
(187, 123, 159),
(188, 165, 160),
(189, 151, 160),
(190, 32, 161),
(191, 28, 162),
(192, 130, 163),
(193, 29, 164),
(194, 141, 165),
(195, 101, 166),
(196, 164, 167),
(197, 155, 168),
(198, 75, 169),
(199, 148, 170),
(200, 140, 170),
(201, 129, 171),
(202, 121, 172),
(203, 40, 173),
(204, 103, 174),
(205, 145, 175),
(206, 72, 175),
(207, 48, 175),
(208, 119, 176),
(209, 46, 177),
(210, 156, 178),
(211, 120, 179),
(212, 81, 180),
(213, 24, 180),
(214, 43, 181),
(215, 23, 182),
(216, 71, 183),
(217, 160, 184),
(218, 89, 185),
(219, 134, 186),
(220, 74, 187),
(221, 83, 188),
(222, 157, 189),
(223, 64, 190),
(224, 72, 191),
(225, 65, 191),
(226, 108, 192),
(227, 56, 193),
(228, 111, 194),
(229, 141, 195),
(230, 26, 196),
(231, 84, 197),
(232, 103, 198),
(233, 52, 199),
(234, 43, 200),
(235, 106, 200),
(236, 58, 201),
(237, 138, 202),
(238, 109, 203),
(239, 39, 204),
(240, 39, 205),
(241, 113, 206),
(242, 113, 207),
(243, 113, 208),
(244, 127, 209),
(245, 127, 210),
(246, 127, 211),
(247, 26, 212),
(248, 139, 213),
(249, 60, 214),
(250, 131, 215),
(251, 41, 216),
(252, 136, 217),
(253, 26, 218),
(254, 71, 219),
(255, 71, 220),
(256, 71, 221),
(257, 71, 222),
(258, 71, 223),
(259, 71, 224),
(260, 113, 225),
(261, 93, 226),
(262, 39, 226),
(263, 2, 227),
(264, 3, 228),
(265, 20, 229),
(266, 12, 230),
(267, 11, 231),
(268, 48, 232),
(269, 146, 233),
(270, 92, 233),
(271, 146, 234),
(272, 146, 235),
(273, 146, 236),
(274, 146, 237),
(275, 146, 238),
(276, 146, 239),
(277, 66, 240),
(278, 26, 241),
(279, 26, 242),
(280, 26, 243),
(281, 64, 244),
(282, 72, 245),
(283, 84, 246),
(284, 141, 247),
(285, 125, 248),
(286, 39, 249),
(287, 144, 249),
(288, 129, 250),
(289, 120, 251),
(290, 156, 252),
(291, 73, 253),
(292, 73, 254),
(293, 73, 255),
(294, 143, 255),
(295, 55, 256),
(296, 98, 257),
(297, 86, 258),
(298, 6, 259),
(299, 22, 259),
(300, 15, 259),
(301, 129, 260),
(302, 6, 261),
(303, 100, 262),
(304, 100, 263),
(305, 100, 264),
(306, 100, 265),
(307, 2, 266);

-- --------------------------------------------------------

--
-- Структура таблиці `countries`
--

CREATE TABLE `countries` (
  `id` int UNSIGNED NOT NULL,
  `title` varchar(255) COLLATE utf8mb4_unicode_ci NOT NULL,
  `slug` varchar(255) COLLATE utf8mb4_unicode_ci NOT NULL,
  `created_at` timestamp NULL DEFAULT NULL,
  `updated_at` timestamp NULL DEFAULT NULL
) ENGINE=InnoDB DEFAULT CHARSET=utf8mb4 COLLATE=utf8mb4_unicode_ci;

--
-- Дамп даних таблиці `countries`
--

INSERT INTO `countries` (`id`, `title`, `slug`, `created_at`, `updated_at`) VALUES
(1, 'Австралія', 'avstraliia', '2024-09-17 02:23:48', '2024-09-17 02:23:48'),
(2, 'Аруба', 'aruba', '2024-09-17 02:23:48', '2024-09-17 02:23:48'),
(3, 'Бельгія', 'belgiia', '2024-09-17 02:23:48', '2024-09-17 02:23:48'),
(4, 'Болгарія', 'bolgariia', '2024-09-17 02:23:48', '2024-09-17 02:23:48'),
(5, 'Велика Британія', 'velika-britaniia', '2024-09-17 02:23:48', '2024-09-17 02:23:48'),
(6, 'Гонконг', 'gonkong', '2024-09-17 02:23:48', '2024-09-17 02:23:48'),
(7, 'Ірландія', 'irlandiia', '2024-09-17 02:23:48', '2024-09-17 02:23:48'),
(8, 'Італія', 'italiia', '2024-09-17 02:23:48', '2024-09-17 02:23:48'),
(9, 'Канада', 'kanada', '2024-09-17 02:23:48', '2024-09-17 02:23:48'),
(10, 'Китай', 'kitai', '2024-09-17 02:23:48', '2024-09-17 02:23:48'),
(11, 'Мальта', 'malta', '2024-09-17 02:23:48', '2024-09-17 02:23:48'),
(12, 'Мексика', 'meksika', '2024-09-17 02:23:48', '2024-09-17 02:23:48'),
(13, 'Німеччина', 'nimeccina', '2024-09-17 02:23:48', '2024-09-17 02:23:48'),
(14, 'Нова Зеландія', 'nova-zelandiia', '2024-09-17 02:23:48', '2024-09-17 02:23:48'),
(15, 'США', 'ssa', '2024-09-17 02:23:48', '2024-09-17 02:23:48'),
(16, 'Україна', 'ukrayina', '2024-09-17 02:23:48', '2024-09-17 02:23:48'),
(17, 'Франція', 'franciia', '2024-09-17 02:23:48', '2024-09-17 02:23:48'),
(18, 'Чехія', 'cexiia', '2024-09-17 02:23:48', '2024-09-17 02:23:48'),
(19, 'Швейцарія', 'sveicariia', '2024-09-17 02:23:48', '2024-09-17 02:23:48'),
(20, 'Японія', 'iaponiia', '2024-09-17 02:23:48', '2024-09-17 02:23:48'),
(21, 'Невідомо', 'nevidomo', '2024-09-17 02:23:48', '2024-09-17 02:23:48');

-- --------------------------------------------------------

--
-- Структура таблиці `country_film`
--

CREATE TABLE `country_film` (
  `id` int UNSIGNED NOT NULL,
  `country_id` int UNSIGNED NOT NULL,
  `film_id` int UNSIGNED NOT NULL
) ENGINE=InnoDB DEFAULT CHARSET=utf8mb4 COLLATE=utf8mb4_unicode_ci;

--
-- Дамп даних таблиці `country_film`
--

INSERT INTO `country_film` (`id`, `country_id`, `film_id`) VALUES
(1, 15, 1),
(2, 15, 2),
(3, 15, 3),
(4, 15, 4),
(5, 15, 5),
(6, 15, 6),
(7, 17, 7),
(8, 7, 7),
(9, 13, 7),
(10, 9, 8),
(11, 15, 9),
(12, 15, 10),
(13, 17, 11),
(14, 17, 12),
(15, 13, 12),
(16, 5, 12),
(17, 17, 13),
(18, 15, 14),
(19, 15, 15),
(20, 15, 16),
(21, 15, 17),
(22, 15, 18),
(23, 15, 19),
(24, 15, 20),
(25, 15, 21),
(26, 15, 22),
(27, 15, 23),
(28, 14, 23),
(29, 15, 24),
(30, 15, 25),
(31, 15, 26),
(32, 15, 27),
(33, 15, 28),
(34, 5, 28),
(35, 9, 28),
(36, 13, 28),
(37, 15, 29),
(38, 14, 29),
(39, 15, 30),
(40, 15, 31),
(41, 15, 32),
(42, 15, 33),
(43, 5, 34),
(44, 15, 34),
(45, 15, 35),
(46, 15, 36),
(47, 9, 37),
(48, 17, 37),
(49, 15, 38),
(50, 15, 39),
(51, 16, 40),
(52, 15, 41),
(53, 14, 42),
(54, 15, 43),
(55, 15, 44),
(56, 15, 45),
(57, 15, 46),
(58, 8, 46),
(59, 15, 47),
(60, 13, 47),
(61, 15, 48),
(62, 5, 49),
(63, 9, 49),
(64, 17, 50),
(65, 15, 50),
(66, 9, 51),
(67, 9, 51),
(68, 10, 52),
(69, 13, 53),
(70, 5, 53),
(71, 13, 53),
(72, 18, 53),
(73, 15, 54),
(74, 15, 55),
(75, 5, 55),
(76, 17, 55),
(77, 15, 56),
(78, 15, 57),
(79, 13, 57),
(80, 15, 58),
(81, 5, 58),
(82, 20, 58),
(83, 15, 59),
(84, 15, 60),
(85, 15, 61),
(86, 15, 62),
(87, 15, 63),
(88, 15, 64),
(89, 13, 64),
(90, 15, 65),
(91, 15, 66),
(92, 15, 67),
(93, 5, 67),
(94, 13, 67),
(95, 5, 68),
(96, 1, 68),
(97, 15, 69),
(98, 15, 70),
(99, 15, 71),
(100, 15, 72),
(101, 15, 73),
(102, 15, 74),
(103, 15, 75),
(104, 15, 76),
(105, 15, 77),
(106, 15, 78),
(107, 17, 78),
(108, 15, 79),
(109, 15, 80),
(110, 15, 81),
(111, 15, 82),
(112, 15, 83),
(113, 15, 84),
(114, 15, 85),
(115, 15, 86),
(116, 15, 87),
(117, 15, 88),
(118, 15, 89),
(119, 15, 90),
(120, 9, 90),
(121, 15, 91),
(122, 15, 92),
(123, 15, 93),
(124, 15, 94),
(125, 5, 94),
(126, 15, 95),
(127, 15, 96),
(128, 5, 96),
(129, 13, 96),
(130, 8, 96),
(131, 15, 97),
(132, 5, 97),
(133, 15, 98),
(134, 15, 99),
(135, 15, 100),
(136, 15, 101),
(137, 15, 102),
(138, 15, 103),
(139, 15, 104),
(140, 13, 104),
(141, 15, 105),
(142, 15, 106),
(143, 15, 107),
(144, 5, 107),
(145, 13, 107),
(146, 15, 108),
(147, 5, 108),
(148, 15, 109),
(149, 9, 109),
(150, 15, 110),
(151, 5, 110),
(152, 15, 111),
(153, 1, 111),
(154, 15, 112),
(155, 15, 113),
(156, 9, 114),
(157, 13, 114),
(158, 17, 115),
(159, 15, 116),
(160, 15, 117),
(161, 15, 118),
(162, 15, 119),
(163, 15, 120),
(164, 15, 121),
(165, 15, 122),
(166, 15, 123),
(167, 15, 124),
(168, 6, 125),
(169, 15, 126),
(170, 15, 127),
(171, 15, 128),
(172, 15, 129),
(173, 15, 130),
(174, 15, 131),
(175, 15, 132),
(176, 15, 133),
(177, 15, 134),
(178, 15, 135),
(179, 15, 136),
(180, 15, 137),
(181, 9, 137),
(182, 15, 138),
(183, 15, 139),
(184, 15, 140),
(185, 15, 141),
(186, 15, 142),
(187, 15, 143),
(188, 13, 143),
(189, 15, 144),
(190, 15, 145),
(191, 15, 146),
(192, 15, 147),
(193, 5, 148),
(194, 15, 149),
(195, 17, 149),
(196, 4, 149),
(197, 15, 150),
(198, 15, 151),
(199, 13, 151),
(200, 15, 152),
(201, 15, 153),
(202, 6, 153),
(203, 15, 154),
(204, 15, 155),
(205, 15, 156),
(206, 15, 157),
(207, 17, 158),
(208, 15, 159),
(209, 1, 159),
(210, 5, 160),
(211, 15, 161),
(212, 15, 162),
(213, 5, 162),
(214, 17, 163),
(215, 15, 164),
(216, 13, 164),
(217, 5, 164),
(218, 15, 165),
(219, 15, 166),
(220, 1, 166),
(221, 15, 167),
(222, 1, 167),
(223, 15, 168),
(224, 15, 169),
(225, 14, 169),
(226, 19, 169),
(227, 20, 169),
(228, 15, 170),
(229, 6, 170),
(230, 2, 170),
(231, 17, 171),
(232, 15, 172),
(233, 15, 173),
(234, 5, 173),
(235, 7, 173),
(236, 15, 174),
(237, 15, 175),
(238, 15, 176),
(239, 15, 177),
(240, 15, 178),
(241, 15, 179),
(242, 8, 180),
(243, 15, 181),
(244, 5, 181),
(245, 9, 182),
(246, 17, 182),
(247, 15, 183),
(248, 15, 184),
(249, 1, 184),
(250, 15, 185),
(251, 15, 186),
(252, 13, 186),
(253, 5, 186),
(254, 5, 187),
(255, 15, 187),
(256, 15, 188),
(257, 5, 188),
(258, 8, 188),
(259, 15, 189),
(260, 15, 190),
(261, 15, 191),
(262, 15, 192),
(263, 15, 193),
(264, 15, 194),
(265, 15, 195),
(266, 15, 196),
(267, 12, 196),
(268, 15, 197),
(269, 15, 198),
(270, 15, 199),
(271, 15, 200),
(272, 5, 200),
(273, 15, 201),
(274, 15, 202),
(275, 15, 203),
(276, 15, 204),
(277, 15, 205),
(278, 15, 206),
(279, 13, 206),
(280, 15, 207),
(281, 15, 208),
(282, 17, 209),
(283, 8, 209),
(284, 17, 210),
(285, 8, 210),
(286, 17, 211),
(287, 8, 211),
(288, 15, 212),
(289, 15, 213),
(290, 15, 214),
(291, 15, 215),
(292, 9, 216),
(293, 15, 216),
(294, 15, 217),
(295, 15, 218),
(296, 5, 218),
(297, 15, 219),
(298, 15, 220),
(299, 15, 221),
(300, 15, 222),
(301, 15, 223),
(302, 15, 224),
(303, 15, 225),
(304, 15, 226),
(305, 13, 226),
(306, 17, 227),
(307, 17, 228),
(308, 17, 229),
(309, 17, 230),
(310, 17, 231),
(311, 15, 232),
(312, 17, 232),
(313, 15, 233),
(314, 15, 234),
(315, 15, 235),
(316, 15, 236),
(317, 15, 237),
(318, 15, 238),
(319, 15, 239),
(320, 15, 240),
(321, 15, 241),
(322, 15, 242),
(323, 15, 243),
(324, 15, 244),
(325, 5, 244),
(326, 11, 244),
(327, 15, 245),
(328, 19, 245),
(329, 15, 246),
(330, 15, 247),
(331, 15, 248),
(332, 15, 249),
(333, 15, 250),
(334, 15, 251),
(335, 15, 252),
(336, 15, 253),
(337, 6, 253),
(338, 15, 254),
(339, 6, 254),
(340, 15, 255),
(341, 6, 255),
(342, 15, 256),
(343, 15, 257),
(344, 17, 258),
(345, 17, 259),
(346, 17, 260),
(347, 17, 261),
(348, 15, 262),
(349, 15, 263),
(350, 15, 264),
(351, 15, 265),
(352, 1, 266);

-- --------------------------------------------------------

--
-- Структура таблиці `directors`
--

CREATE TABLE `directors` (
  `id` bigint UNSIGNED NOT NULL,
  `name` varchar(255) COLLATE utf8mb4_unicode_ci NOT NULL,
  `slug` varchar(255) COLLATE utf8mb4_unicode_ci NOT NULL,
  `created_at` timestamp NULL DEFAULT NULL,
  `updated_at` timestamp NULL DEFAULT NULL
) ENGINE=InnoDB DEFAULT CHARSET=utf8mb4 COLLATE=utf8mb4_unicode_ci;

--
-- Дамп даних таблиці `directors`
--

INSERT INTO `directors` (`id`, `name`, `slug`, `created_at`, `updated_at`) VALUES
(1, 'Fred Savage', 'fred-savage', '2024-09-17 02:23:48', '2024-09-17 02:23:48'),
(2, 'Matt Shakman', 'matt-shakman', '2024-09-17 02:23:48', '2024-09-17 02:23:48'),
(3, 'Randall Einhorn', 'randall-einhorn', '2024-09-17 02:23:48', '2024-09-17 02:23:48'),
(4, 'Richard Schlesinger', 'richard-schlesinger', '2024-09-17 02:23:48', '2024-09-17 02:23:48'),
(5, 'Ted Nicolaou', 'ted-nicolaou', '2024-09-17 02:23:48', '2024-09-17 02:23:48'),
(6, 'Адам Бернштейн', 'adam-bernstein', '2024-09-17 02:23:48', '2024-09-17 02:23:48'),
(7, 'Айван Діксон', 'aivan-dikson', '2024-09-17 02:23:48', '2024-09-17 02:23:48'),
(8, 'Алан Дж. Леви', 'alan-dz-levi', '2024-09-17 02:23:48', '2024-09-17 02:23:48'),
(9, 'Алан Рафкин', 'alan-rafkin', '2024-09-17 02:23:48', '2024-09-17 02:23:48'),
(10, 'Аллан Аркуш', 'allan-arkus', '2024-09-17 02:23:48', '2024-09-17 02:23:48'),
(11, 'Бернард Л. Ковальски', 'bernard-l-kovalski', '2024-09-17 02:23:48', '2024-09-17 02:23:48'),
(12, 'Бернард МакЭвети', 'bernard-makeveti', '2024-09-17 02:23:48', '2024-09-17 02:23:48'),
(13, 'Брайан Тренчард-Смит', 'braian-trencard-smit', '2024-09-17 02:23:48', '2024-09-17 02:23:48'),
(14, 'Бреннан Шрофф', 'brennan-sroff', '2024-09-17 02:23:48', '2024-09-17 02:23:48'),
(15, 'Брюс Билсон', 'brius-bilson', '2024-09-17 02:23:48', '2024-09-17 02:23:48'),
(16, 'Брюс Кембелл', 'brius-kembell', '2024-09-17 02:23:48', '2024-09-17 02:23:48'),
(17, 'Брюс МакДональд', 'brius-makdonald', '2024-09-17 02:23:48', '2024-09-17 02:23:48'),
(18, 'Брюс Сет Грин', 'brius-set-grin', '2024-09-17 02:23:48', '2024-09-17 02:23:48'),
(19, 'Вирджил В. Фогель', 'virdzil-v-fogel', '2024-09-17 02:23:48', '2024-09-17 02:23:48'),
(20, 'Вінріх Кольбе', 'vinrix-kolbe', '2024-09-17 02:23:48', '2024-09-17 02:23:48'),
(21, 'Гари Нельсон', 'gari-nelson', '2024-09-17 02:23:48', '2024-09-17 02:23:48'),
(22, 'Гарі Гелворсон', 'gari-gelvorson', '2024-09-17 02:23:48', '2024-09-17 02:23:48'),
(23, 'Гас Триконис', 'gas-trikonis', '2024-09-17 02:23:48', '2024-09-17 02:23:48'),
(24, 'Георг Фенади', 'georg-fenadi', '2024-09-17 02:23:48', '2024-09-17 02:23:48'),
(25, 'Гленн Хоуэртон', 'glenn-xouerton', '2024-09-17 02:23:48', '2024-09-17 02:23:48'),
(26, 'Голлі Дейл', 'golli-deil', '2024-09-17 02:23:48', '2024-09-17 02:23:48'),
(27, 'Грэхэм Уэтерелл', 'grexem-ueterell', '2024-09-17 02:23:48', '2024-09-17 02:23:48'),
(28, 'Девід Дж. Егіль', 'devid-dz-egil', '2024-09-17 02:23:48', '2024-09-17 02:23:48'),
(29, 'Девід Добкін', 'devid-dobkin', '2024-09-17 02:23:48', '2024-09-17 02:23:48'),
(30, 'Девід Наттер', 'devid-natter', '2024-09-17 02:23:48', '2024-09-17 02:23:48'),
(31, 'Деклан Имис', 'deklan-imis', '2024-09-17 02:23:48', '2024-09-17 02:23:48'),
(32, 'Джанет Грик', 'dzanet-grik', '2024-09-17 02:23:48', '2024-09-17 02:23:48'),
(33, 'Джей Сандрич', 'dzei-sandric', '2024-09-17 02:23:48', '2024-09-17 02:23:48'),
(34, 'Джей Чандрасекар', 'dzei-candrasekar', '2024-09-17 02:23:48', '2024-09-17 02:23:48'),
(35, 'Джеймс Комак', 'dzeims-komak', '2024-09-17 02:23:48', '2024-09-17 02:23:48'),
(36, 'Джеймс М. Муро', 'dzeims-m-muro', '2024-09-17 02:23:48', '2024-09-17 02:23:48'),
(37, 'Дженніфер Фанг', 'dzennifer-fang', '2024-09-17 02:23:48', '2024-09-17 02:23:48'),
(38, 'Джеремі Лаврінг', 'dzeremi-lavring', '2024-09-17 02:23:48', '2024-09-17 02:23:48'),
(39, 'Джеррі О\'Коннелл', 'dzerri-okonnell', '2024-09-17 02:23:48', '2024-09-17 02:23:48'),
(40, 'Джефф Мелман', 'dzeff-melman', '2024-09-17 02:23:48', '2024-09-17 02:23:48'),
(41, 'Джим Джонстон', 'dzim-dzonston', '2024-09-17 02:23:48', '2024-09-17 02:23:48'),
(42, 'Джон Инвуд', 'dzon-invud', '2024-09-17 02:23:48', '2024-09-17 02:23:48'),
(43, 'Джон Рейд', 'dzon-reid', '2024-09-17 02:23:48', '2024-09-17 02:23:48'),
(44, 'Джон С. Флинн Третий', 'dzon-s-flinn-tretii', '2024-09-17 02:23:48', '2024-09-17 02:23:48'),
(45, 'Джофф Хассон', 'dzoff-xasson', '2024-09-17 02:23:48', '2024-09-17 02:23:48'),
(46, 'Дон Адамс', 'don-adams', '2024-09-17 02:23:48', '2024-09-17 02:23:48'),
(47, 'Дональд А. Баэр', 'donald-a-baer', '2024-09-17 02:23:48', '2024-09-17 02:23:48'),
(48, 'Дональд Кромби', 'donald-krombi', '2024-09-17 02:23:48', '2024-09-17 02:23:48'),
(49, 'Дональд П. Беллисарио', 'donald-p-bellisario', '2024-09-17 02:23:48', '2024-09-17 02:23:48'),
(50, 'Дэвид Гроссман', 'devid-grossman', '2024-09-17 02:23:48', '2024-09-17 02:23:48'),
(51, 'Дэнни Билсон', 'denni-bilson', '2024-09-17 02:23:48', '2024-09-17 02:23:48'),
(52, 'Еллен Гиттелсон', 'ellen-gittelson', '2024-09-17 02:23:48', '2024-09-17 02:23:48'),
(53, 'Ендрю Мерріфілд', 'endriu-merrifild', '2024-09-17 02:23:48', '2024-09-17 02:23:48'),
(54, 'Зак Брафф', 'zak-braff', '2024-09-17 02:23:48', '2024-09-17 02:23:48'),
(55, 'Ієн Морріс', 'ijen-morris', '2024-09-17 02:23:48', '2024-09-17 02:23:48'),
(56, 'Кевін Брайт', 'kevin-brait', '2024-09-17 02:23:48', '2024-09-17 02:23:48'),
(57, 'Колин Баддс', 'kolin-badds', '2024-09-17 02:23:48', '2024-09-17 02:23:48'),
(58, 'Крис Боулд', 'kris-bould', '2024-09-17 02:23:48', '2024-09-17 02:23:48'),
(59, 'Крис Томсон', 'kris-tomson', '2024-09-17 02:23:48', '2024-09-17 02:23:48'),
(60, 'Кріс Грейвз', 'kris-greivz', '2024-09-17 02:23:48', '2024-09-17 02:23:48'),
(61, 'Кріс Лонг', 'kris-long', '2024-09-17 02:23:48', '2024-09-17 02:23:48'),
(62, 'Крістіан В. Найбі', 'kristian-v-naibi', '2024-09-17 02:23:48', '2024-09-17 02:23:48'),
(63, 'Ли Локхед', 'li-lokxed', '2024-09-17 02:23:48', '2024-09-17 02:23:48'),
(64, 'Лоррейн Сенна', 'lorrein-senna', '2024-09-17 02:23:48', '2024-09-17 02:23:48'),
(65, 'Льюис Тиг', 'liuis-tig', '2024-09-17 02:23:48', '2024-09-17 02:23:48'),
(66, 'Майк Смит', 'maik-smit', '2024-09-17 02:23:48', '2024-09-17 02:23:48'),
(67, 'Майкл Віджер', 'maikl-vidzer', '2024-09-17 02:23:48', '2024-09-17 02:23:48'),
(68, 'Майкл Дж. Ши', 'maikl-dz-si', '2024-09-17 02:23:48', '2024-09-17 02:23:48'),
(69, 'Майкл Ланж', 'maikl-lanz', '2024-09-17 02:23:48', '2024-09-17 02:23:48'),
(70, 'Майкл Леманн', 'maikl-lemann', '2024-09-17 02:23:48', '2024-09-17 02:23:48'),
(71, 'Майкл Лембек', 'maikl-lembek', '2024-09-17 02:23:48', '2024-09-17 02:23:48'),
(72, 'Майкл Спиллер', 'maikl-spiller', '2024-09-17 02:23:48', '2024-09-17 02:23:48'),
(73, 'Майкл Фреско', 'maikl-fresko', '2024-09-17 02:23:48', '2024-09-17 02:23:48'),
(74, 'Майкл Херст', 'maikl-xerst', '2024-09-17 02:23:48', '2024-09-17 02:23:48'),
(75, 'Макс Тэш', 'maks-tes', '2024-09-17 02:23:48', '2024-09-17 02:23:48'),
(76, 'Марио Аццопарди', 'mario-accopardi', '2024-09-17 02:23:48', '2024-09-17 02:23:48'),
(77, 'Марк Баклэнд', 'mark-baklend', '2024-09-17 02:23:48', '2024-09-17 02:23:48'),
(78, 'Марк Бисли', 'mark-bisli', '2024-09-17 02:23:48', '2024-09-17 02:23:48'),
(79, 'Невідомо', 'nevidomo', '2024-09-17 02:23:48', '2024-09-17 02:23:48'),
(80, 'Ник Хавинга', 'nik-xavinga', '2024-09-17 02:23:48', '2024-09-17 02:23:48'),
(81, 'Нил Патрик Харрис', 'nil-patrik-xarris', '2024-09-17 02:23:48', '2024-09-17 02:23:48'),
(82, 'Нік Гарран', 'nik-garran', '2024-09-17 02:23:48', '2024-09-17 02:23:48'),
(83, 'Памела Фрайман', 'pamela-fraiman', '2024-09-17 02:23:48', '2024-09-17 02:23:48'),
(84, 'Питер Шарп', 'piter-sarp', '2024-09-17 02:23:48', '2024-09-17 02:23:48'),
(85, 'Пітер Вернер', 'piter-verner', '2024-09-17 02:23:48', '2024-09-17 02:23:48'),
(86, 'Пол Донован', 'pol-donovan', '2024-09-17 02:23:48', '2024-09-17 02:23:48'),
(87, 'Пол МакГіган', 'pol-makgigan', '2024-09-17 02:23:48', '2024-09-17 02:23:48'),
(88, 'Пол Фаско', 'pol-fasko', '2024-09-17 02:23:48', '2024-09-17 02:23:48'),
(89, 'Ральф Гемекер', 'ralf-gemeker', '2024-09-17 02:23:48', '2024-09-17 02:23:48'),
(90, 'Расселл Солберг', 'rassell-solberg', '2024-09-17 02:23:48', '2024-09-17 02:23:48'),
(91, 'Рей Остін', 'rei-ostin', '2024-09-17 02:23:48', '2024-09-17 02:23:48'),
(92, 'Річард Комптон', 'ricard-kompton', '2024-09-17 02:23:48', '2024-09-17 02:23:48'),
(93, 'Роб Гринберг', 'rob-grinberg', '2024-09-17 02:23:48', '2024-09-17 02:23:48'),
(94, 'Роб Стюарт', 'rob-stiuart', '2024-09-17 02:23:48', '2024-09-17 02:23:48'),
(95, 'Роберт Айскоув', 'robert-aiskouv', '2024-09-17 02:23:48', '2024-09-17 02:23:48'),
(96, 'Роберт Данкан МакНил', 'robert-dankan-maknil', '2024-09-17 02:23:48', '2024-09-17 02:23:48'),
(97, 'Роберт Сигл', 'robert-sigl', '2024-09-17 02:23:48', '2024-09-17 02:23:48'),
(98, 'Роксан Даусон', 'roksan-dauson', '2024-09-17 02:23:48', '2024-09-17 02:23:48'),
(99, 'Рон Оливер', 'ron-oliver', '2024-09-17 02:23:48', '2024-09-17 02:23:48'),
(100, 'Рэй Остин', 'rei-ostin-1', '2024-09-17 02:23:48', '2024-09-17 02:23:48'),
(101, 'Рэйнер Матсутани', 'reiner-matsutani', '2024-09-17 02:23:48', '2024-09-17 02:23:48'),
(102, 'Саймон Бэйкер', 'saimon-beiker', '2024-09-17 02:23:48', '2024-09-17 02:23:48'),
(103, 'Саттон Роули', 'satton-rouli', '2024-09-17 02:23:48', '2024-09-17 02:23:48'),
(104, 'Сідні Хайерс', 'sidni-xaiers', '2024-09-17 02:23:48', '2024-09-17 02:23:48'),
(105, 'Стівен А. Едельсон', 'stiven-a-edelson', '2024-09-17 02:23:48', '2024-09-17 02:23:48'),
(106, 'Теренс Хілл', 'terens-xill', '2024-09-17 02:23:48', '2024-09-17 02:23:48'),
(107, 'Терренс О\'Гара', 'terrens-ogara', '2024-09-17 02:23:48', '2024-09-17 02:23:48'),
(108, 'Тимоти Бонд', 'timoti-bond', '2024-09-17 02:23:48', '2024-09-17 02:23:48'),
(109, 'Тім Кіркбі', 'tim-kirkbi', '2024-09-17 02:23:48', '2024-09-17 02:23:48'),
(110, 'Том Бланк', 'tom-blank', '2024-09-17 02:23:48', '2024-09-17 02:23:48'),
(111, 'Том Веріка', 'tom-verika', '2024-09-17 02:23:48', '2024-09-17 02:23:48'),
(112, 'Том Петчетт', 'tom-petcett', '2024-09-17 02:23:48', '2024-09-17 02:23:48'),
(113, 'Уильям Виард', 'uiliam-viard', '2024-09-17 02:23:48', '2024-09-17 02:23:48'),
(114, 'Уильям Флеминг', 'uiliam-fleming', '2024-09-17 02:23:48', '2024-09-17 02:23:48'),
(115, 'Філ Абрагам', 'fil-abragam', '2024-09-17 02:23:48', '2024-09-17 02:23:48'),
(116, 'Фрэнк Боннер', 'frenk-bonner', '2024-09-17 02:23:48', '2024-09-17 02:23:48'),
(117, 'Фрэнк МакДональд', 'frenk-makdonald', '2024-09-17 02:23:48', '2024-09-17 02:23:48'),
(118, 'Харви С. Лайдман', 'xarvi-s-laidman', '2024-09-17 02:23:48', '2024-09-17 02:23:48'),
(119, 'Чарлі Гескелл', 'carli-geskell', '2024-09-17 02:23:48', '2024-09-17 02:23:48'),
(120, 'Чарлі Хаскелл', 'carli-xaskell', '2024-09-17 02:23:48', '2024-09-17 02:23:48'),
(121, 'Чарльз Сиберт', 'carlz-sibert', '2024-09-17 02:23:48', '2024-09-17 02:23:48'),
(122, 'Шеллі Дженсен', 'selli-dzensen', '2024-09-17 02:23:48', '2024-09-17 02:23:48'),
(123, 'Шеннон Коли', 'sennon-koli', '2024-09-17 02:23:48', '2024-09-17 02:23:48'),
(124, 'Эрл Беллами', 'erl-bellami', '2024-09-17 02:23:48', '2024-09-17 02:23:48'),
(125, 'Эял Гордин', 'eial-gordin', '2024-09-17 02:23:48', '2024-09-17 02:23:48'),
(126, 'Оливьє Жан Марі', 'olivje-zan-mari', '2024-09-17 02:23:48', '2024-09-17 02:23:48'),
(127, 'Френк Тешлін', 'frenk-teslin', '2024-09-17 02:23:48', '2024-09-17 02:23:48'),
(128, 'Jean-Charles Finck', 'jean-charles-finck', '2024-09-17 02:23:48', '2024-09-17 02:23:48'),
(129, 'Біл Вульф', 'bil-vulf', '2024-09-17 02:23:48', '2024-09-17 02:23:48'),
(130, 'Боб Клэмпетт ', 'bob-klempett', '2024-09-17 02:23:48', '2024-09-17 02:23:48'),
(131, 'Брайан Шисли', 'braian-sisli', '2024-09-17 02:23:48', '2024-09-17 02:23:48'),
(132, 'Брет Гааланд', 'bret-gaaland', '2024-09-17 02:23:48', '2024-09-17 02:23:48'),
(133, 'Вільям Ганна', 'viliam-ganna', '2024-09-17 02:23:48', '2024-09-17 02:23:48'),
(134, 'Генрі Грюель', 'genri-griuel', '2024-09-17 02:23:48', '2024-09-17 02:23:48'),
(135, 'Грег Салливан', 'greg-sallivan', '2024-09-17 02:23:48', '2024-09-17 02:23:48'),
(136, 'Грегг Ванцо', 'gregg-vanco', '2024-09-17 02:23:48', '2024-09-17 02:23:48'),
(137, 'Джек Кінні', 'dzek-kinni', '2024-09-17 02:23:48', '2024-09-17 02:23:48'),
(138, 'Джин Дейч', 'dzin-deic', '2024-09-17 02:23:48', '2024-09-17 02:23:48'),
(139, 'Джозеф Барбера', 'dzozef-barbera', '2024-09-17 02:23:48', '2024-09-17 02:23:48'),
(140, 'Джон Груд', 'dzon-grud', '2024-09-17 02:23:48', '2024-09-17 02:23:48'),
(141, 'Дуэйн Кейри-Хил', 'duein-keiri-xil', '2024-09-17 02:23:48', '2024-09-17 02:23:48'),
(142, 'Дэвид Фейсс', 'devid-feiss', '2024-09-17 02:23:48', '2024-09-17 02:23:48'),
(143, 'Дэн Риба', 'den-riba', '2024-09-17 02:23:48', '2024-09-17 02:23:48'),
(144, 'Ёсикацу Касаи', 'esikacu-kasai', '2024-09-17 02:23:48', '2024-09-17 02:23:48'),
(145, 'Кел Далтон', 'kel-dalton', '2024-09-17 02:23:48', '2024-09-17 02:23:48'),
(146, 'Майк Стюарт', 'maik-stiuart', '2024-09-17 02:23:48', '2024-09-17 02:23:48'),
(147, 'Масами Хата', 'masami-xata', '2024-09-17 02:23:48', '2024-09-17 02:23:48'),
(148, 'Морріс', 'morris', '2024-09-17 02:23:48', '2024-09-17 02:23:48'),
(149, 'Оливье Бонне', 'olive-bonne', '2024-09-17 02:23:48', '2024-09-17 02:23:48'),
(150, 'Пітер Аванзіно', 'piter-avanzino', '2024-09-17 02:23:48', '2024-09-17 02:23:48'),
(151, 'Рене Госіні', 'rene-gosini', '2024-09-17 02:23:48', '2024-09-17 02:23:48'),
(152, 'Роберт Альварез', 'robert-alvarez', '2024-09-17 02:23:48', '2024-09-17 02:23:48'),
(153, 'Роберт МакКимсон ', 'robert-makkimson', '2024-09-17 02:23:48', '2024-09-17 02:23:48'),
(154, 'Робин Стил', 'robin-stil', '2024-09-17 02:23:48', '2024-09-17 02:23:48'),
(155, 'Рон Хьюгарт', 'ron-xiugart', '2024-09-17 02:23:48', '2024-09-17 02:23:48'),
(156, 'Рудольф Айзинг ', 'rudolf-aizing', '2024-09-17 02:23:48', '2024-09-17 02:23:48'),
(157, 'Сеймур Кнейтел', 'seimur-kneitel', '2024-09-17 02:23:48', '2024-09-17 02:23:48'),
(158, 'Текс Ейвері', 'teks-eiveri', '2024-09-17 02:23:48', '2024-09-17 02:23:48'),
(159, 'Тоні Лав', 'toni-lav', '2024-09-17 02:23:48', '2024-09-17 02:23:48'),
(160, 'Фріц Фрилинг', 'fric-friling', '2024-09-17 02:23:48', '2024-09-17 02:23:48'),
(161, 'Фрэнк Тэшлин', 'frenk-teslin-1', '2024-09-17 02:23:48', '2024-09-17 02:23:48'),
(162, 'Хью Харман ', 'xiu-xarman', '2024-09-17 02:23:48', '2024-09-17 02:23:48'),
(163, 'Чак Джонс ', 'cak-dzons', '2024-09-17 02:23:48', '2024-09-17 02:23:48'),
(164, 'James Duffy', 'james-duffy', '2024-09-17 02:23:48', '2024-09-17 02:23:48'),
(165, 'Rusty Cundieff', 'rusty-cundieff', '2024-09-17 02:23:48', '2024-09-17 02:23:48'),
(166, 'Аарон Зельцер', 'aaron-zelcer', '2024-09-17 02:23:48', '2024-09-17 02:23:48'),
(167, 'Адам МакКей', 'adam-makkei', '2024-09-17 02:23:48', '2024-09-17 02:23:48'),
(168, 'Айвен Рейтмен', 'aiven-reitmen', '2024-09-17 02:23:48', '2024-09-17 02:23:48'),
(169, 'Алан Майєрсон', 'alan-maijerson', '2024-09-17 02:23:48', '2024-09-17 02:23:48'),
(170, 'Алан Меттер', 'alan-metter', '2024-09-17 02:23:48', '2024-09-17 02:23:48'),
(171, 'Александр Рокуэлл', 'aleksandr-rokuell', '2024-09-17 02:23:48', '2024-09-17 02:23:48'),
(172, 'Алехандро Гонсалес Іньярріту', 'alexandro-gonsales-iniarritu', '2024-09-17 02:23:48', '2024-09-17 02:23:48'),
(173, 'Аллан А. Голдштейн', 'allan-a-goldstein', '2024-09-17 02:23:48', '2024-09-17 02:23:48'),
(174, 'Аллен Г\'юз', 'allen-giuz', '2024-09-17 02:23:48', '2024-09-17 02:23:48'),
(175, 'Альберт Х\\`юз', 'albert-xiuz', '2024-09-17 02:23:48', '2024-09-17 02:23:48'),
(176, 'Анджей Бартковяк', 'andzei-bartkoviak', '2024-09-17 02:23:48', '2024-09-17 02:23:48'),
(177, 'Андре Юнебель', 'andre-iunebel', '2024-09-17 02:23:48', '2024-09-17 02:23:48'),
(178, 'Аннабел Дженкел', 'annabel-dzenkel', '2024-09-17 02:23:48', '2024-09-17 02:23:48'),
(179, 'Антуан Фукуа', 'antuan-fukua', '2024-09-17 02:23:48', '2024-09-17 02:23:48'),
(180, 'Баррі Зонненфельд', 'barri-zonnenfeld', '2024-09-17 02:23:48', '2024-09-17 02:23:48'),
(181, 'Бен Стіллер', 'ben-stiller', '2024-09-17 02:23:48', '2024-09-17 02:23:48'),
(182, 'Боб Ґейл', 'bob-geil', '2024-09-17 02:23:48', '2024-09-17 02:23:48'),
(183, 'Боб Оденкірк', 'bob-odenkirk', '2024-09-17 02:23:48', '2024-09-17 02:23:48'),
(184, 'Боббі Фарреллі', 'bobbi-farrelli', '2024-09-17 02:23:48', '2024-09-17 02:23:48'),
(185, 'Брайан Левант', 'braian-levant', '2024-09-17 02:23:48', '2024-09-17 02:23:48'),
(186, 'Брайан Роббінс', 'braian-robbins', '2024-09-17 02:23:48', '2024-09-17 02:23:48'),
(187, 'Браян Тейлор', 'braian-teilor', '2024-09-17 02:23:48', '2024-09-17 02:23:48'),
(188, 'Бред Сілберлінґ', 'bred-silberling', '2024-09-17 02:23:48', '2024-09-17 02:23:48'),
(189, 'Бретт Ратнер', 'brett-ratner', '2024-09-17 02:23:48', '2024-09-17 02:23:48'),
(190, 'Вес Андерсон', 'ves-anderson', '2024-09-17 02:23:48', '2024-09-17 02:23:48'),
(191, 'Вольфганг Петерсен', 'volfgang-petersen', '2024-09-17 02:23:48', '2024-09-17 02:23:48'),
(192, 'Гайден Скулсберґ', 'gaiden-skulsberg', '2024-09-17 02:23:48', '2024-09-17 02:23:48'),
(193, 'Гарольд Реміс', 'garold-remis', '2024-09-17 02:23:48', '2024-09-17 02:23:48'),
(194, 'Гевін Оконнор', 'gevin-okonnor', '2024-09-17 02:23:48', '2024-09-17 02:23:48'),
(195, 'Гері МакКендрі', 'geri-makkendri', '2024-09-17 02:23:48', '2024-09-17 02:23:48'),
(196, 'Гріффін Данн', 'griffin-dann', '2024-09-17 02:23:48', '2024-09-17 02:23:48'),
(197, 'Ґай Річі', 'gai-rici', '2024-09-17 02:23:48', '2024-09-17 02:23:48'),
(198, 'Ґарет Едвардс', 'garet-edvards', '2024-09-17 02:23:48', '2024-09-17 02:23:48'),
(199, 'Давід Шарон', 'david-saron', '2024-09-17 02:23:49', '2024-09-17 02:23:49'),
(200, 'Девід Літч', 'devid-litc', '2024-09-17 02:23:49', '2024-09-17 02:23:49'),
(201, 'Девід МакНеллі', 'devid-maknelli', '2024-09-17 02:23:49', '2024-09-17 02:23:49'),
(202, 'Девід О. Рассел', 'devid-o-rassel', '2024-09-17 02:23:49', '2024-09-17 02:23:49'),
(203, 'Девід Фінчер', 'devid-fincer', '2024-09-17 02:23:49', '2024-09-17 02:23:49'),
(204, 'Девід Цукер', 'devid-cuker', '2024-09-17 02:23:49', '2024-09-17 02:23:49'),
(205, 'Денніс Дуган', 'dennis-dugan', '2024-09-17 02:23:49', '2024-09-17 02:23:49'),
(206, 'Дж. Дж. Абрамс', 'dz-dz-abrams', '2024-09-17 02:23:49', '2024-09-17 02:23:49'),
(207, 'Дж. Меки Грубер', 'dz-meki-gruber', '2024-09-17 02:23:49', '2024-09-17 02:23:49'),
(208, 'Джастін Лін', 'dzastin-lin', '2024-09-17 02:23:49', '2024-09-17 02:23:49'),
(209, 'Джей Роуч', 'dzei-rouc', '2024-09-17 02:23:49', '2024-09-17 02:23:49'),
(210, 'Джеймс Б. Роджерс', 'dzeims-b-rodzers', '2024-09-17 02:23:49', '2024-09-17 02:23:49'),
(211, 'Джеймс Кемерон', 'dzeims-kemeron', '2024-09-17 02:23:49', '2024-09-17 02:23:49'),
(212, 'Джеймс Метер', 'dzeims-meter', '2024-09-17 02:23:49', '2024-09-17 02:23:49'),
(213, 'Джеймс Френсіс Ґанн', 'dzeims-frensis-gann', '2024-09-17 02:23:49', '2024-09-17 02:23:49'),
(214, 'Джейсон Фрідберг', 'dzeison-fridberg', '2024-09-17 02:23:49', '2024-09-17 02:23:49'),
(215, 'Джекі Чан', 'dzeki-can', '2024-09-17 02:23:49', '2024-09-17 02:23:49'),
(216, 'Джеррі Періс', 'dzerri-peris', '2024-09-17 02:23:49', '2024-09-17 02:23:49'),
(217, 'Джессі Дилан', 'dzessi-dilan', '2024-09-17 02:23:49', '2024-09-17 02:23:49'),
(218, 'Джим Абрахамс', 'dzim-abraxams', '2024-09-17 02:23:49', '2024-09-17 02:23:49'),
(219, 'Джим Дрейк', 'dzim-dreik', '2024-09-17 02:23:49', '2024-09-17 02:23:49'),
(220, 'Джо Джонстон', 'dzo-dzonston', '2024-09-17 02:23:49', '2024-09-17 02:23:49'),
(221, 'Джо Карнахан', 'dzo-karnaxan', '2024-09-17 02:23:49', '2024-09-17 02:23:49'),
(222, 'Джоель Коен', 'dzoel-koen', '2024-09-17 02:23:49', '2024-09-17 02:23:49'),
(223, 'Джозеф Косінскі', 'dzozef-kosinski', '2024-09-17 02:23:49', '2024-09-17 02:23:49'),
(224, 'Джон Бедем', 'dzon-bedem', '2024-09-17 02:23:49', '2024-09-17 02:23:49'),
(225, 'Джон Гурвіц', 'dzon-gurvic', '2024-09-17 02:23:49', '2024-09-17 02:23:49'),
(226, 'Джон Лендіс', 'dzon-lendis', '2024-09-17 02:23:49', '2024-09-17 02:23:49'),
(227, 'Джон МакТірнан', 'dzon-maktirnan', '2024-09-17 02:23:49', '2024-09-17 02:23:49'),
(228, 'Джон Мур', 'dzon-mur', '2024-09-17 02:23:49', '2024-09-17 02:23:49'),
(229, 'Джон Р. Леонетті', 'dzon-r-leonetti', '2024-09-17 02:23:49', '2024-09-17 02:23:49'),
(230, 'Джон Фавро', 'dzon-favro', '2024-09-17 02:23:49', '2024-09-17 02:23:49'),
(231, 'Джон Фортенберрі', 'dzon-fortenberri', '2024-09-17 02:23:49', '2024-09-17 02:23:49'),
(232, 'Джон Френсіс Дейлі', 'dzon-frensis-deili', '2024-09-17 02:23:49', '2024-09-17 02:23:49'),
(233, 'Джонатан Голдстейн', 'dzonatan-goldstein', '2024-09-17 02:23:49', '2024-09-17 02:23:49'),
(234, 'Джонатан Лінн', 'dzonatan-linn', '2024-09-17 02:23:49', '2024-09-17 02:23:49'),
(235, 'Джонатан Мостов', 'dzonatan-mostov', '2024-09-17 02:23:49', '2024-09-17 02:23:49'),
(236, 'Джонатан Р. Бетуэл', 'dzonatan-r-betuel', '2024-09-17 02:23:49', '2024-09-17 02:23:49'),
(237, 'Джордан Піл', 'dzordan-pil', '2024-09-17 02:23:49', '2024-09-17 02:23:49'),
(238, 'Джордж Лукас', 'dzordz-lukas', '2024-09-17 02:23:49', '2024-09-17 02:23:49'),
(239, 'Джошуа Майкл Штерн', 'dzosua-maikl-stern', '2024-09-17 02:23:49', '2024-09-17 02:23:49'),
(240, 'Джоэл Голлен', 'dzoel-gollen', '2024-09-17 02:23:49', '2024-09-17 02:23:49'),
(241, 'Ді Джей Карузо', 'di-dzei-karuzo', '2024-09-17 02:23:49', '2024-09-17 02:23:49'),
(242, 'Едгарт Райт', 'edgart-rait', '2024-09-17 02:23:49', '2024-09-17 02:23:49'),
(243, 'Елізабет Бенкс', 'elizabet-benks', '2024-09-17 02:23:49', '2024-09-17 02:23:49'),
(244, 'Еллісон Андерс', 'ellison-anders', '2024-09-17 02:23:49', '2024-09-17 02:23:49'),
(245, 'Енг Лі', 'eng-li', '2024-09-17 02:23:49', '2024-09-17 02:23:49'),
(246, 'Енді Теннант', 'endi-tennant', '2024-09-17 02:23:49', '2024-09-17 02:23:49'),
(247, 'Ерік Бресс', 'erik-bress', '2024-09-17 02:23:49', '2024-09-17 02:23:49'),
(248, 'Жан-Франсуа Ріше', 'zan-fransua-rise', '2024-09-17 02:23:49', '2024-09-17 02:23:49'),
(249, 'Жерар Кравчик', 'zerar-kravcik', '2024-09-17 02:23:49', '2024-09-17 02:23:49'),
(250, 'Жерар Пірес', 'zerar-pires', '2024-09-17 02:23:49', '2024-09-17 02:23:49'),
(251, 'Зак Снайдер', 'zak-snaider', '2024-09-17 02:23:49', '2024-09-17 02:23:49'),
(252, 'Ірвін Кершнер', 'irvin-kersner', '2024-09-17 02:23:49', '2024-09-17 02:23:49'),
(253, 'Ітан Коен', 'itan-koen', '2024-09-17 02:23:49', '2024-09-17 02:23:49'),
(254, 'Квентін Тарантіно', 'kventin-tarantino', '2024-09-17 02:23:49', '2024-09-17 02:23:49'),
(255, 'Кевін Сміт', 'kevin-smit', '2024-09-17 02:23:49', '2024-09-17 02:23:49'),
(256, 'Кеннет Брана', 'kennet-brana', '2024-09-17 02:23:49', '2024-09-17 02:23:49'),
(257, 'Керрі Конран', 'kerri-konran', '2024-09-17 02:23:49', '2024-09-17 02:23:49'),
(258, 'Кінен Айворі Веянс', 'kinen-aivori-veians', '2024-09-17 02:23:49', '2024-09-17 02:23:49'),
(259, 'Кларк Джонсон', 'klark-dzonson', '2024-09-17 02:23:49', '2024-09-17 02:23:49'),
(260, 'Корі Юень', 'kori-iuen', '2024-09-17 02:23:49', '2024-09-17 02:23:49'),
(261, 'Кріс Вайц', 'kris-vaic', '2024-09-17 02:23:49', '2024-09-17 02:23:49'),
(262, 'Кріс Коламбус', 'kris-kolambus', '2024-09-17 02:23:49', '2024-09-17 02:23:49'),
(263, 'Кріс Міллер', 'kris-miller', '2024-09-17 02:23:49', '2024-09-17 02:23:49'),
(264, 'Крістофер Нолан', 'kristofer-nolan', '2024-09-17 02:23:49', '2024-09-17 02:23:49'),
(265, 'Лана Вачовски', 'lana-vacovski', '2024-09-17 02:23:49', '2024-09-17 02:23:49'),
(266, 'Лилли Вачовски', 'lilli-vacovski', '2024-09-17 02:23:49', '2024-09-17 02:23:49'),
(267, 'Лі Тамахорі', 'li-tamaxori', '2024-09-17 02:23:49', '2024-09-17 02:23:49'),
(268, 'Луи Летерье', 'lui-letere', '2024-09-17 02:23:49', '2024-09-17 02:23:49'),
(269, 'Люк Бессон', 'liuk-besson', '2024-09-17 02:23:49', '2024-09-17 02:23:49'),
(270, 'Майк Джадж', 'maik-dzadz', '2024-09-17 02:23:49', '2024-09-17 02:23:49'),
(271, 'Майк Мітчел', 'maik-mitcel', '2024-09-17 02:23:49', '2024-09-17 02:23:49'),
(272, 'Майкл Девіс', 'maikl-devis', '2024-09-17 02:23:49', '2024-09-17 02:23:49'),
(273, 'Майкл Прессман', 'maikl-pressman', '2024-09-17 02:23:49', '2024-09-17 02:23:49'),
(274, 'МакДжі', 'makdzi', '2024-09-17 02:23:49', '2024-09-17 02:23:49'),
(275, 'Марк А.З. Діппе', 'mark-az-dippe', '2024-09-17 02:23:49', '2024-09-17 02:23:49'),
(276, 'Марк Лестер', 'mark-lester', '2024-09-17 02:23:49', '2024-09-17 02:23:49'),
(277, 'Марк Невелдін', 'mark-neveldin', '2024-09-17 02:23:49', '2024-09-17 02:23:49'),
(278, 'Марк Стівен Джонсон', 'mark-stiven-dzonson', '2024-09-17 02:23:49', '2024-09-17 02:23:49'),
(279, 'Марко Брамбілла', 'marko-brambilla', '2024-09-17 02:23:49', '2024-09-17 02:23:49'),
(280, 'Мікаель Гофстрем', 'mikael-gofstrem', '2024-09-17 02:23:49', '2024-09-17 02:23:49'),
(281, 'Ніколас Столлер', 'nikolas-stoller', '2024-09-17 02:23:49', '2024-09-17 02:23:49'),
(282, 'Ніл Берґєр', 'nil-bergjer', '2024-09-17 02:23:49', '2024-09-17 02:23:49'),
(283, 'Олівер Стоун', 'oliver-stoun', '2024-09-17 02:23:49', '2024-09-17 02:23:49'),
(284, 'Патрик Г\\`юз', 'patrik-giuz', '2024-09-17 02:23:49', '2024-09-17 02:23:49'),
(285, 'Пенелопа Сфіріс', 'penelopa-sfiris', '2024-09-17 02:23:49', '2024-09-17 02:23:49'),
(286, 'Періс Барклей', 'peris-barklei', '2024-09-17 02:23:49', '2024-09-17 02:23:49'),
(287, 'П\'єр Морель', 'pjer-morel', '2024-09-17 02:23:49', '2024-09-17 02:23:49'),
(288, 'Пітер Бонерз', 'piter-bonerz', '2024-09-17 02:23:49', '2024-09-17 02:23:49'),
(289, 'Пітер Сігал', 'piter-sigal', '2024-09-17 02:23:49', '2024-09-17 02:23:49'),
(290, 'Пітер Фарреллі', 'piter-farrelli', '2024-09-17 02:23:49', '2024-09-17 02:23:49'),
(291, 'Пол В.С. Андерсон', 'pol-vs-anderson', '2024-09-17 02:23:49', '2024-09-17 02:23:49'),
(292, 'Пол Вайц', 'pol-vaic', '2024-09-17 02:23:49', '2024-09-17 02:23:49'),
(293, 'Пол Верховен', 'pol-verxoven', '2024-09-17 02:23:49', '2024-09-17 02:23:49'),
(294, 'Пол Майкл Глейзер', 'pol-maikl-gleizer', '2024-09-17 02:23:49', '2024-09-17 02:23:49'),
(295, 'Пол Фіґ', 'pol-fig', '2024-09-17 02:23:49', '2024-09-17 02:23:49'),
(296, 'Ренні Харлін', 'renni-xarlin', '2024-09-17 02:23:49', '2024-09-17 02:23:49'),
(297, 'Рід Деніел', 'rid-deniel', '2024-09-17 02:23:49', '2024-09-17 02:23:49'),
(298, 'Рідлі Скотт', 'ridli-skott', '2024-09-17 02:23:49', '2024-09-17 02:23:49'),
(299, 'Річард Доннер', 'ricard-donner', '2024-09-17 02:23:49', '2024-09-17 02:23:49'),
(300, 'Річард Маркуенд', 'ricard-markuend', '2024-09-17 02:23:49', '2024-09-17 02:23:49'),
(301, 'Роб Боуман', 'rob-bouman', '2024-09-17 02:23:49', '2024-09-17 02:23:49'),
(302, 'Роб Коен', 'rob-koen', '2024-09-17 02:23:49', '2024-09-17 02:23:49'),
(303, 'Роберт Земекіс', 'robert-zemekis', '2024-09-17 02:23:49', '2024-09-17 02:23:49'),
(304, 'Роберт Лонго', 'robert-longo', '2024-09-17 02:23:49', '2024-09-17 02:23:49'),
(305, 'Роберт Родрігес', 'robert-rodriges', '2024-09-17 02:23:49', '2024-09-17 02:23:49'),
(306, 'Род Деніел', 'rod-deniel', '2024-09-17 02:23:49', '2024-09-17 02:23:49'),
(307, 'Роджер Дональдсон', 'rodzer-donaldson', '2024-09-17 02:23:49', '2024-09-17 02:23:49'),
(308, 'Роджер Евері', 'rodzer-everi', '2024-09-17 02:23:49', '2024-09-17 02:23:49'),
(309, 'Роджер Крістіан', 'rodzer-kristian', '2024-09-17 02:23:49', '2024-09-17 02:23:49'),
(310, 'Рокки Мортон', 'rokki-morton', '2024-09-17 02:23:49', '2024-09-17 02:23:49'),
(311, 'Рубен Флейшер', 'ruben-fleiser', '2024-09-17 02:23:49', '2024-09-17 02:23:49'),
(312, 'Саймон Вест', 'saimon-vest', '2024-09-17 02:23:49', '2024-09-17 02:23:49'),
(313, 'Сет Гордон', 'set-gordon', '2024-09-17 02:23:49', '2024-09-17 02:23:49'),
(314, 'Сидни Дж. Фьюри', 'sidni-dz-fiuri', '2024-09-17 02:23:49', '2024-09-17 02:23:49'),
(315, 'Сільвестер Сталлоне', 'silvester-stallone', '2024-09-17 02:23:49', '2024-09-17 02:23:49'),
(316, 'Стів Баррон', 'stiv-barron', '2024-09-17 02:23:49', '2024-09-17 02:23:49'),
(317, 'Стів Карр', 'stiv-karr', '2024-09-17 02:23:49', '2024-09-17 02:23:49'),
(318, 'Стів Одекерк', 'stiv-odekerk', '2024-09-17 02:23:49', '2024-09-17 02:23:49'),
(319, 'Стівен Брілл', 'stiven-brill', '2024-09-17 02:23:49', '2024-09-17 02:23:49'),
(320, 'Стівен Сент-Леже', 'stiven-sent-leze', '2024-09-17 02:23:49', '2024-09-17 02:23:49'),
(321, 'Стівен Содерберг', 'stiven-soderberg', '2024-09-17 02:23:49', '2024-09-17 02:23:49'),
(322, 'Стівен Спілберґ', 'stiven-spilberg', '2024-09-17 02:23:49', '2024-09-17 02:23:49'),
(323, 'Стівен Хопкінс', 'stiven-xopkins', '2024-09-17 02:23:49', '2024-09-17 02:23:49'),
(324, 'Стюарт Гіллард', 'stiuart-gillard', '2024-09-17 02:23:49', '2024-09-17 02:23:49'),
(325, 'Стюарт Гордон', 'stiuart-gordon', '2024-09-17 02:23:49', '2024-09-17 02:23:49'),
(326, 'Тед Котчефф', 'ted-kotceff', '2024-09-17 02:23:49', '2024-09-17 02:23:49'),
(327, 'Тім Бертон', 'tim-berton', '2024-09-17 02:23:49', '2024-09-17 02:23:49'),
(328, 'Тодд Філліпс', 'todd-fillips', '2024-09-17 02:23:49', '2024-09-17 02:23:49'),
(329, 'Том Шедьяк', 'tom-sediak', '2024-09-17 02:23:49', '2024-09-17 02:23:49'),
(330, 'Тоні Мэйлэм', 'toni-meilem', '2024-09-17 02:23:49', '2024-09-17 02:23:49'),
(331, 'Тоні Скотт', 'toni-skott', '2024-09-17 02:23:49', '2024-09-17 02:23:49'),
(332, 'Уолт Бекер', 'uolt-beker', '2024-09-17 02:23:49', '2024-09-17 02:23:49'),
(333, 'Філ Лорд', 'fil-lord', '2024-09-17 02:23:49', '2024-09-17 02:23:49'),
(334, 'Франк Гастамбід', 'frank-gastambid', '2024-09-17 02:23:49', '2024-09-17 02:23:49'),
(335, 'Френк Корачі', 'frenk-koraci', '2024-09-17 02:23:49', '2024-09-17 02:23:49'),
(336, 'Френк Маршалл', 'frenk-marsall', '2024-09-17 02:23:49', '2024-09-17 02:23:49'),
(337, 'Френк Міллер', 'frenk-miller', '2024-09-17 02:23:49', '2024-09-17 02:23:49'),
(338, 'Френсіс Лоуренс', 'frensis-lourens', '2024-09-17 02:23:49', '2024-09-17 02:23:49'),
(339, 'Ховард Дойч', 'xovard-doic', '2024-09-17 02:23:49', '2024-09-17 02:23:49'),
(340, 'Х\'ю Вілсон', 'xiu-vilson', '2024-09-17 02:23:49', '2024-09-17 02:23:49'),
(341, 'Цуй Харк', 'cui-xark', '2024-09-17 02:23:49', '2024-09-17 02:23:49'),
(342, 'Чак Расселл', 'cak-rassell', '2024-09-17 02:23:49', '2024-09-17 02:23:49'),
(343, 'Чед Стагельський', 'ced-stagelskii', '2024-09-17 02:23:49', '2024-09-17 02:23:49'),
(344, 'Шон Андерс', 'son-anders', '2024-09-17 02:23:49', '2024-09-17 02:23:49');

-- --------------------------------------------------------

--
-- Структура таблиці `director_film`
--

CREATE TABLE `director_film` (
  `id` int UNSIGNED NOT NULL,
  `director_id` int UNSIGNED NOT NULL,
  `film_id` int UNSIGNED NOT NULL
) ENGINE=InnoDB DEFAULT CHARSET=utf8mb4 COLLATE=utf8mb4_unicode_ci;

--
-- Дамп даних таблиці `director_film`
--

INSERT INTO `director_film` (`id`, `director_id`, `film_id`) VALUES
(1, 143, 1),
(2, 140, 2),
(3, 150, 3),
(4, 132, 3),
(5, 136, 3),
(6, 155, 3),
(7, 131, 3),
(8, 79, 4),
(9, 163, 5),
(10, 153, 5),
(11, 161, 5),
(12, 158, 5),
(13, 127, 5),
(14, 160, 5),
(15, 145, 5),
(16, 130, 5),
(17, 162, 5),
(18, 156, 5),
(19, 144, 6),
(20, 129, 6),
(21, 159, 6),
(22, 146, 6),
(23, 149, 7),
(24, 135, 8),
(25, 137, 9),
(26, 157, 9),
(27, 138, 9),
(28, 142, 10),
(29, 152, 10),
(30, 154, 10),
(31, 126, 11),
(32, 128, 11),
(33, 148, 12),
(34, 139, 12),
(35, 133, 12),
(36, 148, 13),
(37, 40, 14),
(38, 122, 14),
(39, 52, 14),
(40, 83, 15),
(41, 93, 15),
(42, 68, 15),
(43, 81, 15),
(44, 70, 16),
(45, 6, 16),
(46, 36, 16),
(47, 25, 17),
(48, 2, 17),
(49, 1, 17),
(50, 3, 17),
(51, 123, 18),
(52, 34, 18),
(53, 37, 18),
(54, 29, 18),
(55, 96, 18),
(56, 20, 19),
(57, 24, 19),
(58, 104, 19),
(59, 67, 20),
(60, 7, 20),
(61, 91, 20),
(62, 77, 21),
(63, 125, 21),
(64, 73, 21),
(65, 88, 22),
(66, 112, 22),
(67, 60, 23),
(68, 119, 23),
(69, 53, 23),
(70, 107, 24),
(71, 89, 24),
(72, 90, 24),
(73, 55, 25),
(74, 14, 25),
(75, 92, 26),
(76, 39, 26),
(77, 41, 26),
(78, 102, 27),
(79, 61, 27),
(80, 98, 27),
(81, 111, 27),
(82, 30, 27),
(83, 86, 28),
(84, 99, 28),
(85, 101, 28),
(86, 97, 28),
(87, 58, 28),
(88, 17, 28),
(89, 114, 28),
(90, 119, 29),
(91, 16, 29),
(92, 74, 29),
(93, 121, 29),
(94, 78, 29),
(95, 108, 29),
(96, 10, 30),
(97, 85, 30),
(98, 62, 30),
(99, 19, 31),
(100, 11, 31),
(101, 100, 31),
(102, 47, 31),
(103, 24, 31),
(104, 12, 31),
(105, 110, 31),
(106, 118, 31),
(107, 8, 31),
(108, 103, 31),
(109, 49, 31),
(110, 67, 32),
(111, 32, 32),
(112, 28, 32),
(113, 64, 32),
(114, 92, 32),
(115, 44, 32),
(116, 18, 32),
(117, 41, 32),
(118, 109, 33),
(119, 87, 34),
(120, 82, 34),
(121, 38, 34),
(122, 63, 35),
(123, 80, 35),
(124, 116, 35),
(125, 115, 36),
(126, 105, 36),
(127, 26, 36),
(128, 95, 38),
(129, 76, 38),
(130, 15, 38),
(131, 51, 38),
(132, 23, 38),
(133, 50, 39),
(134, 69, 39),
(135, 75, 39),
(136, 79, 40),
(137, 22, 41),
(138, 56, 41),
(139, 71, 41),
(140, 31, 42),
(141, 66, 42),
(142, 27, 42),
(143, 43, 42),
(144, 84, 42),
(145, 45, 42),
(146, 57, 43),
(147, 94, 43),
(148, 48, 43),
(149, 65, 43),
(150, 13, 43),
(151, 59, 43),
(152, 21, 44),
(153, 15, 44),
(154, 46, 44),
(155, 35, 44),
(156, 124, 44),
(157, 33, 44),
(158, 9, 44),
(159, 117, 44),
(160, 113, 44),
(161, 54, 45),
(162, 42, 45),
(163, 72, 45),
(164, 106, 46),
(165, 5, 46),
(166, 4, 46),
(167, 302, 47),
(168, 214, 48),
(169, 166, 48),
(170, 314, 49),
(171, 268, 50),
(172, 260, 50),
(173, 172, 51),
(174, 223, 52),
(175, 176, 53),
(176, 329, 54),
(177, 242, 55),
(178, 246, 56),
(179, 203, 57),
(180, 178, 58),
(181, 310, 58),
(182, 236, 59),
(183, 193, 60),
(184, 240, 61),
(185, 275, 62),
(186, 266, 63),
(187, 265, 63),
(188, 186, 64),
(189, 180, 65),
(190, 167, 66),
(191, 181, 67),
(192, 195, 68),
(193, 167, 69),
(194, 262, 70),
(195, 262, 71),
(196, 322, 72),
(197, 276, 73),
(198, 185, 74),
(199, 227, 75),
(200, 294, 76),
(201, 211, 77),
(202, 211, 78),
(203, 227, 79),
(204, 323, 80),
(205, 293, 81),
(206, 218, 82),
(207, 218, 83),
(208, 329, 84),
(209, 318, 85),
(210, 285, 86),
(211, 286, 87),
(212, 258, 88),
(213, 258, 89),
(214, 204, 90),
(215, 204, 91),
(216, 204, 92),
(217, 289, 93),
(218, 298, 94),
(219, 251, 95),
(220, 274, 96),
(221, 211, 97),
(222, 228, 98),
(223, 291, 99),
(224, 229, 100),
(225, 255, 101),
(226, 292, 102),
(227, 261, 102),
(228, 210, 103),
(229, 217, 104),
(230, 225, 105),
(231, 192, 105),
(232, 328, 106),
(233, 235, 107),
(234, 211, 108),
(235, 247, 109),
(236, 207, 109),
(237, 327, 110),
(238, 327, 111),
(239, 343, 112),
(240, 200, 112),
(241, 270, 113),
(242, 173, 114),
(243, 269, 115),
(244, 254, 116),
(245, 244, 116),
(246, 171, 116),
(247, 305, 116),
(248, 227, 117),
(249, 234, 118),
(250, 339, 119),
(251, 296, 120),
(252, 227, 121),
(253, 302, 122),
(254, 313, 123),
(255, 344, 124),
(256, 215, 125),
(257, 307, 126),
(258, 193, 127),
(259, 193, 128),
(260, 297, 129),
(261, 209, 130),
(262, 209, 131),
(263, 209, 132),
(264, 209, 133),
(265, 253, 134),
(266, 222, 134),
(267, 271, 135),
(268, 226, 136),
(269, 182, 137),
(270, 299, 138),
(271, 299, 139),
(272, 299, 140),
(273, 299, 141),
(274, 193, 142),
(275, 193, 143),
(276, 205, 144),
(277, 335, 145),
(278, 202, 146),
(279, 205, 147),
(280, 197, 148),
(281, 284, 149),
(282, 231, 150),
(283, 188, 151),
(284, 208, 152),
(285, 260, 153),
(286, 313, 154),
(287, 232, 155),
(288, 233, 155),
(289, 283, 156),
(290, 168, 157),
(291, 287, 158),
(292, 179, 159),
(293, 330, 160),
(294, 175, 161),
(295, 174, 161),
(296, 280, 162),
(297, 212, 163),
(298, 320, 163),
(299, 190, 164),
(300, 168, 165),
(301, 278, 166),
(302, 325, 167),
(303, 251, 168),
(304, 307, 169),
(305, 341, 170),
(306, 199, 171),
(307, 333, 172),
(308, 263, 172),
(309, 301, 173),
(310, 281, 174),
(311, 337, 175),
(312, 305, 175),
(313, 312, 176),
(314, 331, 177),
(315, 332, 178),
(316, 336, 179),
(317, 106, 180),
(318, 264, 181),
(319, 308, 182),
(320, 322, 183),
(321, 201, 184),
(322, 309, 185),
(323, 291, 186),
(324, 197, 187),
(325, 257, 188),
(326, 295, 189),
(327, 191, 190),
(328, 329, 191),
(329, 311, 192),
(330, 311, 193),
(331, 237, 194),
(332, 342, 195),
(333, 303, 196),
(334, 279, 197),
(335, 230, 198),
(336, 321, 199),
(337, 298, 200),
(338, 224, 201),
(339, 277, 202),
(340, 277, 203),
(341, 187, 203),
(342, 315, 204),
(343, 312, 205),
(344, 206, 206),
(345, 206, 207),
(346, 208, 208),
(347, 177, 209),
(348, 177, 210),
(349, 177, 211),
(350, 220, 212),
(351, 230, 213),
(352, 245, 214),
(353, 256, 215),
(354, 304, 216),
(355, 282, 217),
(356, 221, 218),
(357, 238, 219),
(358, 252, 220),
(359, 300, 221),
(360, 238, 222),
(361, 238, 223),
(362, 238, 224),
(363, 198, 225),
(364, 338, 226),
(365, 250, 227),
(366, 249, 228),
(367, 249, 229),
(368, 249, 230),
(369, 334, 231),
(370, 248, 232),
(371, 340, 233),
(372, 216, 234),
(373, 216, 235),
(374, 219, 236),
(375, 169, 237),
(376, 288, 238),
(377, 170, 239),
(378, 326, 240),
(379, 303, 241),
(380, 303, 242),
(381, 303, 243),
(382, 191, 244),
(383, 239, 245),
(384, 259, 246),
(385, 302, 247),
(386, 267, 248),
(387, 241, 249),
(388, 272, 250),
(389, 194, 251),
(390, 306, 252),
(391, 316, 253),
(392, 273, 254),
(393, 324, 255),
(394, 329, 256),
(395, 243, 257),
(396, 290, 257),
(397, 243, 257),
(398, 319, 257),
(399, 319, 257),
(400, 317, 257),
(401, 165, 257),
(402, 196, 257),
(403, 213, 257),
(404, 189, 257),
(405, 183, 257),
(406, 164, 257),
(407, 184, 257),
(408, 126, 258),
(409, 151, 259),
(410, 134, 259),
(411, 148, 259),
(412, 139, 260),
(413, 133, 260),
(414, 148, 260),
(415, 151, 261),
(416, 150, 262),
(417, 141, 263),
(418, 150, 264),
(419, 150, 265),
(420, 2, 266);

-- --------------------------------------------------------

--
-- Структура таблиці `durations`
--

CREATE TABLE `durations` (
  `id` int UNSIGNED NOT NULL,
  `title` varchar(255) COLLATE utf8mb4_unicode_ci NOT NULL
) ENGINE=InnoDB DEFAULT CHARSET=utf8mb4 COLLATE=utf8mb4_unicode_ci;

--
-- Дамп даних таблиці `durations`
--

INSERT INTO `durations` (`id`, `title`) VALUES
(1, '1'),
(10, '10'),
(100, '100'),
(101, '101'),
(102, '102'),
(103, '103'),
(104, '104'),
(105, '105'),
(106, '106'),
(107, '107'),
(108, '108'),
(109, '109'),
(11, '11'),
(110, '110'),
(111, '111'),
(112, '112'),
(113, '113'),
(114, '114'),
(115, '115'),
(116, '116'),
(117, '117'),
(118, '118'),
(119, '119'),
(12, '12'),
(120, '120'),
(121, '121'),
(122, '122'),
(123, '123'),
(124, '124'),
(125, '125'),
(126, '126'),
(127, '127'),
(128, '128'),
(129, '129'),
(13, '13'),
(130, '130'),
(131, '131'),
(132, '132'),
(133, '133'),
(134, '134'),
(135, '135'),
(136, '136'),
(137, '137'),
(138, '138'),
(139, '139'),
(14, '14'),
(140, '140'),
(141, '141'),
(142, '142'),
(143, '143'),
(144, '144'),
(145, '145'),
(146, '146'),
(147, '147'),
(148, '148'),
(149, '149'),
(15, '15'),
(150, '150'),
(151, '151'),
(152, '152'),
(153, '153'),
(154, '154'),
(155, '155'),
(156, '156'),
(157, '157'),
(158, '158'),
(159, '159'),
(16, '16'),
(160, '160'),
(161, '161'),
(162, '162'),
(163, '163'),
(164, '164'),
(165, '165'),
(166, '166'),
(167, '167'),
(168, '168'),
(169, '169'),
(17, '17'),
(170, '170'),
(171, '171'),
(172, '172'),
(173, '173'),
(174, '174'),
(175, '175'),
(176, '176'),
(177, '177'),
(178, '178'),
(179, '179'),
(18, '18'),
(180, '180'),
(181, '181'),
(182, '182'),
(183, '183'),
(184, '184'),
(185, '185'),
(186, '186'),
(187, '187'),
(188, '188'),
(189, '189'),
(19, '19'),
(190, '190'),
(191, '191'),
(192, '192'),
(193, '193'),
(194, '194'),
(195, '195'),
(196, '196'),
(197, '197'),
(198, '198'),
(199, '199'),
(2, '2'),
(20, '20'),
(200, '200'),
(201, '201'),
(202, '202'),
(203, '203'),
(204, '204'),
(205, '205'),
(206, '206'),
(207, '207'),
(208, '208'),
(209, '209'),
(21, '21'),
(210, '210'),
(211, '211'),
(212, '212'),
(213, '213'),
(214, '214'),
(215, '215'),
(216, '216'),
(217, '217'),
(218, '218'),
(219, '219'),
(22, '22'),
(220, '220'),
(221, '221'),
(222, '222'),
(223, '223'),
(224, '224'),
(225, '225'),
(226, '226'),
(227, '227'),
(228, '228'),
(229, '229'),
(23, '23'),
(230, '230'),
(231, '231'),
(232, '232'),
(233, '233'),
(234, '234'),
(235, '235'),
(236, '236'),
(237, '237'),
(238, '238'),
(239, '239'),
(24, '24'),
(240, '240'),
(241, '241'),
(242, '242'),
(243, '243'),
(244, '244'),
(245, '245'),
(246, '246'),
(247, '247'),
(248, '248'),
(249, '249'),
(25, '25'),
(250, '250'),
(26, '26'),
(27, '27'),
(28, '28'),
(29, '29'),
(3, '3'),
(30, '30'),
(31, '31'),
(32, '32'),
(33, '33'),
(34, '34'),
(35, '35'),
(36, '36'),
(37, '37'),
(38, '38'),
(39, '39'),
(4, '4'),
(40, '40'),
(41, '41'),
(42, '42'),
(43, '43'),
(44, '44'),
(45, '45'),
(46, '46'),
(47, '47'),
(48, '48'),
(49, '49'),
(5, '5'),
(50, '50'),
(51, '51'),
(52, '52'),
(53, '53'),
(54, '54'),
(55, '55'),
(56, '56'),
(57, '57'),
(58, '58'),
(59, '59'),
(6, '6'),
(60, '60'),
(61, '61'),
(62, '62'),
(63, '63'),
(64, '64'),
(65, '65'),
(66, '66'),
(67, '67'),
(68, '68'),
(69, '69'),
(7, '7'),
(70, '70'),
(71, '71'),
(72, '72'),
(73, '73'),
(74, '74'),
(75, '75'),
(76, '76'),
(77, '77'),
(78, '78'),
(79, '79'),
(8, '8'),
(80, '80'),
(81, '81'),
(82, '82'),
(83, '83'),
(84, '84'),
(85, '85'),
(86, '86'),
(87, '87'),
(88, '88'),
(89, '89'),
(9, '9'),
(90, '90'),
(91, '91'),
(92, '92'),
(93, '93'),
(94, '94'),
(95, '95'),
(96, '96'),
(97, '97'),
(98, '98'),
(99, '99');

-- --------------------------------------------------------

--
-- Структура таблиці `failed_jobs`
--

CREATE TABLE `failed_jobs` (
  `id` bigint UNSIGNED NOT NULL,
  `uuid` varchar(255) COLLATE utf8mb4_unicode_ci NOT NULL,
  `connection` text COLLATE utf8mb4_unicode_ci NOT NULL,
  `queue` text COLLATE utf8mb4_unicode_ci NOT NULL,
  `payload` longtext COLLATE utf8mb4_unicode_ci NOT NULL,
  `exception` longtext COLLATE utf8mb4_unicode_ci NOT NULL,
  `failed_at` timestamp NOT NULL DEFAULT CURRENT_TIMESTAMP
) ENGINE=InnoDB DEFAULT CHARSET=utf8mb4 COLLATE=utf8mb4_unicode_ci;

-- --------------------------------------------------------

--
-- Структура таблиці `films`
--

CREATE TABLE `films` (
  `id` int UNSIGNED NOT NULL,
  `title` varchar(255) COLLATE utf8mb4_unicode_ci NOT NULL,
  `slug` varchar(255) COLLATE utf8mb4_unicode_ci NOT NULL,
  `origin_title` varchar(255) COLLATE utf8mb4_unicode_ci DEFAULT NULL,
  `duration` varchar(255) COLLATE utf8mb4_unicode_ci DEFAULT NULL,
  `other_actor` text COLLATE utf8mb4_unicode_ci,
  `note` text COLLATE utf8mb4_unicode_ci,
  `description` longtext COLLATE utf8mb4_unicode_ci,
  `author_id` bigint UNSIGNED DEFAULT NULL,
  `category_id` int UNSIGNED DEFAULT NULL,
  `year_id` int UNSIGNED DEFAULT NULL,
  `season_id` int UNSIGNED DEFAULT NULL,
  `rating_id` int UNSIGNED DEFAULT NULL,
  `status_id` int UNSIGNED DEFAULT NULL,
  `age_id` int UNSIGNED DEFAULT NULL,
  `quality_id` int UNSIGNED DEFAULT NULL,
  `duration_id` int UNSIGNED DEFAULT NULL,
  `view` int UNSIGNED NOT NULL DEFAULT '0',
  `thumbnail` varchar(255) COLLATE utf8mb4_unicode_ci DEFAULT NULL,
  `created_at` timestamp NULL DEFAULT NULL,
  `updated_at` timestamp NULL DEFAULT NULL
) ENGINE=InnoDB DEFAULT CHARSET=utf8mb4 COLLATE=utf8mb4_unicode_ci;

--
-- Дамп даних таблиці `films`
--

INSERT INTO `films` (`id`, `title`, `slug`, `origin_title`, `duration`, `other_actor`, `note`, `description`, `author_id`, `category_id`, `year_id`, `season_id`, `rating_id`, `status_id`, `age_id`, `quality_id`, `duration_id`, `view`, `thumbnail`, `created_at`, `updated_at`) VALUES
(1, 'Супер Шоу Супер Братьев Марио!', 'supier-shou-supier-brat-iev-mario', 'The Super Mario Bros. Super Show!', ' 22 хв.', 'Лу Альбано, Харви Аткин, Джон Стокер, Дэнни Уэллс, Джинни Элиас, Роберт Бокстэл, Грег Мортон, Дориан Джо Кларк, Джойс Гордон, Роб Кауэн', NULL, 'Братья Марио попали через канализацию в Грибное королевство и спасли принцессу Пич от короля Купы. Их цель: спасти королевство от зла и вернуться в Бруклин. Теперь Марио и Луиджи стали попадать в переделки Купы и других злодеев в своих приключениях, но они всегда спасаются и побеждают злодеев. ', 1, 4, 60, 1, 3, 1, 5, 4, 22, 0, NULL, '2010-10-24 02:44:29', '2010-10-25 02:44:29'),
(2, 'Приключения братьев Супер Марио 3', 'prikliuchieniia-brat-iev-supier-mario-3', 'The Adventures of Super Mario Bros. 3', '24 хв.', 'Лу Альбано, Харви Аткин, Джон Стокер, Дэнни Уэллс, Джинни Элиас, Роберт Бокстэл, Грег Мортон, Дориан Джо Кларк, Джойс Гордон, Роб Кауэн', NULL, 'Сюжет мультсеріалу присвячений пригодам Маріо, Луїджі, Тоада та принцеси Піч, які живуть у Грибному світі. Більшість серій присвячено їхньому протистоянню з королем Купою та його дітьми, Купалінгами, які намагаються захопити Грибне королівство.', 1, 4, 61, 2, 3, 1, 5, 4, 24, 0, NULL, '2010-11-12 02:44:29', '2010-11-13 02:44:29'),
(3, 'Футурама', 'futurama', 'Futurama', '21 хв.', 'Біллі Вест, Кеті Сагал, Джон ДіМаджіо, Тресс МакНілл, Філ ЛаМарр, Лорен Том, Моріс ЛаМарш, Девід Герман, Френк Велкер, Кет Сусі, Том Кенні, Ден Кастелланета, Джордж Такей, Філ Гендрі, Ел Гор, Леонард Німой', NULL, 'Серіал розпочинається з того, що розвізник піци з Нью-Йорка Філіп Фрай випадково був заморожений у кріогенній камері 31 грудня 1999 року і розморожений тисячу років потому, 31 грудня 2999 року в місті Новий Нью-Йорк. Фрай намагається уникнути примусового призначення на роботу посильним, і це закінчується його влаштуванням на роботу (все ж таки посильним) у невелику компанію Міжпланетний експрес, яка займається міжгалактичними перевезеннями вантажів. Серіал демонструє пригоди Фрая і його колег під час доставки вантажів, а також у повсякденному житті. ', 2, 4, 70, 8, 2, 2, 4, 5, 21, 0, NULL, '2010-12-01 02:44:29', '2010-12-02 02:44:29'),
(266, 'ddddddddddd', 'ddddddddddd', 'dddddddddddddddddddddddddddddddddddddd', 'dfdsafasdfasd', 'dfasfdasdfasdf', NULL, '<p>dddddddddddddddddddddddddddddddddddddd</p>', NULL, 1, 21, 8, 2, 3, 5, 1, 113, 0, NULL, '2024-09-17 05:08:01', '2024-09-17 05:08:01'),
(267, '111111111111111111', '111111111111111111', 'fadsfasdfadsfdsa', 'fsdsd', 'fsdfdsfsdfdsfsd', NULL, '<p>fadsfasdfadsfdsafadsfasdfadsfdsafadsfasdfadsfdsa</p>', NULL, 3, 1, 1, 3, 1, 7, 1, 1, 0, NULL, '2024-09-17 05:13:04', '2024-09-17 05:13:04'),
(268, 'fasdfsa', 'fasdfsa', 'dfasfasfas', 'fasdfasdf', NULL, NULL, '<p>fsadfasdfasdfasd</p>', NULL, 3, 1, 1, 3, 1, 7, 1, 1, 0, NULL, '2024-09-17 05:17:49', '2024-09-17 05:17:49'),
(269, 'yyyyyyyyyyyyyyy', 'yyyyyyyyyyyyyyy', 'yyyyyyyyyyyyyyy', NULL, NULL, NULL, '<p>yyyyyyyyyyyyyyy</p>', NULL, 3, 1, 1, 3, 1, 7, 1, 1, 0, NULL, '2024-09-17 05:18:59', '2024-09-17 05:18:59'),
(270, 'eeeeeeeeeeeeeeeee', 'eeeeeeeeeeeeeeeee', 'eeeeeeeeeeeeeeeee', NULL, NULL, NULL, '<p>eeeeeeeeeeeeeeeee</p>', NULL, 3, 1, 1, 3, 1, 7, 1, 1, 0, NULL, '2024-09-17 05:20:19', '2024-09-17 05:20:19'),
(271, 'fsdfasfdsa', 'fsdfasfdsa', 'fsdfasdasdfsda', NULL, NULL, NULL, '<p>fasdfasdfasdfasfa</p>', NULL, 3, 1, 1, 3, 1, 7, 1, 1, 0, NULL, '2024-09-17 05:21:33', '2024-09-17 05:21:33'),
(272, 'fsdfasfdsa', 'fsdfasfdsa-1', 'fsdfasdasdfsda', NULL, NULL, NULL, '<p>fasdfasdfasdfasfa</p>', NULL, 3, 1, 1, 3, 1, 7, 1, 1, 0, NULL, '2024-09-17 05:21:43', '2024-09-17 05:21:43'),
(273, 'fsdfasfdsa', 'fsdfasfdsa-2', 'fsdfasdasdfsda', NULL, NULL, NULL, '<p>fasdfasdfasdfasfa</p>', NULL, 3, 1, 1, 3, 1, 7, 1, 1, 0, NULL, '2024-09-17 05:22:06', '2024-09-17 05:22:06'),
(274, 'fsdfasfdsa', 'fsdfasfdsa-3', 'fsdfasdasdfsda', NULL, NULL, NULL, '<p>fasdfasdfasdfasfa</p>', NULL, 3, 1, 1, 3, 1, 7, 1, 1, 0, NULL, '2024-09-17 05:22:24', '2024-09-17 05:22:24'),
(275, 'fsdfasfdsa', 'fsdfasfdsa-4', 'fsdfasdasdfsda', NULL, NULL, NULL, '<p>fasdfasdfasdfasfa</p>', NULL, 3, 1, 1, 3, 1, 7, 1, 1, 0, NULL, '2024-09-17 05:22:41', '2024-09-17 05:22:41'),
(276, 'fffffffffffffff', 'fffffffffffffff', 'fffffffffffffffffffff', 'ffffffffffffffffffff', NULL, NULL, '<p>ffffffffffffffffffffffff</p>', NULL, 3, 1, 1, 3, 1, 7, 1, 1, 0, NULL, '2024-09-17 05:37:17', '2024-09-17 05:37:17'),
(277, 'fffffffffffffff', 'fffffffffffffff-1', 'fffffffffffffffffffff', 'ffffffffffffffffffff', NULL, NULL, '<p>ffffffffffffffffffffffff</p>', NULL, 3, 1, 1, 3, 1, 7, 1, 1, 0, NULL, '2024-09-17 05:38:15', '2024-09-17 05:38:15'),
(278, 'ggggggggggg', 'ggggggggggg', 'gggggggggggggggg', NULL, NULL, NULL, '<p>gggggggggggggggggggggggggg</p>', NULL, 3, 1, 1, 3, 1, 7, 1, 1, 0, NULL, '2024-09-17 05:38:53', '2024-09-17 05:38:53'),
(279, 'bbbbbbbbbbbbbbbbbbbbb', 'bbbbbbbbbbbbbbbbbbbbb', 'bbbbbbbbbbbbbbbbbbbbbbbb', NULL, NULL, NULL, '<p>bbbbbbbbbbbbbbbbbbbbbbbbbbbbbbbb</p>', 1, 3, 1, 1, 3, 1, 7, 1, 1, 0, NULL, '2024-09-17 05:40:19', '2024-09-17 05:40:19'),
(280, 'mmmmmmmmmmmmm', 'mmmmmmmmmmmmm', 'mmmmmmmmmmmmm', NULL, NULL, NULL, '<p>mmmmmmmmmmmmm</p>', 1, 3, 1, 1, 3, 1, 7, 1, 1, 0, NULL, '2024-09-17 05:41:48', '2024-09-17 05:41:48'),
(281, 'ttttttttttttttttttt', 'ttttttttttttttttttt', 'ttttttttttttttttttttttttttt', NULL, NULL, NULL, '<p>tttttttttttttttttttttttttttt</p>', 2, 3, 1, 1, 3, 1, 7, 1, 1, 0, NULL, '2024-09-17 05:46:28', '2024-09-17 05:46:28'),
(282, 'wwwwwwwwwwwwwww', 'wwwwwwwwwwwwwww', 'wwwwwwwwwwwwwwwwwww', NULL, NULL, NULL, '<p>wwwwwwwwwwwwwwwwwwwwwwwww</p>', 2, 3, 1, 1, 3, 1, 7, 1, 1, 0, NULL, '2024-09-17 05:48:46', '2024-09-17 05:48:46'),
(283, 'ddddddddsssssssss', 'ddddddddsssssssss', 'ddddddddsssssssss', NULL, NULL, NULL, '<p>ddddddddsssssssss</p>', 3, 3, 1, 1, 3, 1, 7, 1, 1, 0, NULL, '2024-09-17 05:51:15', '2024-09-17 05:51:15'),
(284, 'tttttttttttttttt', 'tttttttttttttttt', 'tttttttttttttttt', 'tttttttttttttttt', NULL, NULL, '<p>tttttttttttttttt</p>', 1, 3, 1, 1, 3, 1, 7, 1, 1, 0, NULL, '2024-09-17 05:58:50', '2024-09-17 05:58:50');

-- --------------------------------------------------------

--
-- Структура таблиці `film_genre`
--

CREATE TABLE `film_genre` (
  `id` int UNSIGNED NOT NULL,
  `genre_id` int UNSIGNED NOT NULL,
  `film_id` int UNSIGNED NOT NULL
) ENGINE=InnoDB DEFAULT CHARSET=utf8mb4 COLLATE=utf8mb4_unicode_ci;

--
-- Дамп даних таблиці `film_genre`
--

INSERT INTO `film_genre` (`id`, `genre_id`, `film_id`) VALUES
(1, 1, 1),
(2, 6, 1),
(3, 16, 1),
(4, 1, 2),
(5, 6, 2),
(6, 16, 2),
(7, 1, 3),
(8, 6, 3),
(9, 16, 3),
(10, 17, 3),
(11, 1, 4),
(12, 6, 4),
(13, 16, 4),
(14, 1, 5),
(15, 6, 5),
(16, 1, 6),
(17, 6, 6),
(18, 9, 6),
(19, 16, 6),
(20, 17, 6),
(21, 1, 7),
(22, 6, 7),
(23, 17, 7),
(24, 1, 8),
(25, 6, 8),
(26, 1, 9),
(27, 6, 9),
(28, 1, 10),
(29, 6, 10),
(30, 1, 11),
(31, 6, 11),
(32, 7, 11),
(33, 1, 12),
(34, 6, 12),
(35, 7, 12),
(36, 16, 13),
(37, 7, 13),
(38, 1, 14),
(39, 2, 14),
(40, 6, 14),
(41, 1, 15),
(42, 4, 15),
(43, 6, 15),
(44, 13, 15),
(45, 1, 16),
(46, 6, 16),
(47, 1, 17),
(48, 6, 17),
(49, 1, 18),
(50, 6, 18),
(51, 17, 18),
(52, 6, 19),
(53, 11, 19),
(54, 14, 19),
(55, 15, 19),
(56, 17, 19),
(57, 6, 20),
(58, 14, 20),
(59, 15, 20),
(60, 1, 21),
(61, 6, 21),
(62, 13, 21),
(63, 1, 22),
(64, 2, 22),
(65, 6, 22),
(66, 17, 22),
(67, 1, 23),
(68, 6, 23),
(69, 16, 23),
(70, 6, 24),
(71, 9, 24),
(72, 15, 24),
(73, 1, 25),
(74, 6, 25),
(75, 9, 25),
(76, 15, 25),
(77, 6, 26),
(78, 11, 26),
(79, 17, 26),
(80, 6, 27),
(81, 13, 27),
(82, 14, 27),
(83, 6, 28),
(84, 11, 28),
(85, 17, 28),
(86, 6, 29),
(87, 11, 29),
(88, 16, 29),
(89, 1, 30),
(90, 6, 30),
(91, 13, 30),
(92, 14, 30),
(93, 6, 31),
(94, 9, 31),
(95, 17, 31),
(96, 6, 32),
(97, 17, 32),
(98, 1, 33),
(99, 6, 33),
(100, 17, 33),
(101, 6, 34),
(102, 14, 34),
(103, 15, 34),
(104, 1, 35),
(105, 6, 35),
(106, 16, 35),
(107, 1, 36),
(108, 6, 36),
(109, 11, 36),
(110, 15, 36),
(111, 6, 37),
(112, 11, 37),
(113, 13, 37),
(114, 16, 37),
(115, 6, 38),
(116, 11, 38),
(117, 16, 38),
(118, 1, 39),
(119, 4, 39),
(120, 6, 39),
(121, 17, 39),
(122, 1, 40),
(123, 5, 40),
(124, 14, 40),
(125, 1, 41),
(126, 6, 42),
(127, 10, 42),
(128, 16, 42),
(129, 6, 43),
(130, 15, 43),
(131, 17, 43),
(132, 1, 44),
(133, 6, 44),
(134, 15, 44),
(135, 1, 45),
(136, 6, 45),
(137, 1, 46),
(138, 6, 46),
(139, 7, 46),
(140, 9, 47),
(141, 11, 47),
(142, 15, 47),
(143, 1, 48),
(144, 5, 48),
(145, 9, 48),
(146, 11, 48),
(147, 15, 48),
(148, 1, 49),
(149, 9, 49),
(150, 15, 49),
(151, 9, 50),
(152, 11, 50),
(153, 15, 50),
(154, 1, 51),
(155, 13, 51),
(156, 11, 52),
(157, 17, 52),
(158, 8, 53),
(159, 11, 53),
(160, 12, 53),
(161, 17, 53),
(162, 1, 54),
(163, 13, 54),
(164, 17, 54),
(165, 1, 55),
(166, 11, 55),
(167, 14, 55),
(168, 1, 56),
(169, 13, 56),
(170, 13, 57),
(171, 15, 57),
(172, 1, 58),
(173, 6, 58),
(174, 8, 58),
(175, 17, 58),
(176, 1, 59),
(177, 9, 59),
(178, 14, 59),
(179, 15, 59),
(180, 17, 59),
(181, 1, 60),
(182, 13, 60),
(183, 16, 60),
(184, 1, 61),
(185, 4, 61),
(186, 5, 61),
(187, 8, 62),
(188, 9, 62),
(189, 12, 62),
(190, 17, 62),
(191, 18, 62),
(192, 9, 63),
(193, 11, 63),
(194, 17, 63),
(195, 3, 64),
(196, 13, 64),
(197, 1, 65),
(198, 6, 65),
(199, 11, 65),
(200, 17, 65),
(201, 1, 66),
(202, 11, 66),
(203, 15, 66),
(204, 19, 67),
(205, 11, 67),
(206, 9, 68),
(207, 11, 68),
(208, 1, 69),
(209, 1, 70),
(210, 2, 70),
(211, 15, 70),
(212, 1, 71),
(213, 2, 71),
(214, 15, 71),
(215, 11, 72),
(216, 14, 72),
(217, 17, 72),
(218, 18, 72),
(219, 9, 73),
(220, 11, 73),
(221, 15, 73),
(222, 1, 74),
(223, 2, 74),
(224, 1, 75),
(225, 2, 75),
(226, 6, 75),
(227, 9, 75),
(228, 11, 75),
(229, 17, 75),
(230, 9, 76),
(231, 11, 76),
(232, 17, 76),
(233, 18, 76),
(234, 1, 77),
(235, 11, 77),
(236, 9, 78),
(237, 11, 78),
(238, 13, 78),
(239, 17, 78),
(240, 9, 79),
(241, 11, 79),
(242, 12, 79),
(243, 17, 79),
(244, 9, 80),
(245, 11, 80),
(246, 12, 80),
(247, 15, 80),
(248, 17, 80),
(249, 6, 81),
(250, 9, 81),
(251, 11, 81),
(252, 17, 81),
(253, 18, 81),
(254, 1, 82),
(255, 5, 82),
(256, 9, 82),
(257, 11, 82),
(258, 1, 83),
(259, 5, 83),
(260, 9, 83),
(261, 11, 83),
(262, 1, 84),
(263, 14, 84),
(264, 1, 85),
(265, 14, 85),
(266, 1, 86),
(267, 1, 87),
(268, 15, 87),
(269, 1, 88),
(270, 4, 88),
(271, 5, 88),
(272, 1, 89),
(273, 4, 89),
(274, 5, 89),
(275, 1, 90),
(276, 4, 90),
(277, 5, 90),
(278, 1, 91),
(279, 5, 91),
(280, 14, 91),
(281, 15, 91),
(282, 1, 92),
(283, 5, 92),
(284, 14, 92),
(285, 15, 92),
(286, 1, 93),
(287, 5, 93),
(288, 14, 93),
(289, 15, 93),
(290, 1, 94),
(291, 13, 94),
(292, 10, 95),
(293, 11, 95),
(294, 13, 95),
(295, 16, 95),
(296, 9, 96),
(297, 11, 96),
(298, 13, 96),
(299, 17, 96),
(300, 6, 97),
(301, 11, 97),
(302, 16, 97),
(303, 17, 97),
(304, 9, 98),
(305, 11, 98),
(306, 6, 99),
(307, 8, 99),
(308, 9, 99),
(309, 11, 99),
(310, 13, 99),
(311, 16, 99),
(312, 17, 99),
(313, 18, 99),
(314, 6, 100),
(315, 8, 100),
(316, 9, 100),
(317, 11, 100),
(318, 13, 100),
(319, 16, 100),
(320, 17, 100),
(321, 18, 100),
(322, 1, 101),
(323, 11, 101),
(324, 15, 101),
(325, 1, 102),
(326, 4, 102),
(327, 1, 103),
(328, 4, 103),
(329, 1, 104),
(330, 4, 104),
(331, 1, 105),
(332, 4, 105),
(333, 1, 106),
(334, 11, 106),
(335, 15, 106),
(336, 9, 107),
(337, 11, 107),
(338, 13, 107),
(339, 17, 107),
(340, 9, 108),
(341, 11, 108),
(342, 13, 108),
(343, 17, 108),
(344, 18, 108),
(345, 13, 109),
(346, 17, 109),
(347, 18, 109),
(348, 6, 110),
(349, 8, 110),
(350, 9, 110),
(351, 11, 110),
(352, 15, 110),
(353, 17, 110),
(354, 18, 110),
(355, 1, 111),
(356, 12, 111),
(357, 16, 111),
(358, 9, 112),
(359, 11, 112),
(360, 15, 112),
(361, 1, 113),
(362, 6, 113),
(363, 17, 113),
(364, 1, 114),
(365, 5, 114),
(366, 6, 114),
(367, 11, 114),
(368, 17, 114),
(369, 1, 115),
(370, 6, 115),
(371, 11, 115),
(372, 17, 115),
(373, 1, 116),
(374, 15, 116),
(375, 9, 117),
(376, 11, 117),
(377, 15, 117),
(378, 1, 118),
(379, 6, 118),
(380, 15, 118),
(381, 1, 119),
(382, 6, 119),
(383, 15, 119),
(384, 9, 120),
(385, 11, 120),
(386, 15, 120),
(387, 9, 121),
(388, 11, 121),
(389, 15, 121),
(390, 11, 122),
(391, 17, 122),
(392, 1, 123),
(393, 15, 123),
(394, 1, 124),
(395, 1, 125),
(396, 6, 125),
(397, 9, 125),
(398, 11, 125),
(399, 9, 126),
(400, 11, 126),
(401, 15, 126),
(402, 1, 127),
(403, 15, 127),
(404, 1, 128),
(405, 15, 128),
(406, 1, 129),
(407, 11, 129),
(408, 15, 129),
(409, 1, 130),
(410, 6, 130),
(411, 11, 130),
(412, 17, 130),
(413, 1, 131),
(414, 6, 131),
(415, 11, 131),
(416, 17, 131),
(417, 1, 132),
(418, 6, 132),
(419, 1, 133),
(420, 6, 133),
(421, 1, 134),
(422, 6, 134),
(423, 15, 134),
(424, 1, 135),
(425, 1, 136),
(426, 11, 136),
(427, 15, 136),
(428, 6, 137),
(429, 13, 137),
(430, 17, 137),
(431, 1, 138),
(432, 6, 138),
(433, 9, 138),
(434, 11, 138),
(435, 13, 138),
(436, 15, 138),
(437, 1, 139),
(438, 6, 139),
(439, 9, 139),
(440, 11, 139),
(441, 13, 139),
(442, 15, 139),
(443, 1, 140),
(444, 6, 140),
(445, 9, 140),
(446, 11, 140),
(447, 13, 140),
(448, 15, 140),
(449, 1, 141),
(450, 6, 141),
(451, 9, 141),
(452, 11, 141),
(453, 13, 141),
(454, 15, 141),
(455, 1, 142),
(456, 6, 142),
(457, 1, 143),
(458, 6, 143),
(459, 1, 144),
(460, 6, 144),
(461, 1, 145),
(462, 6, 145),
(463, 13, 145),
(464, 17, 145),
(465, 3, 146),
(466, 13, 146),
(467, 1, 147),
(468, 6, 147),
(469, 11, 147),
(470, 1, 148),
(471, 11, 148),
(472, 15, 148),
(473, 1, 149),
(474, 6, 149),
(475, 9, 149),
(476, 11, 149),
(477, 1, 150),
(478, 6, 150),
(479, 1, 151),
(480, 6, 151),
(481, 8, 151),
(482, 14, 151),
(483, 16, 151),
(484, 6, 152),
(485, 9, 152),
(486, 11, 152),
(487, 13, 152),
(488, 15, 152),
(489, 3, 153),
(490, 6, 153),
(491, 9, 153),
(492, 13, 153),
(493, 1, 154),
(494, 6, 154),
(495, 11, 154),
(496, 1, 155),
(497, 11, 155),
(498, 14, 155),
(499, 15, 155),
(500, 13, 156),
(501, 15, 156),
(502, 1, 157),
(503, 6, 157),
(504, 11, 157),
(505, 17, 157),
(506, 1, 158),
(507, 6, 158),
(508, 9, 158),
(509, 11, 158),
(510, 15, 158),
(511, 9, 159),
(512, 11, 159),
(513, 13, 159),
(514, 15, 159),
(515, 11, 160),
(516, 14, 160),
(517, 17, 160),
(518, 18, 160),
(519, 6, 161),
(520, 9, 161),
(521, 11, 161),
(522, 17, 161),
(523, 11, 162),
(524, 15, 162),
(525, 17, 162),
(526, 1, 163),
(527, 6, 163),
(528, 9, 163),
(529, 11, 163),
(530, 15, 163),
(531, 17, 163),
(532, 1, 164),
(533, 6, 164),
(534, 13, 164),
(535, 1, 165),
(536, 2, 165),
(537, 6, 165),
(538, 9, 165),
(539, 6, 166),
(540, 8, 166),
(541, 17, 166),
(542, 6, 167),
(543, 9, 167),
(544, 11, 167),
(545, 17, 167),
(546, 6, 168),
(547, 11, 168),
(548, 17, 168),
(549, 3, 169),
(550, 13, 169),
(551, 19, 169),
(552, 1, 170),
(553, 6, 170),
(554, 9, 170),
(555, 11, 170),
(556, 15, 170),
(557, 1, 171),
(558, 6, 171),
(559, 9, 171),
(560, 11, 171),
(561, 1, 172),
(562, 11, 172),
(563, 15, 172),
(564, 6, 173),
(565, 9, 173),
(566, 11, 173),
(567, 16, 173),
(568, 1, 174),
(569, 6, 174),
(570, 8, 175),
(571, 15, 175),
(572, 9, 176),
(573, 11, 176),
(574, 13, 176),
(575, 15, 176),
(576, 11, 177),
(577, 13, 177),
(578, 15, 177),
(579, 1, 178),
(580, 6, 178),
(581, 1, 179),
(582, 2, 179),
(583, 6, 179),
(584, 1, 180),
(585, 6, 180),
(586, 7, 180),
(587, 6, 181),
(588, 11, 181),
(589, 13, 181),
(590, 17, 181),
(591, 1, 182),
(592, 6, 182),
(593, 11, 182),
(594, 15, 182),
(595, 1, 183),
(596, 2, 183),
(597, 6, 183),
(598, 8, 183),
(599, 16, 183),
(600, 1, 184),
(601, 6, 184),
(602, 6, 185),
(603, 11, 185),
(604, 17, 185),
(605, 11, 186),
(606, 15, 186),
(607, 17, 186),
(608, 1, 187),
(609, 11, 187),
(610, 15, 187),
(611, 6, 188),
(612, 11, 188),
(613, 14, 188),
(614, 17, 188),
(615, 1, 189),
(616, 6, 189),
(617, 11, 189),
(618, 6, 190),
(619, 13, 190),
(620, 1, 191),
(621, 13, 191),
(622, 17, 191),
(623, 1, 192),
(624, 6, 192),
(625, 8, 192),
(626, 11, 192),
(627, 12, 192),
(628, 13, 192),
(629, 17, 192),
(630, 1, 193),
(631, 6, 193),
(632, 11, 193),
(633, 12, 193),
(634, 17, 193),
(635, 11, 194),
(636, 13, 194),
(637, 18, 194),
(638, 1, 195),
(639, 6, 195),
(640, 8, 195),
(641, 11, 195),
(642, 15, 195),
(643, 17, 195),
(644, 1, 196),
(645, 6, 196),
(646, 13, 196),
(647, 15, 196),
(648, 6, 197),
(649, 9, 197),
(650, 11, 197),
(651, 15, 197),
(652, 17, 197),
(653, 1, 198),
(654, 2, 198),
(655, 13, 198),
(656, 11, 199),
(657, 15, 199),
(658, 9, 200),
(659, 10, 200),
(660, 11, 200),
(661, 13, 200),
(662, 1, 201),
(663, 2, 201),
(664, 6, 201),
(665, 17, 201),
(666, 9, 202),
(667, 11, 202),
(668, 15, 202),
(669, 18, 202),
(670, 9, 203),
(671, 11, 203),
(672, 15, 203),
(673, 18, 203),
(674, 6, 204),
(675, 9, 204),
(676, 11, 204),
(677, 6, 205),
(678, 9, 205),
(679, 11, 205),
(680, 6, 206),
(681, 11, 206),
(682, 17, 206),
(683, 6, 207),
(684, 11, 207),
(685, 17, 207),
(686, 6, 208),
(687, 11, 208),
(688, 17, 208),
(689, 1, 209),
(690, 6, 209),
(691, 14, 209),
(692, 17, 209),
(693, 1, 210),
(694, 6, 210),
(695, 14, 210),
(696, 6, 211),
(697, 14, 211),
(698, 6, 212),
(699, 8, 212),
(700, 11, 212),
(701, 17, 212),
(702, 6, 213),
(703, 8, 213),
(704, 11, 213),
(705, 17, 213),
(706, 6, 214),
(707, 8, 214),
(708, 11, 214),
(709, 17, 214),
(710, 6, 215),
(711, 8, 215),
(712, 11, 215),
(713, 17, 215),
(714, 6, 216),
(715, 11, 216),
(716, 17, 216),
(717, 11, 217),
(718, 17, 217),
(719, 18, 217),
(720, 1, 218),
(721, 6, 218),
(722, 9, 218),
(723, 11, 218),
(724, 6, 219),
(725, 11, 219),
(726, 17, 219),
(727, 6, 220),
(728, 11, 220),
(729, 17, 220),
(730, 6, 221),
(731, 11, 221),
(732, 17, 221),
(733, 6, 222),
(734, 11, 222),
(735, 17, 222),
(736, 6, 223),
(737, 11, 223),
(738, 17, 223),
(739, 6, 224),
(740, 11, 224),
(741, 17, 224),
(742, 6, 225),
(743, 11, 225),
(744, 17, 225),
(745, 11, 226),
(746, 12, 226),
(747, 16, 226),
(748, 1, 227),
(749, 6, 227),
(750, 11, 227),
(751, 15, 227),
(752, 1, 228),
(753, 6, 228),
(754, 11, 228),
(755, 15, 228),
(756, 1, 229),
(757, 6, 229),
(758, 11, 229),
(759, 15, 229),
(760, 1, 230),
(761, 6, 230),
(762, 11, 230),
(763, 15, 230),
(764, 1, 231),
(765, 6, 231),
(766, 11, 231),
(767, 15, 231),
(768, 9, 232),
(769, 11, 232),
(770, 13, 232),
(771, 15, 232),
(772, 1, 233),
(773, 6, 233),
(774, 9, 233),
(775, 15, 233),
(776, 1, 234),
(777, 6, 234),
(778, 9, 234),
(779, 15, 234),
(780, 1, 235),
(781, 6, 235),
(782, 9, 235),
(783, 15, 235),
(784, 1, 236),
(785, 6, 236),
(786, 9, 236),
(787, 15, 236),
(788, 1, 237),
(789, 6, 237),
(790, 9, 237),
(791, 15, 237),
(792, 1, 238),
(793, 6, 238),
(794, 9, 238),
(795, 14, 238),
(796, 15, 238),
(797, 1, 239),
(798, 6, 239),
(799, 9, 239),
(800, 15, 239),
(801, 9, 240),
(802, 11, 240),
(803, 13, 240),
(804, 1, 241),
(805, 2, 241),
(806, 6, 241),
(807, 17, 241),
(808, 1, 242),
(809, 2, 242),
(810, 6, 242),
(811, 17, 242),
(812, 1, 243),
(813, 2, 243),
(814, 6, 243),
(815, 7, 243),
(816, 17, 243),
(817, 9, 244),
(818, 10, 244),
(819, 11, 244),
(820, 13, 244),
(821, 13, 245),
(822, 19, 245),
(823, 9, 246),
(824, 11, 246),
(825, 15, 246),
(826, 6, 247),
(827, 9, 247),
(828, 11, 247),
(829, 15, 247),
(830, 6, 248),
(831, 9, 248),
(832, 11, 248),
(833, 15, 248),
(834, 6, 249),
(835, 9, 249),
(836, 11, 249),
(837, 15, 249),
(838, 1, 250),
(839, 4, 250),
(840, 6, 250),
(841, 3, 251),
(842, 13, 251),
(843, 1, 252),
(844, 6, 252),
(845, 1, 253),
(846, 2, 253),
(847, 6, 253),
(848, 8, 253),
(849, 9, 253),
(850, 11, 253),
(851, 16, 253),
(852, 17, 253),
(853, 1, 254),
(854, 2, 254),
(855, 6, 254),
(856, 8, 254),
(857, 9, 254),
(858, 11, 254),
(859, 16, 254),
(860, 17, 254),
(861, 1, 255),
(862, 2, 255),
(863, 6, 255),
(864, 8, 255),
(865, 9, 255),
(866, 11, 255),
(867, 16, 255),
(868, 17, 255),
(869, 1, 256),
(870, 2, 256),
(871, 6, 256),
(872, 17, 256),
(873, 1, 257),
(874, 5, 257),
(875, 6, 257),
(876, 16, 257),
(877, 1, 258),
(878, 7, 258),
(879, 1, 259),
(880, 6, 259),
(881, 7, 259),
(882, 1, 260),
(883, 6, 260),
(884, 7, 260),
(885, 1, 261),
(886, 6, 261),
(887, 7, 261),
(888, 1, 262),
(889, 6, 262),
(890, 16, 262),
(891, 17, 262),
(892, 1, 263),
(893, 6, 263),
(894, 16, 263),
(895, 17, 263),
(896, 1, 264),
(897, 6, 264),
(898, 16, 264),
(899, 17, 264),
(900, 1, 265),
(901, 6, 265),
(902, 16, 265),
(903, 17, 265),
(904, 7, 266);

-- --------------------------------------------------------

--
-- Структура таблиці `film_language`
--

CREATE TABLE `film_language` (
  `id` int UNSIGNED NOT NULL,
  `language_id` int UNSIGNED NOT NULL,
  `film_id` int UNSIGNED NOT NULL
) ENGINE=InnoDB DEFAULT CHARSET=utf8mb4 COLLATE=utf8mb4_unicode_ci;

--
-- Дамп даних таблиці `film_language`
--

INSERT INTO `film_language` (`id`, `language_id`, `film_id`) VALUES
(1, 2, 1),
(2, 2, 2),
(3, 11, 3),
(4, 10, 3),
(5, 37, 3),
(6, 38, 3),
(7, 39, 3),
(8, 2, 4),
(9, 2, 7),
(10, 2, 8),
(11, 3, 8),
(12, 3, 11),
(13, 3, 12),
(14, 3, 13),
(15, 2, 14),
(16, 3, 14),
(17, 18, 15),
(18, 34, 16),
(19, 12, 17),
(20, 18, 17),
(21, 21, 17),
(22, 21, 18),
(23, 34, 18),
(24, 35, 18),
(25, 5, 19),
(26, 9, 20),
(27, 2, 21),
(28, 5, 22),
(29, 13, 23),
(30, 5, 24),
(31, 35, 25),
(32, 34, 25),
(33, 8, 26),
(34, 13, 27),
(35, 6, 27),
(36, 24, 27),
(37, 42, 28),
(38, 13, 29),
(39, 24, 29),
(40, 8, 30),
(41, 2, 31),
(42, 5, 32),
(43, 35, 33),
(44, 34, 33),
(45, 15, 34),
(46, 2, 35),
(47, 19, 36),
(48, 23, 36),
(49, 9, 37),
(50, 2, 38),
(51, 2, 39),
(52, 2, 40),
(53, 15, 41),
(54, 2, 42),
(55, 2, 43),
(56, 2, 44),
(57, 18, 45),
(58, 12, 45),
(59, 4, 45),
(60, 3, 46),
(61, 5, 47),
(62, 20, 48),
(63, 6, 49),
(64, 41, 50),
(65, 21, 51),
(66, 1, 52),
(67, 8, 53),
(68, 12, 54),
(69, 1, 55),
(70, 15, 56),
(71, 16, 57),
(72, 16, 58),
(73, 2, 59),
(74, 15, 60),
(75, 12, 61),
(76, 7, 62),
(77, 15, 63),
(78, 22, 64),
(79, 15, 65),
(80, 30, 65),
(81, 23, 66),
(82, 23, 67),
(83, 1, 68),
(84, 7, 69),
(85, 15, 70),
(86, 12, 70),
(87, 33, 70),
(88, 15, 71),
(89, 12, 71),
(90, 7, 72),
(91, 5, 73),
(92, 15, 74),
(93, 15, 75),
(94, 24, 76),
(95, 24, 77),
(96, 15, 78),
(97, 15, 79),
(98, 15, 80),
(99, 15, 81),
(100, 11, 81),
(101, 12, 82),
(102, 12, 83),
(103, 22, 84),
(104, 22, 85),
(105, 13, 86),
(106, 5, 87),
(107, 11, 88),
(108, 22, 88),
(109, 22, 89),
(110, 12, 90),
(111, 22, 90),
(112, 12, 91),
(113, 13, 92),
(114, 12, 93),
(115, 9, 94),
(116, 15, 95),
(117, 1, 96),
(118, 1, 97),
(119, 15, 98),
(120, 12, 99),
(121, 7, 100),
(122, 1, 101),
(123, 12, 102),
(124, 8, 103),
(125, 12, 104),
(126, 23, 105),
(127, 1, 106),
(128, 7, 107),
(129, 11, 108),
(130, 15, 109),
(131, 5, 110),
(132, 1, 111),
(133, 1, 112),
(134, 15, 113),
(135, 5, 114),
(136, 13, 114),
(137, 17, 115),
(138, 16, 116),
(139, 15, 117),
(140, 11, 118),
(141, 12, 119),
(142, 5, 120),
(143, 5, 121),
(144, 5, 122),
(145, 1, 123),
(146, 25, 124),
(147, 8, 125),
(148, 11, 126),
(149, 7, 127),
(150, 7, 128),
(151, 15, 129),
(152, 9, 130),
(153, 7, 131),
(154, 24, 132),
(155, 24, 133),
(156, 15, 134),
(157, 15, 135),
(158, 5, 136),
(159, 26, 137),
(160, 5, 138),
(161, 5, 139),
(162, 5, 140),
(163, 5, 141),
(164, 5, 142),
(165, 16, 143),
(166, 1, 144),
(167, 15, 145),
(168, 27, 146),
(169, 1, 147),
(170, 9, 148),
(171, 20, 149),
(172, 17, 149),
(173, 13, 150),
(174, 12, 151),
(175, 1, 152),
(176, 11, 153),
(177, 1, 154),
(178, 25, 155),
(179, 16, 156),
(180, 15, 157),
(181, 12, 158),
(182, 24, 159),
(183, 26, 160),
(184, 17, 161),
(185, 1, 162),
(186, 15, 163),
(187, 1, 164),
(188, 5, 165),
(189, 1, 166),
(190, 28, 167),
(191, 1, 168),
(192, 13, 169),
(193, 5, 170),
(194, 1, 171),
(195, 1, 172),
(196, 16, 173),
(197, 1, 174),
(198, 11, 175),
(199, 5, 176),
(200, 12, 176),
(201, 15, 177),
(202, 1, 178),
(203, 9, 179),
(204, 15, 180),
(205, 5, 181),
(206, 29, 182),
(207, 13, 183),
(208, 15, 184),
(209, 5, 185),
(210, 8, 186),
(211, 5, 187),
(212, 26, 188),
(213, 25, 189),
(214, 15, 190),
(215, 5, 191),
(216, 23, 192),
(217, 1, 193),
(218, 23, 194),
(219, 5, 195),
(220, 15, 196),
(221, 15, 197),
(222, 21, 198),
(223, 5, 199),
(224, 5, 200),
(225, 17, 200),
(226, 12, 201),
(227, 24, 202),
(228, 24, 203),
(229, 1, 204),
(230, 15, 204),
(231, 5, 205),
(232, 17, 205),
(233, 1, 206),
(234, 1, 207),
(235, 23, 208),
(236, 4, 209),
(237, 4, 210),
(238, 4, 211),
(239, 25, 212),
(240, 25, 213),
(241, 12, 214),
(242, 1, 215),
(243, 26, 216),
(244, 27, 217),
(245, 1, 218),
(246, 23, 219),
(247, 23, 220),
(248, 23, 221),
(249, 23, 222),
(250, 23, 223),
(251, 23, 224),
(252, 23, 225),
(253, 5, 226),
(254, 15, 227),
(255, 15, 228),
(256, 5, 229),
(257, 15, 230),
(258, 1, 231),
(259, 12, 232),
(260, 15, 233),
(261, 15, 234),
(262, 15, 235),
(263, 15, 236),
(264, 15, 237),
(265, 15, 238),
(266, 15, 239),
(267, 30, 240),
(268, 11, 241),
(269, 11, 242),
(270, 11, 243),
(271, 5, 244),
(272, 31, 245),
(273, 5, 246),
(274, 15, 247),
(275, 15, 248),
(276, 1, 249),
(277, 12, 250),
(278, 32, 251),
(279, 2, 252),
(280, 13, 253),
(281, 43, 253),
(282, 15, 254),
(283, 13, 254),
(284, 15, 255),
(285, 11, 256),
(286, 1, 257),
(287, 12, 258),
(288, 24, 259),
(289, 24, 260),
(290, 1, 261),
(291, 1, 262),
(292, 34, 263),
(293, 40, 263),
(294, 1, 264),
(295, 1, 265),
(296, 3, 266);

-- --------------------------------------------------------

--
-- Структура таблиці `film_producer`
--

CREATE TABLE `film_producer` (
  `id` int UNSIGNED NOT NULL,
  `producer_id` int UNSIGNED NOT NULL,
  `film_id` int UNSIGNED NOT NULL
) ENGINE=InnoDB DEFAULT CHARSET=utf8mb4 COLLATE=utf8mb4_unicode_ci;

--
-- Дамп даних таблиці `film_producer`
--

INSERT INTO `film_producer` (`id`, `producer_id`, `film_id`) VALUES
(1, 449, 1),
(2, 436, 2),
(3, 344, 3),
(4, 132, 3),
(5, 262, 3),
(6, 311, 3),
(7, 194, 3),
(8, 366, 3),
(9, 66, 3),
(10, 503, 3),
(11, 325, 3),
(12, 77, 3),
(13, 168, 3),
(14, 164, 3),
(15, 298, 3),
(16, 269, 3),
(17, 154, 4),
(18, 289, 5),
(19, 427, 5),
(20, 488, 5),
(21, 498, 5),
(22, 196, 5),
(23, 229, 5),
(24, 486, 5),
(25, 482, 5),
(26, 258, 6),
(27, 376, 6),
(28, 355, 7),
(29, 506, 8),
(30, 31, 8),
(31, 4, 8),
(32, 13, 8),
(33, 9, 9),
(34, 128, 10),
(35, 409, 10),
(36, 336, 11),
(37, 27, 12),
(38, 2, 12),
(39, 20, 12),
(40, 6, 13),
(41, 14, 13),
(42, 501, 14),
(43, 463, 14),
(44, 255, 15),
(45, 274, 15),
(46, 178, 16),
(47, 407, 17),
(48, 113, 17),
(49, 278, 18),
(50, 111, 19),
(51, 111, 20),
(52, 475, 20),
(53, 225, 20),
(54, 117, 21),
(55, 386, 22),
(56, 474, 22),
(57, 61, 22),
(58, 446, 22),
(59, 435, 23),
(60, 416, 23),
(61, 502, 23),
(62, 296, 23),
(63, 450, 24),
(64, 35, 25),
(65, 21, 25),
(66, 25, 25),
(67, 19, 25),
(68, 26, 25),
(69, 5, 25),
(70, 33, 25),
(71, 1, 25),
(72, 15, 25),
(73, 481, 26),
(74, 84, 27),
(75, 383, 28),
(76, 435, 29),
(77, 60, 29),
(78, 285, 29),
(79, 112, 30),
(80, 225, 31),
(81, 201, 32),
(82, 228, 32),
(83, 193, 32),
(84, 315, 33),
(85, 10, 33),
(86, 29, 33),
(87, 32, 33),
(88, 18, 33),
(89, 16, 33),
(90, 34, 33),
(91, 24, 33),
(92, 335, 34),
(93, 452, 34),
(94, 17, 35),
(95, 30, 35),
(96, 356, 36),
(97, 119, 37),
(98, 232, 38),
(99, 382, 38),
(100, 476, 39),
(101, 204, 39),
(102, 414, 39),
(103, 430, 39),
(104, 100, 39),
(105, 355, 40),
(106, 342, 41),
(107, 133, 41),
(108, 257, 41),
(109, 428, 42),
(110, 294, 42),
(111, 97, 43),
(112, 184, 43),
(113, 116, 43),
(114, 343, 44),
(115, 56, 44),
(116, 290, 44),
(117, 48, 44),
(118, 231, 44),
(119, 64, 44),
(120, 49, 44),
(121, 153, 44),
(122, 106, 44),
(123, 277, 44),
(124, 181, 44),
(125, 68, 45),
(126, 217, 45),
(127, 351, 46),
(128, 397, 46),
(129, 359, 47),
(130, 276, 47),
(131, 125, 47),
(132, 170, 48),
(133, 37, 48),
(134, 372, 48),
(135, 500, 49),
(136, 456, 50),
(137, 312, 50),
(138, 46, 51),
(139, 203, 51),
(140, 52, 51),
(141, 158, 51),
(142, 495, 52),
(143, 186, 52),
(144, 451, 52),
(145, 197, 53),
(146, 302, 53),
(147, 101, 54),
(148, 421, 54),
(149, 361, 55),
(150, 249, 55),
(151, 469, 55),
(152, 89, 56),
(153, 162, 56),
(154, 52, 57),
(155, 53, 57),
(156, 426, 57),
(157, 438, 57),
(158, 156, 58),
(159, 425, 58),
(160, 484, 58),
(161, 81, 58),
(162, 399, 59),
(163, 479, 60),
(164, 105, 60),
(165, 359, 61),
(166, 271, 62),
(167, 208, 62),
(168, 192, 63),
(169, 80, 64),
(170, 328, 64),
(171, 460, 65),
(172, 93, 65),
(173, 304, 65),
(174, 367, 66),
(175, 90, 66),
(176, 41, 66),
(177, 189, 66),
(178, 59, 67),
(179, 461, 67),
(180, 248, 67),
(181, 437, 68),
(182, 456, 68),
(183, 150, 69),
(184, 198, 70),
(185, 198, 71),
(186, 505, 72),
(187, 175, 72),
(188, 93, 72),
(189, 192, 73),
(190, 318, 74),
(191, 282, 74),
(192, 370, 74),
(193, 163, 74),
(194, 340, 74),
(195, 403, 74),
(196, 95, 74),
(197, 51, 75),
(198, 205, 75),
(199, 360, 75),
(200, 412, 75),
(201, 458, 75),
(202, 417, 75),
(203, 406, 76),
(204, 267, 76),
(205, 161, 77),
(206, 447, 77),
(207, 161, 78),
(208, 11, 78),
(209, 332, 78),
(210, 307, 79),
(211, 199, 79),
(212, 192, 79),
(213, 192, 80),
(214, 307, 80),
(215, 199, 80),
(216, 332, 81),
(217, 242, 81),
(218, 371, 82),
(219, 67, 82),
(220, 371, 83),
(221, 67, 83),
(222, 160, 84),
(223, 108, 84),
(224, 375, 84),
(225, 75, 84),
(226, 160, 85),
(227, 108, 85),
(228, 75, 85),
(229, 243, 85),
(230, 468, 86),
(231, 47, 86),
(232, 266, 87),
(233, 247, 87),
(234, 496, 88),
(235, 341, 88),
(236, 247, 88),
(237, 297, 88),
(238, 72, 89),
(239, 98, 89),
(240, 496, 89),
(241, 341, 89),
(242, 63, 89),
(243, 81, 89),
(244, 137, 90),
(245, 410, 90),
(246, 410, 91),
(247, 187, 91),
(248, 410, 92),
(249, 187, 92),
(250, 410, 93),
(251, 187, 93),
(252, 137, 93),
(253, 401, 94),
(254, 338, 95),
(255, 332, 96),
(256, 147, 96),
(257, 350, 96),
(258, 88, 96),
(259, 186, 96),
(260, 242, 96),
(261, 161, 97),
(262, 202, 97),
(263, 199, 98),
(264, 301, 99),
(265, 413, 99),
(266, 308, 100),
(267, 389, 101),
(268, 337, 101),
(269, 327, 101),
(270, 280, 102),
(271, 284, 102),
(272, 95, 102),
(273, 275, 102),
(274, 284, 103),
(275, 7, 103),
(276, 381, 103),
(277, 280, 103),
(278, 40, 103),
(279, 284, 104),
(280, 381, 104),
(281, 280, 104),
(282, 40, 104),
(283, 284, 105),
(284, 40, 105),
(285, 275, 105),
(286, 95, 105),
(287, 59, 106),
(288, 110, 106),
(289, 91, 106),
(290, 440, 106),
(291, 332, 107),
(292, 242, 107),
(293, 11, 108),
(294, 279, 109),
(295, 36, 109),
(296, 245, 109),
(297, 470, 110),
(298, 254, 110),
(299, 144, 110),
(300, 214, 111),
(301, 405, 111),
(302, 121, 111),
(303, 131, 111),
(304, 86, 112),
(305, 134, 112),
(306, 250, 112),
(307, 489, 112),
(308, 313, 112),
(309, 314, 113),
(310, 137, 114),
(311, 368, 115),
(312, 256, 116),
(313, 388, 116),
(314, 442, 116),
(315, 362, 116),
(316, 306, 116),
(317, 487, 116),
(318, 192, 117),
(319, 307, 117),
(320, 236, 118),
(321, 244, 118),
(322, 8, 119),
(323, 491, 120),
(324, 307, 120),
(325, 192, 120),
(326, 242, 121),
(327, 205, 121),
(328, 359, 122),
(329, 316, 122),
(330, 22, 122),
(331, 212, 123),
(332, 220, 123),
(333, 82, 123),
(334, 279, 124),
(335, 206, 124),
(336, 82, 124),
(337, 209, 124),
(338, 155, 124),
(339, 291, 125),
(340, 394, 125),
(341, 183, 126),
(342, 101, 126),
(343, 421, 126),
(344, 165, 127),
(345, 165, 128),
(346, 58, 128),
(347, 307, 129),
(348, 491, 129),
(349, 315, 130),
(350, 140, 130),
(351, 315, 131),
(352, 246, 131),
(353, 172, 131),
(354, 411, 132),
(355, 165, 132),
(356, 411, 133),
(357, 152, 133),
(358, 165, 133),
(359, 57, 134),
(360, 473, 134),
(361, 3, 134),
(362, 65, 135),
(363, 353, 136),
(364, 415, 136),
(365, 253, 137),
(366, 377, 137),
(367, 404, 138),
(368, 192, 138),
(369, 173, 138),
(370, 404, 139),
(371, 192, 139),
(372, 378, 139),
(373, 173, 139),
(374, 404, 140),
(375, 454, 140),
(376, 323, 140),
(377, 173, 140),
(378, 454, 140),
(379, 404, 141),
(380, 141, 141),
(381, 444, 141),
(382, 150, 142),
(383, 105, 142),
(384, 270, 142),
(385, 105, 143),
(386, 62, 144),
(387, 171, 145),
(388, 130, 146),
(389, 472, 146),
(390, 393, 146),
(391, 333, 146),
(392, 226, 146),
(393, 385, 146),
(394, 42, 147),
(395, 346, 148),
(396, 455, 148),
(397, 38, 149),
(398, 259, 149),
(399, 305, 150),
(400, 239, 150),
(401, 304, 151),
(402, 93, 151),
(403, 188, 151),
(404, 92, 152),
(405, 329, 152),
(406, 359, 152),
(407, 354, 153),
(408, 319, 154),
(409, 70, 154),
(410, 126, 154),
(411, 166, 155),
(412, 199, 155),
(413, 211, 155),
(414, 234, 156),
(415, 61, 157),
(416, 326, 157),
(417, 190, 157),
(418, 312, 158),
(419, 186, 159),
(420, 287, 160),
(421, 303, 160),
(422, 268, 160),
(423, 281, 160),
(424, 109, 160),
(425, 192, 161),
(426, 462, 161),
(427, 83, 161),
(428, 143, 161),
(429, 241, 161),
(430, 408, 162),
(431, 338, 162),
(432, 395, 162),
(433, 259, 162),
(434, 339, 163),
(435, 288, 163),
(436, 87, 164),
(437, 177, 164),
(438, 443, 164),
(439, 459, 164),
(440, 79, 165),
(441, 43, 165),
(442, 326, 165),
(443, 494, 165),
(444, 190, 165),
(445, 115, 165),
(446, 39, 166),
(447, 101, 166),
(448, 421, 166),
(449, 120, 167),
(450, 467, 167),
(451, 118, 167),
(452, 127, 168),
(453, 307, 168),
(454, 299, 168),
(455, 422, 169),
(456, 429, 170),
(457, 364, 171),
(458, 363, 171),
(459, 457, 172),
(460, 213, 172),
(461, 359, 172),
(462, 493, 172),
(463, 405, 173),
(464, 150, 174),
(465, 357, 174),
(466, 129, 174),
(467, 424, 174),
(468, 169, 174),
(469, 235, 175),
(470, 69, 175),
(471, 72, 175),
(472, 396, 176),
(473, 251, 176),
(474, 418, 176),
(475, 230, 176),
(476, 483, 176),
(477, 406, 176),
(478, 179, 177),
(479, 80, 178),
(480, 328, 178),
(481, 367, 179),
(482, 130, 179),
(483, 310, 180),
(484, 499, 180),
(485, 240, 181),
(486, 492, 181),
(487, 286, 181),
(488, 224, 182),
(489, 464, 182),
(490, 96, 182),
(491, 263, 183),
(492, 485, 183),
(493, 175, 183),
(494, 102, 183),
(495, 273, 183),
(496, 85, 183),
(497, 222, 183),
(498, 157, 183),
(499, 330, 183),
(500, 179, 184),
(501, 210, 185),
(502, 380, 186),
(503, 423, 186),
(504, 176, 186),
(505, 346, 187),
(506, 54, 188),
(507, 218, 188),
(508, 200, 188),
(509, 434, 188),
(510, 387, 189),
(511, 182, 189),
(512, 379, 189),
(513, 174, 189),
(514, 123, 190),
(515, 94, 190),
(516, 369, 190),
(517, 320, 191),
(518, 159, 191),
(519, 79, 191),
(520, 39, 192),
(521, 238, 192),
(522, 345, 192),
(523, 107, 193),
(524, 167, 194),
(525, 497, 194),
(526, 233, 194),
(527, 215, 194),
(528, 74, 195),
(529, 322, 196),
(530, 192, 197),
(531, 324, 197),
(532, 349, 198),
(533, 195, 198),
(534, 331, 198),
(535, 180, 199),
(536, 227, 200),
(537, 136, 200),
(538, 78, 200),
(539, 135, 201),
(540, 309, 201),
(541, 374, 202),
(542, 321, 202),
(543, 104, 202),
(544, 374, 203),
(545, 321, 203),
(546, 104, 203),
(547, 71, 204),
(548, 480, 204),
(549, 145, 204),
(550, 38, 204),
(551, 38, 205),
(552, 146, 205),
(553, 293, 205),
(554, 259, 205),
(555, 149, 206),
(556, 139, 206),
(557, 149, 207),
(558, 139, 207),
(559, 76, 207),
(560, 45, 207),
(561, 420, 207),
(562, 151, 208),
(563, 76, 208),
(564, 420, 208),
(565, 439, 209),
(566, 44, 209),
(567, 44, 210),
(568, 439, 211),
(569, 44, 211),
(570, 260, 212),
(571, 39, 213),
(572, 260, 213),
(573, 39, 214),
(574, 286, 214),
(575, 261, 214),
(576, 261, 215),
(577, 224, 216),
(578, 295, 217),
(579, 393, 217),
(580, 441, 217),
(581, 401, 218),
(582, 478, 218),
(583, 219, 218),
(584, 445, 218),
(585, 103, 219),
(586, 216, 219),
(587, 103, 220),
(588, 216, 220),
(589, 114, 221),
(590, 216, 221),
(591, 402, 222),
(592, 402, 223),
(593, 402, 224),
(594, 263, 225),
(595, 237, 225),
(596, 431, 225),
(597, 110, 226),
(598, 317, 226),
(599, 302, 226),
(600, 348, 227),
(601, 300, 227),
(602, 312, 228),
(603, 300, 228),
(604, 348, 228),
(605, 312, 229),
(606, 312, 230),
(607, 312, 231),
(608, 365, 232),
(609, 186, 232),
(610, 448, 232),
(611, 384, 233),
(612, 384, 234),
(613, 384, 235),
(614, 384, 236),
(615, 223, 236),
(616, 384, 237),
(617, 223, 237),
(618, 384, 238),
(619, 223, 238),
(620, 384, 239),
(621, 465, 239),
(622, 292, 239),
(623, 223, 239),
(624, 55, 240),
(625, 332, 240),
(626, 242, 240),
(627, 73, 241),
(628, 358, 241),
(629, 460, 241),
(630, 485, 241),
(631, 263, 241),
(632, 73, 242),
(633, 358, 242),
(634, 73, 243),
(635, 358, 243),
(636, 94, 244),
(637, 272, 244),
(638, 221, 244),
(639, 334, 245),
(640, 359, 246),
(641, 142, 246),
(642, 283, 246),
(643, 359, 247),
(644, 359, 248),
(645, 406, 248),
(646, 148, 248),
(647, 471, 248),
(648, 50, 248),
(649, 92, 249),
(650, 359, 249),
(651, 185, 249),
(652, 191, 249),
(653, 433, 249),
(654, 504, 250),
(655, 400, 250),
(656, 398, 250),
(657, 252, 250),
(658, 347, 250),
(659, 466, 250),
(660, 352, 250),
(661, 122, 251),
(662, 124, 251),
(663, 99, 252),
(664, 453, 252),
(665, 264, 252),
(666, 432, 253),
(667, 265, 253),
(668, 138, 253),
(669, 477, 254),
(670, 265, 254),
(671, 138, 254),
(672, 138, 255),
(673, 394, 255),
(674, 419, 255),
(675, 79, 256),
(676, 392, 256),
(677, 490, 257),
(678, 373, 257),
(679, 390, 257),
(680, 207, 257),
(681, 336, 258),
(682, 27, 259),
(683, 2, 259),
(684, 355, 260),
(685, 397, 261),
(686, 28, 261),
(687, 12, 261),
(688, 23, 261),
(689, 269, 262),
(690, 298, 262),
(691, 269, 263),
(692, 269, 264),
(693, 298, 264),
(694, 269, 265),
(695, 298, 265),
(696, 2, 266);

-- --------------------------------------------------------

--
-- Структура таблиці `film_selection`
--

CREATE TABLE `film_selection` (
  `id` int UNSIGNED NOT NULL,
  `selection_id` int UNSIGNED NOT NULL,
  `film_id` int UNSIGNED NOT NULL
) ENGINE=InnoDB DEFAULT CHARSET=utf8mb4 COLLATE=utf8mb4_unicode_ci;

--
-- Дамп даних таблиці `film_selection`
--

INSERT INTO `film_selection` (`id`, `selection_id`, `film_id`) VALUES
(1, 7, 266);

-- --------------------------------------------------------

--
-- Структура таблиці `film_source`
--

CREATE TABLE `film_source` (
  `id` int UNSIGNED NOT NULL,
  `source_id` int UNSIGNED NOT NULL,
  `film_id` int UNSIGNED NOT NULL
) ENGINE=InnoDB DEFAULT CHARSET=utf8mb4 COLLATE=utf8mb4_unicode_ci;

-- --------------------------------------------------------

--
-- Структура таблиці `genres`
--

CREATE TABLE `genres` (
  `id` int UNSIGNED NOT NULL,
  `title` varchar(255) COLLATE utf8mb4_unicode_ci NOT NULL,
  `slug` varchar(255) COLLATE utf8mb4_unicode_ci NOT NULL,
  `created_at` timestamp NULL DEFAULT NULL,
  `updated_at` timestamp NULL DEFAULT NULL
) ENGINE=InnoDB DEFAULT CHARSET=utf8mb4 COLLATE=utf8mb4_unicode_ci;

--
-- Дамп даних таблиці `genres`
--

INSERT INTO `genres` (`id`, `title`, `slug`, `created_at`, `updated_at`) VALUES
(1, 'Комедія', 'komediia', '2024-09-17 02:23:49', '2024-09-17 02:23:49'),
(2, 'Сімейний', 'simeinii', '2024-09-17 02:23:49', '2024-09-17 02:23:49'),
(3, 'Спортивний', 'sportivnii', '2024-09-17 02:23:49', '2024-09-17 02:23:49'),
(4, 'Молодіжний', 'molodiznii', '2024-09-17 02:23:49', '2024-09-17 02:23:49'),
(5, 'Пародія', 'parodiia', '2024-09-17 02:23:49', '2024-09-17 02:23:49'),
(6, 'Пригоди', 'prigodi', '2024-09-17 02:23:49', '2024-09-17 02:23:49'),
(7, 'Вестерн', 'vestern', '2024-09-17 02:23:49', '2024-09-17 02:23:49'),
(8, 'Екранізація', 'ekranizaciia', '2024-09-17 02:23:49', '2024-09-17 02:23:49'),
(9, 'Бойовик', 'boiovik', '2024-09-17 02:23:49', '2024-09-17 02:23:49'),
(10, 'Історичний', 'istoricnii', '2024-09-17 02:23:49', '2024-09-17 02:23:49'),
(11, 'Екшн', 'eksn', '2024-09-17 02:23:49', '2024-09-17 02:23:49'),
(12, 'Жахи', 'zaxi', '2024-09-17 02:23:49', '2024-09-17 02:23:49'),
(13, 'Драма', 'drama', '2024-09-17 02:23:49', '2024-09-17 02:23:49'),
(14, 'Детектив', 'detektiv', '2024-09-17 02:23:49', '2024-09-17 02:23:49'),
(15, 'Кримінал', 'kriminal', '2024-09-17 02:23:49', '2024-09-17 02:23:49'),
(16, 'Фентезі', 'fentezi', '2024-09-17 02:23:49', '2024-09-17 02:23:49'),
(17, 'Фантастика', 'fantastika', '2024-09-17 02:23:49', '2024-09-17 02:23:49'),
(18, 'Трилер', 'triler', '2024-09-17 02:23:49', '2024-09-17 02:23:49'),
(19, 'Автобіографія', 'avtobiografiia', '2024-09-17 02:23:49', '2024-09-17 02:23:49');

-- --------------------------------------------------------

--
-- Структура таблиці `languages`
--

CREATE TABLE `languages` (
  `id` int UNSIGNED NOT NULL,
  `title` varchar(255) COLLATE utf8mb4_unicode_ci NOT NULL,
  `slug` varchar(255) COLLATE utf8mb4_unicode_ci NOT NULL,
  `created_at` timestamp NULL DEFAULT NULL,
  `updated_at` timestamp NULL DEFAULT NULL
) ENGINE=InnoDB DEFAULT CHARSET=utf8mb4 COLLATE=utf8mb4_unicode_ci;

--
-- Дамп даних таблиці `languages`
--

INSERT INTO `languages` (`id`, `title`, `slug`, `created_at`, `updated_at`) VALUES
(1, 'Українська', 'ukrayinska', '2024-09-17 02:23:49', '2024-09-17 02:23:49'),
(2, 'Російська', 'rosiiska', '2024-09-17 02:23:49', '2024-09-17 02:23:49'),
(3, 'Англійська', 'angliiska', '2024-09-17 02:23:49', '2024-09-17 02:23:49'),
(4, 'Українська (СТБ)', 'ukrayinska-stb', '2024-09-17 02:23:49', '2024-09-17 02:23:49'),
(5, 'Українська (ICTV)', 'ukrayinska-ictv', '2024-09-17 02:23:49', '2024-09-17 02:23:49'),
(6, 'Українська (НТН)', 'ukrayinska-ntn', '2024-09-17 02:23:49', '2024-09-17 02:23:49'),
(7, 'Українська (Інтер)', 'ukrayinska-inter', '2024-09-17 02:23:49', '2024-09-17 02:23:49'),
(8, 'Українська (ТРК Україна)', 'ukrayinska-trk-ukrayina', '2024-09-17 02:23:49', '2024-09-17 02:23:49'),
(9, 'Українська (ТЕТ)', 'ukrayinska-tet', '2024-09-17 02:23:49', '2024-09-17 02:23:49'),
(10, 'Українська (QTV)', 'ukrayinska-qtv', '2024-09-17 02:23:49', '2024-09-17 02:23:49'),
(11, 'Українська (НЛО TV)', 'ukrayinska-nlo-tv', '2024-09-17 02:23:49', '2024-09-17 02:23:49'),
(12, 'Українська (Новий канал)', 'ukrayinska-novii-kanal', '2024-09-17 02:23:49', '2024-09-17 02:23:49'),
(13, 'Українська (К1)', 'ukrayinska-k1', '2024-09-17 02:23:49', '2024-09-17 02:23:49'),
(14, 'Українська (М1)', 'ukrayinska-m1', '2024-09-17 02:23:49', '2024-09-17 02:23:49'),
(15, 'Українська (1+1)', 'ukrayinska-11', '2024-09-17 02:23:49', '2024-09-17 02:23:49'),
(16, 'Українська (2+2)', 'ukrayinska-22', '2024-09-17 02:23:49', '2024-09-17 02:23:49'),
(17, 'Українська (Cine+)', 'ukrayinska-cine', '2024-09-17 02:23:49', '2024-09-17 02:23:49'),
(18, 'Українська (Paramount Comedy)', 'ukrayinska-paramount-comedy', '2024-09-17 02:23:49', '2024-09-17 02:23:49'),
(19, 'Українська (Netflix)', 'ukrayinska-netflix', '2024-09-17 02:23:49', '2024-09-17 02:23:49'),
(20, 'Українська (Line-in)', 'ukrayinska-line-in', '2024-09-17 02:23:49', '2024-09-17 02:23:49'),
(21, 'Українська (Цікава Ідея)', 'ukrayinska-cikava-ideia', '2024-09-17 02:23:49', '2024-09-17 02:23:49'),
(22, 'Українська (AMC)', 'ukrayinska-amc', '2024-09-17 02:23:49', '2024-09-17 02:23:49'),
(23, 'Українська (LeDoyen)', 'ukrayinska-ledoyen', '2024-09-17 02:23:49', '2024-09-17 02:23:49'),
(24, 'Українська (ТакТребаПродакш)', 'ukrayinska-taktrebaprodaks', '2024-09-17 02:23:49', '2024-09-17 02:23:49'),
(25, 'Українська (Postmodern)', 'ukrayinska-postmodern', '2024-09-17 02:23:49', '2024-09-17 02:23:49'),
(26, 'Українська (Кіно)', 'ukrayinska-kino', '2024-09-17 02:23:49', '2024-09-17 02:23:49'),
(27, 'Українська (Tretyakoff production)', 'ukrayinska-tretyakoff-production', '2024-09-17 02:23:49', '2024-09-17 02:23:49'),
(28, 'Українська (AniUA)', 'ukrayinska-aniua', '2024-09-17 02:23:49', '2024-09-17 02:23:49'),
(29, 'Українська (Pie Post Production)', 'ukrayinska-pie-post-production', '2024-09-17 02:23:49', '2024-09-17 02:23:49'),
(30, 'Українська (Cinema Sound Production)', 'ukrayinska-cinema-sound-production', '2024-09-17 02:23:49', '2024-09-17 02:23:49'),
(31, 'Українська (КІТ)', 'ukrayinska-kit', '2024-09-17 02:23:49', '2024-09-17 02:23:49'),
(32, 'Українська (Омікрон(Hurtom))', 'ukrayinska-omikronhurtom', '2024-09-17 02:23:49', '2024-09-17 02:23:49'),
(33, 'Українська (SkomUA)', 'ukrayinska-skomua', '2024-09-17 02:23:49', '2024-09-17 02:23:49'),
(34, 'Українська (DniproFilm)', 'ukrayinska-dniprofilm', '2024-09-17 02:23:49', '2024-09-17 02:23:49'),
(35, 'Українська (HDrezka Studio)', 'ukrayinska-hdrezka-studio', '2024-09-17 02:23:49', '2024-09-17 02:23:49'),
(36, 'Українська (КІНОТА)', 'ukrayinska-kinota', '2024-09-17 02:23:49', '2024-09-17 02:23:49'),
(37, 'Українська (UATeam)', 'ukrayinska-uateam', '2024-09-17 02:23:49', '2024-09-17 02:23:49'),
(38, 'Українська ( simpsonsua.tv)', 'ukrayinska-simpsonsuatv', '2024-09-17 02:23:49', '2024-09-17 02:23:49'),
(39, 'Українська (Колодій)', 'ukrayinska-kolodii', '2024-09-17 02:23:49', '2024-09-17 02:23:49'),
(40, 'Українська (AAA-Sound)', 'ukrayinska-aaa-sound', '2024-09-17 02:23:49', '2024-09-17 02:23:49'),
(41, 'Українська (Багатоголосий закадровий)', 'ukrayinska-bagatogolosii-zakadrovii', '2024-09-17 02:23:49', '2024-09-17 02:23:49'),
(42, 'Українська (Двоголосий)', 'ukrayinska-dvogolosii', '2024-09-17 02:23:49', '2024-09-17 02:23:49'),
(43, 'Українська (Одноголосий)', 'ukrayinska-odnogolosii', '2024-09-17 02:23:49', '2024-09-17 02:23:49');

-- --------------------------------------------------------

--
-- Структура таблиці `migrations`
--

CREATE TABLE `migrations` (
  `id` int UNSIGNED NOT NULL,
  `migration` varchar(255) COLLATE utf8mb4_unicode_ci NOT NULL,
  `batch` int NOT NULL
) ENGINE=InnoDB DEFAULT CHARSET=utf8mb4 COLLATE=utf8mb4_unicode_ci;

--
-- Дамп даних таблиці `migrations`
--

INSERT INTO `migrations` (`id`, `migration`, `batch`) VALUES
(1, '2014_10_12_000000_create_users_table', 1),
(2, '2014_10_12_100000_create_password_reset_tokens_table', 1),
(3, '2014_10_12_100000_create_password_resets_table', 1),
(4, '2019_08_19_000000_create_failed_jobs_table', 1),
(5, '2019_12_14_000001_create_personal_access_tokens_table', 1),
(6, '2023_12_21_131639_create_categories_table', 1),
(7, '2023_12_21_131640_create_years_table', 1),
(8, '2023_12_21_131642_create_seasons_table', 1),
(9, '2023_12_21_131645_create_ratings_table', 1),
(10, '2023_12_21_131648_create_directors_table', 1),
(11, '2023_12_21_131651_create_films_table', 1),
(12, '2023_12_21_131815_create_genres_table', 1),
(13, '2023_12_21_134403_create_actors_table', 1),
(14, '2023_12_21_135526_create_actor_film_table', 1),
(15, '2023_12_21_135603_create_film_genre_table', 1),
(16, '2023_12_21_141456_create_producers_table', 1),
(17, '2023_12_21_141601_create_countries_table', 1),
(18, '2023_12_21_142305_create_languages_table', 1),
(19, '2024_01_02_224722_create_film_producer_table', 1),
(20, '2024_01_02_232229_create_film_language_table', 1),
(21, '2024_01_04_001418_create_country_film_table', 1),
(22, '2024_01_05_035052_create_companies_table', 1),
(23, '2024_01_05_050715_create_captions_table', 1),
(24, '2024_01_05_050829_create_caption_film_table', 1),
(25, '2024_01_08_021204_create_statuses_table', 1),
(26, '2024_01_08_021240_create_selections_table', 1),
(27, '2024_01_08_021327_create_composers_table', 1),
(28, '2024_01_08_021445_create_ages_table', 1),
(29, '2024_01_08_224908_create_film_selection_table', 1),
(30, '2024_01_08_224921_create_film_source_table', 1),
(31, '2024_01_09_214639_create_qualities_table', 1),
(32, '2024_04_02_144407_create_director_film_table', 1),
(33, '2024_04_02_154556_create_composer_film_table', 1),
(34, '2024_04_02_154600_create_company_film_table', 1),
(35, '2024_08_02_230426_alter_table_films_add_index', 1),
(36, '2024_08_09_093017_create_states_table', 1),
(37, '2024_08_09_093112_create_comments_table', 1),
(38, '2024_09_09_010907_create_durations_table', 1);

-- --------------------------------------------------------

--
-- Структура таблиці `password_resets`
--

CREATE TABLE `password_resets` (
  `email` varchar(255) COLLATE utf8mb4_unicode_ci NOT NULL,
  `token` varchar(255) COLLATE utf8mb4_unicode_ci NOT NULL,
  `created_at` timestamp NULL DEFAULT NULL
) ENGINE=InnoDB DEFAULT CHARSET=utf8mb4 COLLATE=utf8mb4_unicode_ci;

-- --------------------------------------------------------

--
-- Структура таблиці `password_reset_tokens`
--

CREATE TABLE `password_reset_tokens` (
  `email` varchar(255) COLLATE utf8mb4_unicode_ci NOT NULL,
  `token` varchar(255) COLLATE utf8mb4_unicode_ci NOT NULL,
  `created_at` timestamp NULL DEFAULT NULL
) ENGINE=InnoDB DEFAULT CHARSET=utf8mb4 COLLATE=utf8mb4_unicode_ci;

-- --------------------------------------------------------

--
-- Структура таблиці `personal_access_tokens`
--

CREATE TABLE `personal_access_tokens` (
  `id` bigint UNSIGNED NOT NULL,
  `tokenable_type` varchar(255) COLLATE utf8mb4_unicode_ci NOT NULL,
  `tokenable_id` bigint UNSIGNED NOT NULL,
  `name` varchar(255) COLLATE utf8mb4_unicode_ci NOT NULL,
  `token` varchar(64) COLLATE utf8mb4_unicode_ci NOT NULL,
  `abilities` text COLLATE utf8mb4_unicode_ci,
  `last_used_at` timestamp NULL DEFAULT NULL,
  `expires_at` timestamp NULL DEFAULT NULL,
  `created_at` timestamp NULL DEFAULT NULL,
  `updated_at` timestamp NULL DEFAULT NULL
) ENGINE=InnoDB DEFAULT CHARSET=utf8mb4 COLLATE=utf8mb4_unicode_ci;

-- --------------------------------------------------------

--
-- Структура таблиці `producers`
--

CREATE TABLE `producers` (
  `id` bigint UNSIGNED NOT NULL,
  `name` varchar(255) COLLATE utf8mb4_unicode_ci NOT NULL,
  `slug` varchar(255) COLLATE utf8mb4_unicode_ci NOT NULL,
  `created_at` timestamp NULL DEFAULT NULL,
  `updated_at` timestamp NULL DEFAULT NULL
) ENGINE=InnoDB DEFAULT CHARSET=utf8mb4 COLLATE=utf8mb4_unicode_ci;

--
-- Дамп даних таблиці `producers`
--

INSERT INTO `producers` (`id`, `name`, `slug`, `created_at`, `updated_at`) VALUES
(1, 'Andy Brereton', 'andy-brereton', '2024-09-17 02:23:49', '2024-09-17 02:23:49'),
(2, 'Art Scott', 'art-scott', '2024-09-17 02:23:49', '2024-09-17 02:23:49'),
(3, 'Barry Josephson', 'barry-josephson', '2024-09-17 02:23:49', '2024-09-17 02:23:49'),
(4, 'Blair Peters', 'blair-peters', '2024-09-17 02:23:49', '2024-09-17 02:23:49'),
(5, 'Brian Steinberg', 'brian-steinberg', '2024-09-17 02:23:49', '2024-09-17 02:23:49'),
(6, 'Bruno-René Huchez', 'bruno-rene-huchez', '2024-09-17 02:23:49', '2024-09-17 02:23:49'),
(7, 'Chris Bender', 'chris-bender', '2024-09-17 02:23:49', '2024-09-17 02:23:49'),
(8, 'David Bergstein', 'david-bergstein', '2024-09-17 02:23:49', '2024-09-17 02:23:49'),
(9, 'E. C. Segar', 'e-c-segar', '2024-09-17 02:23:49', '2024-09-17 02:23:49'),
(10, 'Ed Dyson', 'ed-dyson', '2024-09-17 02:23:49', '2024-09-17 02:23:49'),
(11, 'Gale Anne Hurd', 'gale-anne-hurd', '2024-09-17 02:23:49', '2024-09-17 02:23:49'),
(12, 'Gerard Dargaud', 'gerard-dargaud', '2024-09-17 02:23:49', '2024-09-17 02:23:49'),
(13, 'Greg Sullivan', 'greg-sullivan', '2024-09-17 02:23:49', '2024-09-17 02:23:49'),
(14, 'Hélène Fatou', 'helene-fatou', '2024-09-17 02:23:49', '2024-09-17 02:23:49'),
(15, 'James De Frond', 'james-de-frond', '2024-09-17 02:23:49', '2024-09-17 02:23:49'),
(16, 'Jason Weinberg', 'jason-weinberg', '2024-09-17 02:23:49', '2024-09-17 02:23:49'),
(17, 'Jill Lopez Danton', 'jill-lopez-danton', '2024-09-17 02:23:49', '2024-09-17 02:23:49'),
(18, 'John Lyons', 'john-lyons', '2024-09-17 02:23:49', '2024-09-17 02:23:49'),
(19, 'Jonathan Stern', 'jonathan-stern', '2024-09-17 02:23:49', '2024-09-17 02:23:49'),
(20, 'Kay Wright', 'kay-wright', '2024-09-17 02:23:49', '2024-09-17 02:23:49'),
(21, 'Krister Johnson', 'krister-johnson', '2024-09-17 02:23:49', '2024-09-17 02:23:49'),
(22, 'Laura Ziskin', 'laura-ziskin', '2024-09-17 02:23:49', '2024-09-17 02:23:49'),
(23, 'Leon Zuratas', 'leon-zuratas', '2024-09-17 02:23:49', '2024-09-17 02:23:49'),
(24, 'Lilly Burns', 'lilly-burns', '2024-09-17 02:23:49', '2024-09-17 02:23:49'),
(25, 'Marc Forman', 'marc-forman', '2024-09-17 02:23:49', '2024-09-17 02:23:49'),
(26, 'Peter Principato', 'peter-principato', '2024-09-17 02:23:49', '2024-09-17 02:23:49'),
(27, 'Philippe Landrot', 'philippe-landrot', '2024-09-17 02:23:49', '2024-09-17 02:23:49'),
(28, 'Raymond LeBlanc', 'raymond-leblanc', '2024-09-17 02:23:49', '2024-09-17 02:23:49'),
(29, 'Roger Drew', 'roger-drew', '2024-09-17 02:23:49', '2024-09-17 02:23:49'),
(30, 'Sheree Guitar', 'sheree-guitar', '2024-09-17 02:23:49', '2024-09-17 02:23:49'),
(31, 'Terry Klassen', 'terry-klassen', '2024-09-17 02:23:49', '2024-09-17 02:23:49'),
(32, 'Tim Kirkby', 'tim-kirkby', '2024-09-17 02:23:49', '2024-09-17 02:23:49'),
(33, 'Tom Davis', 'tom-davis', '2024-09-17 02:23:49', '2024-09-17 02:23:49'),
(34, 'Tony Hernandez', 'tony-hernandez', '2024-09-17 02:23:49', '2024-09-17 02:23:49'),
(35, 'Will Arnett', 'will-arnett', '2024-09-17 02:23:49', '2024-09-17 02:23:49'),
(36, 'А. Дж. Дикс', 'a-dz-diks', '2024-09-17 02:23:49', '2024-09-17 02:23:49'),
(37, 'Аарон Зельцер', 'aaron-zelcer', '2024-09-17 02:23:49', '2024-09-17 02:23:49'),
(38, 'Аве Лернер', 'ave-lerner', '2024-09-17 02:23:49', '2024-09-17 02:23:49'),
(39, 'Аві Арад', 'avi-arad', '2024-09-17 02:23:49', '2024-09-17 02:23:49'),
(40, 'Адам Герц', 'adam-gerc', '2024-09-17 02:23:49', '2024-09-17 02:23:49'),
(41, 'Адам МакКей', 'adam-makkei', '2024-09-17 02:23:49', '2024-09-17 02:23:49'),
(42, 'Адам Сендлер', 'adam-sendler', '2024-09-17 02:23:49', '2024-09-17 02:23:49'),
(43, 'Айвен Рейтман', 'aiven-reitman', '2024-09-17 02:23:49', '2024-09-17 02:23:49'),
(44, 'Алан Пуаре', 'alan-puare', '2024-09-17 02:23:49', '2024-09-17 02:23:49'),
(45, 'Алекс Куртцман', 'aleks-kurtcman', '2024-09-17 02:23:49', '2024-09-17 02:23:49'),
(46, 'Алехандро Г. Иньярриту', 'alexandro-g-iniarritu', '2024-09-17 02:23:49', '2024-09-17 02:23:49'),
(47, 'Альберт Беверідж', 'albert-beveridz', '2024-09-17 02:23:49', '2024-09-17 02:23:49'),
(48, 'Арне Салтан', 'arne-saltan', '2024-09-17 02:23:49', '2024-09-17 02:23:49'),
(49, 'Арни Розен', 'arni-rozen', '2024-09-17 02:23:49', '2024-09-17 02:23:49'),
(50, 'Арні Шмідт', 'arni-smidt', '2024-09-17 02:23:49', '2024-09-17 02:23:49'),
(51, 'Арнольд Шварценеггер', 'arnold-svarcenegger', '2024-09-17 02:23:49', '2024-09-17 02:23:49'),
(52, 'Арнон Мілчен', 'arnon-milcen', '2024-09-17 02:23:49', '2024-09-17 02:23:49'),
(53, 'Арт Лінсон', 'art-linson', '2024-09-17 02:23:49', '2024-09-17 02:23:49'),
(54, 'Ауреліо Де Лаурентіс', 'aurelio-de-laurentis', '2024-09-17 02:23:49', '2024-09-17 02:23:49'),
(55, 'Базз Фейтшанс', 'bazz-feitsans', '2024-09-17 02:23:49', '2024-09-17 02:23:49'),
(56, 'Бак Генри', 'bak-genri', '2024-09-17 02:23:49', '2024-09-17 02:23:49'),
(57, 'Баррі Зонненфельд', 'barri-zonnenfeld', '2024-09-17 02:23:49', '2024-09-17 02:23:49'),
(58, 'Баррі Левінсон', 'barri-levinson', '2024-09-17 02:23:49', '2024-09-17 02:23:49'),
(59, 'Бен Стіллер', 'ben-stiller', '2024-09-17 02:23:49', '2024-09-17 02:23:49'),
(60, 'Бернадетт Джойс', 'bernadett-dzois', '2024-09-17 02:23:49', '2024-09-17 02:23:49'),
(61, 'Берні Бріллштейн', 'berni-brillstein', '2024-09-17 02:23:49', '2024-09-17 02:23:49'),
(62, 'Беррі Бернарді', 'berri-bernardi', '2024-09-17 02:23:49', '2024-09-17 02:23:49'),
(63, 'Беррі Розенбуш', 'berri-rozenbus', '2024-09-17 02:23:49', '2024-09-17 02:23:49'),
(64, 'Берт Ноделла', 'bert-nodella', '2024-09-17 02:23:49', '2024-09-17 02:23:49'),
(65, 'Беті Томас', 'beti-tomas', '2024-09-17 02:23:49', '2024-09-17 02:23:49'),
(66, 'Билл Оденкирк', 'bill-odenkirk', '2024-09-17 02:23:49', '2024-09-17 02:23:49'),
(67, 'Білл Бадалато', 'bill-badalato', '2024-09-17 02:23:49', '2024-09-17 02:23:49'),
(68, 'Білл Лоуренс', 'bill-lourens', '2024-09-17 02:23:49', '2024-09-17 02:23:49'),
(69, 'Білл Скотт', 'bill-skott', '2024-09-17 02:23:49', '2024-09-17 02:23:49'),
(70, 'Бо Флін', 'bo-flin', '2024-09-17 02:23:49', '2024-09-17 02:23:49'),
(71, 'Боаз Дэвідсон', 'boaz-devidson', '2024-09-17 02:23:49', '2024-09-17 02:23:49'),
(72, 'Боб Вайнштейн', 'bob-vainstein', '2024-09-17 02:23:49', '2024-09-17 02:23:49'),
(73, 'Боб Ґейл', 'bob-geil', '2024-09-17 02:23:49', '2024-09-17 02:23:49'),
(74, 'Боб Енжелмен', 'bob-enzelmen', '2024-09-17 02:23:49', '2024-09-17 02:23:49'),
(75, 'Боб Ізраель', 'bob-izrael', '2024-09-17 02:23:49', '2024-09-17 02:23:49'),
(76, 'Брайан Берк', 'braian-berk', '2024-09-17 02:23:50', '2024-09-17 02:23:50'),
(77, 'Брайан Коуэн', 'braian-kouen', '2024-09-17 02:23:50', '2024-09-17 02:23:50'),
(78, 'Бранко Люстіґ', 'branko-liustig', '2024-09-17 02:23:50', '2024-09-17 02:23:50'),
(79, 'Браян Грейзер', 'braian-greizer', '2024-09-17 02:23:50', '2024-09-17 02:23:50'),
(80, 'Браян Роббінс', 'braian-robbins', '2024-09-17 02:23:50', '2024-09-17 02:23:50'),
(81, 'Бред Вестон', 'bred-veston', '2024-09-17 02:23:50', '2024-09-17 02:23:50'),
(82, 'Брет Ретнер', 'bret-retner', '2024-09-17 02:23:50', '2024-09-17 02:23:50'),
(83, 'Бродерік Джонсон', 'broderik-dzonson', '2024-09-17 02:23:50', '2024-09-17 02:23:50'),
(84, 'Бруно Геллер', 'bruno-geller', '2024-09-17 02:23:50', '2024-09-17 02:23:50'),
(85, 'Брюс Коен', 'brius-koen', '2024-09-17 02:23:50', '2024-09-17 02:23:50'),
(86, 'Василь Іваник', 'vasil-ivanik', '2024-09-17 02:23:50', '2024-09-17 02:23:50'),
(87, 'Вес Андерсон', 'ves-anderson', '2024-09-17 02:23:50', '2024-09-17 02:23:50'),
(88, 'Віктор Кубічек', 'viktor-kubicek', '2024-09-17 02:23:50', '2024-09-17 02:23:50'),
(89, 'Вілл Сміт', 'vill-smit', '2024-09-17 02:23:50', '2024-09-17 02:23:50'),
(90, 'Вілл Феррелл', 'vill-ferrell', '2024-09-17 02:23:50', '2024-09-17 02:23:50'),
(91, 'Вільям Блінн', 'viliam-blinn', '2024-09-17 02:23:50', '2024-09-17 02:23:50'),
(92, 'Він Дізель', 'vin-dizel', '2024-09-17 02:23:50', '2024-09-17 02:23:50'),
(93, 'Волтер Паркс', 'volter-parks', '2024-09-17 02:23:50', '2024-09-17 02:23:50'),
(94, 'Вольфганг Петерсен', 'volfgang-petersen', '2024-09-17 02:23:50', '2024-09-17 02:23:50'),
(95, 'Воррен Зайд', 'vorren-zaid', '2024-09-17 02:23:50', '2024-09-17 02:23:50'),
(96, 'Гала Эвэри', 'gala-everi', '2024-09-17 02:23:50', '2024-09-17 02:23:50'),
(97, 'Гарві Беннетт', 'garvi-bennett', '2024-09-17 02:23:50', '2024-09-17 02:23:50'),
(98, 'Гарві Вайнштайн', 'garvi-vainstain', '2024-09-17 02:23:50', '2024-09-17 02:23:50'),
(99, 'Гари Донтзиг', 'gari-dontzig', '2024-09-17 02:23:50', '2024-09-17 02:23:50'),
(100, 'Гари Ло', 'gari-lo', '2024-09-17 02:23:50', '2024-09-17 02:23:50'),
(101, 'Гарі Барбер', 'gari-barber', '2024-09-17 02:23:50', '2024-09-17 02:23:50'),
(102, 'Гарі Еделсон', 'gari-edelson', '2024-09-17 02:23:50', '2024-09-17 02:23:50'),
(103, 'Гарі Курц', 'gari-kurc', '2024-09-17 02:23:50', '2024-09-17 02:23:50'),
(104, 'Гарі Лучезі', 'gari-lucezi', '2024-09-17 02:23:50', '2024-09-17 02:23:50'),
(105, 'Гарольд Реміс', 'garold-remis', '2024-09-17 02:23:50', '2024-09-17 02:23:50'),
(106, 'Гарри Шерман', 'garri-serman', '2024-09-17 02:23:50', '2024-09-17 02:23:50'),
(107, 'Гевін Полоун', 'gevin-poloun', '2024-09-17 02:23:50', '2024-09-17 02:23:50'),
(108, 'Гері Барбер', 'geri-barber', '2024-09-17 02:23:50', '2024-09-17 02:23:50'),
(109, 'Гері Скотт Томпсон', 'geri-skott-tompson', '2024-09-17 02:23:50', '2024-09-17 02:23:50'),
(110, 'Гілберт Адлер', 'gilbert-adler', '2024-09-17 02:23:50', '2024-09-17 02:23:50'),
(111, 'Глен Ларсон', 'glen-larson', '2024-09-17 02:23:50', '2024-09-17 02:23:50'),
(112, 'Гленн Гордон Керон', 'glenn-gordon-keron', '2024-09-17 02:23:50', '2024-09-17 02:23:50'),
(113, 'Гленн Хоуэртон', 'glenn-xouerton', '2024-09-17 02:23:50', '2024-09-17 02:23:50'),
(114, 'Говард Казанян', 'govard-kazanian', '2024-09-17 02:23:50', '2024-09-17 02:23:50'),
(115, 'Гордон А. Вебб', 'gordon-a-vebb', '2024-09-17 02:23:50', '2024-09-17 02:23:50'),
(116, 'Грант Розенберг', 'grant-rozenberg', '2024-09-17 02:23:50', '2024-09-17 02:23:50'),
(117, 'Грег Гарсія', 'greg-garsiia', '2024-09-17 02:23:50', '2024-09-17 02:23:50'),
(118, 'Грег Кут', 'greg-kut', '2024-09-17 02:23:50', '2024-09-17 02:23:50'),
(119, 'Грегори Уайден', 'gregori-uaiden', '2024-09-17 02:23:50', '2024-09-17 02:23:50'),
(120, 'Грехем Бурк', 'grexem-burk', '2024-09-17 02:23:50', '2024-09-17 02:23:50'),
(121, 'Грехем Кінг', 'grexem-king', '2024-09-17 02:23:50', '2024-09-17 02:23:50'),
(122, 'Ґевін О\'Коннор', 'gevin-okonnor', '2024-09-17 02:23:50', '2024-09-17 02:23:50'),
(123, 'Ґейл Катц', 'geil-katc', '2024-09-17 02:23:50', '2024-09-17 02:23:50'),
(124, 'Ґреґ О\'Коннор', 'greg-okonnor', '2024-09-17 02:23:50', '2024-09-17 02:23:50'),
(125, 'Даг Клейборн', 'dag-kleiborn', '2024-09-17 02:23:50', '2024-09-17 02:23:50'),
(126, 'Двейн Джонсон', 'dvein-dzonson', '2024-09-17 02:23:50', '2024-09-17 02:23:50'),
(127, 'Дебора Снайдер', 'debora-snaider', '2024-09-17 02:23:50', '2024-09-17 02:23:50'),
(128, 'Девид Фейс', 'devid-feis', '2024-09-17 02:23:50', '2024-09-17 02:23:50'),
(129, 'Девід Бушвелл', 'devid-busvell', '2024-09-17 02:23:50', '2024-09-17 02:23:50'),
(130, 'Девід Гоберман', 'devid-goberman', '2024-09-17 02:23:50', '2024-09-17 02:23:50'),
(131, 'Девід Кеннеді', 'devid-kennedi', '2024-09-17 02:23:50', '2024-09-17 02:23:50'),
(132, 'Девід Коен', 'devid-koen', '2024-09-17 02:23:50', '2024-09-17 02:23:50'),
(133, 'Девід Крейн', 'devid-krein', '2024-09-17 02:23:50', '2024-09-17 02:23:50'),
(134, 'Девід Лейтч', 'devid-leitc', '2024-09-17 02:23:50', '2024-09-17 02:23:50'),
(135, 'Девід Фостер', 'devid-foster', '2024-09-17 02:23:50', '2024-09-17 02:23:50'),
(136, 'Девід Франзоні', 'devid-franzoni', '2024-09-17 02:23:50', '2024-09-17 02:23:50'),
(137, 'Девід Цукер', 'devid-cuker', '2024-09-17 02:23:50', '2024-09-17 02:23:50'),
(138, 'Девід Чан', 'devid-can', '2024-09-17 02:23:50', '2024-09-17 02:23:50'),
(139, 'Деймон Лінделоф', 'deimon-lindelof', '2024-09-17 02:23:50', '2024-09-17 02:23:50'),
(140, 'Демі Мур', 'demi-mur', '2024-09-17 02:23:50', '2024-09-17 02:23:50'),
(141, 'Ден Краччіоло', 'den-kracciolo', '2024-09-17 02:23:50', '2024-09-17 02:23:50'),
(142, 'Ден Холстед', 'den-xolsted', '2024-09-17 02:23:50', '2024-09-17 02:23:50'),
(143, 'Дензел Вашингтон', 'denzel-vasington', '2024-09-17 02:23:50', '2024-09-17 02:23:50'),
(144, 'Денис Ди Нови', 'denis-di-novi', '2024-09-17 02:23:50', '2024-09-17 02:23:50'),
(145, 'Денні Дімборт', 'denni-dimbort', '2024-09-17 02:23:50', '2024-09-17 02:23:50'),
(146, 'Денні Лернер', 'denni-lerner', '2024-09-17 02:23:50', '2024-09-17 02:23:50'),
(147, 'Дерек Андерсон', 'derek-anderson', '2024-09-17 02:23:50', '2024-09-17 02:23:50'),
(148, 'Дерек Дочі', 'derek-doci', '2024-09-17 02:23:50', '2024-09-17 02:23:50'),
(149, 'Дж. Дж. Абрамс', 'dz-dz-abrams', '2024-09-17 02:23:50', '2024-09-17 02:23:50'),
(150, 'Джадд Апатоу', 'dzadd-apatou', '2024-09-17 02:23:50', '2024-09-17 02:23:50'),
(151, 'Джей Джей Абрамс', 'dzei-dzei-abrams', '2024-09-17 02:23:50', '2024-09-17 02:23:50'),
(152, 'Джей Роуч', 'dzei-rouc', '2024-09-17 02:23:50', '2024-09-17 02:23:50'),
(153, 'Джей Сандрич', 'dzei-sandric', '2024-09-17 02:23:50', '2024-09-17 02:23:50'),
(154, 'Джей Уорд', 'dzei-uord', '2024-09-17 02:23:50', '2024-09-17 02:23:50'),
(155, 'Джей Штерн', 'dzei-stern', '2024-09-17 02:23:50', '2024-09-17 02:23:50'),
(156, 'Джейк Ебертс', 'dzeik-eberts', '2024-09-17 02:23:50', '2024-09-17 02:23:50'),
(157, 'Джеймс В. Гарт', 'dzeims-v-gart', '2024-09-17 02:23:50', '2024-09-17 02:23:50'),
(158, 'Джеймс В. Скотчдопоул', 'dzeims-v-skotcdopoul', '2024-09-17 02:23:50', '2024-09-17 02:23:50'),
(159, 'Джеймс Д. Брубейкер', 'dzeims-d-brubeiker', '2024-09-17 02:23:50', '2024-09-17 02:23:50'),
(160, 'Джеймс Дж. Робінсон', 'dzeims-dz-robinson', '2024-09-17 02:23:50', '2024-09-17 02:23:50'),
(161, 'Джеймс Кемерон', 'dzeims-kemeron', '2024-09-17 02:23:50', '2024-09-17 02:23:50'),
(162, 'Джеймс Лассітер', 'dzeims-lassiter', '2024-09-17 02:23:50', '2024-09-17 02:23:50'),
(163, 'Джеймс Малай', 'dzeims-malai', '2024-09-17 02:23:50', '2024-09-17 02:23:50'),
(164, 'Джейн О’Брайэн', 'dzein-obraien', '2024-09-17 02:23:50', '2024-09-17 02:23:50'),
(165, 'Джейн Розенталь', 'dzein-rozental', '2024-09-17 02:23:50', '2024-09-17 02:23:50'),
(166, 'Джейсон Бейтман', 'dzeison-beitman', '2024-09-17 02:23:50', '2024-09-17 02:23:50'),
(167, 'Джейсон Блум', 'dzeison-blum', '2024-09-17 02:23:50', '2024-09-17 02:23:50'),
(168, 'Джейсон Грод', 'dzeison-grod', '2024-09-17 02:23:50', '2024-09-17 02:23:50'),
(169, 'Джейсон Сігел', 'dzeison-sigel', '2024-09-17 02:23:50', '2024-09-17 02:23:50'),
(170, 'Джейсон Фридберг', 'dzeison-fridberg', '2024-09-17 02:23:50', '2024-09-17 02:23:50'),
(171, 'Джек Джіаррапуто', 'dzek-dziarraputo', '2024-09-17 02:23:50', '2024-09-17 02:23:50'),
(172, 'Дженіфер Тодд', 'dzenifer-todd', '2024-09-17 02:23:50', '2024-09-17 02:23:50'),
(173, 'Дженні Лью Тадженд', 'dzenni-liu-tadzend', '2024-09-17 02:23:50', '2024-09-17 02:23:50'),
(174, 'Дженно Топпінг', 'dzenno-topping', '2024-09-17 02:23:50', '2024-09-17 02:23:50'),
(175, 'Джеральд Молен', 'dzerald-molen', '2024-09-17 02:23:50', '2024-09-17 02:23:50'),
(176, 'Джеремі Болт', 'dzeremi-bolt', '2024-09-17 02:23:50', '2024-09-17 02:23:50'),
(177, 'Джеремі Довсон', 'dzeremi-dovson', '2024-09-17 02:23:50', '2024-09-17 02:23:50'),
(178, 'Джерри Вайнтрауб', 'dzerri-vaintraub', '2024-09-17 02:23:50', '2024-09-17 02:23:50'),
(179, 'Джеррі Брукгаймер', 'dzerri-brukgaimer', '2024-09-17 02:23:50', '2024-09-17 02:23:50'),
(180, 'Джеррі Вайнтрауб', 'dzerri-vaintraub-1', '2024-09-17 02:23:50', '2024-09-17 02:23:50'),
(181, 'Джесс Опенхаймер', 'dzess-openxaimer', '2024-09-17 02:23:50', '2024-09-17 02:23:50'),
(182, 'Джессі Хендерсон', 'dzessi-xenderson', '2024-09-17 02:23:50', '2024-09-17 02:23:50'),
(183, 'Джефф Еппл', 'dzeff-eppl', '2024-09-17 02:23:50', '2024-09-17 02:23:50'),
(184, 'Джеффри М. Хэйес', 'dzeffri-m-xeies', '2024-09-17 02:23:50', '2024-09-17 02:23:50'),
(185, 'Джеффрі Кірченбаум', 'dzeffri-kircenbaum', '2024-09-17 02:23:50', '2024-09-17 02:23:50'),
(186, 'Джеффрі Сільвер', 'dzeffri-silver', '2024-09-17 02:23:50', '2024-09-17 02:23:50'),
(187, 'Джим Абрахамс', 'dzim-abraxams', '2024-09-17 02:23:50', '2024-09-17 02:23:50'),
(188, 'Джим Ван Вік', 'dzim-van-vik', '2024-09-17 02:23:50', '2024-09-17 02:23:50'),
(189, 'Джиммі Міллер', 'dzimmi-miller', '2024-09-17 02:23:50', '2024-09-17 02:23:50'),
(190, 'Джо Медьяк', 'dzo-mediak', '2024-09-17 02:23:50', '2024-09-17 02:23:50'),
(191, 'Джо Рот', 'dzo-rot', '2024-09-17 02:23:50', '2024-09-17 02:23:50'),
(192, 'Джоел Сільвер', 'dzoel-silver', '2024-09-17 02:23:50', '2024-09-17 02:23:50'),
(193, 'Джозеф Майкл Стражинський', 'dzozef-maikl-strazinskii', '2024-09-17 02:23:50', '2024-09-17 02:23:50'),
(194, 'Джозеф Стюарт Барнс', 'dzozef-stiuart-barns', '2024-09-17 02:23:50', '2024-09-17 02:23:50'),
(195, 'Джон Бартнікі', 'dzon-bartniki', '2024-09-17 02:23:50', '2024-09-17 02:23:50'),
(196, 'Джон Бёртон ', 'dzon-berton', '2024-09-17 02:23:50', '2024-09-17 02:23:50'),
(197, 'Джон Веллс', 'dzon-vells', '2024-09-17 02:23:50', '2024-09-17 02:23:50'),
(198, 'Джон Г\'юз', 'dzon-giuz', '2024-09-17 02:23:50', '2024-09-17 02:23:50'),
(199, 'Джон Девіс', 'dzon-devis', '2024-09-17 02:23:50', '2024-09-17 02:23:50'),
(200, 'Джон Евнет', 'dzon-evnet', '2024-09-17 02:23:50', '2024-09-17 02:23:50'),
(201, 'Джон Коупленд', 'dzon-kouplend', '2024-09-17 02:23:50', '2024-09-17 02:23:50'),
(202, 'Джон Ландау', 'dzon-landau', '2024-09-17 02:23:50', '2024-09-17 02:23:50'),
(203, 'Джон Лешер', 'dzon-leser', '2024-09-17 02:23:50', '2024-09-17 02:23:50'),
(204, 'Джон Лэндис', 'dzon-lendis', '2024-09-17 02:23:50', '2024-09-17 02:23:50'),
(205, 'Джон МакТірнан', 'dzon-maktirnan', '2024-09-17 02:23:50', '2024-09-17 02:23:50'),
(206, 'Джон Морріс', 'dzon-morris', '2024-09-17 02:23:50', '2024-09-17 02:23:50'),
(207, 'Джон Пенотти', 'dzon-penotti', '2024-09-17 02:23:50', '2024-09-17 02:23:50'),
(208, 'Джон Питерс', 'dzon-piters', '2024-09-17 02:23:50', '2024-09-17 02:23:50'),
(209, 'Джон Рікард', 'dzon-rikard', '2024-09-17 02:23:50', '2024-09-17 02:23:50'),
(210, 'Джон Траволта', 'dzon-travolta', '2024-09-17 02:23:50', '2024-09-17 02:23:50'),
(211, 'Джон Фокс', 'dzon-foks', '2024-09-17 02:23:50', '2024-09-17 02:23:50'),
(212, 'Джон Чен', 'dzon-cen', '2024-09-17 02:23:50', '2024-09-17 02:23:50'),
(213, 'Джона Гілл', 'dzona-gill', '2024-09-17 02:23:50', '2024-09-17 02:23:50'),
(214, 'Джонні Депп', 'dzonni-depp', '2024-09-17 02:23:50', '2024-09-17 02:23:50'),
(215, 'Джордан Піл', 'dzordan-pil', '2024-09-17 02:23:50', '2024-09-17 02:23:50'),
(216, 'Джордж Лукас', 'dzordz-lukas', '2024-09-17 02:23:50', '2024-09-17 02:23:50'),
(217, 'Джош Байсел', 'dzos-baisel', '2024-09-17 02:23:50', '2024-09-17 02:23:50'),
(218, 'Джуд Лоу', 'dzud-lou', '2024-09-17 02:23:50', '2024-09-17 02:23:50'),
(219, 'Джуліс Делі', 'dzulis-deli', '2024-09-17 02:23:50', '2024-09-17 02:23:50'),
(220, 'Діана Покорни', 'diana-pokorni', '2024-09-17 02:23:50', '2024-09-17 02:23:50'),
(221, 'Діана Ратбан', 'diana-ratban', '2024-09-17 02:23:50', '2024-09-17 02:23:50'),
(222, 'Доді Файєд', 'dodi-faijed', '2024-09-17 02:23:50', '2024-09-17 02:23:50'),
(223, 'Дон Вест', 'don-vest', '2024-09-17 02:23:50', '2024-09-17 02:23:50'),
(224, 'Дон Кармоді', 'don-karmodi', '2024-09-17 02:23:50', '2024-09-17 02:23:50'),
(225, 'Дональд П. Беллисарио', 'donald-p-bellisario', '2024-09-17 02:23:50', '2024-09-17 02:23:50'),
(226, 'Дороті Офієро', 'doroti-ofijero', '2024-09-17 02:23:50', '2024-09-17 02:23:50'),
(227, 'Дуглас Вік', 'duglas-vik', '2024-09-17 02:23:50', '2024-09-17 02:23:50'),
(228, 'Дуглас Неттлер', 'duglas-nettler', '2024-09-17 02:23:50', '2024-09-17 02:23:50'),
(229, 'Дэвид Депати', 'devid-depati', '2024-09-17 02:23:50', '2024-09-17 02:23:50'),
(230, 'Дэвид Уинклер', 'devid-uinkler', '2024-09-17 02:23:50', '2024-09-17 02:23:50'),
(231, 'Дэйв Дэвис', 'deiv-devis', '2024-09-17 02:23:50', '2024-09-17 02:23:50'),
(232, 'Дэнни Билсон', 'denni-bilson', '2024-09-17 02:23:50', '2024-09-17 02:23:50'),
(233, 'Едвард Гемм-молодший', 'edvard-gemm-molodsii', '2024-09-17 02:23:50', '2024-09-17 02:23:50'),
(234, 'Едвард Прессман', 'edvard-pressman', '2024-09-17 02:23:50', '2024-09-17 02:23:50'),
(235, 'Елізабет Авеллан', 'elizabet-avellan', '2024-09-17 02:23:50', '2024-09-17 02:23:50'),
(236, 'Еллі Самаха', 'elli-samaxa', '2024-09-17 02:23:50', '2024-09-17 02:23:50'),
(237, 'Еллісон Шермур', 'ellison-sermur', '2024-09-17 02:23:50', '2024-09-17 02:23:50'),
(238, 'Емі Паскаль', 'emi-paskal', '2024-09-17 02:23:50', '2024-09-17 02:23:50'),
(239, 'Емі Хекерлінг', 'emi-xekerling', '2024-09-17 02:23:50', '2024-09-17 02:23:50'),
(240, 'Емма Томас', 'emma-tomas', '2024-09-17 02:23:50', '2024-09-17 02:23:50'),
(241, 'Ендрю А. Косов', 'endriu-a-kosov', '2024-09-17 02:23:50', '2024-09-17 02:23:50'),
(242, 'Ендрю Вайна', 'endriu-vaina', '2024-09-17 02:23:50', '2024-09-17 02:23:50'),
(243, 'Ендрю Дж. Ла Марка', 'endriu-dz-la-marka', '2024-09-17 02:23:50', '2024-09-17 02:23:50'),
(244, 'Ендрю Стівенс', 'endriu-stivens', '2024-09-17 02:23:50', '2024-09-17 02:23:50'),
(245, 'Ентоні Рулен', 'entoni-rulen', '2024-09-17 02:23:50', '2024-09-17 02:23:50'),
(246, 'Ервін Стофф', 'ervin-stoff', '2024-09-17 02:23:50', '2024-09-17 02:23:50'),
(247, 'Ерік Голд', 'erik-gold', '2024-09-17 02:23:50', '2024-09-17 02:23:50'),
(248, 'Ерік Маклеод', 'erik-makleod', '2024-09-17 02:23:50', '2024-09-17 02:23:50'),
(249, 'Ерік Фелнер', 'erik-felner', '2024-09-17 02:23:50', '2024-09-17 02:23:50'),
(250, 'Єва Лонгорія', 'jeva-longoriia', '2024-09-17 02:23:50', '2024-09-17 02:23:50'),
(251, 'Ирвин Уинклер', 'irvin-uinkler', '2024-09-17 02:23:50', '2024-09-17 02:23:50'),
(252, 'Ицхак Гинсберг', 'icxak-ginsberg', '2024-09-17 02:23:50', '2024-09-17 02:23:50'),
(253, 'Іра Дойчмен', 'ira-doicmen', '2024-09-17 02:23:50', '2024-09-17 02:23:50'),
(254, 'Йєн Брюс', 'ijen-brius', '2024-09-17 02:23:50', '2024-09-17 02:23:50'),
(255, 'Картер Бейз', 'karter-beiz', '2024-09-17 02:23:50', '2024-09-17 02:23:50'),
(256, 'Квентін Тарантіно', 'kventin-tarantino', '2024-09-17 02:23:50', '2024-09-17 02:23:50'),
(257, 'Кевін Брайт', 'kevin-brait', '2024-09-17 02:23:50', '2024-09-17 02:23:50'),
(258, 'Кевін Істмен', 'kevin-istmen', '2024-09-17 02:23:50', '2024-09-17 02:23:50'),
(259, 'Кевін Кінг Темплтон', 'kevin-king-templton', '2024-09-17 02:23:50', '2024-09-17 02:23:50'),
(260, 'Кевін Файгі', 'kevin-faigi', '2024-09-17 02:23:50', '2024-09-17 02:23:50'),
(261, 'Кевін Фейдж', 'kevin-feidz', '2024-09-17 02:23:50', '2024-09-17 02:23:50'),
(262, 'Кен Кілер', 'ken-kiler', '2024-09-17 02:23:50', '2024-09-17 02:23:50'),
(263, 'Кетлін Кеннеді', 'ketlin-kennedi', '2024-09-17 02:23:50', '2024-09-17 02:23:50'),
(264, 'Ким Моусес', 'kim-mouses', '2024-09-17 02:23:50', '2024-09-17 02:23:50'),
(265, 'Кім Доусон', 'kim-douson', '2024-09-17 02:23:50', '2024-09-17 02:23:50'),
(266, 'Кінен Айворі Веянс', 'kinen-aivori-veians', '2024-09-17 02:23:50', '2024-09-17 02:23:50'),
(267, 'Кіт Баріш', 'kit-baris', '2024-09-17 02:23:50', '2024-09-17 02:23:50'),
(268, 'Кіт Кейвел', 'kit-keivel', '2024-09-17 02:23:50', '2024-09-17 02:23:50'),
(269, 'Клаудия Кац', 'klaudiia-kac', '2024-09-17 02:23:50', '2024-09-17 02:23:50'),
(270, 'Клейтон Таунсенд', 'kleiton-taunsend', '2024-09-17 02:23:50', '2024-09-17 02:23:50'),
(271, 'Клинт Гольдман', 'klint-goldman', '2024-09-17 02:23:50', '2024-09-17 02:23:50'),
(272, 'Колін Вілсон', 'kolin-vilson', '2024-09-17 02:23:50', '2024-09-17 02:23:50'),
(273, 'Крейг Баумгартен', 'kreig-baumgarten', '2024-09-17 02:23:50', '2024-09-17 02:23:50'),
(274, 'Крейг Томас', 'kreig-tomas', '2024-09-17 02:23:50', '2024-09-17 02:23:50'),
(275, 'Крейґ Перрі', 'kreig-perri', '2024-09-17 02:23:50', '2024-09-17 02:23:50'),
(276, 'Крейтон Беллингер', 'kreiton-bellinger', '2024-09-17 02:23:50', '2024-09-17 02:23:50'),
(277, 'Крис Хайвард', 'kris-xaivard', '2024-09-17 02:23:50', '2024-09-17 02:23:50'),
(278, 'Крис Шеридан', 'kris-seridan', '2024-09-17 02:23:50', '2024-09-17 02:23:50'),
(279, 'Кріс Бендер', 'kris-bender', '2024-09-17 02:23:50', '2024-09-17 02:23:50'),
(280, 'Кріс Вайц', 'kris-vaic', '2024-09-17 02:23:50', '2024-09-17 02:23:50'),
(281, 'Кріс Генлі', 'kris-genli', '2024-09-17 02:23:50', '2024-09-17 02:23:50'),
(282, 'Кріс Коламбус', 'kris-kolambus', '2024-09-17 02:23:50', '2024-09-17 02:23:50'),
(283, 'Кріс Лі', 'kris-li', '2024-09-17 02:23:50', '2024-09-17 02:23:50'),
(284, 'Кріс Мур', 'kris-mur', '2024-09-17 02:23:50', '2024-09-17 02:23:50'),
(285, 'Крістіан Вільямс', 'kristian-viliams', '2024-09-17 02:23:50', '2024-09-17 02:23:50'),
(286, 'Ларрі Дж. Франко', 'larri-dz-franko', '2024-09-17 02:23:50', '2024-09-17 02:23:50'),
(287, 'Лаура Грегорі', 'laura-gregori', '2024-09-17 02:23:50', '2024-09-17 02:23:50'),
(288, 'Лейла Сміт', 'leila-smit', '2024-09-17 02:23:50', '2024-09-17 02:23:50'),
(289, 'Леон Шлезингер', 'leon-slezinger', '2024-09-17 02:23:50', '2024-09-17 02:23:50'),
(290, 'Леонард Стерн', 'leonard-stern', '2024-09-17 02:23:50', '2024-09-17 02:23:50'),
(291, 'Леонард Хо', 'leonard-xo', '2024-09-17 02:23:50', '2024-09-17 02:23:50'),
(292, 'Леонід Верещагін', 'leonid-vereshhagin', '2024-09-17 02:23:50', '2024-09-17 02:23:50'),
(293, 'Лес Велдон', 'les-veldon', '2024-09-17 02:23:50', '2024-09-17 02:23:50'),
(294, 'Лесли Джонс', 'lesli-dzons', '2024-09-17 02:23:50', '2024-09-17 02:23:50'),
(295, 'Леслі Діксон', 'lesli-dikson', '2024-09-17 02:23:50', '2024-09-17 02:23:50'),
(296, 'Лиз Фридман', 'liz-fridman', '2024-09-17 02:23:50', '2024-09-17 02:23:50'),
(297, 'Лі Меєс', 'li-mejes', '2024-09-17 02:23:50', '2024-09-17 02:23:50'),
(298, 'Лі Суперчинські', 'li-supercinski', '2024-09-17 02:23:50', '2024-09-17 02:23:50'),
(299, 'Ллойд Левін', 'lloid-levin', '2024-09-17 02:23:50', '2024-09-17 02:23:50'),
(300, 'Лоран Петен', 'loran-peten', '2024-09-17 02:23:50', '2024-09-17 02:23:50'),
(301, 'Лоренс Казаноф', 'lorens-kazanof', '2024-09-17 02:23:50', '2024-09-17 02:23:50'),
(302, 'Лоренцо ді Бонавентура', 'lorenco-di-bonaventura', '2024-09-17 02:23:50', '2024-09-17 02:23:50'),
(303, 'Лорі Борг', 'lori-borg', '2024-09-17 02:23:50', '2024-09-17 02:23:50'),
(304, 'Лорі Макдональд', 'lori-makdonald', '2024-09-17 02:23:50', '2024-09-17 02:23:50'),
(305, 'Лорні Майклс', 'lorni-maikls', '2024-09-17 02:23:50', '2024-09-17 02:23:50'),
(306, 'Лоуренс Бендер', 'lourens-bender', '2024-09-17 02:23:50', '2024-09-17 02:23:50'),
(307, 'Лоуренс Гордон', 'lourens-gordon', '2024-09-17 02:23:50', '2024-09-17 02:23:50'),
(308, 'Лоуренс Касанофф', 'lourens-kasanoff', '2024-09-17 02:23:50', '2024-09-17 02:23:50'),
(309, 'Лоуренс Турман', 'lourens-turman', '2024-09-17 02:23:50', '2024-09-17 02:23:50'),
(310, 'Лучио Бомпани', 'lucio-bompani', '2024-09-17 02:23:50', '2024-09-17 02:23:50'),
(311, 'Льюис Мортон', 'liuis-morton', '2024-09-17 02:23:50', '2024-09-17 02:23:50'),
(312, 'Люк Бессон', 'liuk-besson', '2024-09-17 02:23:50', '2024-09-17 02:23:50'),
(313, 'Майк Вітерілл', 'maik-viterill', '2024-09-17 02:23:50', '2024-09-17 02:23:50'),
(314, 'Майк Джадж', 'maik-dzadz', '2024-09-17 02:23:50', '2024-09-17 02:23:50'),
(315, 'Майк Маєрс', 'maik-majers', '2024-09-17 02:23:50', '2024-09-17 02:23:50'),
(316, 'Майк Медавой', 'maik-medavoi', '2024-09-17 02:23:50', '2024-09-17 02:23:50'),
(317, 'Майкл Агіляр', 'maikl-agiliar', '2024-09-17 02:23:50', '2024-09-17 02:23:50'),
(318, 'Майкл Барнатан', 'maikl-barnatan', '2024-09-17 02:23:50', '2024-09-17 02:23:50'),
(319, 'Майкл Берк', 'maikl-berk', '2024-09-17 02:23:50', '2024-09-17 02:23:50'),
(320, 'Майкл Бостік', 'maikl-bostik', '2024-09-17 02:23:50', '2024-09-17 02:23:50'),
(321, 'Майкл Девіс', 'maikl-devis', '2024-09-17 02:23:50', '2024-09-17 02:23:50'),
(322, 'Майкл Дуглас', 'maikl-duglas', '2024-09-17 02:23:50', '2024-09-17 02:23:50'),
(323, 'Майкл Класторін', 'maikl-klastorin', '2024-09-17 02:23:50', '2024-09-17 02:23:50'),
(324, 'Майкл Леві', 'maikl-levi', '2024-09-17 02:23:50', '2024-09-17 02:23:50'),
(325, 'Майкл Роу', 'maikl-rou', '2024-09-17 02:23:50', '2024-09-17 02:23:50'),
(326, 'Майкл С. Гросс', 'maikl-s-gross', '2024-09-17 02:23:50', '2024-09-17 02:23:50'),
(327, 'Майкл Тедросс', 'maikl-tedross', '2024-09-17 02:23:50', '2024-09-17 02:23:50'),
(328, 'Майкл Толлін', 'maikl-tollin', '2024-09-17 02:23:50', '2024-09-17 02:23:50'),
(329, 'Майкл Фоттрел', 'maikl-fottrel', '2024-09-17 02:23:50', '2024-09-17 02:23:50'),
(330, 'Малія Скотч Мармо', 'maliia-skotc-marmo', '2024-09-17 02:23:50', '2024-09-17 02:23:50'),
(331, 'Марина Беспалов', 'marina-bespalov', '2024-09-17 02:23:50', '2024-09-17 02:23:50'),
(332, 'Маріо Кассар', 'mario-kassar', '2024-09-17 02:23:50', '2024-09-17 02:23:50'),
(333, 'Марк Волберг', 'mark-volberg', '2024-09-17 02:23:50', '2024-09-17 02:23:50'),
(334, 'Марк Галмі', 'mark-galmi', '2024-09-17 02:23:50', '2024-09-17 02:23:50'),
(335, 'Марк Гэтисс', 'mark-getiss', '2024-09-17 02:23:50', '2024-09-17 02:23:50'),
(336, 'Марк дю Понтавік', 'mark-diu-pontavik', '2024-09-17 02:23:50', '2024-09-17 02:23:50'),
(337, 'Марк Е. Платт', 'mark-e-platt', '2024-09-17 02:23:50', '2024-09-17 02:23:50'),
(338, 'Марк Кантон', 'mark-kanton', '2024-09-17 02:23:50', '2024-09-17 02:23:50'),
(339, 'Марк Ліберт', 'mark-libert', '2024-09-17 02:23:50', '2024-09-17 02:23:50'),
(340, 'Марк Редкліфф', 'mark-redkliff', '2024-09-17 02:23:50', '2024-09-17 02:23:50'),
(341, 'Марлон Веянс', 'marlon-veians', '2024-09-17 02:23:50', '2024-09-17 02:23:50'),
(342, 'Марта Кауффман', 'marta-kauffman', '2024-09-17 02:23:50', '2024-09-17 02:23:50'),
(343, 'Мел Брукс', 'mel-bruks', '2024-09-17 02:23:50', '2024-09-17 02:23:50'),
(344, 'Метт Ґрейнінґ', 'mett-greining', '2024-09-17 02:23:50', '2024-09-17 02:23:50'),
(345, 'Метт Толмач', 'mett-tolmac', '2024-09-17 02:23:50', '2024-09-17 02:23:50'),
(346, 'Метью Вон', 'metiu-von', '2024-09-17 02:23:50', '2024-09-17 02:23:50'),
(347, 'Мишель Липкин', 'misel-lipkin', '2024-09-17 02:23:50', '2024-09-17 02:23:50'),
(348, 'Мішель Петен', 'misel-peten', '2024-09-17 02:23:51', '2024-09-17 02:23:51'),
(349, 'Моллі Аллен', 'molli-allen', '2024-09-17 02:23:51', '2024-09-17 02:23:51'),
(350, 'Моріц Борман', 'moric-borman', '2024-09-17 02:23:51', '2024-09-17 02:23:51'),
(351, 'Морріс', 'morris', '2024-09-17 02:23:51', '2024-09-17 02:23:51'),
(352, 'Моше Питербург', 'mose-piterburg', '2024-09-17 02:23:51', '2024-09-17 02:23:51'),
(353, 'Мэйс Нойфелд', 'meis-noifeld', '2024-09-17 02:23:51', '2024-09-17 02:23:51'),
(354, 'Нг Сіюень', 'ng-siiuen', '2024-09-17 02:23:51', '2024-09-17 02:23:51'),
(355, 'Невідомо', 'nevidomo', '2024-09-17 02:23:51', '2024-09-17 02:23:51'),
(356, 'Нік Сантора', 'nik-santora', '2024-09-17 02:23:51', '2024-09-17 02:23:51'),
(357, 'Ніколас Столлер', 'nikolas-stoller', '2024-09-17 02:23:51', '2024-09-17 02:23:51'),
(358, 'Ніл Кентон', 'nil-kenton', '2024-09-17 02:23:51', '2024-09-17 02:23:51'),
(359, 'Ніл Моріц', 'nil-moric', '2024-09-17 02:23:51', '2024-09-17 02:23:51'),
(360, 'Ніл Нордлінгер', 'nil-nordlinger', '2024-09-17 02:23:51', '2024-09-17 02:23:51'),
(361, 'Ніра Парк', 'nira-park', '2024-09-17 02:23:51', '2024-09-17 02:23:51'),
(362, 'Олександр Роквелл', 'oleksandr-rokvell', '2024-09-17 02:23:51', '2024-09-17 02:23:51'),
(363, 'Оліас Барко ', 'olias-barko', '2024-09-17 02:23:51', '2024-09-17 02:23:51'),
(364, 'Олів\'є Альбу ', 'olivje-albu', '2024-09-17 02:23:51', '2024-09-17 02:23:51'),
(365, 'Паскаль Кочето', 'paskal-koceto', '2024-09-17 02:23:51', '2024-09-17 02:23:51'),
(366, 'Патрик Веррон', 'patrik-verron', '2024-09-17 02:23:51', '2024-09-17 02:23:51'),
(367, 'Патрік Кровлі', 'patrik-krovli', '2024-09-17 02:23:51', '2024-09-17 02:23:51'),
(368, 'Патріс Леду', 'patris-ledu', '2024-09-17 02:23:51', '2024-09-17 02:23:51'),
(369, 'Паула Вайнштайн', 'paula-vainstain', '2024-09-17 02:23:51', '2024-09-17 02:23:51'),
(370, 'Паула Дюпре Песмен', 'paula-diupre-pesmen', '2024-09-17 02:23:51', '2024-09-17 02:23:51'),
(371, 'Пет Профт', 'pet-proft', '2024-09-17 02:23:51', '2024-09-17 02:23:51'),
(372, 'Питер Сафран', 'piter-safran', '2024-09-17 02:23:51', '2024-09-17 02:23:51'),
(373, 'Питер Фаррелли', 'piter-farrelli', '2024-09-17 02:23:51', '2024-09-17 02:23:51'),
(374, 'Пітер Блок', 'piter-blok', '2024-09-17 02:23:51', '2024-09-17 02:23:51'),
(375, 'Пітер Богарт', 'piter-bogart', '2024-09-17 02:23:51', '2024-09-17 02:23:51'),
(376, 'Пітер Лерд', 'piter-lerd', '2024-09-17 02:23:51', '2024-09-17 02:23:51'),
(377, 'Пітер Ньюмен', 'piter-niumen', '2024-09-17 02:23:51', '2024-09-17 02:23:51'),
(378, 'Пітер Франкфурт', 'piter-frankfurt', '2024-09-17 02:23:51', '2024-09-17 02:23:51'),
(379, 'Пітер Чернін', 'piter-cernin', '2024-09-17 02:23:51', '2024-09-17 02:23:51'),
(380, 'Пол В. С. Андерсон ', 'pol-v-s-anderson', '2024-09-17 02:23:51', '2024-09-17 02:23:51'),
(381, 'Пол Вайц', 'pol-vaic', '2024-09-17 02:23:51', '2024-09-17 02:23:51'),
(382, 'Пол Де Мео', 'pol-de-meo', '2024-09-17 02:23:51', '2024-09-17 02:23:51'),
(383, 'Пол Донован', 'pol-donovan', '2024-09-17 02:23:51', '2024-09-17 02:23:51'),
(384, 'Пол Масланський', 'pol-maslanskii', '2024-09-17 02:23:51', '2024-09-17 02:23:51'),
(385, 'Пол Тамасі', 'pol-tamasi', '2024-09-17 02:23:51', '2024-09-17 02:23:51'),
(386, 'Пол Фаско', 'pol-fasko', '2024-09-17 02:23:51', '2024-09-17 02:23:51'),
(387, 'Пол Фіг', 'pol-fig', '2024-09-17 02:23:51', '2024-09-17 02:23:51'),
(388, 'Пол Хеллерман', 'pol-xellerman', '2024-09-17 02:23:51', '2024-09-17 02:23:51'),
(389, 'Поллі Коен', 'polli-koen', '2024-09-17 02:23:51', '2024-09-17 02:23:51'),
(390, 'Райан Каванах', 'raian-kavanax', '2024-09-17 02:23:51', '2024-09-17 02:23:51'),
(391, 'Раймонд Чоу', 'raimond-cou', '2024-09-17 02:23:51', '2024-09-17 02:23:51'),
(392, 'Расселл Сіммонс', 'rassell-simmons', '2024-09-17 02:23:51', '2024-09-17 02:23:51'),
(393, 'Раян Кавано', 'raian-kavano', '2024-09-17 02:23:51', '2024-09-17 02:23:51'),
(394, 'Реймонд Чоу', 'reimond-cou', '2024-09-17 02:23:51', '2024-09-17 02:23:51'),
(395, 'Рендалл Емметт', 'rendall-emmett', '2024-09-17 02:23:51', '2024-09-17 02:23:51'),
(396, 'Рене Бессон', 'rene-besson', '2024-09-17 02:23:51', '2024-09-17 02:23:51'),
(397, 'Рене Госіні', 'rene-gosini', '2024-09-17 02:23:51', '2024-09-17 02:23:51'),
(398, 'Ричард Б.Л. Флеминг', 'ricard-bl-fleming', '2024-09-17 02:23:51', '2024-09-17 02:23:51'),
(399, 'Ричард Гилберт Абрамсон', 'ricard-gilbert-abramson', '2024-09-17 02:23:51', '2024-09-17 02:23:51'),
(400, 'Ричард Финни', 'ricard-finni', '2024-09-17 02:23:51', '2024-09-17 02:23:51'),
(401, 'Рідлі Скотт', 'ridli-skott', '2024-09-17 02:23:51', '2024-09-17 02:23:51'),
(402, 'Рік Маккаллум', 'rik-makkallum', '2024-09-17 02:23:51', '2024-09-17 02:23:51'),
(403, 'Річард Вейн', 'ricard-vein', '2024-09-17 02:23:51', '2024-09-17 02:23:51'),
(404, 'Річард Доннер', 'ricard-donner', '2024-09-17 02:23:51', '2024-09-17 02:23:51'),
(405, 'Річард Занук', 'ricard-zanuk', '2024-09-17 02:23:51', '2024-09-17 02:23:51'),
(406, 'Роб Коен', 'rob-koen', '2024-09-17 02:23:51', '2024-09-17 02:23:51'),
(407, 'Роб Макэлхенни', 'rob-makelxenni', '2024-09-17 02:23:51', '2024-09-17 02:23:51'),
(408, 'Роббі Бреннер', 'robbi-brenner', '2024-09-17 02:23:51', '2024-09-17 02:23:51'),
(409, 'Роберт Альварез', 'robert-alvarez', '2024-09-17 02:23:51', '2024-09-17 02:23:51'),
(410, 'Роберт Вайсс', 'robert-vaiss', '2024-09-17 02:23:51', '2024-09-17 02:23:51'),
(411, 'Роберт Де Ніро', 'robert-de-niro', '2024-09-17 02:23:51', '2024-09-17 02:23:51'),
(412, 'Роберт Е. Реліа', 'robert-e-relia', '2024-09-17 02:23:51', '2024-09-17 02:23:51'),
(413, 'Роберт Енгельман', 'robert-engelman', '2024-09-17 02:23:51', '2024-09-17 02:23:51'),
(414, 'Роберт Ллойд Льюис', 'robert-lloid-liuis', '2024-09-17 02:23:51', '2024-09-17 02:23:51'),
(415, 'Роберт Реми', 'robert-remi', '2024-09-17 02:23:51', '2024-09-17 02:23:51'),
(416, 'Роберт Таперт', 'robert-tapert', '2024-09-17 02:23:51', '2024-09-17 02:23:51'),
(417, 'Роберт Х. Лемер', 'robert-x-lemer', '2024-09-17 02:23:51', '2024-09-17 02:23:51'),
(418, 'Роберт Чартофф', 'robert-cartoff', '2024-09-17 02:23:51', '2024-09-17 02:23:51'),
(419, 'Роберта Чоу', 'roberta-cou', '2024-09-17 02:23:51', '2024-09-17 02:23:51'),
(420, 'Роберто Орсі', 'roberto-orsi', '2024-09-17 02:23:51', '2024-09-17 02:23:51'),
(421, 'Роджер Бірнбаум', 'rodzer-birnbaum', '2024-09-17 02:23:51', '2024-09-17 02:23:51'),
(422, 'Роджер Дональдсон', 'rodzer-donaldson', '2024-09-17 02:23:51', '2024-09-17 02:23:51'),
(423, 'Роджер Корман', 'rodzer-korman', '2024-09-17 02:23:51', '2024-09-17 02:23:51'),
(424, 'Родні Ротман', 'rodni-rotman', '2024-09-17 02:23:51', '2024-09-17 02:23:51'),
(425, 'Ролан Жоффе', 'rolan-zoffe', '2024-09-17 02:23:51', '2024-09-17 02:23:51'),
(426, 'Росс Ґрейсон Белл', 'ross-greison-bell', '2024-09-17 02:23:51', '2024-09-17 02:23:51'),
(427, 'Рудольф Айзинг ', 'rudolf-aizing', '2024-09-17 02:23:51', '2024-09-17 02:23:51'),
(428, 'Рэймонд Томпсон', 'reimond-tompson', '2024-09-17 02:23:51', '2024-09-17 02:23:51'),
(429, 'Рэймонд Фанг', 'reimond-fang', '2024-09-17 02:23:51', '2024-09-17 02:23:51'),
(430, 'Рэнди Нельсон', 'rendi-nelson', '2024-09-17 02:23:51', '2024-09-17 02:23:51'),
(431, 'Саймон Емануел', 'saimon-emanuel', '2024-09-17 02:23:51', '2024-09-17 02:23:51'),
(432, 'Саймон Філдс', 'saimon-filds', '2024-09-17 02:23:51', '2024-09-17 02:23:51'),
(433, 'Саманта Вінсент', 'samanta-vinsent', '2024-09-17 02:23:51', '2024-09-17 02:23:51'),
(434, 'Сейді Фрост', 'seidi-frost', '2024-09-17 02:23:51', '2024-09-17 02:23:51'),
(435, 'Сем Реймі', 'sem-reimi', '2024-09-17 02:23:51', '2024-09-17 02:23:51'),
(436, 'Сигэру Миямото', 'sigeru-miiamoto', '2024-09-17 02:23:51', '2024-09-17 02:23:51'),
(437, 'Сігуржон Сігватссон', 'sigurzon-sigvatsson', '2024-09-17 02:23:51', '2024-09-17 02:23:51'),
(438, 'Сін Шаффен', 'sin-saffen', '2024-09-17 02:23:51', '2024-09-17 02:23:51'),
(439, 'Сіріл Гріз', 'siril-griz', '2024-09-17 02:23:51', '2024-09-17 02:23:51'),
(440, 'Скотт Буднік ', 'skott-budnik', '2024-09-17 02:23:51', '2024-09-17 02:23:51'),
(441, 'Скотт Крупф', 'skott-krupf', '2024-09-17 02:23:51', '2024-09-17 02:23:51'),
(442, 'Скотт Ламберт', 'skott-lambert', '2024-09-17 02:23:51', '2024-09-17 02:23:51'),
(443, 'Скотт Рудін ', 'skott-rudin', '2024-09-17 02:23:51', '2024-09-17 02:23:51'),
(444, 'Спенсер Франклін', 'spenser-franklin', '2024-09-17 02:23:51', '2024-09-17 02:23:51'),
(445, 'Стефан Конелл', 'stefan-konell', '2024-09-17 02:23:51', '2024-09-17 02:23:51'),
(446, 'Стефани Хейген', 'stefani-xeigen', '2024-09-17 02:23:51', '2024-09-17 02:23:51'),
(447, 'Стефані Остін', 'stefani-ostin', '2024-09-17 02:23:51', '2024-09-17 02:23:51'),
(448, 'Стефані Сперрі', 'stefani-sperri', '2024-09-17 02:23:51', '2024-09-17 02:23:51'),
(449, 'Стив Байндер', 'stiv-bainder', '2024-09-17 02:23:51', '2024-09-17 02:23:51'),
(450, 'Стивен Кеннелл', 'stiven-kennell', '2024-09-17 02:23:51', '2024-09-17 02:23:51'),
(451, 'Стивен Лисбергер', 'stiven-lisberger', '2024-09-17 02:23:51', '2024-09-17 02:23:51'),
(452, 'Стивен Моффат', 'stiven-moffat', '2024-09-17 02:23:51', '2024-09-17 02:23:51'),
(453, 'Стивен Питерман', 'stiven-piterman', '2024-09-17 02:23:51', '2024-09-17 02:23:51'),
(454, 'Стів Перрі', 'stiv-perri', '2024-09-17 02:23:51', '2024-09-17 02:23:51'),
(455, 'Стів Тіш', 'stiv-tis', '2024-09-17 02:23:51', '2024-09-17 02:23:51'),
(456, 'Стів Чесман', 'stiv-cesman', '2024-09-17 02:23:51', '2024-09-17 02:23:51'),
(457, 'Стівен Дж. Каннелл', 'stiven-dz-kannell', '2024-09-17 02:23:51', '2024-09-17 02:23:51'),
(458, 'Стівен Дж. Рот', 'stiven-dz-rot', '2024-09-17 02:23:51', '2024-09-17 02:23:51'),
(459, 'Стівен М. Рейлс', 'stiven-m-reils', '2024-09-17 02:23:51', '2024-09-17 02:23:51'),
(460, 'Стівен Спілберг', 'stiven-spilberg', '2024-09-17 02:23:51', '2024-09-17 02:23:51'),
(461, 'Стюарт Корнфелд', 'stiuart-kornfeld', '2024-09-17 02:23:51', '2024-09-17 02:23:51'),
(462, 'Сьюзен Дауні', 'siuzen-dauni', '2024-09-17 02:23:51', '2024-09-17 02:23:51'),
(463, 'Сьюзэн Боровиц', 'siuzen-borovic', '2024-09-17 02:23:51', '2024-09-17 02:23:51'),
(464, 'Сэмюэл Хадида', 'semiuel-xadida', '2024-09-17 02:23:51', '2024-09-17 02:23:51'),
(465, 'Сюзанн Лорі', 'siuzann-lori', '2024-09-17 02:23:51', '2024-09-17 02:23:51'),
(466, 'Теренс Майкл', 'terens-maikl', '2024-09-17 02:23:51', '2024-09-17 02:23:51'),
(467, 'Теренс Райан ', 'terens-raian', '2024-09-17 02:23:51', '2024-09-17 02:23:51'),
(468, 'Террі Остін', 'terri-ostin', '2024-09-17 02:23:51', '2024-09-17 02:23:51'),
(469, 'Тім Беван', 'tim-bevan', '2024-09-17 02:23:51', '2024-09-17 02:23:51'),
(470, 'Тім Бертон', 'tim-berton', '2024-09-17 02:23:51', '2024-09-17 02:23:51'),
(471, 'Тодд Гарнер', 'todd-garner', '2024-09-17 02:23:51', '2024-09-17 02:23:51'),
(472, 'Тодд Ліберман', 'todd-liberman', '2024-09-17 02:23:51', '2024-09-17 02:23:51'),
(473, 'Том Джейкобсон', 'tom-dzeikobson', '2024-09-17 02:23:51', '2024-09-17 02:23:51'),
(474, 'Том Патчет', 'tom-patcet', '2024-09-17 02:23:51', '2024-09-17 02:23:51'),
(475, 'Том Селлек', 'tom-sellek', '2024-09-17 02:23:51', '2024-09-17 02:23:51'),
(476, 'Том Спеціалі', 'tom-speciali', '2024-09-17 02:23:51', '2024-09-17 02:23:51'),
(477, 'Томас К. Грей', 'tomas-k-grei', '2024-09-17 02:23:51', '2024-09-17 02:23:51'),
(478, 'Тоні Скотт', 'toni-skott', '2024-09-17 02:23:51', '2024-09-17 02:23:51'),
(479, 'Тревор Альберт', 'trevor-albert', '2024-09-17 02:23:51', '2024-09-17 02:23:51'),
(480, 'Тревор Шорт', 'trevor-sort', '2024-09-17 02:23:51', '2024-09-17 02:23:51'),
(481, 'Трейсі Торм', 'treisi-torm', '2024-09-17 02:23:51', '2024-09-17 02:23:51'),
(482, 'Уильям Хендрикс', 'uiliam-xendriks', '2024-09-17 02:23:51', '2024-09-17 02:23:51'),
(483, 'Уильям Чартофф', 'uiliam-cartoff', '2024-09-17 02:23:51', '2024-09-17 02:23:51'),
(484, 'Фред С. Карузо', 'fred-s-karuzo', '2024-09-17 02:23:51', '2024-09-17 02:23:51'),
(485, 'Френк Маршалл', 'frenk-marsall', '2024-09-17 02:23:51', '2024-09-17 02:23:51'),
(486, 'Фриц Фреленг ', 'fric-freleng', '2024-09-17 02:23:51', '2024-09-17 02:23:51'),
(487, 'Хайди Фогель', 'xaidi-fogel', '2024-09-17 02:23:51', '2024-09-17 02:23:51'),
(488, 'Хью Харман ', 'xiu-xarman', '2024-09-17 02:23:51', '2024-09-17 02:23:51'),
(489, 'Чад Стахельскі', 'cad-staxelski', '2024-09-17 02:23:51', '2024-09-17 02:23:51'),
(490, 'Чарльз Б. Уэсслер', 'carlz-b-uessler', '2024-09-17 02:23:51', '2024-09-17 02:23:51'),
(491, 'Чарльз Гордон', 'carlz-gordon', '2024-09-17 02:23:51', '2024-09-17 02:23:51'),
(492, 'Чарльз Ровен', 'carlz-roven', '2024-09-17 02:23:51', '2024-09-17 02:23:51'),
(493, 'Ченнінг Татум', 'cenning-tatum', '2024-09-17 02:23:51', '2024-09-17 02:23:51'),
(494, 'Шелдон Кан', 'seldon-kan', '2024-09-17 02:23:51', '2024-09-17 02:23:51'),
(495, 'Шон Бэйли', 'son-beili', '2024-09-17 02:23:51', '2024-09-17 02:23:51'),
(496, 'Шон Веянс', 'son-veians', '2024-09-17 02:23:51', '2024-09-17 02:23:51'),
(497, 'Шон Маккітрік', 'son-makkitrik', '2024-09-17 02:23:51', '2024-09-17 02:23:51'),
(498, 'Эдди Зелцер', 'eddi-zelcer', '2024-09-17 02:23:51', '2024-09-17 02:23:51'),
(499, 'Эдоардо Маргерити', 'edoardo-margeriti', '2024-09-17 02:23:51', '2024-09-17 02:23:51'),
(500, 'Эли Самаха', 'eli-samaxa', '2024-09-17 02:23:51', '2024-09-17 02:23:51'),
(501, 'Энди Боровиц', 'endi-borovic', '2024-09-17 02:23:51', '2024-09-17 02:23:51'),
(502, 'Эрик Грюндеманн', 'erik-griundemann', '2024-09-17 02:23:51', '2024-09-17 02:23:51'),
(503, 'Эрик Каплан', 'erik-kaplan', '2024-09-17 02:23:51', '2024-09-17 02:23:51'),
(504, 'Эхуд Блайберг', 'exud-blaiberg', '2024-09-17 02:23:51', '2024-09-17 02:23:51'),
(505, 'Ян де Бонт', 'ian-de-bont', '2024-09-17 02:23:51', '2024-09-17 02:23:51');

-- --------------------------------------------------------

--
-- Структура таблиці `qualities`
--

CREATE TABLE `qualities` (
  `id` int UNSIGNED NOT NULL,
  `title` varchar(255) COLLATE utf8mb4_unicode_ci NOT NULL,
  `slug` varchar(255) COLLATE utf8mb4_unicode_ci NOT NULL,
  `created_at` timestamp NULL DEFAULT NULL,
  `updated_at` timestamp NULL DEFAULT NULL
) ENGINE=InnoDB DEFAULT CHARSET=utf8mb4 COLLATE=utf8mb4_unicode_ci;

--
-- Дамп даних таблиці `qualities`
--

INSERT INTO `qualities` (`id`, `title`, `slug`, `created_at`, `updated_at`) VALUES
(1, '1080p', '1080p', '2024-09-17 02:23:51', '2024-09-17 02:23:51'),
(2, '480p', '480p', '2024-09-17 02:23:51', '2024-09-17 02:23:51'),
(3, 'HD 720p', 'hd-720p', '2024-09-17 02:23:51', '2024-09-17 02:23:51'),
(4, '360p', '360p', '2024-09-17 02:23:51', '2024-09-17 02:23:51'),
(5, 'BDRip', 'bdrip', '2024-09-17 02:23:51', '2024-09-17 02:23:51'),
(6, 'TVRip (720x576)', 'tvrip-720x576', '2024-09-17 02:23:51', '2024-09-17 02:23:51'),
(7, 'Невідомо', 'nevidomo', '2024-09-17 02:23:51', '2024-09-17 02:23:51');

-- --------------------------------------------------------

--
-- Структура таблиці `ratings`
--

CREATE TABLE `ratings` (
  `id` int UNSIGNED NOT NULL,
  `title` int NOT NULL,
  `slug` varchar(255) COLLATE utf8mb4_unicode_ci NOT NULL,
  `created_at` timestamp NULL DEFAULT NULL,
  `updated_at` timestamp NULL DEFAULT NULL
) ENGINE=InnoDB DEFAULT CHARSET=utf8mb4 COLLATE=utf8mb4_unicode_ci;

--
-- Дамп даних таблиці `ratings`
--

INSERT INTO `ratings` (`id`, `title`, `slug`, `created_at`, `updated_at`) VALUES
(1, 4040, '4040', '2024-09-17 02:23:44', '2024-09-17 02:23:44'),
(2, 5040, '5040', '2024-09-17 02:23:44', '2024-09-17 02:23:44'),
(3, 1000, '1000', '2024-09-17 02:23:44', '2024-09-17 02:23:44');

-- --------------------------------------------------------

--
-- Структура таблиці `seasons`
--

CREATE TABLE `seasons` (
  `id` int UNSIGNED NOT NULL,
  `title` varchar(255) COLLATE utf8mb4_unicode_ci NOT NULL,
  `slug` varchar(255) COLLATE utf8mb4_unicode_ci NOT NULL,
  `created_at` timestamp NULL DEFAULT NULL,
  `updated_at` timestamp NULL DEFAULT NULL
) ENGINE=InnoDB DEFAULT CHARSET=utf8mb4 COLLATE=utf8mb4_unicode_ci;

--
-- Дамп даних таблиці `seasons`
--

INSERT INTO `seasons` (`id`, `title`, `slug`, `created_at`, `updated_at`) VALUES
(1, 'Сезон 1', 'sezon-1', '2024-09-17 02:23:44', '2024-09-17 02:23:44'),
(2, 'Сезон 1-2', 'sezon-1-2', '2024-09-17 02:23:44', '2024-09-17 02:23:44'),
(3, 'Сезон 1-3', 'sezon-1-3', '2024-09-17 02:23:45', '2024-09-17 02:23:45'),
(4, 'Сезон 1-4', 'sezon-1-4', '2024-09-17 02:23:45', '2024-09-17 02:23:45'),
(5, 'Сезон 1-5', 'sezon-1-5', '2024-09-17 02:23:45', '2024-09-17 02:23:45'),
(6, 'Сезон 1-6', 'sezon-1-6', '2024-09-17 02:23:45', '2024-09-17 02:23:45'),
(7, 'Сезон 1-7', 'sezon-1-7', '2024-09-17 02:23:45', '2024-09-17 02:23:45'),
(8, 'Сезон 1-8', 'sezon-1-8', '2024-09-17 02:23:45', '2024-09-17 02:23:45'),
(9, 'Сезон 1-9', 'sezon-1-9', '2024-09-17 02:23:45', '2024-09-17 02:23:45'),
(10, 'Сезон 1-10', 'sezon-1-10', '2024-09-17 02:23:45', '2024-09-17 02:23:45'),
(11, 'Сезон 1-11', 'sezon-1-11', '2024-09-17 02:23:45', '2024-09-17 02:23:45'),
(12, 'Сезон 1-12', 'sezon-1-12', '2024-09-17 02:23:45', '2024-09-17 02:23:45'),
(13, 'Сезон 1-13', 'sezon-1-13', '2024-09-17 02:23:45', '2024-09-17 02:23:45'),
(14, 'Сезон 1-14', 'sezon-1-14', '2024-09-17 02:23:45', '2024-09-17 02:23:45'),
(15, 'Сезон 1-15', 'sezon-1-15', '2024-09-17 02:23:45', '2024-09-17 02:23:45'),
(16, 'Сезон 1-16', 'sezon-1-16', '2024-09-17 02:23:45', '2024-09-17 02:23:45'),
(17, 'Сезон 1-17', 'sezon-1-17', '2024-09-17 02:23:45', '2024-09-17 02:23:45'),
(18, 'Сезон 1-18', 'sezon-1-18', '2024-09-17 02:23:45', '2024-09-17 02:23:45'),
(19, 'Сезон 1-19', 'sezon-1-19', '2024-09-17 02:23:45', '2024-09-17 02:23:45'),
(20, 'Сезон 1-20', 'sezon-1-20', '2024-09-17 02:23:45', '2024-09-17 02:23:45');

-- --------------------------------------------------------

--
-- Структура таблиці `selections`
--

CREATE TABLE `selections` (
  `id` int UNSIGNED NOT NULL,
  `title` varchar(255) COLLATE utf8mb4_unicode_ci NOT NULL,
  `slug` varchar(255) COLLATE utf8mb4_unicode_ci NOT NULL,
  `created_at` timestamp NULL DEFAULT NULL,
  `updated_at` timestamp NULL DEFAULT NULL
) ENGINE=InnoDB DEFAULT CHARSET=utf8mb4 COLLATE=utf8mb4_unicode_ci;

--
-- Дамп даних таблиці `selections`
--

INSERT INTO `selections` (`id`, `title`, `slug`, `created_at`, `updated_at`) VALUES
(1, 'Зимові', 'zimovi', '2024-09-17 02:23:51', '2024-09-17 02:23:51'),
(2, 'Тачки', 'tacki', '2024-09-17 02:23:51', '2024-09-17 02:23:51'),
(3, 'Поліція', 'policiia', '2024-09-17 02:23:52', '2024-09-17 02:23:52'),
(4, 'Спок', 'spok', '2024-09-17 02:23:52', '2024-09-17 02:23:52'),
(5, 'Шпигуни', 'spiguni', '2024-09-17 02:23:52', '2024-09-17 02:23:52'),
(6, 'Супергерої', 'supergeroyi', '2024-09-17 02:23:52', '2024-09-17 02:23:52'),
(7, 'Космічні', 'kosmicni', '2024-09-17 02:23:52', '2024-09-17 02:23:52'),
(8, 'Французькі', 'francuzki', '2024-09-17 02:23:52', '2024-09-17 02:23:52');

-- --------------------------------------------------------

--
-- Структура таблиці `states`
--

CREATE TABLE `states` (
  `id` int UNSIGNED NOT NULL,
  `likes` int NOT NULL,
  `vviews` int NOT NULL,
  `film_id` int NOT NULL
) ENGINE=InnoDB DEFAULT CHARSET=utf8mb4 COLLATE=utf8mb4_unicode_ci;

--
-- Дамп даних таблиці `states`
--

INSERT INTO `states` (`id`, `likes`, `vviews`, `film_id`) VALUES
(1, 9, 21, 1),
(2, 17, 81, 2),
(3, 5, 75, 3),
(4, 7, 87, 4),
(5, 2, 36, 5),
(6, 15, 79, 6),
(7, 18, 63, 7),
(8, 9, 54, 8),
(9, 17, 89, 9),
(10, 18, 61, 10),
(11, 19, 57, 11),
(12, 10, 87, 12),
(13, 9, 57, 13),
(14, 7, 89, 14),
(15, 14, 75, 15),
(16, 5, 81, 16),
(17, 18, 57, 17),
(18, 5, 25, 18),
(19, 13, 42, 19),
(20, 13, 84, 20),
(21, 11, 38, 21),
(22, 4, 78, 22),
(23, 4, 62, 23),
(24, 2, 41, 24),
(25, 17, 40, 25),
(26, 19, 45, 26),
(27, 1, 35, 27),
(28, 10, 95, 28),
(29, 8, 89, 29),
(30, 20, 33, 30),
(31, 13, 27, 31),
(32, 10, 86, 32),
(33, 19, 69, 33),
(34, 16, 86, 34),
(35, 14, 43, 35),
(36, 2, 67, 36),
(37, 15, 24, 37),
(38, 2, 74, 38),
(39, 17, 77, 39),
(40, 7, 86, 40),
(41, 19, 26, 41),
(42, 13, 43, 42),
(43, 15, 84, 43),
(44, 4, 65, 44),
(45, 2, 100, 45),
(46, 16, 42, 46),
(47, 11, 84, 47),
(48, 11, 36, 48),
(49, 9, 22, 49),
(50, 16, 65, 50),
(51, 11, 32, 51),
(52, 7, 83, 52),
(53, 5, 90, 53),
(54, 11, 28, 54),
(55, 10, 74, 55),
(56, 14, 59, 56),
(57, 1, 26, 57),
(58, 12, 35, 58),
(59, 7, 34, 59),
(60, 4, 55, 60),
(61, 9, 87, 61),
(62, 20, 95, 62),
(63, 11, 23, 63),
(64, 14, 97, 64),
(65, 19, 46, 65),
(66, 18, 87, 66),
(67, 15, 82, 67),
(68, 4, 40, 68),
(69, 7, 25, 69),
(70, 8, 92, 70),
(71, 14, 83, 71),
(72, 9, 97, 72),
(73, 15, 37, 73),
(74, 7, 33, 74),
(75, 12, 48, 75),
(76, 1, 67, 76),
(77, 5, 98, 77),
(78, 17, 72, 78),
(79, 2, 65, 79),
(80, 1, 32, 80),
(81, 11, 24, 81),
(82, 18, 84, 82),
(83, 20, 28, 83),
(84, 10, 27, 84),
(85, 16, 93, 85),
(86, 12, 73, 86),
(87, 20, 49, 87),
(88, 8, 74, 88),
(89, 16, 82, 89),
(90, 7, 83, 90),
(91, 18, 61, 91),
(92, 2, 55, 92),
(93, 1, 63, 93),
(94, 12, 54, 94),
(95, 10, 40, 95),
(96, 10, 54, 96),
(97, 11, 67, 97),
(98, 3, 35, 98),
(99, 7, 33, 99),
(100, 16, 46, 100),
(101, 13, 34, 101),
(102, 9, 67, 102),
(103, 3, 59, 103),
(104, 14, 66, 104),
(105, 2, 49, 105),
(106, 14, 31, 106),
(107, 19, 50, 107),
(108, 6, 31, 108),
(109, 10, 80, 109),
(110, 1, 26, 110),
(111, 17, 25, 111),
(112, 18, 48, 112),
(113, 11, 86, 113),
(114, 13, 70, 114),
(115, 1, 73, 115),
(116, 5, 28, 116),
(117, 16, 98, 117),
(118, 20, 37, 118),
(119, 2, 72, 119),
(120, 4, 54, 120),
(121, 19, 36, 121),
(122, 12, 29, 122),
(123, 4, 85, 123),
(124, 7, 37, 124),
(125, 10, 78, 125),
(126, 15, 36, 126),
(127, 13, 92, 127),
(128, 6, 54, 128),
(129, 4, 25, 129),
(130, 13, 50, 130),
(131, 13, 66, 131),
(132, 5, 69, 132),
(133, 19, 86, 133),
(134, 12, 54, 134),
(135, 6, 90, 135),
(136, 17, 75, 136),
(137, 20, 34, 137),
(138, 17, 69, 138),
(139, 15, 78, 139),
(140, 15, 71, 140),
(141, 10, 42, 141),
(142, 7, 40, 142),
(143, 18, 61, 143),
(144, 11, 81, 144),
(145, 6, 74, 145),
(146, 11, 91, 146),
(147, 18, 76, 147),
(148, 15, 40, 148),
(149, 8, 82, 149),
(150, 16, 46, 150),
(151, 18, 86, 151),
(152, 5, 75, 152),
(153, 6, 69, 153),
(154, 7, 21, 154),
(155, 11, 100, 155),
(156, 3, 78, 156),
(157, 1, 24, 157),
(158, 10, 74, 158),
(159, 12, 92, 159),
(160, 12, 63, 160),
(161, 7, 21, 161),
(162, 11, 97, 162),
(163, 15, 45, 163),
(164, 13, 90, 164),
(165, 16, 88, 165),
(166, 16, 45, 166),
(167, 19, 79, 167),
(168, 8, 93, 168),
(169, 11, 69, 169),
(170, 17, 82, 170),
(171, 10, 61, 171),
(172, 14, 44, 172),
(173, 16, 97, 173),
(174, 6, 26, 174),
(175, 2, 25, 175),
(176, 20, 53, 176),
(177, 6, 77, 177),
(178, 14, 51, 178),
(179, 8, 32, 179),
(180, 20, 87, 180),
(181, 5, 23, 181),
(182, 15, 37, 182),
(183, 12, 29, 183),
(184, 15, 41, 184),
(185, 6, 85, 185),
(186, 12, 33, 186),
(187, 18, 86, 187),
(188, 17, 55, 188),
(189, 8, 87, 189),
(190, 14, 47, 190),
(191, 19, 76, 191),
(192, 5, 47, 192),
(193, 1, 61, 193),
(194, 9, 34, 194),
(195, 1, 59, 195),
(196, 17, 41, 196),
(197, 9, 73, 197),
(198, 16, 29, 198),
(199, 11, 79, 199),
(200, 1, 85, 200),
(201, 11, 93, 201),
(202, 1, 87, 202),
(203, 16, 24, 203),
(204, 13, 50, 204),
(205, 4, 55, 205),
(206, 8, 39, 206),
(207, 11, 94, 207),
(208, 17, 25, 208),
(209, 7, 27, 209),
(210, 12, 95, 210),
(211, 1, 37, 211),
(212, 10, 83, 212),
(213, 10, 92, 213),
(214, 11, 88, 214),
(215, 8, 58, 215),
(216, 20, 51, 216),
(217, 16, 50, 217),
(218, 5, 31, 218),
(219, 3, 83, 219),
(220, 16, 90, 220),
(221, 5, 25, 221),
(222, 18, 27, 222),
(223, 18, 57, 223),
(224, 15, 38, 224),
(225, 16, 90, 225),
(226, 3, 98, 226),
(227, 15, 93, 227),
(228, 3, 90, 228),
(229, 1, 77, 229),
(230, 16, 84, 230),
(231, 7, 46, 231),
(232, 17, 65, 232),
(233, 6, 98, 233),
(234, 12, 35, 234),
(235, 15, 38, 235),
(236, 19, 55, 236),
(237, 2, 36, 237),
(238, 15, 51, 238),
(239, 13, 31, 239),
(240, 11, 75, 240),
(241, 13, 22, 241),
(242, 14, 27, 242),
(243, 5, 95, 243),
(244, 3, 69, 244),
(245, 8, 23, 245),
(246, 2, 55, 246),
(247, 9, 65, 247),
(248, 1, 98, 248),
(249, 13, 63, 249),
(250, 18, 24, 250),
(251, 16, 71, 251),
(252, 18, 57, 252),
(253, 2, 31, 253),
(254, 10, 48, 254),
(255, 15, 42, 255),
(256, 8, 76, 256),
(257, 8, 24, 257),
(258, 2, 96, 258),
(259, 20, 32, 259),
(260, 16, 36, 260),
(261, 17, 22, 261),
(262, 6, 36, 262),
(263, 11, 92, 263),
(264, 19, 62, 264),
(265, 6, 63, 265);

-- --------------------------------------------------------

--
-- Структура таблиці `statuses`
--

CREATE TABLE `statuses` (
  `id` int UNSIGNED NOT NULL,
  `title` varchar(255) COLLATE utf8mb4_unicode_ci NOT NULL,
  `slug` varchar(255) COLLATE utf8mb4_unicode_ci NOT NULL,
  `created_at` timestamp NULL DEFAULT NULL,
  `updated_at` timestamp NULL DEFAULT NULL
) ENGINE=InnoDB DEFAULT CHARSET=utf8mb4 COLLATE=utf8mb4_unicode_ci;

--
-- Дамп даних таблиці `statuses`
--

INSERT INTO `statuses` (`id`, `title`, `slug`, `created_at`, `updated_at`) VALUES
(1, 'Завершений', 'zaversenii', '2024-09-17 02:23:51', '2024-09-17 02:23:51'),
(2, 'Незавершений', 'nezaversenii', '2024-09-17 02:23:51', '2024-09-17 02:23:51'),
(3, 'Невідомо', 'nevidomo', '2024-09-17 02:23:51', '2024-09-17 02:23:51');

-- --------------------------------------------------------

--
-- Структура таблиці `users`
--

CREATE TABLE `users` (
  `id` bigint UNSIGNED NOT NULL,
  `name` varchar(255) COLLATE utf8mb4_unicode_ci NOT NULL,
  `email` varchar(255) COLLATE utf8mb4_unicode_ci NOT NULL,
  `email_verified_at` timestamp NULL DEFAULT NULL,
  `password` varchar(255) COLLATE utf8mb4_unicode_ci NOT NULL,
  `is_admin` tinyint NOT NULL DEFAULT '0',
  `remember_token` varchar(100) COLLATE utf8mb4_unicode_ci DEFAULT NULL,
  `created_at` timestamp NULL DEFAULT NULL,
  `updated_at` timestamp NULL DEFAULT NULL
) ENGINE=InnoDB DEFAULT CHARSET=utf8mb4 COLLATE=utf8mb4_unicode_ci;

--
-- Дамп даних таблиці `users`
--

INSERT INTO `users` (`id`, `name`, `email`, `email_verified_at`, `password`, `is_admin`, `remember_token`, `created_at`, `updated_at`) VALUES
(1, 'Alex', 'mega_sitemaker@ukr.net', NULL, '$2y$12$i0wXSoKWa5tQLY/JUqpI8OPvlNa4zQraxVQMZ3thyIyI3Fh5ayJZS', 0, NULL, '2024-09-17 02:27:40', '2024-09-17 02:27:40'),
(2, 'user', 'user@ukr.ner', NULL, '$2y$12$oFbb3KhJSK3qkFHYvCjWLucWEShYcw/DrjLrVmUBWGyDz3uDaB7U6', 0, NULL, '2024-09-17 04:32:38', '2024-09-17 04:32:38'),
(3, 'admin', 'admin@gmail.com', NULL, '$2y$12$byrGchH8N0o2eLJVws/evOLn/RLB19kExwGW8uiYP869AK5KOEv0C', 1, NULL, '2024-09-17 05:10:48', '2024-09-17 05:10:48');

-- --------------------------------------------------------

--
-- Структура таблиці `years`
--

CREATE TABLE `years` (
  `id` int UNSIGNED NOT NULL,
  `title` int NOT NULL,
  `slug` varchar(255) COLLATE utf8mb4_unicode_ci NOT NULL,
  `created_at` timestamp NULL DEFAULT NULL,
  `updated_at` timestamp NULL DEFAULT NULL
) ENGINE=InnoDB DEFAULT CHARSET=utf8mb4 COLLATE=utf8mb4_unicode_ci;

--
-- Дамп даних таблиці `years`
--

INSERT INTO `years` (`id`, `title`, `slug`, `created_at`, `updated_at`) VALUES
(1, 1930, '1930', '2024-09-17 02:23:51', '2024-09-17 02:23:51'),
(2, 1931, '1931', '2024-09-17 02:23:51', '2024-09-17 02:23:51'),
(3, 1932, '1932', '2024-09-17 02:23:51', '2024-09-17 02:23:51'),
(4, 1933, '1933', '2024-09-17 02:23:51', '2024-09-17 02:23:51'),
(5, 1934, '1934', '2024-09-17 02:23:51', '2024-09-17 02:23:51'),
(6, 1935, '1935', '2024-09-17 02:23:51', '2024-09-17 02:23:51'),
(7, 1936, '1936', '2024-09-17 02:23:51', '2024-09-17 02:23:51'),
(8, 1937, '1937', '2024-09-17 02:23:51', '2024-09-17 02:23:51'),
(9, 1938, '1938', '2024-09-17 02:23:51', '2024-09-17 02:23:51'),
(10, 1939, '1939', '2024-09-17 02:23:51', '2024-09-17 02:23:51'),
(11, 1940, '1940', '2024-09-17 02:23:51', '2024-09-17 02:23:51'),
(12, 1941, '1941', '2024-09-17 02:23:51', '2024-09-17 02:23:51'),
(13, 1942, '1942', '2024-09-17 02:23:51', '2024-09-17 02:23:51'),
(14, 1943, '1943', '2024-09-17 02:23:51', '2024-09-17 02:23:51'),
(15, 1944, '1944', '2024-09-17 02:23:51', '2024-09-17 02:23:51'),
(16, 1945, '1945', '2024-09-17 02:23:51', '2024-09-17 02:23:51'),
(17, 1946, '1946', '2024-09-17 02:23:51', '2024-09-17 02:23:51'),
(18, 1947, '1947', '2024-09-17 02:23:51', '2024-09-17 02:23:51'),
(19, 1948, '1948', '2024-09-17 02:23:51', '2024-09-17 02:23:51'),
(20, 1949, '1949', '2024-09-17 02:23:51', '2024-09-17 02:23:51'),
(21, 1950, '1950', '2024-09-17 02:23:51', '2024-09-17 02:23:51'),
(22, 1951, '1951', '2024-09-17 02:23:51', '2024-09-17 02:23:51'),
(23, 1952, '1952', '2024-09-17 02:23:51', '2024-09-17 02:23:51'),
(24, 1953, '1953', '2024-09-17 02:23:51', '2024-09-17 02:23:51'),
(25, 1954, '1954', '2024-09-17 02:23:51', '2024-09-17 02:23:51'),
(26, 1955, '1955', '2024-09-17 02:23:51', '2024-09-17 02:23:51'),
(27, 1956, '1956', '2024-09-17 02:23:51', '2024-09-17 02:23:51'),
(28, 1957, '1957', '2024-09-17 02:23:51', '2024-09-17 02:23:51'),
(29, 1958, '1958', '2024-09-17 02:23:51', '2024-09-17 02:23:51'),
(30, 1959, '1959', '2024-09-17 02:23:51', '2024-09-17 02:23:51'),
(31, 1960, '1960', '2024-09-17 02:23:51', '2024-09-17 02:23:51'),
(32, 1961, '1961', '2024-09-17 02:23:51', '2024-09-17 02:23:51'),
(33, 1962, '1962', '2024-09-17 02:23:51', '2024-09-17 02:23:51'),
(34, 1963, '1963', '2024-09-17 02:23:51', '2024-09-17 02:23:51'),
(35, 1964, '1964', '2024-09-17 02:23:51', '2024-09-17 02:23:51'),
(36, 1965, '1965', '2024-09-17 02:23:51', '2024-09-17 02:23:51'),
(37, 1966, '1966', '2024-09-17 02:23:51', '2024-09-17 02:23:51'),
(38, 1967, '1967', '2024-09-17 02:23:51', '2024-09-17 02:23:51'),
(39, 1968, '1968', '2024-09-17 02:23:51', '2024-09-17 02:23:51'),
(40, 1969, '1969', '2024-09-17 02:23:51', '2024-09-17 02:23:51'),
(41, 1970, '1970', '2024-09-17 02:23:51', '2024-09-17 02:23:51'),
(42, 1971, '1971', '2024-09-17 02:23:51', '2024-09-17 02:23:51'),
(43, 1972, '1972', '2024-09-17 02:23:51', '2024-09-17 02:23:51'),
(44, 1973, '1973', '2024-09-17 02:23:51', '2024-09-17 02:23:51'),
(45, 1974, '1974', '2024-09-17 02:23:51', '2024-09-17 02:23:51'),
(46, 1975, '1975', '2024-09-17 02:23:51', '2024-09-17 02:23:51'),
(47, 1976, '1976', '2024-09-17 02:23:51', '2024-09-17 02:23:51'),
(48, 1977, '1977', '2024-09-17 02:23:51', '2024-09-17 02:23:51'),
(49, 1978, '1978', '2024-09-17 02:23:51', '2024-09-17 02:23:51'),
(50, 1979, '1979', '2024-09-17 02:23:51', '2024-09-17 02:23:51'),
(51, 1980, '1980', '2024-09-17 02:23:51', '2024-09-17 02:23:51'),
(52, 1981, '1981', '2024-09-17 02:23:51', '2024-09-17 02:23:51'),
(53, 1982, '1982', '2024-09-17 02:23:51', '2024-09-17 02:23:51'),
(54, 1983, '1983', '2024-09-17 02:23:51', '2024-09-17 02:23:51'),
(55, 1984, '1984', '2024-09-17 02:23:51', '2024-09-17 02:23:51'),
(56, 1985, '1985', '2024-09-17 02:23:51', '2024-09-17 02:23:51'),
(57, 1986, '1986', '2024-09-17 02:23:51', '2024-09-17 02:23:51'),
(58, 1987, '1987', '2024-09-17 02:23:51', '2024-09-17 02:23:51'),
(59, 1988, '1988', '2024-09-17 02:23:51', '2024-09-17 02:23:51'),
(60, 1989, '1989', '2024-09-17 02:23:51', '2024-09-17 02:23:51'),
(61, 1990, '1990', '2024-09-17 02:23:51', '2024-09-17 02:23:51'),
(62, 1991, '1991', '2024-09-17 02:23:51', '2024-09-17 02:23:51'),
(63, 1992, '1992', '2024-09-17 02:23:51', '2024-09-17 02:23:51'),
(64, 1993, '1993', '2024-09-17 02:23:51', '2024-09-17 02:23:51'),
(65, 1994, '1994', '2024-09-17 02:23:51', '2024-09-17 02:23:51'),
(66, 1995, '1995', '2024-09-17 02:23:51', '2024-09-17 02:23:51'),
(67, 1996, '1996', '2024-09-17 02:23:51', '2024-09-17 02:23:51'),
(68, 1997, '1997', '2024-09-17 02:23:51', '2024-09-17 02:23:51'),
(69, 1998, '1998', '2024-09-17 02:23:51', '2024-09-17 02:23:51'),
(70, 1999, '1999', '2024-09-17 02:23:51', '2024-09-17 02:23:51'),
(71, 2000, '2000', '2024-09-17 02:23:51', '2024-09-17 02:23:51'),
(72, 2001, '2001', '2024-09-17 02:23:51', '2024-09-17 02:23:51'),
(73, 2002, '2002', '2024-09-17 02:23:51', '2024-09-17 02:23:51'),
(74, 2003, '2003', '2024-09-17 02:23:51', '2024-09-17 02:23:51'),
(75, 2004, '2004', '2024-09-17 02:23:51', '2024-09-17 02:23:51'),
(76, 2005, '2005', '2024-09-17 02:23:51', '2024-09-17 02:23:51'),
(77, 2006, '2006', '2024-09-17 02:23:51', '2024-09-17 02:23:51'),
(78, 2007, '2007', '2024-09-17 02:23:51', '2024-09-17 02:23:51'),
(79, 2008, '2008', '2024-09-17 02:23:51', '2024-09-17 02:23:51'),
(80, 2009, '2009', '2024-09-17 02:23:51', '2024-09-17 02:23:51'),
(81, 2010, '2010', '2024-09-17 02:23:51', '2024-09-17 02:23:51'),
(82, 2011, '2011', '2024-09-17 02:23:51', '2024-09-17 02:23:51'),
(83, 2012, '2012', '2024-09-17 02:23:51', '2024-09-17 02:23:51'),
(84, 2013, '2013', '2024-09-17 02:23:51', '2024-09-17 02:23:51'),
(85, 2014, '2014', '2024-09-17 02:23:51', '2024-09-17 02:23:51'),
(86, 2015, '2015', '2024-09-17 02:23:51', '2024-09-17 02:23:51'),
(87, 2016, '2016', '2024-09-17 02:23:51', '2024-09-17 02:23:51'),
(88, 2017, '2017', '2024-09-17 02:23:51', '2024-09-17 02:23:51'),
(89, 2018, '2018', '2024-09-17 02:23:51', '2024-09-17 02:23:51'),
(90, 2019, '2019', '2024-09-17 02:23:51', '2024-09-17 02:23:51'),
(91, 2020, '2020', '2024-09-17 02:23:51', '2024-09-17 02:23:51'),
(92, 2021, '2021', '2024-09-17 02:23:51', '2024-09-17 02:23:51'),
(93, 2022, '2022', '2024-09-17 02:23:51', '2024-09-17 02:23:51'),
(94, 2023, '2023', '2024-09-17 02:23:51', '2024-09-17 02:23:51');

--
-- Індекси збережених таблиць
--

--
-- Індекси таблиці `actors`
--
ALTER TABLE `actors`
  ADD PRIMARY KEY (`id`),
  ADD UNIQUE KEY `actors_name_unique` (`name`),
  ADD UNIQUE KEY `actors_slug_unique` (`slug`);

--
-- Індекси таблиці `actor_film`
--
ALTER TABLE `actor_film`
  ADD PRIMARY KEY (`id`);

--
-- Індекси таблиці `ages`
--
ALTER TABLE `ages`
  ADD PRIMARY KEY (`id`),
  ADD UNIQUE KEY `ages_title_unique` (`title`),
  ADD UNIQUE KEY `ages_slug_unique` (`slug`);

--
-- Індекси таблиці `captions`
--
ALTER TABLE `captions`
  ADD PRIMARY KEY (`id`),
  ADD UNIQUE KEY `captions_title_unique` (`title`),
  ADD UNIQUE KEY `captions_slug_unique` (`slug`);

--
-- Індекси таблиці `caption_film`
--
ALTER TABLE `caption_film`
  ADD PRIMARY KEY (`id`);

--
-- Індекси таблиці `categories`
--
ALTER TABLE `categories`
  ADD PRIMARY KEY (`id`),
  ADD UNIQUE KEY `categories_title_unique` (`title`),
  ADD UNIQUE KEY `categories_slug_unique` (`slug`);

--
-- Індекси таблиці `comments`
--
ALTER TABLE `comments`
  ADD PRIMARY KEY (`id`);

--
-- Індекси таблиці `companies`
--
ALTER TABLE `companies`
  ADD PRIMARY KEY (`id`),
  ADD UNIQUE KEY `companies_title_unique` (`title`),
  ADD UNIQUE KEY `companies_slug_unique` (`slug`);

--
-- Індекси таблиці `company_film`
--
ALTER TABLE `company_film`
  ADD PRIMARY KEY (`id`);

--
-- Індекси таблиці `composers`
--
ALTER TABLE `composers`
  ADD PRIMARY KEY (`id`),
  ADD UNIQUE KEY `composers_name_unique` (`name`),
  ADD UNIQUE KEY `composers_slug_unique` (`slug`);

--
-- Індекси таблиці `composer_film`
--
ALTER TABLE `composer_film`
  ADD PRIMARY KEY (`id`);

--
-- Індекси таблиці `countries`
--
ALTER TABLE `countries`
  ADD PRIMARY KEY (`id`),
  ADD UNIQUE KEY `countries_title_unique` (`title`),
  ADD UNIQUE KEY `countries_slug_unique` (`slug`);

--
-- Індекси таблиці `country_film`
--
ALTER TABLE `country_film`
  ADD PRIMARY KEY (`id`);

--
-- Індекси таблиці `directors`
--
ALTER TABLE `directors`
  ADD PRIMARY KEY (`id`),
  ADD UNIQUE KEY `directors_name_unique` (`name`),
  ADD UNIQUE KEY `directors_slug_unique` (`slug`);

--
-- Індекси таблиці `director_film`
--
ALTER TABLE `director_film`
  ADD PRIMARY KEY (`id`);

--
-- Індекси таблиці `durations`
--
ALTER TABLE `durations`
  ADD PRIMARY KEY (`id`),
  ADD UNIQUE KEY `durations_title_unique` (`title`);

--
-- Індекси таблиці `failed_jobs`
--
ALTER TABLE `failed_jobs`
  ADD PRIMARY KEY (`id`),
  ADD UNIQUE KEY `failed_jobs_uuid_unique` (`uuid`);

--
-- Індекси таблиці `films`
--
ALTER TABLE `films`
  ADD PRIMARY KEY (`id`),
  ADD UNIQUE KEY `films_slug_unique` (`slug`),
  ADD KEY `films_author_id_foreign` (`author_id`),
  ADD KEY `films_title_index` (`title`);

--
-- Індекси таблиці `film_genre`
--
ALTER TABLE `film_genre`
  ADD PRIMARY KEY (`id`);

--
-- Індекси таблиці `film_language`
--
ALTER TABLE `film_language`
  ADD PRIMARY KEY (`id`);

--
-- Індекси таблиці `film_producer`
--
ALTER TABLE `film_producer`
  ADD PRIMARY KEY (`id`);

--
-- Індекси таблиці `film_selection`
--
ALTER TABLE `film_selection`
  ADD PRIMARY KEY (`id`);

--
-- Індекси таблиці `film_source`
--
ALTER TABLE `film_source`
  ADD PRIMARY KEY (`id`);

--
-- Індекси таблиці `genres`
--
ALTER TABLE `genres`
  ADD PRIMARY KEY (`id`),
  ADD UNIQUE KEY `genres_title_unique` (`title`),
  ADD UNIQUE KEY `genres_slug_unique` (`slug`);

--
-- Індекси таблиці `languages`
--
ALTER TABLE `languages`
  ADD PRIMARY KEY (`id`),
  ADD UNIQUE KEY `languages_title_unique` (`title`),
  ADD UNIQUE KEY `languages_slug_unique` (`slug`);

--
-- Індекси таблиці `migrations`
--
ALTER TABLE `migrations`
  ADD PRIMARY KEY (`id`);

--
-- Індекси таблиці `password_resets`
--
ALTER TABLE `password_resets`
  ADD KEY `password_resets_email_index` (`email`);

--
-- Індекси таблиці `password_reset_tokens`
--
ALTER TABLE `password_reset_tokens`
  ADD PRIMARY KEY (`email`);

--
-- Індекси таблиці `personal_access_tokens`
--
ALTER TABLE `personal_access_tokens`
  ADD PRIMARY KEY (`id`),
  ADD UNIQUE KEY `personal_access_tokens_token_unique` (`token`),
  ADD KEY `personal_access_tokens_tokenable_type_tokenable_id_index` (`tokenable_type`,`tokenable_id`);

--
-- Індекси таблиці `producers`
--
ALTER TABLE `producers`
  ADD PRIMARY KEY (`id`),
  ADD UNIQUE KEY `producers_name_unique` (`name`),
  ADD UNIQUE KEY `producers_slug_unique` (`slug`);

--
-- Індекси таблиці `qualities`
--
ALTER TABLE `qualities`
  ADD PRIMARY KEY (`id`),
  ADD UNIQUE KEY `qualities_title_unique` (`title`),
  ADD UNIQUE KEY `qualities_slug_unique` (`slug`);

--
-- Індекси таблиці `ratings`
--
ALTER TABLE `ratings`
  ADD PRIMARY KEY (`id`),
  ADD UNIQUE KEY `ratings_title_unique` (`title`),
  ADD UNIQUE KEY `ratings_slug_unique` (`slug`);

--
-- Індекси таблиці `seasons`
--
ALTER TABLE `seasons`
  ADD PRIMARY KEY (`id`),
  ADD UNIQUE KEY `seasons_title_unique` (`title`),
  ADD UNIQUE KEY `seasons_slug_unique` (`slug`);

--
-- Індекси таблиці `selections`
--
ALTER TABLE `selections`
  ADD PRIMARY KEY (`id`),
  ADD UNIQUE KEY `selections_title_unique` (`title`),
  ADD UNIQUE KEY `selections_slug_unique` (`slug`);

--
-- Індекси таблиці `states`
--
ALTER TABLE `states`
  ADD PRIMARY KEY (`id`);

--
-- Індекси таблиці `statuses`
--
ALTER TABLE `statuses`
  ADD PRIMARY KEY (`id`),
  ADD UNIQUE KEY `statuses_title_unique` (`title`),
  ADD UNIQUE KEY `statuses_slug_unique` (`slug`);

--
-- Індекси таблиці `users`
--
ALTER TABLE `users`
  ADD PRIMARY KEY (`id`),
  ADD UNIQUE KEY `users_email_unique` (`email`);

--
-- Індекси таблиці `years`
--
ALTER TABLE `years`
  ADD PRIMARY KEY (`id`),
  ADD UNIQUE KEY `years_title_unique` (`title`),
  ADD UNIQUE KEY `years_slug_unique` (`slug`);

--
-- AUTO_INCREMENT для збережених таблиць
--

--
-- AUTO_INCREMENT для таблиці `actors`
--
ALTER TABLE `actors`
  MODIFY `id` int UNSIGNED NOT NULL AUTO_INCREMENT, AUTO_INCREMENT=286;

--
-- AUTO_INCREMENT для таблиці `actor_film`
--
ALTER TABLE `actor_film`
  MODIFY `id` int UNSIGNED NOT NULL AUTO_INCREMENT, AUTO_INCREMENT=600;

--
-- AUTO_INCREMENT для таблиці `ages`
--
ALTER TABLE `ages`
  MODIFY `id` int UNSIGNED NOT NULL AUTO_INCREMENT, AUTO_INCREMENT=15;

--
-- AUTO_INCREMENT для таблиці `captions`
--
ALTER TABLE `captions`
  MODIFY `id` int UNSIGNED NOT NULL AUTO_INCREMENT, AUTO_INCREMENT=6;

--
-- AUTO_INCREMENT для таблиці `caption_film`
--
ALTER TABLE `caption_film`
  MODIFY `id` int UNSIGNED NOT NULL AUTO_INCREMENT, AUTO_INCREMENT=574;

--
-- AUTO_INCREMENT для таблиці `categories`
--
ALTER TABLE `categories`
  MODIFY `id` int UNSIGNED NOT NULL AUTO_INCREMENT, AUTO_INCREMENT=5;

--
-- AUTO_INCREMENT для таблиці `comments`
--
ALTER TABLE `comments`
  MODIFY `id` int UNSIGNED NOT NULL AUTO_INCREMENT, AUTO_INCREMENT=796;

--
-- AUTO_INCREMENT для таблиці `companies`
--
ALTER TABLE `companies`
  MODIFY `id` int UNSIGNED NOT NULL AUTO_INCREMENT, AUTO_INCREMENT=422;

--
-- AUTO_INCREMENT для таблиці `company_film`
--
ALTER TABLE `company_film`
  MODIFY `id` int UNSIGNED NOT NULL AUTO_INCREMENT, AUTO_INCREMENT=796;

--
-- AUTO_INCREMENT для таблиці `composers`
--
ALTER TABLE `composers`
  MODIFY `id` int UNSIGNED NOT NULL AUTO_INCREMENT, AUTO_INCREMENT=170;

--
-- AUTO_INCREMENT для таблиці `composer_film`
--
ALTER TABLE `composer_film`
  MODIFY `id` int UNSIGNED NOT NULL AUTO_INCREMENT, AUTO_INCREMENT=308;

--
-- AUTO_INCREMENT для таблиці `countries`
--
ALTER TABLE `countries`
  MODIFY `id` int UNSIGNED NOT NULL AUTO_INCREMENT, AUTO_INCREMENT=22;

--
-- AUTO_INCREMENT для таблиці `country_film`
--
ALTER TABLE `country_film`
  MODIFY `id` int UNSIGNED NOT NULL AUTO_INCREMENT, AUTO_INCREMENT=353;

--
-- AUTO_INCREMENT для таблиці `directors`
--
ALTER TABLE `directors`
  MODIFY `id` bigint UNSIGNED NOT NULL AUTO_INCREMENT, AUTO_INCREMENT=345;

--
-- AUTO_INCREMENT для таблиці `director_film`
--
ALTER TABLE `director_film`
  MODIFY `id` int UNSIGNED NOT NULL AUTO_INCREMENT, AUTO_INCREMENT=421;

--
-- AUTO_INCREMENT для таблиці `durations`
--
ALTER TABLE `durations`
  MODIFY `id` int UNSIGNED NOT NULL AUTO_INCREMENT, AUTO_INCREMENT=251;

--
-- AUTO_INCREMENT для таблиці `failed_jobs`
--
ALTER TABLE `failed_jobs`
  MODIFY `id` bigint UNSIGNED NOT NULL AUTO_INCREMENT;

--
-- AUTO_INCREMENT для таблиці `films`
--
ALTER TABLE `films`
  MODIFY `id` int UNSIGNED NOT NULL AUTO_INCREMENT, AUTO_INCREMENT=285;

--
-- AUTO_INCREMENT для таблиці `film_genre`
--
ALTER TABLE `film_genre`
  MODIFY `id` int UNSIGNED NOT NULL AUTO_INCREMENT, AUTO_INCREMENT=905;

--
-- AUTO_INCREMENT для таблиці `film_language`
--
ALTER TABLE `film_language`
  MODIFY `id` int UNSIGNED NOT NULL AUTO_INCREMENT, AUTO_INCREMENT=297;

--
-- AUTO_INCREMENT для таблиці `film_producer`
--
ALTER TABLE `film_producer`
  MODIFY `id` int UNSIGNED NOT NULL AUTO_INCREMENT, AUTO_INCREMENT=697;

--
-- AUTO_INCREMENT для таблиці `film_selection`
--
ALTER TABLE `film_selection`
  MODIFY `id` int UNSIGNED NOT NULL AUTO_INCREMENT, AUTO_INCREMENT=2;

--
-- AUTO_INCREMENT для таблиці `film_source`
--
ALTER TABLE `film_source`
  MODIFY `id` int UNSIGNED NOT NULL AUTO_INCREMENT;

--
-- AUTO_INCREMENT для таблиці `genres`
--
ALTER TABLE `genres`
  MODIFY `id` int UNSIGNED NOT NULL AUTO_INCREMENT, AUTO_INCREMENT=20;

--
-- AUTO_INCREMENT для таблиці `languages`
--
ALTER TABLE `languages`
  MODIFY `id` int UNSIGNED NOT NULL AUTO_INCREMENT, AUTO_INCREMENT=44;

--
-- AUTO_INCREMENT для таблиці `migrations`
--
ALTER TABLE `migrations`
  MODIFY `id` int UNSIGNED NOT NULL AUTO_INCREMENT, AUTO_INCREMENT=39;

--
-- AUTO_INCREMENT для таблиці `personal_access_tokens`
--
ALTER TABLE `personal_access_tokens`
  MODIFY `id` bigint UNSIGNED NOT NULL AUTO_INCREMENT;

--
-- AUTO_INCREMENT для таблиці `producers`
--
ALTER TABLE `producers`
  MODIFY `id` bigint UNSIGNED NOT NULL AUTO_INCREMENT, AUTO_INCREMENT=506;

--
-- AUTO_INCREMENT для таблиці `qualities`
--
ALTER TABLE `qualities`
  MODIFY `id` int UNSIGNED NOT NULL AUTO_INCREMENT, AUTO_INCREMENT=8;

--
-- AUTO_INCREMENT для таблиці `ratings`
--
ALTER TABLE `ratings`
  MODIFY `id` int UNSIGNED NOT NULL AUTO_INCREMENT, AUTO_INCREMENT=4;

--
-- AUTO_INCREMENT для таблиці `seasons`
--
ALTER TABLE `seasons`
  MODIFY `id` int UNSIGNED NOT NULL AUTO_INCREMENT, AUTO_INCREMENT=21;

--
-- AUTO_INCREMENT для таблиці `selections`
--
ALTER TABLE `selections`
  MODIFY `id` int UNSIGNED NOT NULL AUTO_INCREMENT, AUTO_INCREMENT=9;

--
-- AUTO_INCREMENT для таблиці `states`
--
ALTER TABLE `states`
  MODIFY `id` int UNSIGNED NOT NULL AUTO_INCREMENT, AUTO_INCREMENT=266;

--
-- AUTO_INCREMENT для таблиці `statuses`
--
ALTER TABLE `statuses`
  MODIFY `id` int UNSIGNED NOT NULL AUTO_INCREMENT, AUTO_INCREMENT=4;

--
-- AUTO_INCREMENT для таблиці `users`
--
ALTER TABLE `users`
  MODIFY `id` bigint UNSIGNED NOT NULL AUTO_INCREMENT, AUTO_INCREMENT=4;

--
-- AUTO_INCREMENT для таблиці `years`
--
ALTER TABLE `years`
  MODIFY `id` int UNSIGNED NOT NULL AUTO_INCREMENT, AUTO_INCREMENT=95;

--
-- Обмеження зовнішнього ключа збережених таблиць
--

--
-- Обмеження зовнішнього ключа таблиці `films`
--
ALTER TABLE `films`
  ADD CONSTRAINT `films_author_id_foreign` FOREIGN KEY (`author_id`) REFERENCES `users` (`id`);
COMMIT;

/*!40101 SET CHARACTER_SET_CLIENT=@OLD_CHARACTER_SET_CLIENT */;
/*!40101 SET CHARACTER_SET_RESULTS=@OLD_CHARACTER_SET_RESULTS */;
/*!40101 SET COLLATION_CONNECTION=@OLD_COLLATION_CONNECTION */;
